2.696527
1.073037
0.800748
3.563484
2.465375
4.636046
4.123930
0.743972
2.244313
2.344277
3.715896
3.903399
0.655291
3.165247
1.804238
1.296682
0.365192
0.857000
0.913106
3.134712
1.186684
2.144861
3.788376
1.298823
3.323592
1.652753
0.902602
0.769405
2.276227
1.739792
0.834710
1.647016
0.571340
2.058861
2.067244
0.750863
2.692667
1.192970
1.161419
1.013794
0.341526
1.794503
2.782578
1.022555
3.136241
1.143207
0.572491
0.344892
2.267870
0.860105
1.145809
3.459751
2.638779
0.720074
1.014561
2.018803
2.047918
3.268303
1.154888
1.011382
2.196899
0.650201
2.249814
1.337353
0.453990
3.372574
1.849237
3.107891
1.666960
1.707153
3.208379
0.880639
2.681245
1.545676
2.250960
7.061293
1.099343
2.835254
0.616650
1.770114
0.589812
1.888603
2.270196
2.703383
2.830044
2.719861
1.403548
4.659326
2.769607
3.212742
0.487404
3.747876
1.467762
0.479344
1.101817
1.662784
1.958640
0.589051
0.386134
2.166627
1.763199
0.597532
1.409380
2.391181
1.709014
1.652900
1.294770
0.429333
2.063766
0.765938
3.984010
1.634199
4.032452
0.566376
1.143303
2.022547
1.332572
0.748117
1.035213
2.151776
1.494719
0.482035
3.162142
2.327662
1.927235
1.705535
0.940175
1.587437
1.884994
2.738367
2.912982
0.436246
2.574476
1.369827
6.006585
0.422258
3.846144
1.531098
2.165682
3.091917
0.743411
2.756509
0.720185
3.784854
1.702085
0.691898
1.740857
1.392868
1.948010
4.501270
0.560225
2.108014
1.977985
1.444090
1.836111
1.723736
5.998979
3.169686
1.268532
1.984610
2.046856
1.543150
2.944992
3.087894
2.697072
1.687313
1.394136
1.746854
1.332957
2.189591
1.358592
0.765152
2.276913
2.759134
3.675645
2.748305
0.770995
2.310273
2.175178
1.641064
3.073652
1.231300
2.368968
0.593789
2.554740
2.195937
1.564212
1.668608
2.093929
2.441962
1.143801
3.791795
1.635666
2.072660
4.276019
0.978332
1.874425
0.801876
2.135768
1.535005
1.870620
2.015248
2.524486
3.288841
3.114033
2.339036
3.535439
1.014151
1.409976
2.398244
1.888931
0.697790
1.443503
2.428667
4.025759
2.034897
1.901678
2.015543
1.598110
0.707380
0.839509
1.414249
1.731196
1.204726
2.361923
0.266189
2.289373
2.285666
2.783216
1.870327
2.000000
0.811000
0.450412
1.409815
3.074116
2.066992
0.599724
3.396975
0.678135
2.326848
2.445139
1.876350
2.015183
3.501334
2.260190
1.443684
1.532749
1.527399
1.585889
2.108282
2.290449
0.929101
0.344376
2.044183
1.919987
0.862912
0.948245
2.399169
3.487316
1.159656
3.035954
0.325651
2.000000
1.515561
3.879910
3.839532
0.751251
2.963797
3.084158
2.000000
2.837459
4.522120
4.099498
2.212864
2.156323
2.931915
2.266101
1.881140
3.049485
0.726827
6.463344
0.496936
2.720813
1.716255
1.066191
0.276853
0.692764
3.133477
2.069873
2.171261
2.339724
1.193039
2.231368
1.559564
3.175206
0.264285
2.537574
1.527627
1.845493
1.848711
2.696081
0.770322
1.847429
3.208933
1.746545
0.829054
0.319191
2.650037
2.726808
1.698254
3.021713
1.465413
2.594817
1.937796
1.772325
2.504246
0.448024
1.481637
2.659210
0.642820
2.000000
2.115530
2.627392
1.879092
0.758597
2.651488
2.169298
0.461763
1.945817
2.353142
1.812347
1.522620
1.097517
1.692601
2.254883
1.998813
1.672787
2.111895
1.338472
0.671587
1.469623
2.983733
1.538769
1.343025
1.884705
3.670892
2.181097
4.914121
1.140685
3.974126
0.653979
0.680803
2.216094
1.176880
1.815705
1.248604
5.332123
0.542490
2.258680
0.850064
4.532849
0.549368
1.270772
1.300199
1.373228
1.544749
0.565761
0.833149
1.251901
3.413883
2.168577
0.836421
0.519101
2.177143
0.625226
1.490785
3.996728
2.863130
1.189046
0.345651
2.227266
1.819989
1.090674
2.197393
1.612263
2.133033
0.944585
1.097749
2.925943
3.626117
2.251894
2.705534
0.955106
2.276514
2.736050
2.035792
2.020204
1.433619
1.833928
0.364001
1.037897
0.341927
2.603712
1.399394
0.182585
1.405019
2.210174
2.119577
1.285470
2.407979
4.531942
0.224322
0.707718
2.703086
1.238554
0.723417
3.796787
2.939070
1.174827
0.529108
2.773936
1.187094
2.146553
1.830594
2.338325
6.180737
1.313737
1.277258
0.639124
1.209967
0.386302
1.174689
3.289008
1.831751
0.708330
3.228524
2.360900
1.060675
2.216271
2.232624
1.366999
2.261712
1.071143
0.471132
1.521357
0.173485
0.245901
0.486288
2.432738
1.068842
1.438560
1.688018
2.676122
2.708186
0.365199
1.972736
2.643308
0.734092
1.057807
2.526017
1.500852
2.730523
3.304719
2.580149
2.987014
2.000000
2.008794
2.953287
0.994374
5.453622
0.533765
8.328841
2.142931
4.546862
1.289363
1.602875
3.758738
3.091842
0.790579
1.747344
0.748705
2.128061
1.445186
2.654323
1.598470
3.380820
0.869893
2.054534
2.152301
3.689953
1.647178
0.437702
1.954401
2.780793
1.080514
0.420951
2.510274
1.958590
1.902525
1.050759
1.972883
1.632472
0.572394
0.834982
2.102914
1.254344
1.816757
3.114408
2.018929
1.711784
3.152463
2.502114
2.000000
1.162061
1.997232
1.631490
2.548816
2.066911
2.894253
1.422585
1.791675
2.489575
3.146067
2.471862
1.687315
1.788379
3.734486
1.573140
0.975802
0.641131
2.168029
1.470350
0.641419
0.595785
0.650239
2.580820
1.790757
2.296080
1.838786
0.814073
2.000000
1.732033
1.124028
1.545506
1.507314
3.976765
2.057204
1.547152
0.374483
3.613232
2.393404
1.091014
1.408569
1.952665
4.075151
1.374097
2.222238
0.343388
0.999893
7.234096
4.241663
0.735303
0.925470
1.314311
3.196862
2.112986
0.494250
0.253259
2.402602
1.057698
0.745466
1.536324
1.464669
1.808526
1.628327
1.898840
1.670321
2.159155
0.614854
2.729644
3.335103
1.451490
3.508850
2.746205
2.984450
1.081793
2.000000
3.116184
0.576309
0.947492
1.609697
0.718021
1.385744
2.261033
1.498797
0.255076
1.936785
1.588198
1.572067
1.607201
1.858898
2.189335
1.721933
1.797199
3.111291
0.435070
3.476334
0.286856
1.757445
1.563135
2.012609
2.793715
1.411188
2.507116
2.817279
0.344580
1.936783
2.600636
1.417313
1.965568
0.374471
3.032440
1.151714
1.996370
2.051497
3.511778
3.563122
1.371810
3.335306
1.808998
1.905661
2.198489
0.371235
0.871819
3.277447
2.075508
2.272736
1.067083
2.028441
0.235176
0.677035
2.051138
4.474713
1.706347
0.469354
0.613123
1.638867
5.165384
1.007475
1.679970
0.665642
1.616404
0.837865
4.068454
2.440097
1.101731
1.114274
2.485470
3.318346
1.934148
1.470503
1.441003
5.888690
1.787844
3.723750
2.381177
0.640108
2.740940
2.064339
1.702003
2.809032
2.503413
3.411314
2.908084
1.440419
2.000000
2.726635
2.377057
0.835220
3.904177
2.272174
4.128308
1.252964
1.628899
0.727427
1.857263
1.271715
1.197851
1.196176
1.615233
3.626738
2.180424
2.212840
1.038887
1.676532
2.459632
2.313589
1.826394
0.449338
0.682521
1.792907
2.355045
2.453294
0.492040
2.110635
0.225212
1.863075
1.236403
2.895189
2.000000
0.746553
2.278988
0.534744
1.993134
4.102924
1.793705
1.941741
2.016602
1.702896
1.150312
2.000000
1.906641
4.778875
2.672358
2.880039
2.295789
2.729813
3.579275
2.807820
2.042191
0.344282
1.556839
0.470528
1.053285
0.455107
2.396021
2.901175
2.283493
1.871796
1.068077
1.498459
0.357892
3.362518
1.750919
1.235407
1.038376
0.753315
0.514792
0.583251
1.040751
2.062826
1.662218
2.994086
1.425185
0.728955
1.533691
1.809961
2.533000
1.221963
1.698146
0.272840
0.579853
0.737575
2.091108
2.052415
4.054993
1.263795
2.103338
1.597573
2.505708
0.421938
2.295018
1.422029
2.152788
0.925028
2.712763
1.483184
0.634374
1.316670
2.748901
1.357708
2.487098
1.412806
0.544796
1.756072
1.192789
0.872577
2.455082
1.538840
4.788415
3.111094
1.414762
1.658266
0.374290
3.863062
2.061106
4.015512
2.771236
1.599012
2.224871
2.005485
2.981328
1.542611
1.009416
1.695964
3.177457
1.507901
2.001230
0.508910
1.702393
3.571718
3.535336
2.021560
0.977924
1.922812
1.554138
5.026967
2.298005
1.884880
1.102043
1.890597
0.915963
3.769055
3.225830
2.340899
3.721628
0.952596
1.614415
1.404392
1.081064
2.796477
1.026675
2.249005
3.585443
2.041253
2.333150
4.033275
3.026616
1.973669
2.000000
2.002177
2.388465
1.748840
0.359457
1.050652
0.973489
0.398275
2.051373
2.594784
0.611475
1.242111
1.360012
2.942059
2.352259
1.442807
0.672927
0.409714
0.682546
3.201274
3.801780
0.422341
2.896809
2.323729
1.718198
1.047212
2.933052
1.778476
1.577786
0.714833
3.733484
0.685158
2.692664
6.097440
1.515443
1.593961
2.053761
1.711422
1.311470
1.318638
1.510017
1.658127
3.095419
2.000000
1.559386
0.440673
3.479269
2.757857
1.287923
0.641639
1.352329
0.618541
2.297887
2.447236
2.522095
3.692578
2.631695
1.623939
0.414108
1.462908
2.559077
1.729311
0.813510
1.371963
1.812394
2.239851
2.809059
4.866699
2.945986
1.512544
1.738273
1.449043
1.352295
2.525801
1.721967
0.201787
2.383357
2.107169
2.202216
3.519190
2.000000
1.921561
1.407411
2.263813
1.616639
0.630832
1.787358
1.027022
2.919451
3.236334
1.286477
2.647897
2.363329
2.311736
1.669953
1.615021
2.430826
4.465207
4.347424
2.190975
2.752288
1.403830
2.483920
1.884594
0.405905
0.722351
1.569677
3.008028
1.277737
5.024374
0.722669
2.756183
2.107157
1.233651
0.879219
2.095805
1.709277
1.053114
1.210984
2.075857
2.749907
2.955248
6.507709
1.421349
0.582166
1.344675
0.580165
2.879346
2.156401
3.402638
1.702074
3.181139
2.766554
1.550309
0.945856
1.990357
2.281246
3.324279
1.714785
1.563299
0.497206
1.418693
1.875067
1.240062
0.842113
1.943932
2.429054
3.527758
1.381866
3.723625
2.793948
1.466768
1.632637
0.527828
2.492741
1.560051
1.958063
2.924525
3.522981
0.856388
1.675675
1.592918
1.959059
1.537628
3.428810
5.286623
3.284085
2.239425
2.630238
1.582272
1.074883
3.223002
1.997138
0.895883
3.916721
2.429101
0.770020
1.100590
2.747250
0.684478
5.650287
1.484278
5.067277
1.708667
1.960398
1.865692
0.565717
0.455560
2.963831
2.011683
2.057938
0.736326
0.739476
2.664016
2.126430
2.421016
0.375009
2.000000
1.314834
3.039631
0.902302
2.322158
1.509434
0.842397
2.062125
1.840068
2.176048
2.374064
2.793965
0.969738
2.396285
2.740445
1.620394
2.527273
1.840891
2.278818
0.565396
1.792210
1.162748
0.787162
2.337348
0.769713
2.934032
1.528943
3.504436
0.543550
2.861126
5.111267
4.138284
5.743790
4.224916
0.702887
2.199042
1.193233
1.694169
1.600631
2.859240
1.474477
0.890777
1.495049
0.915450
0.208696
2.577579
1.623737
1.126419
1.903972
4.074617
2.708420
1.659132
1.520611
2.728706
2.983451
3.419228
0.369981
2.065163
0.692286
0.760095
1.153275
1.836005
3.691173
1.485389
2.403248
2.235455
0.488955
1.306076
0.532048
1.689725
3.016628
1.333079
1.004046
0.405513
1.173752
1.556176
1.878307
1.086817
2.023967
0.443889
1.750759
0.969842
2.265396
1.813211
1.435675
2.053390
2.626952
0.342460
2.333789
1.103152
1.560417
0.731184
2.563379
2.135175
2.183360
2.252876
4.068109
0.700686
2.130450
2.405683
2.000847
2.465485
5.668283
2.901078
1.511724
0.753432
1.668710
1.588344
5.993512
1.044038
1.976707
3.198798
1.197740
4.563599
4.585507
2.834682
1.666201
1.456702
2.863447
1.339520
3.751196
3.577302
2.857363
2.189753
1.860758
4.171184
2.531170
1.814896
1.356198
1.367268
1.925929
1.176638
3.225239
2.268425
1.018928
2.125621
1.140046
4.067718
1.221512
2.342503
1.304038
2.239711
1.506185
1.650747
0.569376
5.702516
1.171972
1.773743
2.077830
2.271641
1.034899
1.027403
0.783481
1.836250
0.573534
1.777731
2.313232
1.456064
1.152746
4.500332
2.154031
0.486795
3.404772
1.324313
1.065636
3.795908
2.020849
2.376207
2.452328
2.247010
1.856895
0.778752
2.420789
6.142518
2.836957
2.771462
0.572910
1.763019
3.091002
1.643438
1.911814
1.093288
0.410163
3.951870
0.691852
2.380508
1.263520
2.237409
0.875582
2.347336
5.050337
0.201865
1.231585
4.873682
0.817618
4.315206
2.000000
1.653873
0.577876
2.703075
1.564452
1.672904
2.239107
2.264339
3.006688
5.656926
1.415050
1.968592
2.220269
1.327803
1.724356
3.711703
4.152544
1.396731
0.527934
2.782389
0.425803
1.793834
2.000000
0.787802
2.040973
3.474502
0.951808
2.442593
2.000000
0.387908
2.095984
1.577537
0.613021
2.286072
2.205423
1.927945
2.250190
2.886995
1.925644
2.466655
3.425415
1.404047
0.331093
1.653803
2.572223
0.713885
3.609829
1.693829
0.441994
0.546650
0.116037
4.872579
1.611876
2.618905
1.199441
2.242530
3.377925
1.000192
1.494929
2.862970
1.291390
3.521976
2.000000
2.933152
1.793130
2.287936
1.330788
0.397521
3.551611
1.145337
4.859938
1.948985
1.225871
2.666760
2.121015
1.397606
1.901174
0.466044
1.814365
2.291590
3.061242
2.882246
1.412127
2.200240
1.605693
4.614820
1.156166
1.552879
0.814170
1.248250
0.904226
3.299418
0.583552
4.445138
0.380369
0.524970
0.723453
0.874702
0.154182
0.656560
2.000000
1.482948
2.096696
3.883270
0.662510
1.690188
1.640451
0.660444
3.369581
3.598211
0.658344
1.415887
0.454664
3.784647
2.954056
2.181750
2.208865
1.163143
2.452215
0.913997
1.540912
3.713072
1.201092
0.453311
3.806715
1.605531
1.516420
0.784841
3.623785
1.742819
2.061858
1.677926
0.640411
2.267445
1.267872
1.422432
1.369583
1.554465
1.609403
1.169739
1.445454
2.177594
1.375305
1.853383
1.512209
4.425284
2.499657
1.865600
4.028126
3.672718
0.483788
1.534250
1.502591
1.674323
1.483523
1.631407
0.832912
3.404841
1.912773
0.903866
1.119339
0.821155
1.527567
2.021706
0.398087
3.475149
3.247575
1.589165
0.601086
1.444624
0.398067
2.095851
3.154671
0.923607
1.913805
3.355798
2.895254
1.422069
2.135855
1.683472
2.643524
1.459852
0.093885
2.589812
1.552475
2.797145
2.338123
0.949940
2.850421
2.100855
4.193336
2.552425
2.489017
2.934348
2.509811
0.960009
6.115492
2.120075
2.445643
1.031208
4.227810
1.594138
2.944608
1.428679
0.450297
1.831305
0.788992
1.256248
1.835824
7.341142
2.148283
2.278444
1.109042
2.744738
2.450497
2.000000
1.237281
1.693913
1.375985
1.711930
2.400411
0.572147
2.643026
1.046934
1.584870
3.758097
2.097061
3.012138
3.143429
1.792455
4.055272
2.539487
0.693930
3.824149
2.051526
3.172192
0.868757
1.991298
1.162199
4.266135
1.899807
4.648013
3.611763
0.585839
0.204906
0.177234
0.928858
3.301896
1.966016
1.994614
4.386551
3.246285
1.555547
1.246860
2.523889
2.823156
0.898046
1.509742
2.951923
2.224994
1.683612
4.026504
3.440910
3.721672
2.155824
1.558331
2.671402
3.795960
1.248281
4.632639
0.301403
2.612182
2.586337
1.570753
1.661765
1.922690
1.191566
3.313548
5.155943
3.030684
2.000000
3.167963
3.449468
2.083200
1.543327
0.309815
0.662996
4.297151
2.299205
3.159788
0.868843
0.219786
0.863919
0.675728
2.639958
0.822425
1.267092
1.914067
2.492056
2.226965
1.586854
4.435947
1.164151
3.336611
1.708845
2.726373
1.779221
2.972450
1.498925
0.458214
2.078182
1.913004
0.840207
2.128794
1.761953
1.560932
1.476478
0.324641
2.117984
0.890142
3.634691
0.715259
1.925868
2.059228
1.508535
0.864217
1.441485
0.521535
1.182493
2.294193
2.096495
0.827005
2.748200
1.954675
2.695254
3.389259
2.000000
1.350988
0.763247
2.360540
1.485924
3.216931
2.000000
1.485367
5.074251
3.903930
1.817078
2.614697
1.772862
1.296927
4.284487
1.947544
4.434079
1.926111
1.140152
0.761017
1.805783
2.106751
0.720176
2.405893
2.212444
2.279065
3.177664
0.960741
0.756409
0.763873
1.338265
1.272758
0.826838
2.288366
2.481763
1.268360
2.761240
3.126091
0.223501
1.431382
2.840045
1.972917
3.331128
3.462348
0.628925
2.046682
1.698799
2.982659
1.826049
2.045530
1.067666
1.772333
0.468967
1.782590
2.490657
4.076118
2.086191
4.363334
1.926164
2.096102
0.781269
2.282672
1.619594
1.969895
2.601599
1.905737
1.243634
2.291720
0.981290
2.563724
2.022183
0.348354
3.322851
1.700083
2.828273
3.178974
0.598109
1.554150
2.004514
0.609246
1.186877
1.401173
1.989642
1.884858
1.102435
0.442880
0.549995
2.743439
3.717579
1.611099
0.889223
3.836825
2.713326
3.885926
0.539303
2.144445
0.359367
1.552912
1.276776
1.718363
1.165289
1.509927
2.790016
0.603131
0.785480
1.775191
3.483913
1.656890
2.045570
1.385355
2.049458
0.672390
0.870182
1.194052
2.420731
4.283127
2.178184
1.618952
1.900789
2.054686
2.209743
1.268190
2.829633
1.581571
2.753306
2.228222
1.220959
2.119164
1.594252
6.172028
0.621651
3.672118
2.673525
1.690575
1.258541
1.249206
2.942080
2.914384
1.517437
0.876802
1.588029
4.210444
2.615433
1.261983
4.116716
4.054626
3.759941
0.347547
0.816283
2.748061
2.103018
1.206717
3.552704
2.010738
2.214321
0.661277
2.244335
2.000000
1.719689
2.900113
4.866545
2.052247
5.307115
1.500293
5.824130
2.915287
2.885522
0.695306
2.000000
0.835774
1.002315
2.258539
2.528857
2.442674
3.143946
1.088922
0.628170
2.077696
2.297872
1.202823
0.491937
3.118848
1.975102
1.721367
1.327828
0.393746
2.177602
1.454821
2.745497
1.753254
1.461479
1.568097
2.826829
1.477314
1.211244
4.416171
2.637783
2.560392
0.485868
1.907551
1.333903
1.467782
4.046430
2.750042
0.949927
2.192720
1.784224
1.583670
1.983688
2.086141
2.070383
1.650633
0.763235
1.277812
1.302722
1.369480
4.255702
1.621470
2.155760
0.329181
1.051136
2.777676
0.182527
2.263649
3.389745
3.152572
3.457484
1.711890
2.642380
1.033278
1.698480
3.080486
4.669099
1.602602
2.412856
0.327416
1.805751
4.673132
1.006448
2.619082
1.638989
1.846149
2.070902
0.713781
3.282049
3.812312
2.872567
2.835352
1.573775
1.862819
0.997112
2.084054
1.025099
1.281583
3.453113
3.211205
1.775922
1.279464
2.231937
0.989248
2.060426
1.657458
1.261185
0.610643
7.024998
1.606526
2.929482
1.717495
1.742653
2.172205
1.715394
0.608099
1.068590
0.449244
0.989247
1.090919
1.403120
0.576888
3.702698
3.418617
1.150217
3.696491
0.340727
2.710396
0.922389
1.468442
1.249119
0.840319
1.978071
1.786465
5.861859
3.062123
0.999669
1.655405
2.538878
3.045634
2.930490
2.587452
1.896608
1.892584
2.129122
1.132882
2.203300
1.297045
2.156947
1.710140
1.386988
1.429715
3.978229
1.661135
2.037187
0.689419
0.502551
1.973338
1.726050
2.077206
0.375384
2.437180
1.790498
2.047510
2.626611
0.674183
0.920082
2.165730
0.584205
2.193037
2.192281
1.737000
4.175000
2.657826
2.690811
3.483997
2.078906
2.612723
1.902133
3.109584
4.275471
1.633650
1.111301
1.584155
1.561918
0.670670
1.830803
1.140439
1.208638
1.822696
1.666445
1.521251
0.660330
2.198454
0.711913
1.763355
1.838482
1.959278
2.243265
0.955328
0.381613
1.774886
2.743822
2.060685
3.606368
2.729192
1.263940
1.462775
1.552052
1.949729
0.542811
1.019836
2.680400
2.814395
1.186361
1.087735
1.420840
2.115894
2.721428
1.625676
1.349097
6.085361
1.913912
6.934305
3.377701
0.896471
1.886626
0.268057
0.861414
0.931356
1.543249
0.604630
2.130887
1.653019
3.306846
3.244886
1.803729
2.944464
0.446112
2.296722
1.894096
3.294936
1.983794
1.143508
1.298366
0.442703
2.182590
0.591048
0.700458
0.974663
1.139782
1.738141
1.812467
1.531456
1.169842
1.028157
2.640430
2.810395
1.825027
1.823674
1.785848
1.450238
1.408597
1.170401
1.431878
1.871695
3.220811
1.253084
2.000000
0.665537
3.520885
2.366062
3.677892
1.725588
1.283824
2.341445
2.492357
1.019473
0.583163
2.642452
3.070289
2.089099
1.498365
1.390847
3.402600
1.305755
0.340992
1.230932
0.140065
2.171548
2.226599
1.674457
1.694639
0.748942
1.855688
1.940924
3.456527
0.330819
1.465263
0.831631
1.145500
0.800029
4.283972
4.204851
0.994771
1.248306
2.025761
2.417324
0.508729
1.398878
1.723551
7.521683
2.780155
2.847258
1.635246
2.882908
1.570068
1.989468
1.042679
1.913418
2.232410
1.672734
1.210371
0.749556
0.725144
1.178333
2.116917
3.705186
1.491546
1.012064
0.321823
1.758757
1.665282
1.442302
1.190163
3.181344
3.115113
2.359510
1.778679
0.718621
2.859560
1.924738
3.039074
0.972450
1.028442
3.258712
3.980729
1.673837
1.535480
1.369666
0.589660
3.409904
2.894770
0.824461
2.003689
1.766831
2.848799
2.405066
3.428050
1.526325
1.868447
2.385942
3.043614
0.698351
2.717594
1.448852
0.602635
1.856008
1.990399
1.503846
0.586943
1.115580
1.081851
1.105047
2.619593
0.878836
3.826598
0.340467
2.026437
1.210347
2.368269
1.022873
0.923652
2.331627
0.693898
3.262609
2.207119
1.445825
2.530846
5.307152
1.241363
0.684294
0.325614
0.677401
3.174046
1.483743
3.458873
3.498673
1.395715
2.494511
1.139682
5.680120
2.859998
3.173753
2.865031
3.172516
1.613395
1.991410
2.791868
1.888853
0.282984
2.538118
1.916189
2.397226
2.031245
5.501623
1.855303
1.351974
1.601515
1.945338
0.650637
3.159541
1.353409
1.213651
1.988899
0.654254
2.632961
1.954997
2.352742
3.194422
2.550240
2.614314
1.577960
2.663364
3.049445
1.552183
1.217555
1.130183
1.124499
0.340598
0.384637
2.068856
2.475384
2.654507
5.369159
0.901311
0.667390
2.038857
2.927169
3.237513
0.688966
2.523507
0.631525
2.569631
2.741194
0.560516
3.437503
1.953488
1.901037
0.905652
1.863227
2.532380
0.428578
3.429271
0.402932
0.254100
2.596503
2.812788
1.921421
0.841685
1.698853
1.721531
3.436771
1.407344
4.209599
3.404871
1.516247
1.433226
2.387720
1.769622
1.381111
2.176559
4.306782
3.077645
5.577672
4.616433
2.329446
1.998434
0.496599
2.231135
1.689888
0.953474
0.531563
1.634439
1.690500
1.091431
6.472620
3.974364
2.377595
1.528523
3.434621
2.054708
5.267112
2.934555
2.357930
1.822826
1.483843
0.961204
1.551228
1.786256
2.548969
2.110037
3.201539
3.039534
1.191263
0.265572
1.195816
1.709675
1.570687
1.527326
3.017048
0.786316
1.525778
2.495350
0.828653
1.541591
1.525204
1.414442
2.198203
1.136941
1.810209
1.507341
1.299783
0.698867
1.914735
4.061146
1.229473
1.675244
2.000000
0.868392
1.154378
0.432684
3.344177
2.337412
2.094581
0.601974
1.812859
0.528500
2.838702
2.262639
1.820531
3.171018
0.928097
1.042116
2.000000
2.833586
2.481349
1.984558
3.159847
1.417434
1.687702
0.750388
1.206739
4.345634
2.558266
0.228207
2.881566
2.745129
1.722678
2.744046
3.020268
2.948688
4.925737
5.148750
3.224624
6.383528
1.779934
2.182172
1.243151
0.336499
2.895467
1.877567
2.025651
2.560046
2.474789
1.877139
1.566597
2.370719
1.674671
2.038155
1.029406
0.980817
1.479787
1.995098
2.415073
2.376233
1.887265
1.253492
1.212119
1.874193
4.616571
1.815696
1.414985
0.678361
2.583816
1.223097
2.378071
1.561471
3.093348
0.912413
1.562626
2.834396
1.244880
2.360185
2.641053
1.794330
2.000000
2.491388
4.396953
2.163418
1.147989
1.749035
1.258018
2.727930
2.521678
2.238369
3.572018
4.006381
2.262051
2.278482
3.544887
2.814248
1.193469
1.584578
1.652636
3.452832
3.107213
4.356119
1.888923
3.204685
1.985089
1.934383
2.013427
1.665037
2.854160
1.733086
1.729328
1.044618
0.998424
2.485777
0.954967
4.134618
0.826066
4.027102
2.072586
0.823403
0.894612
1.237998
2.406312
2.598974
2.772610
4.316198
4.389410
4.884124
1.630769
1.541863
1.698311
2.597097
1.283576
2.196670
1.789155
4.228020
8.580866
1.886114
1.163953
2.569184
1.419398
0.358551
3.215393
0.994968
0.829294
3.613570
1.959728
2.857140
0.487399
1.454210
2.104497
0.797109
0.821495
1.176259
1.298766
2.221648
2.126122
0.604514
1.989251
2.500893
0.285502
3.251699
1.589123
0.161923
0.203860
2.793378
1.861463
3.543857
1.661182
0.459566
1.605918
0.944773
2.978585
1.840540
1.664034
1.380173
1.093319
1.792930
1.926189
5.341783
1.633791
0.865109
1.766101
4.995413
1.661580
4.422935
2.503824
2.941881
0.855744
1.325770
1.796365
2.260683
2.923552
2.261904
2.783161
3.735033
1.783754
2.000000
2.221268
1.596529
0.687204
1.944617
0.578787
3.219503
6.878753
2.765822
0.245933
2.831540
2.184470
0.454753
1.673587
1.613700
1.210879
0.953059
0.995785
1.765735
1.325540
2.000000
2.317953
1.592183
1.762646
1.609135
1.291797
1.657969
2.099214
1.248982
2.886610
4.850354
3.653129
3.149608
1.094979
2.068535
0.862577
1.508105
3.721764
3.065011
1.472672
1.693812
2.073341
1.819110
0.841615
2.186164
1.600348
0.953114
0.219398
3.014600
1.691482
2.370764
2.660737
1.996264
0.699784
3.229146
2.809489
2.117337
3.641495
4.934961
2.935988
5.453359
2.365893
2.710974
2.000000
0.462329
1.134957
2.113369
0.327943
2.262245
2.203905
1.398876
2.000000
1.361056
0.204726
2.037486
2.653720
2.417976
2.230761
1.430025
3.720621
4.976471
2.421304
0.541662
1.764404
1.773249
1.824803
2.214821
1.674162
2.237107
1.519105
0.535967
3.701353
2.798012
2.858363
2.102810
4.641164
1.481954
2.149280
2.244108
0.495023
1.528301
2.237324
1.559710
1.943144
0.870979
1.628844
4.518576
4.186556
1.224290
2.035873
1.181423
0.667451
2.105443
6.022578
2.616968
0.291548
1.540040
2.121280
0.555506
2.430089
1.834484
2.671860
0.614285
2.721094
1.060581
2.015197
1.179515
1.784270
0.712151
3.543256
0.991086
1.754533
2.472166
0.288726
0.683429
2.345066
0.377513
2.657657
1.791057
1.209583
0.778974
1.255320
1.108789
2.000000
2.403590
2.225086
1.321391
1.612209
0.953126
0.193841
3.117893
0.529328
4.120119
1.834782
4.129277
0.966360
1.669425
0.885534
1.388002
3.858040
2.287138
1.473499
3.085848
3.003890
1.209762
2.736498
1.128867
1.931081
2.340679
1.287153
1.177094
2.710101
3.735582
1.773859
2.983339
0.911025
2.260692
3.848141
4.449165
1.875952
1.246548
0.298103
1.902610
2.410593
0.951533
1.809990
0.281543
6.131361
1.948425
2.029018
1.226620
2.106745
0.606560
2.124786
2.257178
0.618110
6.066159
2.487730
3.515072
1.113702
1.945063
3.923769
0.935679
1.635673
1.062670
1.452832
1.789316
1.899813
1.208184
1.508865
2.977599
1.833033
2.329386
0.450792
3.754469
1.702313
2.121494
4.071189
0.957074
1.110051
2.055912
1.540113
3.411463
2.000000
2.486702
0.672236
0.642071
4.523849
1.353327
2.248708
0.734176
1.930752
2.463884
1.937990
2.172637
1.320201
0.960358
0.511829
3.694642
1.902372
1.127615
1.983940
1.065870
0.559297
1.871170
0.954628
2.362434
2.000000
2.126587
0.285609
1.676866
1.000076
0.156158
1.968825
2.272493
4.302297
1.454706
1.678658
1.236465
0.699639
2.123638
1.370858
2.494826
0.590835
2.052314
2.824662
1.782848
1.799933
1.033402
2.638499
2.680387
2.489522
2.155217
0.799277
1.436773
1.564650
1.274896
3.211435
2.464133
1.045061
2.587202
2.025778
1.805677
1.394862
1.700986
1.832204
0.342267
1.782014
1.917747
1.271818
2.255081
1.426396
2.310737
1.529309
2.163045
1.315178
0.768337
2.095905
0.924343
1.094113
3.044420
0.977089
0.707680
3.242280
1.760845
0.517998
1.822827
1.852513
1.952457
1.869715
1.565946
0.760155
2.565835
1.216513
0.737409
1.945215
1.979569
3.534692
1.307349
3.303689
1.387386
0.890313
4.347542
2.167806
2.516682
1.537559
0.431859
2.131574
1.050996
2.978258
2.202587
1.500239
1.569875
1.798557
2.773121
3.933678
6.066158
2.347873
1.228329
1.314627
3.813080
0.796103
2.480142
1.384890
0.995795
1.608355
1.903128
3.337193
0.646916
4.117704
1.667221
3.113373
0.207674
1.027389
2.274188
4.837005
2.302183
1.678616
2.111928
0.963121
0.467576
0.740309
2.869132
1.379206
2.812990
1.734934
3.409402
3.051000
1.740628
0.660241
1.903522
4.765021
1.267943
1.897162
0.919927
2.097081
2.236271
3.549937
2.548351
2.000000
1.967096
1.347596
2.661480
2.007458
1.919621
3.664265
2.876203
5.166453
1.844443
0.605192
1.494535
1.914359
2.056383
0.915662
2.920825
4.250963
0.854409
1.976222
1.766668
0.824766
2.172260
1.592783
1.223016
1.398171
1.300985
1.567833
2.213078
2.409514
2.491191
0.548693
4.653281
1.909528
1.543246
1.725798
1.564350
0.671120
2.731307
3.412522
4.539530
3.409570
2.779098
1.509792
1.932124
2.959308
2.594543
2.719810
1.912704
1.089606
1.269459
2.006309
1.654595
1.508272
3.068956
1.884382
2.168696
1.159996
1.683929
1.340908
2.909868
1.515464
2.560884
1.486084
1.946642
0.860441
1.401653
0.341739
2.711659
2.000000
2.026389
0.850421
3.104308
1.257534
2.930545
0.192595
2.604209
1.745973
2.000000
1.484618
2.358444
2.215415
0.696606
1.839494
2.069859
1.954475
2.451481
1.789907
2.491300
0.523659
0.663320
0.987361
1.544347
3.179762
0.554760
2.100163
1.401298
1.438428
1.711890
1.790593
1.642806
1.348816
1.601748
3.207207
3.558762
3.241840
3.433419
3.183576
1.386852
1.151441
1.509247
1.775657
2.244608
3.328443
1.259180
3.292267
3.627364
0.656890
1.674616
0.562656
3.687878
1.940677
0.440098
3.596290
1.035954
3.118590
1.840448
1.676138
1.245714
2.207962
1.832668
1.468145
0.805858
1.135118
0.185513
2.226017
2.099558
1.878621
1.427175
2.901287
1.896118
2.041950
5.216914
2.172263
0.519123
1.068633
0.607325
0.328001
1.348516
2.046842
1.181240
3.352470
2.237743
1.973060
2.752432
1.049831
2.376361
2.305807
0.840603
3.661350
0.878582
1.180490
1.754004
3.147772
2.414032
1.673822
0.502143
2.566312
1.687420
1.773295
2.292783
2.182742
0.942674
1.707763
3.280743
2.029246
4.944293
2.135230
2.584685
0.650413
2.877937
5.842526
1.602361
1.865233
3.517623
2.766652
1.919576
1.516221
1.980459
2.717158
3.822251
1.036975
3.190065
1.948673
3.972784
2.305769
0.559595
0.983939
3.289268
2.965476
2.717330
1.905782
3.060092
0.543804
1.711632
1.890810
1.407429
2.414970
1.424232
0.655830
0.219523
2.862497
1.846606
1.282739
2.422807
1.549561
2.907357
1.761053
0.987519
0.425790
2.250651
4.976385
0.948761
0.565069
2.398882
2.095647
2.943887
4.708045
1.104565
1.242955
1.545613
0.834373
2.255878
0.732769
2.606619
1.181652
1.399116
2.699198
2.748217
1.677571
1.723479
2.006237
3.352219
2.542596
3.040345
1.294818
1.910332
2.183557
4.190970
1.779551
0.481430
1.802104
2.240282
0.451514
2.334130
1.091557
2.437721
3.301766
2.001323
1.137392
2.186827
3.099522
0.943925
0.455432
1.703863
2.379118
2.089753
1.925198
3.955331
1.998785
1.039201
2.348392
0.257135
2.943508
0.461393
3.352676
2.430341
0.393280
1.661196
5.103289
3.361299
3.022311
3.324728
4.298551
1.260008
0.273782
1.793602
1.746137
1.097150
2.410204
0.842074
0.846480
2.755462
1.614365
2.027214
1.081550
0.995073
3.803672
3.447932
1.233754
1.903258
2.023653
3.569703
1.750455
1.078571
0.748328
0.583196
2.081666
2.123048
1.232125
2.869715
1.261564
3.023312
1.363259
2.643829
2.346741
1.509780
1.456330
3.005179
1.390494
1.178559
0.475919
2.159495
0.124543
1.921486
0.732924
1.748701
2.045195
1.452244
2.081336
0.909527
2.198294
3.764566
2.918153
0.577286
4.422129
2.200592
0.553075
0.425712
2.627543
3.264005
3.846212
2.047065
5.139526
6.039325
0.424735
1.574368
1.772131
1.773322
1.039080
3.213025
0.829143
2.562837
1.842219
0.651262
3.065481
1.996654
1.875694
1.830963
1.357282
1.263141
0.586892
1.485687
2.710912
0.065296
2.997630
1.124678
1.696026
1.496681
2.112675
2.000000
0.799542
2.503515
0.463510
0.239713
1.144711
1.310948
1.404905
0.428377
0.573180
0.889430
0.660591
3.490495
0.948403
2.050645
1.191359
1.442550
1.507313
2.767800
1.138166
1.463038
2.349479
0.846399
2.562212
0.403014
2.423636
0.812800
0.960819
2.090157
0.155890
1.128882
3.256989
2.287441
0.335956
1.235119
1.025706
5.656738
1.019309
1.429528
3.454437
1.112587
1.419507
1.760375
3.077583
1.111466
1.679374
0.458293
2.184602
2.522825
0.315110
0.577307
0.460907
0.691642
1.452054
3.636235
2.090491
2.055950
2.109615
2.420853
1.831112
5.368979
1.556968
3.504609
1.121719
3.768854
1.225424
1.943779
1.459394
2.427115
2.461572
3.176636
1.668611
1.263374
2.540232
3.652431
1.664171
4.741506
2.421736
1.381437
1.434924
1.790139
2.175929
1.388786
2.151700
1.583680
1.475407
0.985184
2.856483
2.000000
0.140505
1.187160
2.364053
1.407038
2.268417
1.143710
2.840345
0.708047
1.599831
2.801798
2.131693
2.545905
0.304631
0.445941
1.586555
0.763964
2.066124
1.366702
6.254915
2.495438
1.564793
1.596672
2.250948
2.211513
0.361897
2.781033
2.522186
2.110462
1.723268
2.136377
0.628911
2.113521
2.282578
0.866794
1.415992
2.265089
0.406384
1.214582
1.245093
1.198880
1.126756
3.492962
0.238129
2.657262
1.393270
2.446960
0.880281
0.632981
5.085623
1.417677
3.026417
5.090324
1.514257
0.897490
2.234598
4.007213
0.442740
1.826654
2.887862
2.946211
1.888525
1.865980
2.977557
1.529683
1.133312
0.609643
2.219397
1.662367
2.107392
0.890741
4.082402
0.695665
2.679762
1.391502
2.305741
0.781626
1.905961
0.567203
2.923639
1.834536
3.386297
1.127693
2.571608
2.750459
2.414840
1.916631
0.382935
3.349650
2.324076
2.000000
1.836838
2.799175
1.806108
3.454604
2.760992
1.758121
2.010799
2.210667
2.017848
3.232693
2.947344
0.765676
0.565894
2.428255
1.854591
0.929543
2.365121
1.656318
0.964561
1.304219
1.441884
0.872849
1.585402
2.280279
1.005975
1.345068
3.565500
1.644212
1.344095
3.606645
2.054986
1.322390
1.154581
2.203958
2.561355
1.739304
0.599680
4.588001
1.591708
1.766121
2.770350
2.720100
3.281476
4.180445
1.909385
1.295918
3.750323
0.765523
1.617919
0.734495
5.093911
1.909132
0.375265
3.157309
2.600546
1.577813
1.349857
1.957726
3.203110
0.306174
2.791525
1.686742
1.774562
3.132529
2.852552
2.249555
3.788947
0.763239
2.039111
2.475201
1.043673
1.466534
2.620429
0.833734
1.849918
1.627596
1.054519
0.373638
2.901544
2.522656
1.482382
3.051540
0.819751
5.881871
4.955156
1.603072
1.654997
2.348644
0.201642
2.273776
2.576021
1.872590
2.361065
0.858014
3.548703
0.999237
2.086920
4.056033
2.137071
2.854984
1.475911
3.480435
2.720339
4.808978
2.277514
2.716573
1.950223
2.348660
1.268234
1.388829
1.047503
3.297145
2.493721
1.941710
2.262920
1.549504
1.583345
1.889160
1.597444
2.795151
1.713441
2.611788
1.646191
2.608054
1.634830
0.743496
1.655343
2.634701
1.873534
0.240308
1.990676
0.599577
1.035567
0.932750
7.458045
3.345288
1.255039
5.065005
1.270993
2.099391
2.053657
1.298121
1.495916
1.882199
1.269512
2.721853
2.283134
6.827857
3.808787
0.167037
1.573334
3.021187
1.076087
1.502053
0.512357
0.251552
3.363920
3.256682
2.546529
3.504128
2.058652
0.775925
2.846657
2.062593
2.104939
0.678751
1.692217
2.242633
1.960215
1.863732
3.112176
1.301630
1.287110
3.357954
1.805525
3.162559
1.072366
0.797236
0.553358
4.235118
1.942198
2.225499
0.866357
4.215106
0.616192
2.152940
1.018654
1.620589
1.785776
1.297068
1.844577
4.086052
2.340117
3.584822
0.406422
1.793126
2.020487
2.132909
2.285192
5.051404
4.923844
2.234447
1.488048
1.491033
3.387506
1.306577
4.496478
1.049240
2.167577
2.988774
2.970414
2.258885
0.961677
1.537482
3.357734
1.565475
4.353762
2.653497
0.750271
2.811064
2.993766
0.527280
1.906174
1.867696
0.814617
1.303686
0.809251
3.726366
2.385453
0.661670
1.135724
0.686143
0.505771
1.507899
0.702176
1.633693
0.615001
2.477843
2.710409
0.391035
1.708513
3.792578
0.673938
0.707272
2.073436
2.660203
2.700319
4.404670
2.773281
0.475897
5.160029
0.554367
2.185375
0.579452
1.169231
5.604344
6.682740
1.378790
2.613755
1.773509
0.643756
0.657467
1.605014
1.555281
0.451597
2.648252
1.374567
2.000000
3.822547
1.764258
4.108548
2.457554
1.380556
1.881674
0.444473
0.410283
1.315799
1.387244
3.022653
1.453282
1.474883
1.604630
3.844195
4.086828
1.394121
0.723109
1.491155
3.478485
0.275190
4.448390
1.449600
0.615229
3.479792
1.405987
2.186887
3.477936
2.118374
3.402295
2.511864
4.206486
1.591013
1.224433
0.832882
1.739613
1.624132
1.635522
1.104361
2.325302
2.365865
0.772457
1.062748
2.090851
1.556675
1.291863
1.813625
0.919991
1.670245
1.161983
2.337783
0.916103
1.534755
3.558944
1.784218
1.533378
1.705339
1.148358
2.119376
3.341954
0.612645
1.895113
1.710864
0.216596
2.321542
2.960962
0.939291
1.471021
1.001317
2.457786
1.553256
1.950476
3.276128
2.216102
2.114217
0.235910
2.028224
0.086313
2.250569
1.780457
1.759327
3.150331
1.204527
2.045660
2.020245
0.887824
1.000453
1.230479
1.070395
3.233172
2.348736
3.020596
1.156429
0.579473
0.388356
2.000000
1.629131
0.714362
3.528732
2.422326
2.048121
2.122489
1.830208
3.126111
3.059552
1.118856
2.057524
0.738597
2.113711
1.199438
0.510928
1.870652
2.160717
2.237099
0.362577
3.080372
1.463377
1.306087
1.342530
3.064718
1.218126
1.418667
1.132024
2.230932
1.417523
0.643831
0.740276
3.881514
1.956755
0.840961
3.920875
2.213724
1.093145
1.584825
2.148546
3.770442
0.311809
0.620956
1.037720
1.586006
3.828895
1.913053
0.652294
1.477542
1.074498
0.616133
1.997207
1.426283
3.767505
2.728827
0.444690
2.458141
3.333256
4.239325
2.676105
1.925700
2.063318
1.388785
0.976729
0.769952
1.043419
1.967247
0.539903
1.215625
4.093876
1.578210
1.998851
1.826633
1.742542
1.669149
2.684510
1.566390
1.774887
1.748452
3.692343
2.482694
1.134813
0.871997
1.416817
3.424396
2.717113
1.425532
1.996425
1.027256
1.906835
3.006465
0.583590
1.056390
0.783419
2.719014
2.388688
1.654765
0.426971
6.701959
1.216198
0.948142
0.771370
2.734863
2.979999
1.981958
2.225214
0.706663
2.994258
0.959891
0.803986
1.431719
2.251609
1.549422
0.255953
0.881925
1.561764
2.370313
0.559947
1.714476
1.997069
4.096460
0.464303
1.600492
1.050323
1.311545
0.732124
1.716307
4.174266
1.627975
2.579871
0.913056
1.278671
4.130986
1.097200
1.749944
3.772839
1.873491
1.290950
1.446777
0.754512
0.400545
3.673741
3.083601
1.407237
2.894658
0.977864
3.272493
3.180903
0.303392
0.806496
1.930712
2.129223
1.908287
3.121027
0.759009
0.609699
1.862648
2.529070
2.035865
1.737331
2.420431
2.275807
1.302186
3.697174
3.213991
1.387943
2.794734
4.852633
1.839821
2.985166
1.453004
2.717508
2.509551
2.485552
0.502873
1.918264
1.020069
0.841770
0.873843
4.106707
2.107674
1.913404
3.091102
1.535135
1.599635
2.765065
1.515506
3.573059
3.955479
0.681839
5.860284
4.790979
1.338039
1.429591
3.708605
1.178958
2.466590
0.732878
2.157428
1.636658
2.560668
2.585600
1.594074
1.573071
2.800483
2.254036
0.961309
1.905519
1.972889
0.642439
2.358292
2.932139
2.023082
1.141098
1.909717
2.580263
2.820945
3.354546
1.028879
2.179637
3.490647
1.242622
2.000000
2.933243
0.451098
0.563009
4.876804
3.292183
2.009854
0.636349
3.164587
3.353271
1.595631
0.966044
1.708021
0.385252
0.686285
2.174573
1.951851
1.238827
1.266302
1.572821
0.598372
3.090463
2.590925
2.645075
3.283091
3.833148
0.751600
3.240557
0.451222
2.013105
2.637254
2.471976
6.651903
0.797738
1.436187
3.003421
2.176063
1.513946
0.665013
2.381657
0.508014
1.168026
2.986431
1.410932
0.850113
3.676257
1.460076
3.216096
1.714078
0.269244
2.037201
3.872067
1.383975
1.365695
2.165453
2.000000
1.170935
1.316126
1.128525
1.154415
5.037373
4.361792
2.245469
2.604301
2.175516
0.606435
2.175851
2.107971
0.778027
2.352252
1.009785
0.817057
2.546916
1.067688
2.051150
2.263128
1.860420
4.668942
4.043029
2.278267
1.782310
2.589890
1.690911
2.118105
0.681569
2.487801
1.894849
1.701609
1.606865
0.590612
1.921028
1.313305
0.345614
4.305857
1.783533
4.583673
1.749827
2.628595
1.174140
1.057306
2.360666
1.555472
0.340908
1.698156
2.794427
1.547636
2.111475
1.402306
2.103394
1.952401
1.286319
1.828002
3.500171
0.480751
1.600028
0.479279
2.289171
1.855461
1.695953
2.630286
3.056630
0.859378
2.000000
1.438862
1.280908
1.005438
1.993367
0.102484
1.998281
3.357831
1.731549
1.391297
1.412898
1.104964
1.208115
1.125681
0.497646
1.882120
0.397805
2.553417
1.240717
3.113009
2.063482
2.174815
0.517042
1.673444
3.196312
1.894288
0.445172
1.891870
1.216489
4.745462
2.372513
0.448609
0.905617
1.660603
1.214461
2.778381
3.538949
0.437897
1.603275
1.605388
1.526520
1.162990
0.748013
0.614231
1.429802
1.223691
2.106996
2.608208
2.138469
3.351484
0.827560
0.532190
1.988151
1.007265
1.472917
0.954078
3.386851
1.838904
1.749968
1.689214
1.632126
4.327776
2.609036
2.277631
2.277965
2.173043
3.430265
0.856884
1.802438
1.891452
1.971354
0.577629
2.182223
4.860329
2.972359
1.836727
2.256138
2.481173
3.305031
4.360692
1.925232
1.611798
1.218178
3.384634
2.385403
1.170239
0.784785
1.083128
0.929933
0.390530
1.686083
0.954208
2.921687
2.330524
2.380399
2.409258
3.246668
1.844042
0.548745
4.245639
1.773876
1.177803
1.255915
1.011067
0.887932
1.545673
0.683774
2.267714
1.937234
4.914286
1.087280
0.207274
1.537180
0.501275
1.090466
1.998961
1.963181
1.507094
1.744168
1.347807
1.093095
3.543375
2.000000
2.887372
2.059876
1.334663
2.551793
2.459938
1.473236
2.821347
0.539339
0.945850
4.410339
2.517787
0.732535
1.798168
1.192113
2.633145
2.584207
0.807788
3.422079
1.918893
1.442927
0.478451
1.468387
2.474838
2.038564
1.673288
1.065270
4.387276
2.264544
2.399056
1.337856
1.950099
0.466463
0.355738
2.459506
0.897322
0.737805
2.286244
1.077307
2.049341
1.740440
2.061143
0.214771
2.829704
2.000000
0.745884
1.426399
1.316589
0.922970
3.411577
1.244897
1.386432
0.768528
1.608215
1.057003
1.227952
1.674463
2.579145
1.063330
1.474226
0.232192
3.705358
1.980941
0.150047
2.112643
2.067561
2.354586
4.605509
2.200775
1.757446
1.907103
3.621844
2.523936
3.068797
2.099756
2.036507
2.044227
1.072134
1.991410
1.162196
2.179144
1.603402
2.016024
0.676585
2.413704
2.102770
1.934906
1.851942
3.271175
1.986268
0.627815
2.345011
2.454324
3.596572
1.250932
2.690016
1.818499
1.877651
2.000000
0.515645
2.002290
0.965662
2.016889
0.275939
1.889198
2.244426
1.835478
4.241854
2.105351
2.208976
1.592596
2.799804
1.767227
2.025716
1.867148
1.147323
0.482132
1.914346
2.395103
0.662141
2.737409
1.200486
1.023502
2.046840
3.008265
2.548586
3.132439
2.320988
2.159616
1.872469
1.744329
0.679184
0.550507
2.808559
3.661147
1.774863
3.427601
2.988216
0.514507
1.576760
0.916441
2.875274
1.168005
1.699353
2.028007
0.452829
2.919972
1.408279
0.710991
3.183645
3.952205
2.593856
2.264230
2.048538
2.181467
3.663372
6.125399
2.488276
2.713467
1.413306
1.822160
0.424000
3.443624
3.878499
2.343367
3.326954
3.728050
2.413597
2.157765
1.830775
1.398773
3.238881
1.672344
0.837772
0.964590
1.285738
0.602873
1.618021
1.902393
1.959424
3.104097
0.975614
4.743728
2.052687
2.218455
2.098707
2.000000
0.095565
0.845212
2.239289
1.698280
0.353105
1.505660
0.778543
2.901652
0.989884
1.256738
2.527519
3.002639
1.326164
5.367394
1.428102
0.691356
2.609749
2.001252
1.450024
2.964787
3.354669
0.718178
2.992028
3.426892
0.353259
1.112042
2.542928
5.330191
2.000000
2.706469
1.740328
1.432281
0.956465
3.775071
1.840384
2.200333
1.197476
3.185796
0.673826
0.565166
1.626014
1.576337
1.776040
0.351236
1.912894
2.707063
1.219992
1.149276
1.938797
1.598186
3.024105
1.581781
2.441418
0.486282
0.833246
1.848438
1.953689
0.979519
4.259960
3.999258
4.480308
0.294455
1.958427
2.404207
2.319184
0.945086
2.859719
2.372172
1.827926
1.867446
1.656972
2.895614
1.317705
5.995373
1.692273
2.465215
0.677173
1.432301
3.633773
3.617104
2.826459
1.226815
1.050771
2.149122
2.185044
1.903383
2.563665
1.822546
2.901078
0.514448
2.908432
1.188267
4.086557
2.400445
0.788460
1.886104
2.251667
2.235985
2.413076
2.298783
1.499595
1.452322
1.792119
1.305170
2.086924
1.902368
2.646116
1.582428
0.667420
1.747239
1.150908
1.443059
1.530757
2.105392
6.393369
1.303170
2.589659
2.580922
1.671283
1.384824
2.960445
1.786286
1.201345
1.315328
2.316607
0.900260
2.729510
1.306597
1.721641
1.479707
3.252597
2.362762
2.472808
1.823095
0.803224
3.274682
1.115373
0.928366
1.739729
0.472500
1.921822
0.685850
2.099697
2.727975
1.942462
2.000000
1.915757
3.030069
1.748361
1.765039
1.556920
2.600525
1.318622
1.066352
1.134512
2.007172
1.470072
2.013733
2.185927
3.211541
1.907387
0.498738
1.082945
6.243098
3.178927
1.619200
3.799100
3.096684
3.346354
1.226029
2.000000
1.621658
2.562608
1.159530
1.045805
2.293062
2.606833
1.509314
2.589026
1.348016
2.671983
0.587925
0.418972
2.044547
0.544831
0.907473
0.857938
2.221479
3.052957
2.291871
1.865184
4.384822
1.392981
0.598689
0.829515
1.069110
2.788627
0.424191
0.523190
1.372118
0.992981
1.394566
0.618796
1.703028
0.375672
1.351864
1.627400
0.775819
0.684884
1.656637
1.711218
1.612383
3.186780
0.865589
0.972307
2.079137
2.761570
1.357287
0.656669
0.432673
2.801159
4.943151
1.200114
0.438214
0.385128
1.424369
2.260792
3.093111
1.810153
0.428350
1.005669
0.698483
2.614044
2.393563
2.253250
2.988444
0.615505
1.068634
1.983181
0.954277
2.385775
2.317441
1.916630
2.976014
1.295477
1.688256
0.758307
2.052439
2.879095
1.035372
4.617697
1.267388
1.218992
2.766595
1.884847
1.881368
2.516669
1.309309
2.650342
1.790795
1.947683
1.679951
1.439218
3.013674
4.756628
2.150531
0.127071
0.639394
1.646688
1.373091
3.070060
0.810600
3.712287
2.224533
1.312362
0.835983
1.676936
2.796445
1.395159
1.529908
2.093318
2.289721
2.151077
1.063471
2.160426
3.525241
2.573505
1.151131
2.316604
5.053660
3.122662
3.074217
2.924292
2.154301
0.857309
2.076427
5.464902
1.176853
4.500017
1.028044
2.276823
1.198471
1.712448
1.901672
2.059652
2.313204
3.905638
1.492170
0.691575
3.703177
1.445015
3.322833
2.437131
0.706057
3.172381
1.830878
1.442804
2.945587
7.082507
2.193679
2.876346
1.807083
3.271582
2.680420
2.360880
0.350432
0.270674
0.574993
4.804535
1.927461
1.251766
0.338048
2.270817
2.775793
2.120702
2.050647
0.564251
1.516643
0.659892
2.950247
1.187922
3.039718
4.014694
2.000000
3.126173
1.552159
2.039788
2.402067
4.177296
1.251284
3.250278
3.033211
3.613407
0.864891
1.312710
2.272075
1.671836
0.653367
1.497047
1.818238
1.617675
0.654694
2.584597
0.500326
1.779884
3.795101
1.122486
1.928342
6.323583
1.683021
1.432621
1.118181
4.293235
1.401273
1.067147
2.083232
6.389143
3.078309
1.369829
2.445374
1.354336
1.724983
2.183579
0.444796
1.127797
2.163286
2.000000
3.184772
1.565534
1.453086
4.259634
2.597204
1.377056
1.749645
2.970267
1.421071
1.053764
1.909967
2.484990
2.854558
4.224360
1.967134
1.931219
0.637321
0.712663
1.822935
2.053910
2.859646
2.227598
5.516888
1.892724
4.105697
0.418475
2.679911
2.412965
1.888058
0.776256
1.357716
0.912345
2.036766
0.457312
1.732007
2.145206
0.214773
1.660032
0.850946
0.136553
0.595942
1.219077
2.171238
1.657549
1.437441
1.198181
0.981812
1.987364
0.607655
1.938497
2.155627
2.671544
1.515307
2.396600
1.826088
2.122648
2.018888
2.080146
2.271973
2.058120
1.550432
2.528289
2.859357
1.639561
2.949836
1.077502
2.677029
1.181747
2.074811
1.354172
3.213385
3.054140
1.265185
1.794573
4.563877
0.175887
0.465465
3.106914
1.238285
0.525526
1.498478
1.584364
3.555620
0.899121
0.713154
3.846223
1.871998
1.260912
0.144746
4.333259
1.001711
0.458076
1.803139
2.058461
3.724732
2.284379
2.145607
3.082740
1.384336
1.452496
3.944036
3.266279
2.529454
2.743523
1.277683
0.506418
2.336014
1.673297
1.679113
1.733913
2.067262
2.141396
2.935602
0.994307
2.013550
1.723503
1.779836
2.303965
1.729496
3.851166
0.644532
0.495989
2.048865
1.102959
2.607517
5.231977
1.950463
0.984916
2.350043
1.502214
1.985453
4.426868
1.697848
1.317609
2.598709
2.007362
1.138786
1.579921
4.664565
1.827296
1.862936
2.726103
2.886203
2.321642
1.003903
2.438773
1.280599
3.059380
1.428665
2.403935
2.475321
3.360886
2.640892
2.876856
1.303704
2.242562
2.172925
1.550229
1.380573
1.973950
1.229842
1.100916
1.331449
0.823269
2.217707
2.566530
2.529548
2.161747
0.259351
1.831205
2.503455
0.150667
4.189928
2.236785
0.600748
2.531503
2.977184
1.635609
3.891684
1.499716
1.703155
2.711427
1.755167
2.264537
1.172910
1.241701
1.029308
1.183547
1.982279
0.716232
1.829960
1.113779
0.637486
1.681963
1.362701
1.029008
2.383811
5.894036
1.590407
1.845844
1.567860
1.712047
1.112572
0.251491
1.227485
1.066396
2.322384
0.468663
0.385487
3.279847
1.560877
4.175957
3.795135
2.383662
3.302740
0.710197
1.341373
0.995874
0.910066
0.840682
1.169503
1.912634
3.093052
1.463205
2.102536
1.649549
2.372607
2.401875
0.716592
1.982745
1.434579
2.497151
2.227242
1.131177
1.429955
1.676834
0.370255
1.524335
2.660736
1.886677
0.660122
1.403683
2.129435
2.115795
0.819502
1.468683
1.988045
0.752286
0.253673
3.478366
2.971048
2.419985
0.490286
0.645946
4.359478
2.748348
1.031450
0.573922
2.374118
2.000000
1.167398
1.876504
2.305438
2.238458
0.838282
1.503463
2.251676
0.984037
1.968116
1.111061
3.223491
1.568366
1.266378
1.719863
1.657660
0.504458
3.051325
2.359408
1.834925
0.630884
1.005256
3.804728
0.750820
2.394833
1.355849
0.978020
0.157740
2.349701
3.374113
4.014867
4.647214
1.656622
4.562993
2.343949
1.643600
1.752167
1.347736
0.728987
2.052112
1.511725
2.499636
3.905335
0.749653
4.271669
1.343162
1.642811
2.535043
1.674642
0.545912
3.181995
1.982056
0.506588
0.182761
1.360616
2.991636
2.306422
0.344740
0.324516
1.628674
1.061393
0.364891
0.362760
3.986371
3.861640
2.362944
0.799147
4.945069
0.711361
1.392940
2.735566
0.359973
5.177386
2.026127
1.000941
2.226526
2.041139
2.207231
1.259490
0.948888
0.435977
1.376755
3.397633
2.000000
3.256270
2.984825
0.876950
2.087661
0.700712
0.648275
0.589008
2.911635
2.741791
1.379985
1.681757
1.971136
1.473162
2.554680
1.570724
0.474923
2.141997
1.038849
0.996518
7.089944
2.146776
0.268730
1.169924
2.244587
0.837126
2.236334
4.125870
1.644299
1.082803
3.046094
1.383719
1.339764
3.882838
0.867514
0.914214
1.923909
3.007489
3.179090
0.525804
2.422008
0.548113
2.583150
1.031852
4.168420
0.630323
2.180290
2.849345
2.339290
2.715540
0.638877
2.171851
1.833761
1.909064
4.238495
2.532270
4.485606
1.179470
0.542320
3.755471
1.121582
2.835180
1.874317
1.390714
2.155841
2.286686
0.425208
2.549707
1.461705
0.514181
2.174330
0.551504
4.010811
1.248134
2.466115
0.551947
1.869453
2.776505
2.229510
1.938561
3.298599
2.153991
2.844184
1.626073
1.710315
2.034390
2.236782
1.742642
1.375112
2.036816
1.801470
2.822138
0.723316
0.985203
1.295435
4.299145
1.765834
0.952443
1.963050
3.756967
0.190528
2.545464
1.198779
1.385878
0.449389
2.123967
2.000000
0.782511
2.326423
2.422836
0.273183
1.950213
3.494972
0.369469
2.294677
2.638545
1.664335
0.477728
0.455948
3.051845
6.058181
2.231994
2.815591
0.352860
4.767878
0.807099
1.364227
2.164102
0.611926
3.315577
3.342145
1.059673
1.607374
0.715332
3.213734
2.172348
2.468756
1.603921
2.019720
3.308106
3.382581
6.453633
1.902696
5.093193
0.614558
1.466283
0.587851
2.767604
1.696182
1.442770
0.804371
0.463612
1.848097
0.798299
2.854989
1.729837
1.344668
0.726273
2.218073
3.359210
1.847333
2.172046
3.885082
2.089041
1.815413
4.858332
4.108931
1.521172
3.224803
0.938386
0.647068
0.659317
1.691352
4.091578
1.884947
1.827625
2.621034
1.476981
2.661058
3.996382
1.521767
3.853408
1.218215
4.138463
1.942061
1.325931
2.313169
1.593257
1.871107
1.672510
1.623837
5.361602
2.470011
3.071320
0.787281
2.828340
1.705016
1.656277
1.333208
0.741339
1.504272
1.860434
2.000000
1.765790
1.714593
1.323411
1.526102
1.033580
1.930283
2.766599
1.611388
1.609895
1.414413
2.719959
1.091304
1.991656
2.633012
1.640428
0.431993
2.599749
0.664560
1.987794
1.017420
1.076769
1.903686
1.819349
4.946157
1.733816
1.749263
2.356190
1.756573
2.035223
1.626657
1.258567
1.099752
2.919655
2.149978
3.814567
2.242397
0.806952
0.549618
0.789857
0.777895
0.496246
2.243234
1.180421
2.037203
1.111913
1.752743
1.488467
1.145003
1.748459
2.246481
1.912289
1.823520
1.998986
2.383696
0.384949
2.516353
2.891440
1.439061
0.757708
4.285797
2.094665
2.684849
1.689454
1.398102
1.597034
2.880453
0.924648
1.122052
1.058469
0.946567
2.520519
1.020391
3.733401
0.148319
2.334421
2.017865
7.198980
3.227130
0.564207
2.548476
1.021703
0.468982
0.846510
1.225886
1.414033
4.999824
3.444683
3.281017
1.604854
1.915784
1.313309
2.626991
1.205145
5.088148
3.361385
3.924943
0.517494
3.168046
1.932669
0.674579
1.603125
3.453096
2.013679
2.783977
4.159295
0.304639
2.874060
3.110159
1.769592
0.643220
3.713789
2.468937
1.995731
2.831738
2.677267
2.531502
2.185293
1.909816
1.012758
0.882617
3.567474
1.414767
1.937093
1.706137
2.449789
0.511655
1.690594
0.569040
1.389079
3.709212
2.545444
0.398343
0.498819
1.609777
5.208463
1.648097
1.133173
1.057098
1.425848
3.370924
0.512906
1.510222
2.075133
0.518024
2.379098
1.360640
2.845471
1.140916
1.700538
1.720153
1.254346
0.765014
4.296981
0.853671
0.813192
4.133460
1.572394
4.065516
2.064466
0.490185
3.031334
3.605563
4.677128
2.011501
2.000000
1.915367
1.536438
1.468812
1.273447
1.629882
1.290395
0.936492
1.654421
0.313098
2.189229
4.725183
3.449728
4.165164
2.902434
2.905452
0.650551
2.953290
4.867863
3.003273
2.437633
1.388893
0.272337
3.456818
1.525481
0.388547
1.334327
3.201299
2.384585
3.199883
1.687260
2.067224
5.112982
5.932995
1.930870
2.695974
1.764941
1.830176
1.674580
2.418541
1.395712
2.610328
1.782486
2.448118
1.691798
1.083816
0.977339
1.959920
2.167792
1.532095
1.893864
2.464504
2.556652
1.752940
1.796261
0.608247
4.574669
1.718273
1.783567
2.197752
0.487290
2.436900
2.462647
0.669665
3.456936
1.689984
1.278819
2.533327
1.560776
0.659151
2.573352
3.348456
1.869098
1.083380
2.130120
1.784324
4.941683
2.814000
2.158208
1.797760
0.428125
1.960938
2.852857
1.927078
2.138021
1.963273
2.895554
1.098115
1.297221
0.291495
1.973429
1.557755
2.162447
1.116236
2.336149
1.536106
3.525698
2.915458
2.186421
0.632302
1.226498
1.299631
0.529121
1.653567
0.606561
0.593379
1.738536
2.880994
1.053484
1.359704
2.245319
0.722336
3.128583
2.946191
3.214622
1.723725
2.146773
2.352157
0.791388
1.648319
0.900097
0.770543
2.659982
1.640757
2.038304
0.828029
2.854538
1.478148
2.545635
1.671129
1.994760
2.795259
1.258955
2.609160
1.386738
0.504465
0.983627
2.232913
1.022587
2.607019
1.453760
3.921782
1.319307
0.740715
0.737656
2.385712
0.999310
3.847725
1.757714
1.168749
1.457847
0.919497
2.071846
1.891179
2.511857
0.695573
3.595188
0.146434
1.175431
1.916929
0.577565
1.182673
1.334990
0.619380
1.834658
1.119821
1.584057
0.127128
0.254977
4.708060
2.029713
1.790381
4.272059
1.674238
2.559467
1.065742
2.185807
3.461037
1.973504
0.411642
1.397416
0.973015
1.278802
4.284585
0.734319
2.563314
1.322791
1.508451
1.702625
2.922945
2.000000
2.745277
2.122489
0.786860
1.262366
2.590499
3.081444
1.635648
1.107466
3.512545
2.995566
1.808652
2.386175
2.743958
2.640207
3.902909
1.354300
0.864656
1.883434
4.352658
2.704017
2.079802
1.913414
2.079762
1.158302
3.173112
4.184484
1.410398
1.120089
2.601151
1.192495
2.279200
1.873510
1.564678
2.347039
4.040943
5.018649
2.655314
3.257012
1.682180
1.915626
3.016079
1.997553
2.933993
1.202121
3.913763
1.072153
2.408800
0.857243
1.836501
1.358905
1.233898
1.415453
0.450633
2.196388
1.354752
1.581908
1.847897
0.778099
1.718842
2.180793
1.859851
1.718918
1.659371
0.455637
2.599191
1.253435
3.658481
3.234066
1.554732
1.750873
0.984147
1.609913
0.792968
1.829644
1.667074
2.184436
1.117219
2.232988
1.610699
1.560898
3.480866
1.091645
2.362397
2.987360
1.834587
1.251606
2.712424
1.853333
2.675871
2.000000
3.813131
2.498312
3.264300
0.331629
1.121847
1.793115
1.921858
2.138360
4.882735
1.035110
1.794090
2.501411
3.379001
0.504513
0.713406
1.373208
0.496198
1.869567
2.594463
2.117325
0.601430
2.256162
1.120639
3.982749
1.158209
2.479847
2.432438
3.298633
2.628851
1.552331
1.658677
1.478520
1.768666
1.527544
0.854891
1.767266
2.826501
3.347549
1.235086
4.640462
0.501316
1.747633
0.130397
2.890492
1.236760
2.630443
2.139264
2.005078
1.345999
0.582486
0.389856
1.716927
1.881364
0.583698
2.060473
1.039967
0.490084
2.570096
0.852345
0.649953
4.318201
1.856789
3.669552
1.756033
0.440441
1.759965
2.080404
6.165701
0.491904
5.277836
0.356717
1.825462
2.189764
1.288438
4.162130
0.657186
1.926836
3.579852
1.447961
2.698689
3.102678
5.274608
2.537632
1.034701
1.334311
2.217995
0.791698
1.647190
0.617283
6.031219
2.287683
3.609446
1.486820
3.801788
2.308237
1.654161
1.671388
1.507956
2.453332
3.911837
1.588877
1.818958
2.948015
0.581030
2.408545
1.089270
0.933666
1.613619
3.343789
1.812833
0.632728
1.740917
2.199252
2.068830
2.567321
0.569318
1.632644
0.676713
2.000000
2.931127
0.605836
2.628890
0.733826
0.963497
2.079880
0.603877
2.837766
1.005018
1.024305
0.558728
1.861349
1.986957
0.451700
0.617834
1.126151
3.196811
0.866892
2.124919
1.998033
2.690862
1.144135
1.616942
1.238463
1.518301
3.544410
1.929842
0.886337
5.147904
1.091148
3.304739
2.269295
4.040039
3.693387
0.491820
1.278547
2.305636
0.353325
2.135749
2.945150
2.819364
1.631813
1.367980
3.165113
3.849353
0.707322
3.538504
3.636178
0.694979
2.962648
2.655149
2.874655
2.879966
1.111566
2.249161
0.131122
1.623789
2.203226
1.651475
1.908581
2.252013
2.059446
4.099011
1.817317
1.360529
7.232806
1.889427
2.285440
1.537726
1.061275
0.808771
2.157143
4.573255
0.218123
0.507951
1.936083
2.321152
3.155579
1.829626
2.108624
1.272647
0.803527
1.530488
1.858294
1.975106
1.054273
1.983205
1.268665
2.149719
0.788998
2.516521
2.276785
0.247860
0.602572
5.483423
0.561477
0.560432
2.976540
0.237422
2.366818
1.834570
0.942720
3.526395
1.844341
1.987800
3.830407
2.446280
2.635414
2.425760
4.706193
1.878270
1.702554
3.556072
2.115293
2.839504
2.504375
1.694284
1.169979
2.860009
2.009813
1.276245
0.227797
2.705953
1.456167
1.327705
2.336757
0.685830
1.048086
3.982915
0.649253
2.962702
0.361512
2.577238
0.890710
1.878261
0.445013
2.777532
1.813896
4.087821
1.639336
0.445074
1.847600
1.645327
0.760597
5.949801
3.309136
2.046269
3.462650
2.000000
2.683130
2.344018
0.953056
1.795396
4.423455
2.694406
0.852931
2.179217
1.415034
1.488764
1.845760
3.739302
2.000000
0.796141
0.306262
0.294005
3.595798
0.578409
1.346765
1.292165
1.525238
0.314961
2.666328
1.820096
1.352885
1.491698
3.287556
0.407377
2.550520
0.304548
1.685094
0.367085
1.317747
2.121971
1.227920
0.125034
2.696495
2.408417
1.367011
1.048819
3.870260
1.178002
1.927504
2.159686
3.240704
2.467290
0.819423
3.337742
0.846810
3.349927
0.475790
2.479427
0.372143
1.817227
0.756362
1.464420
0.311000
2.427712
3.054269
2.614190
0.991686
1.283925
1.524716
1.655893
0.636907
2.000000
1.736804
2.203420
2.263438
1.260350
1.089808
2.512448
1.637122
3.368075
0.414543
3.855589
0.969281
1.914653
2.511830
0.820558
1.550064
2.546754
2.590337
2.225720
3.418330
3.545651
0.849434
2.476079
3.487428
1.313157
2.222761
1.573234
0.404742
2.000000
2.510947
1.127004
0.450399
2.015197
1.484583
1.884415
2.465731
3.593862
3.260251
1.371807
0.317198
2.308922
2.320558
1.484433
2.696593
1.138248
1.468128
0.332630
2.399411
1.891080
1.637522
3.473205
2.338506
0.359159
1.945966
2.107928
2.616282
3.966898
2.496640
2.523138
0.865670
2.932488
1.084704
1.174117
2.831362
3.705045
1.701253
1.740099
0.966179
1.964609
1.537635
1.889819
2.479415
1.968513
2.318021
0.979717
0.672783
3.024277
1.779537
0.130228
2.741468
0.283825
1.196952
2.940202
3.184038
1.158395
0.897025
3.662188
3.442694
0.690297
1.175726
1.995298
1.026902
3.741644
1.410104
3.257941
1.902430
1.501707
3.013681
1.608769
1.377638
1.116305
1.348299
2.475907
1.990982
1.302873
3.696298
0.378827
1.525299
0.372348
2.858534
2.505421
1.972867
0.534854
1.632284
4.364006
0.997431
1.076868
1.526226
0.374823
1.620946
1.174749
1.026746
2.875438
0.533851
2.317137
3.343704
2.077310
0.434984
0.969853
1.606621
1.337018
0.821373
1.602913
1.685019
2.277183
4.602148
3.652265
2.673202
3.669742
2.240683
5.640034
0.922004
1.543882
1.092298
2.830826
2.758888
1.764040
1.105027
0.657602
1.472896
0.419880
1.371145
0.233814
1.490222
1.139055
1.159095
1.775467
1.177058
2.130239
3.156478
1.233270
2.577785
0.549909
3.276100
2.019493
0.559782
1.633260
2.000000
1.962591
1.405684
2.913767
4.401612
2.161421
2.244648
0.987890
1.776568
2.000000
0.771285
2.733890
5.998499
1.347709
1.266674
0.939605
0.298900
2.000000
1.766638
2.345109
2.851737
1.995410
1.641035
1.488402
1.862236
1.525910
0.860711
2.572575
1.444345
4.158984
0.832769
1.138095
2.400208
5.373909
1.357481
0.498871
2.694707
2.547976
4.027928
4.585631
2.094363
1.085550
1.031924
0.745694
3.187243
1.360733
5.277246
2.216510
1.893123
2.626578
2.863536
1.006094
2.334724
2.601611
1.459294
2.673155
1.995649
1.567915
1.654146
1.742164
0.575951
1.443695
3.271220
0.550009
0.184560
3.280495
0.588903
1.857022
1.721545
0.928146
2.526975
3.469218
0.836269
0.596659
1.543932
0.452803
3.854289
2.908545
2.836736
4.293422
2.375970
1.274753
2.642197
0.773191
1.765381
0.616262
1.654965
2.088820
0.963153
2.000000
0.840094
0.168478
1.716285
2.199790
1.108718
0.975139
0.940586
3.307611
2.467147
1.859473
2.043183
1.976777
0.772138
0.272810
4.101963
4.020764
5.007586
5.398996
0.626521
2.702361
1.964723
0.133750
1.432886
2.180287
2.340156
3.913247
0.828183
0.515328
0.605579
1.582275
1.938237
1.034273
0.857170
2.192063
1.965614
2.431969
0.753439
1.415020
3.289460
0.904977
2.759855
2.287453
1.198193
2.753114
1.695057
2.839081
1.574402
1.115408
1.203118
2.050370
1.967605
2.270799
0.402263
0.782691
2.000000
1.986093
2.146785
1.384859
2.285866
1.214615
1.027404
1.440818
2.969954
2.962727
0.244485
0.402272
1.508984
2.183692
2.197602
2.224297
1.336742
2.461793
3.018645
3.322791
3.081357
2.386559
2.783132
4.442976
0.604362
1.974173
2.295411
0.554407
1.892054
3.851493
0.868704
2.439852
4.354980
3.103319
2.132427
2.394371
1.332427
2.709962
1.010031
2.995808
3.671383
4.294145
2.810370
2.214393
1.305450
1.475513
2.135539
1.976054
3.752232
0.994366
1.917031
1.616248
2.570808
2.093194
0.353428
2.073567
0.303911
2.000000
1.537293
1.727570
1.161599
0.539022
2.798666
4.874779
2.599326
1.403042
3.429260
0.673217
0.152879
0.681846
1.290870
1.002728
1.153495
2.000000
0.521024
1.167921
5.205146
2.958849
0.831183
1.010252
3.819871
0.768869
2.251376
1.383746
1.312414
5.008144
2.625704
1.767795
3.633931
2.847856
3.057745
3.652679
3.877759
1.900387
1.698375
2.328898
3.685267
6.950789
1.956381
0.821099
0.622308
1.450206
2.205438
1.446033
1.655741
0.928648
2.061039
2.768995
2.251224
2.612522
2.973521
0.644021
0.706253
2.193767
2.448939
0.584104
2.571545
2.942927
1.717496
2.069427
2.940197
1.969308
1.527800
4.936289
0.544859
1.578527
4.486318
1.026140
1.005372
2.140981
3.261863
2.991920
2.575894
0.393135
0.431087
3.070646
2.090403
2.104452
1.741013
1.668273
2.012029
1.088651
0.604647
3.727462
1.477886
0.328984
5.443423
5.621141
1.851940
3.869258
1.131866
1.996752
1.351794
1.560470
2.030182
0.790835
1.383036
1.659622
3.469881
1.479725
1.936546
1.064818
2.068574
0.837046
2.877006
2.873464
2.902498
1.788160
2.828545
0.885395
1.221960
0.973424
2.243616
2.441538
0.565310
1.125645
1.207520
1.582236
1.536994
1.852274
0.838233
1.417583
2.344031
0.710035
2.178413
2.870347
1.576605
1.772031
0.572323
3.663655
0.985022
0.214350
0.986288
3.372661
1.506486
1.737394
0.942692
1.514262
1.203975
0.932198
2.200136
2.000000
1.767390
3.096827
2.090887
0.587182
0.397715
3.620558
3.182620
1.114717
1.314759
1.963334
1.392161
1.903558
1.151106
1.827343
1.569219
2.714595
1.357069
3.071712
1.704634
1.964180
3.910388
0.269132
1.450398
0.893251
1.185037
2.109415
0.711867
3.577564
0.720059
2.819894
0.725731
3.086844
2.451287
1.590656
1.274208
1.806182
0.676420
0.940429
0.652494
1.496988
2.098782
1.472154
2.288069
1.519939
1.155076
3.798165
2.094483
2.081507
2.181854
2.577819
1.113323
2.341520
2.000000
3.580765
1.691089
1.048640
3.387542
2.682271
1.122154
0.553879
1.320237
1.771940
2.953736
1.975725
0.455531
2.074919
0.654104
1.737835
1.886801
3.576559
1.487309
3.891533
1.947717
2.977360
1.723281
2.074431
1.368098
1.919272
4.331065
0.788268
0.263166
3.228388
3.229239
3.933618
2.217378
2.173995
1.342458
2.218597
0.808825
5.620044
0.512746
2.526054
0.877999
1.768482
2.618144
2.542621
0.465474
2.274079
1.415339
2.246108
1.930255
1.347213
3.478292
0.746102
2.491482
1.809673
2.371648
6.334356
2.466291
0.775193
0.275310
4.843832
2.378733
1.730071
2.588773
2.052095
0.973801
0.764890
0.730930
1.074648
3.095163
1.783160
0.408222
1.697694
1.699459
2.708000
2.000000
1.564269
2.452886
2.000000
2.275151
2.048609
0.378480
0.216639
0.828701
0.356296
1.924681
1.281285
4.130172
2.422763
1.368568
2.929260
2.540770
2.092443
2.424600
0.926720
2.657054
0.190703
4.391760
2.001872
1.864815
2.154123
0.555832
1.421064
0.837648
2.248623
1.853505
1.641685
1.536404
2.271251
0.443038
1.520017
2.774567
0.444580
4.936753
2.228203
3.693210
2.424521
2.600549
1.724674
2.446545
3.261801
2.000000
2.000000
0.699471
4.590486
1.518143
1.561960
1.073459
2.373355
1.710069
0.332585
1.139406
2.157119
1.848261
3.254901
3.235805
1.488841
0.998057
2.886816
2.432237
2.074327
2.746826
1.590375
1.191460
0.654785
2.867136
1.006094
1.608524
2.412070
3.258072
0.867716
2.271284
1.869374
3.897399
0.411525
2.997772
0.554538
0.393412
1.493684
2.083084
0.900603
2.765288
1.592917
0.994700
2.000000
1.865974
3.105997
1.900692
3.248851
1.891650
1.860213
0.270557
0.249204
3.514382
1.092177
1.792187
1.710950
2.625731
1.484973
1.529864
3.652008
5.891295
1.050414
2.824455
2.107865
0.290907
0.915725
0.368203
1.578586
1.345382
4.801102
4.563460
5.459511
1.812122
1.078315
2.963977
2.578569
0.817039
2.955277
1.081922
3.592647
1.203527
1.438495
0.883739
2.899483
2.000000
0.779914
0.769473
2.280883
2.455110
1.096145
2.028026
1.562196
1.558380
0.950001
3.627706
1.725922
1.296682
1.620327
2.976189
4.230895
1.631199
2.156033
2.618656
1.194810
2.579956
4.397565
4.044062
5.533494
2.062680
2.381401
1.962549
1.790541
0.112608
2.043492
0.910324
0.609389
1.920098
1.114100
4.024340
0.700074
0.589280
1.365939
0.646138
1.406061
2.583870
1.122761
3.382252
1.707775
0.495519
1.211227
3.229895
1.858011
1.659513
0.667499
2.536716
2.353935
2.221384
2.000000
0.811659
3.536023
1.369278
1.259240
2.220016
2.784959
1.468764
1.732983
0.484796
1.723124
3.289394
1.478414
1.266505
0.615842
3.013794
1.482724
1.505984
1.189614
1.304454
5.954189
1.582613
0.483899
2.338706
3.092465
1.760859
0.687792
0.414149
1.444680
3.011625
2.240863
1.462108
1.523362
4.396355
1.034565
2.509269
2.818230
3.327248
2.886273
2.854663
3.733060
1.534488
1.340625
1.569594
1.242877
1.762061
1.548616
3.775635
2.012429
1.834462
1.737511
1.951916
2.364180
2.471690
1.427807
0.934060
3.091773
4.388102
1.228663
2.845938
1.768511
2.095845
1.960904
3.935745
2.217064
2.190107
1.220771
2.000000
0.415397
0.272208
1.871847
2.410774
2.184317
0.155689
1.602668
2.231740
3.160264
2.115587
2.801908
1.856311
3.180915
0.570564
4.190533
2.839790
4.235356
1.891220
1.439860
0.682595
2.024070
2.610632
1.965265
1.801906
1.959854
2.371401
1.163381
2.514560
0.650793
0.633641
0.699758
1.522653
1.509159
5.597193
1.869612
1.797100
0.226003
0.679520
2.337631
3.283564
2.480394
1.913617
1.415898
1.495466
0.911694
1.657578
2.572098
2.059124
4.547939
1.575065
5.288371
0.686103
2.902184
1.123416
1.864803
0.443472
0.754598
3.799641
3.531753
1.478388
5.334195
2.897237
1.757506
0.848357
6.975128
0.510741
2.657145
3.283102
1.812440
1.955387
2.051351
1.225957
1.840126
1.947090
1.229878
0.500598
3.652142
4.270247
1.216550
1.382967
1.625278
1.870387
0.392093
2.709241
3.100249
4.475190
0.823636
0.914817
0.747007
0.251593
3.122430
0.327329
1.825513
3.491634
2.954914
0.523409
0.360823
1.917078
1.420876
3.314778
2.058933
2.083862
2.752767
0.276768
0.747786
1.163647
2.083316
2.238953
0.621858
3.348572
2.313336
2.059784
2.549021
0.455284
2.898186
0.590566
2.159104
2.528557
2.351121
1.594560
2.693753
0.965553
1.103755
1.437849
1.869700
1.946203
2.160450
3.152559
3.236160
2.345224
1.986484
0.914966
1.705286
2.529664
0.847345
0.392014
0.963817
1.998888
2.888297
2.831845
2.164011
2.300824
2.533048
0.943009
1.586564
0.590431
2.125133
2.418014
0.284048
2.246934
0.807673
0.936313
1.502922
0.917308
4.416324
3.072184
0.703648
5.439295
0.723574
1.835901
1.294621
2.000000
3.707122
0.950399
0.862809
2.154649
3.606468
1.418516
3.024273
1.067126
1.926117
2.970938
1.753324
1.152366
1.008747
3.729567
1.466408
2.336483
2.234395
1.406488
2.851994
3.916061
0.156342
2.184844
1.628494
1.079665
0.296121
1.169599
1.920718
0.758861
2.833428
1.134206
4.020386
0.270341
1.717087
2.034827
2.094115
2.319566
2.234207
2.739755
1.591339
2.813461
2.686116
4.383747
4.425982
1.272522
1.557168
2.247869
1.025634
2.110405
3.532413
0.741377
0.420500
1.320321
1.391200
0.711327
1.653378
1.342330
2.018605
1.888511
2.008906
1.782344
1.174152
1.619798
0.912067
1.918160
1.266435
3.493714
2.223268
2.991079
0.818846
0.750022
2.138825
3.027757
0.885069
1.492239
1.562571
0.745491
1.809115
0.799998
2.038504
3.203565
1.346484
1.449333
2.643226
1.792025
1.500292
0.746103
0.219981
2.556847
0.821424
1.339935
1.287383
4.375237
2.016977
2.000000
4.705710
2.721704
2.342720
1.203241
3.007769
3.124792
1.684589
0.552600
2.000000
0.897276
0.864771
2.656034
0.269702
1.183255
2.369895
1.638858
1.798099
1.396129
2.407227
1.995599
3.529152
1.877655
1.505307
1.555671
0.792519
5.223231
1.932200
2.607516
1.884550
1.218949
7.185174
1.999585
2.870904
4.075434
2.394742
1.878092
7.893073
0.491765
1.221991
3.672989
1.847709
0.951300
1.768633
2.345098
2.030640
2.472499
1.377419
2.199064
2.578915
4.658486
1.856695
2.346777
0.792658
3.129973
1.999907
0.542645
2.674780
1.931630
4.620575
1.377633
1.689840
1.560017
3.909382
1.806805
0.720229
2.545094
4.832758
3.542020
1.860186
1.039535
0.845135
1.095890
3.259936
1.509722
1.114566
2.624026
2.115195
0.883543
1.367323
1.504692
1.081014
1.605475
1.682578
3.476936
1.726908
2.600857
1.778844
2.892257
2.662086
2.095331
1.568046
2.274412
0.726917
0.764779
4.249501
1.576453
2.055346
0.839880
7.835420
1.912775
2.382025
1.164420
2.849600
2.263753
3.076346
3.395386
2.026132
2.787961
1.594620
1.628769
1.091769
4.762324
2.225115
0.750894
2.831822
0.552673
1.955859
1.866738
1.498977
3.386117
1.260763
2.390523
2.484847
3.301319
2.547071
1.238181
4.112045
0.619946
3.085471
1.726548
2.977407
1.446047
4.076309
0.721706
2.307950
1.919143
0.455761
0.970740
2.233770
0.857060
0.705837
3.000675
2.006021
1.308496
3.494070
1.605834
1.929435
1.400867
0.267946
2.570819
2.901288
2.867321
2.656043
2.601372
2.572966
2.771944
2.827013
0.254557
3.250697
1.193143
1.995575
0.375211
1.781163
0.662342
2.273571
0.710524
0.989158
2.376175
1.570454
1.649166
2.707188
1.651171
1.998779
1.048579
2.392471
1.013044
0.678172
4.869294
1.528025
1.420540
1.332050
0.941487
2.144305
2.836615
3.243351
3.885688
2.414581
1.852286
1.252415
1.893961
2.547758
2.680419
0.684813
1.990330
0.988808
1.880679
2.338771
0.472716
2.425203
2.579985
1.583277
0.583347
2.746781
5.582744
2.684768
1.695836
1.957356
3.816751
0.238700
2.247805
0.972471
3.009785
3.200569
1.530408
0.567246
0.678029
0.393956
0.760002
2.331618
1.414830
2.305454
2.134544
0.503127
2.048965
2.323816
0.580119
1.641078
4.626816
2.957637
0.878936
1.941574
0.527465
0.603635
0.937400
1.438831
1.654816
2.009546
0.854973
3.247964
0.390230
2.168637
0.172847
1.608700
1.393768
0.800178
4.213751
1.105459
1.100213
1.710209
0.938524
3.692471
1.231691
2.897174
1.011750
2.805088
2.092143
3.305339
2.146812
0.650851
0.378964
0.925066
2.666697
0.539243
1.905018
2.905946
1.711278
2.104703
2.783648
1.210838
0.612116
2.188224
0.260867
2.592060
1.997467
2.180923
2.350585
3.198829
0.869241
0.725338
1.194385
1.204212
1.815610
2.757900
1.832668
2.445440
0.588459
0.371661
0.658420
0.534494
1.807672
3.173380
1.600346
0.597332
2.292289
0.746729
1.319582
1.354328
2.180712
1.692635
1.885677
2.482699
2.496274
2.901569
2.683002
1.402189
1.673587
2.273290
1.199540
1.465879
2.397624
2.612468
2.062513
2.504367
0.992265
0.954858
1.071251
2.055861
1.833346
1.574772
1.784530
0.834280
1.531382
2.359826
1.858159
0.383035
0.872667
0.466502
1.440357
2.814954
1.697122
1.490359
2.020005
1.313976
2.598853
2.518750
2.564438
2.074852
0.593230
1.270866
2.349472
2.388549
2.677099
1.089468
1.072086
1.846769
2.371768
5.085909
2.167147
1.090825
1.939276
1.508295
2.464665
2.387442
1.986043
1.161571
0.512505
2.096678
2.972226
1.516753
2.667897
2.369601
1.652357
2.955347
4.315800
1.909736
4.291500
2.050330
2.080485
2.652567
1.342730
2.432892
2.483886
1.196859
2.516233
0.493041
2.325071
1.871473
1.024446
0.773765
1.108786
1.517778
2.464082
1.599614
2.318066
3.224065
2.269776
1.408526
2.254843
1.198566
0.858549
1.803462
2.504809
1.591977
0.834731
3.578414
1.055532
2.273145
4.149373
0.815304
1.571216
1.217054
0.857174
2.223356
3.443679
2.527285
2.034151
2.708915
1.886919
2.287158
2.105212
0.966077
1.295166
1.629552
5.215895
1.505668
1.966249
2.387011
2.236708
2.615446
2.465871
0.413157
2.246979
1.873405
2.324095
2.000000
0.476177
3.810383
3.865590
2.132304
1.606784
1.015744
1.997226
1.335974
0.987009
0.584720
2.912860
1.335560
0.792493
4.449490
5.192498
0.746268
3.847124
0.377961
0.912891
0.458460
0.229948
2.112396
1.338864
3.189967
3.420333
5.472588
1.419183
1.964415
0.971378
0.564891
1.490721
1.660172
1.069413
1.608813
0.489159
3.859241
2.000000
2.670016
1.038237
1.515654
1.020844
2.764300
0.975334
0.924735
0.684362
0.336246
4.927312
0.716929
2.849662
0.986550
1.654902
3.156830
1.207043
1.520849
1.999095
2.324979
2.274069
1.500046
0.300323
2.330575
1.713654
3.074522
1.058967
0.947854
2.077293
2.000000
1.935582
2.092858
0.261502
1.293929
5.799447
1.612641
4.751965
3.038718
1.160985
2.161432
4.076725
1.769884
1.950970
2.176790
1.240952
0.861594
2.063952
0.879688
0.462384
1.475612
0.634409
0.611821
2.907573
2.320040
2.743702
2.385585
0.301715
1.091719
1.624915
0.727946
2.254433
0.655918
0.835155
1.127121
3.036495
1.657146
2.852800
1.546798
3.672595
1.636955
3.232940
2.420449
0.877509
2.039320
3.037260
0.447691
1.391189
2.122405
2.000000
4.050885
1.673865
0.899264
1.746913
2.107718
2.819937
1.622234
0.686519
2.526992
0.794232
1.806022
3.170290
1.182444
4.002056
2.814206
1.539038
1.829422
3.541197
4.836982
0.428054
1.208887
1.802223
2.241234
1.694472
1.701344
2.694374
2.226144
1.053351
1.369570
1.356495
0.650295
1.265129
5.148948
1.523421
3.033385
0.754657
1.989531
2.260908
1.563009
1.913688
2.304500
0.964618
2.453707
1.065102
5.016833
1.432617
2.996625
0.674957
0.922787
2.211114
1.945298
2.437367
1.614510
2.873513
5.919492
1.385294
3.448932
0.979044
0.796182
1.351359
3.362008
1.415579
5.926936
1.388765
2.753416
1.688132
2.566896
2.045337
2.402569
1.117217
2.497407
0.443992
1.597377
1.045754
2.327698
2.179774
2.262597
3.379909
1.245208
2.141063
2.092250
2.060587
0.980025
4.778222
0.899718
2.000000
2.807576
1.644477
2.829281
2.157344
0.326201
1.430901
1.425779
1.704890
2.125893
2.250684
1.812770
1.285006
2.000000
1.919671
5.063045
2.104167
0.800688
2.682699
0.337459
0.740624
1.092116
2.566537
3.564414
2.440582
0.842522
2.034901
2.822534
0.348241
2.193042
1.439436
1.218824
1.071952
1.414884
2.612702
3.179785
0.766701
2.767363
0.641068
3.797949
3.320178
2.116900
1.980669
0.727420
3.776049
3.631530
3.928595
1.048485
4.855453
0.345875
1.093910
1.620826
3.559816
1.134763
3.232170
2.083704
4.046430
1.508092
2.000000
5.201615
0.217707
2.861517
4.334761
1.664265
1.660125
2.263928
0.552887
1.360580
1.857144
0.267433
1.809538
1.693165
1.381682
0.436608
2.618937
1.634743
0.460240
2.705541
2.621412
2.801081
2.102519
1.502947
2.601617
2.530837
1.663662
2.585482
0.906684
1.792385
2.997867
2.328657
2.287102
3.531008
1.466390
1.698675
1.453989
3.662782
3.538735
0.936034
2.306113
2.704148
3.169613
2.370761
0.992568
1.061964
2.173139
2.735357
0.151587
1.909320
0.486051
2.039150
0.520421
0.626558
1.768872
2.088798
2.271761
2.066360
4.631637
1.332522
2.874868
1.423211
2.337041
2.903372
1.783555
3.875120
1.559602
5.295527
2.232030
1.976377
2.534604
3.176258
1.741275
6.560384
3.178482
2.224662
0.486553
3.089286
1.205828
0.650512
1.785188
3.461611
2.261951
3.371319
0.812629
0.773803
2.830739
2.937075
1.794302
1.298744
2.000000
0.509514
2.467874
1.717348
4.796147
1.550373
2.159582
3.056663
1.881895
1.481386
2.837901
0.850741
2.711725
3.653932
1.122823
3.498797
1.717204
1.949889
2.873126
2.015043
2.782958
0.837283
1.495290
3.274924
2.213793
1.810044
3.047413
0.713072
1.120126
1.207538
0.637661
3.299450
1.242809
4.040017
3.770019
4.516773
2.078580
0.942476
0.298985
1.653279
1.724154
1.925038
0.763282
1.969169
3.065345
1.225693
1.184912
1.970309
2.720395
2.805138
2.330223
3.098208
0.954759
1.628394
0.767120
2.282501
2.609267
1.326945
3.475600
1.158484
2.000000
1.457303
0.700720
0.621350
2.550064
2.000000
1.806978
0.989427
1.292094
1.745079
3.247188
0.851137
2.641355
1.480003
0.334067
1.225957
2.236693
1.636118
2.281386
1.336893
3.163303
1.303113
0.833665
1.422229
1.490708
2.795245
1.928029
4.521689
1.123807
3.592668
1.689273
1.525611
0.981683
2.110185
3.313071
5.212835
1.628150
1.476679
1.579469
2.618697
0.772292
1.874849
1.865549
3.409379
1.976651
3.494090
1.396243
4.162656
0.802936
4.862818
2.111778
0.945022
1.736731
1.959101
2.269101
2.033404
2.059062
2.072542
1.717220
3.022974
0.769184
2.084680
5.948289
0.677001
1.435007
2.741407
1.908033
2.366861
0.700570
3.475064
2.495332
2.979326
3.038125
2.417616
0.584364
3.035592
2.868260
1.557178
1.751924
2.428404
2.546864
0.775794
2.904055
0.999775
2.476208
2.974534
1.656997
1.634053
2.548081
3.741889
2.731329
1.528221
2.972631
2.646060
1.150374
0.384090
0.454991
4.214367
1.787610
2.616991
2.862360
1.528513
1.069653
2.995876
2.799215
2.261040
1.215677
3.198536
5.529021
0.766757
2.201376
2.182105
2.308757
0.989442
2.046398
2.545300
1.037301
0.481927
0.641441
1.326960
2.051335
1.358255
1.819723
5.343889
0.805393
1.974656
1.580819
2.119732
3.356823
2.000000
2.375310
3.579661
1.966876
2.582523
1.319897
1.386295
3.190866
1.900676
2.361152
0.139545
1.817145
4.502552
0.435643
2.229522
2.564113
1.788975
2.010779
3.258435
0.207872
2.597816
1.279117
1.599274
0.308443
0.461556
1.405065
0.825364
0.473749
2.783899
2.086440
2.305305
0.286591
2.866013
2.339273
0.631135
2.000000
1.934599
2.153267
2.480561
2.181271
0.971721
2.064807
1.918430
0.906990
2.518301
1.141566
1.902928
1.092961
1.860256
1.834809
0.911652
1.216931
1.622073
1.004671
1.754535
1.792383
2.612473
0.709466
0.754638
2.315166
2.000012
1.773448
1.293976
1.936907
1.774552
2.222691
3.385473
1.926339
1.956248
0.555248
2.897490
0.431541
1.209139
1.952294
0.777265
1.985763
0.602277
1.144992
1.040180
0.920045
2.922086
2.573126
0.740240
5.001524
2.026900
2.285556
2.975847
2.088370
1.201911
0.745229
2.915904
0.480657
2.861673
5.384040
1.292555
1.496666
3.040863
2.195413
2.132206
2.126283
2.316999
3.912622
1.419761
1.141271
2.355340
2.101069
2.036950
2.091696
1.786129
2.041305
3.430702
2.057645
2.258180
0.998152
2.000000
2.348424
1.424371
0.723038
1.869747
4.281357
1.317834
1.397084
1.946070
0.936989
1.649988
2.962908
2.000000
0.850522
1.519423
1.150983
1.689182
1.166365
0.890836
1.037642
1.193081
0.840509
3.126956
2.517249
2.487753
4.443622
1.298343
0.977749
4.422961
2.571866
2.913867
1.149813
1.442725
0.247320
1.991203
0.954357
1.245682
3.312566
0.407061
5.112519
2.789432
4.279654
0.761794
0.519752
2.283819
1.704645
2.480294
3.843568
1.080793
1.740809
1.621596
0.635460
1.263122
2.025700
1.580851
0.777039
1.496855
2.577888
1.266520
3.441489
4.943184
2.662256
1.467367
2.081399
1.370285
1.229700
0.961477
2.358540
1.684829
2.449516
0.831854
4.501381
2.213526
1.779137
2.916739
2.169301
0.732177
3.072315
1.670527
2.464206
2.371831
2.003411
2.478085
1.947876
1.967861
0.843169
1.719181
3.542657
2.576856
3.006734
2.270037
3.985233
3.029263
2.502939
0.720301
1.159712
3.032935
1.031692
3.252077
0.425079
2.101073
1.223570
1.796101
1.115650
2.450140
1.324607
2.316398
2.131292
1.385551
2.644341
3.116333
2.948245
1.013905
2.632133
0.735597
1.484610
6.532531
0.504239
2.066720
4.187187
1.073652
2.333573
1.236133
1.527519
0.971371
2.517655
1.937745
2.935259
0.893656
1.274262
3.287097
2.570789
1.326757
1.212112
0.920772
0.704438
1.645505
1.010113
0.435780
0.600953
1.779377
1.963842
2.845140
1.304431
2.430316
1.252159
2.982396
1.577112
1.684544
5.860059
1.016839
2.753518
1.688509
1.949377
0.677790
0.921367
3.564117
1.855520
2.415338
0.244556
1.330122
2.065604
3.362094
1.555273
1.973614
0.737753
3.891611
0.777400
1.011815
0.987913
1.393021
1.782882
1.143557
1.725981
0.209383
0.552643
3.451178
1.589945
4.580788
0.365543
3.244478
2.801791
1.921772
1.355823
1.635181
1.154448
0.316513
1.672686
5.189870
3.383063
1.957401
1.800467
1.708686
1.687438
3.869177
0.486767
0.512465
2.000000
1.950966
2.874664
2.873224
3.753660
3.696913
1.299389
0.809923
5.323307
2.631395
1.696066
2.938688
3.655419
3.541183
4.541776
1.681429
2.673964
2.003642
1.331502
0.216249
3.204990
1.094637
1.397898
0.493013
0.344702
0.966101
3.996771
1.999943
1.503428
2.371202
2.483490
5.640466
1.571667
0.484950
0.806401
0.557141
0.449567
1.806660
2.277151
0.806409
3.240817
3.646998
0.911559
3.126961
2.096464
0.550658
3.045159
1.499885
6.154150
1.870295
1.312317
3.133797
0.521948
6.147797
1.518306
2.033577
1.877842
1.132398
2.007923
2.927600
2.593353
3.848945
1.112823
0.405798
1.202952
1.304564
1.969432
1.092437
3.307184
1.981480
1.211348
1.716904
1.600538
2.714843
2.472284
1.622589
2.000000
0.845382
6.576679
3.633181
4.125872
1.332170
2.024700
4.250363
3.308465
1.806144
0.219757
0.386626
2.947562
1.404066
0.259186
1.284604
0.960591
1.241576
1.435691
1.478047
1.594537
3.387421
2.333873
2.232934
0.796646
3.356828
3.115969
2.165538
3.990312
2.959871
0.809779
3.316493
1.901515
0.356173
1.667743
1.259854
2.117171
2.481503
3.475415
1.741396
2.307929
1.013694
0.808353
2.080508
4.033242
1.249035
1.640125
3.291369
1.588101
2.165390
5.422288
2.313099
2.441147
0.258081
0.515587
0.402063
2.941922
1.355770
0.437063
2.625874
0.981632
2.603454
2.259175
2.215957
1.582405
2.529631
0.775800
0.934725
1.164017
0.968983
0.499905
3.459479
2.215239
1.064197
0.719043
2.175440
3.033363
2.861711
1.643409
2.000000
0.908357
2.556595
1.864153
2.679893
1.923677
1.429062
1.783250
0.551837
0.546096
2.195163
0.462400
1.441709
0.998270
3.974992
2.987101
3.327685
4.430357
3.199827
1.261317
3.307819
2.388237
0.870595
1.672293
0.434754
1.717317
0.817928
2.575492
0.751071
2.760403
2.640617
1.171421
1.620539
4.914996
0.426526
2.581926
0.265464
1.265089
1.710862
1.980384
2.203585
1.905929
0.814037
2.051641
3.224574
3.221529
2.623420
1.237120
2.222600
2.282399
2.481206
3.567680
1.900746
4.136745
2.140023
1.036571
2.381890
3.457379
1.407849
2.338332
1.545375
0.579254
1.695896
2.036471
3.144092
1.206908
3.209366
1.920872
3.181860
0.918113
1.618485
4.223921
2.414734
2.101329
4.818521
0.944867
3.631615
2.096636
0.193050
2.144361
1.935267
0.885447
3.159939
2.039951
1.563160
1.631879
0.503832
0.836195
0.188201
1.027841
0.748894
2.722181
0.156722
2.855379
2.602067
2.579616
0.588069
1.519828
5.682623
2.388622
1.094766
1.182649
1.859264
2.164639
0.440151
2.000000
2.043612
1.410663
3.127635
1.989513
3.262769
0.790934
2.991345
3.352640
1.640497
3.890380
0.889342
1.290458
0.515829
1.725064
1.542779
3.154503
3.480510
1.707295
0.194187
1.267697
0.758128
1.558526
4.070468
1.792125
1.134012
2.879832
1.801341
2.000000
1.070815
1.533305
1.081325
1.739996
0.808021
0.682203
0.750122
2.371670
1.539668
3.786360
1.740705
1.831608
0.785527
1.965657
2.894636
1.680873
2.348961
0.767897
1.359024
2.960150
0.879674
3.220912
2.718040
0.535292
1.751263
1.454747
1.354321
1.381382
1.776631
2.457155
1.461071
2.128487
1.391176
0.843331
1.046413
1.847197
1.141887
2.103774
1.519558
0.553199
1.753473
1.134782
0.708040
1.164697
1.490170
1.873840
1.700441
0.550918
0.938772
2.460086
1.275649
2.086632
2.253823
1.833435
0.612688
4.094800
5.483589
0.397667
0.775622
1.251399
2.208337
2.506724
0.884283
2.112137
4.922844
2.292071
3.577567
2.579831
1.622096
0.901258
1.548260
2.090541
0.866219
1.380486
1.994843
1.411323
1.394359
1.736030
2.760595
3.761492
2.421770
0.766951
1.095204
3.068279
1.820253
0.768151
4.180671
1.452263
2.769774
1.269959
1.274170
1.024826
1.655721
2.523037
0.696017
2.157986
2.887642
3.837183
1.103904
2.733876
2.357499
1.924593
1.787038
1.693385
2.025548
3.866901
2.239154
3.852911
0.436794
1.716285
1.358349
3.341425
1.662825
2.054574
1.540000
2.714058
3.495075
3.422033
5.722528
1.328657
2.049760
1.543701
2.684614
0.494492
1.829699
3.803176
4.331397
2.198891
0.634405
0.949101
1.209762
1.046237
1.330012
1.251621
4.471045
0.437527
2.518946
1.970985
4.920101
1.055561
0.406772
2.414563
2.545438
3.188297
1.835665
1.578598
2.017357
1.398239
1.731121
3.126727
0.497358
3.076599
1.471463
1.667459
0.807732
3.379122
2.534755
0.563024
1.926401
1.796719
3.113710
2.913626
3.091719
0.890895
1.294489
2.179330
0.984014
1.441139
1.756147
1.650524
2.908834
3.298251
2.888621
1.756622
2.759414
0.756859
1.509784
0.672696
3.431832
2.924081
3.132457
1.202513
1.837514
1.847381
0.734773
1.752501
3.310924
0.359588
2.494267
2.734783
2.331425
1.972730
2.436577
0.665191
2.551912
2.170577
2.185689
0.498531
2.113639
2.472831
0.750588
1.237182
1.420897
0.708910
1.241838
2.522526
1.321043
1.846158
1.402486
2.294076
0.727572
1.822303
1.594808
3.478342
2.035472
1.628306
1.708251
1.106101
1.608909
1.385358
1.034545
1.230888
1.266763
4.921802
1.455615
0.414109
1.645890
0.595066
3.220115
2.296019
3.274219
0.619981
0.929913
2.608563
1.141153
1.010442
2.096993
1.175516
2.444425
3.006893
0.710859
2.305478
0.964131
3.346967
1.960966
2.779947
5.327368
0.784676
1.426248
3.308098
4.205276
0.877673
2.107492
3.670413
2.086468
4.421624
1.641305
2.669480
1.161937
1.023891
3.719039
1.248449
2.648040
2.744320
2.019617
1.220010
1.585431
1.962588
1.348745
5.771579
1.284626
1.932098
2.289920
1.268942
3.922326
4.309948
0.168304
0.787328
2.958818
1.991578
1.673683
0.314841
5.705369
3.257718
0.726539
2.017404
1.984153
2.780542
1.267288
0.548803
2.144894
2.889171
3.683574
2.393459
1.923912
1.641275
2.368097
0.489845
2.035948
2.869949
0.994117
1.435059
2.282232
0.977243
2.945572
4.498034
2.625012
1.914038
0.191590
4.976021
0.511211
0.863697
4.586082
4.005527
2.464527
2.776437
2.536328
1.174916
1.876884
2.000000
5.518887
4.751613
2.613122
2.037116
1.459033
2.000000
0.827535
2.486611
2.754019
3.614650
3.156822
5.340324
3.091424
1.971111
1.488311
2.194395
2.385289
1.699610
1.978457
2.095920
7.668898
0.734493
1.508104
0.274441
2.815268
3.681278
1.874933
1.806347
0.218316
0.578801
1.895439
2.495819
0.964032
1.137837
4.061528
0.396050
0.385849
1.036054
1.542561
1.129986
0.621236
1.090457
0.909261
2.478089
2.000412
1.383232
1.801711
1.866210
2.343126
1.120350
0.729478
1.483353
2.224500
3.240686
1.531674
0.651713
2.824803
2.686300
2.921264
1.478667
0.859554
2.932421
2.285716
2.595194
1.935883
1.263560
2.592496
2.229099
1.283911
1.913416
1.544181
1.430228
1.121468
3.808456
1.713821
1.867765
2.641437
1.432848
0.671085
1.437503
2.963897
1.350734
1.872631
2.883026
1.467207
0.577400
2.776605
3.471391
1.776655
1.865219
0.469207
2.483313
1.520009
1.577749
2.301105
3.035415
1.676754
1.399243
0.311717
2.054941
2.860836
2.253909
3.280375
0.593708
2.508707
2.360906
1.105099
1.272710
1.022700
1.570943
3.018452
3.360472
0.856891
0.263678
1.401412
2.239403
1.223418
0.655250
1.225158
1.549785
2.079600
2.663101
1.576009
0.306203
1.659478
0.473817
1.391462
2.397013
2.704011
2.490429
2.399059
3.064050
2.692359
1.903474
2.325577
3.073847
4.702165
5.957067
2.683740
1.113378
1.959474
2.682053
0.483814
1.577266
0.670131
1.673381
1.285136
3.729605
3.601054
0.721247
1.822193
0.786528
2.138999
2.461843
2.000000
0.196975
0.704889
1.499658
0.386365
1.789729
3.434963
0.264459
1.660645
0.904949
3.745553
0.888749
0.798978
3.567649
2.843784
0.522947
3.287555
0.951460
2.821786
2.640171
0.305486
5.848418
1.433542
0.612471
1.434343
1.827441
2.375508
1.254053
1.688456
1.752997
2.231491
1.889979
4.490180
3.224806
0.460311
0.956297
1.383282
2.344122
2.052792
2.283553
0.627745
0.593618
1.658643
1.643205
4.749770
0.138291
2.009904
0.787761
1.941839
2.167583
1.185626
2.281188
1.204005
0.801632
1.480050
0.554839
5.469204
1.886844
2.797918
0.467960
2.176813
3.271502
3.265604
0.215329
3.454724
2.473686
1.479286
2.578555
2.000000
2.674398
0.861951
0.837631
2.430469
1.277408
0.171956
6.431650
1.027327
1.921648
0.276478
1.646275
3.311770
3.197089
3.031583
1.700020
0.766934
2.341781
0.625865
1.705456
4.273940
1.800418
2.777584
4.493547
0.901843
2.073646
2.360741
1.964006
0.441444
1.602742
1.570971
0.244603
0.143347
2.776299
1.560984
1.276582
1.363081
1.377582
2.142547
2.003551
1.354138
2.536360
1.982819
0.486884
1.453699
4.689105
1.748070
2.656171
0.972729
1.287417
3.635868
2.974738
1.083240
1.210382
2.834542
2.684815
2.349295
1.988212
1.856099
1.148807
1.136641
0.744748
2.286261
1.922138
4.758997
1.531753
1.080198
1.072452
1.477318
0.096121
0.591548
1.027021
0.794789
1.574161
0.399916
6.115876
1.484023
1.065086
3.837228
3.145561
1.047910
0.181028
2.928762
0.808354
1.362842
1.303480
1.317455
2.035283
3.741762
4.416152
0.198369
1.164184
2.831500
1.405101
1.578084
0.524083
1.127536
1.090133
0.408885
2.715966
0.584158
2.308970
0.932080
1.291488
3.293106
2.565327
1.795648
1.946955
2.250226
2.344125
3.224763
5.103853
1.949526
1.741592
3.172139
3.368887
1.751246
1.366106
3.061383
1.512168
1.282873
0.991351
2.488119
2.796151
0.717057
2.331913
1.762762
0.611290
1.954739
0.377305
2.047314
1.387811
1.165138
1.283343
1.844149
2.921870
3.683229
1.194943
0.751850
0.686844
0.790443
3.108123
2.056128
1.043700
2.279869
1.593400
3.406086
1.524261
0.663723
1.682931
0.990179
4.239949
6.811422
2.048349
3.425893
0.996471
2.122475
0.685655
2.887215
3.900661
2.014215
1.596589
2.916052
2.144223
2.399271
1.269553
0.358310
2.548912
1.665812
1.591504
0.784265
1.393215
2.826369
1.029826
0.903644
0.542631
1.387956
3.400312
2.641502
2.120416
2.000000
2.202211
1.751176
3.231682
4.745830
0.262392
2.439522
4.346034
2.692061
1.480458
2.107149
0.621131
3.830239
2.238179
2.877136
1.561625
1.937931
2.012022
7.542167
1.434348
1.901354
1.460844
0.741151
1.655540
1.503086
0.635393
1.404286
0.865182
2.158480
2.218276
3.506769
0.686725
2.681614
1.188243
1.485895
2.230404
0.261172
2.297875
1.989431
2.109836
0.660828
1.987430
1.782902
2.897759
2.010929
4.355951
2.687238
1.603588
1.842996
1.716319
0.479488
0.523752
0.576933
1.510630
1.167239
1.376636
3.514304
2.275550
3.031531
2.000000
1.300701
0.717635
2.384858
2.614539
2.162611
2.642582
2.423670
3.758351
1.641322
4.390121
1.141609
2.627595
2.095989
2.661617
1.715384
1.599853
0.985994
1.908531
1.664494
0.642140
2.581846
1.914122
0.632058
4.041395
3.014041
1.038817
1.257128
2.576244
0.190806
2.409744
1.941529
3.640404
0.543693
2.782978
3.115953
3.201378
1.291093
1.741231
1.834420
0.891925
4.947003
0.762566
0.991639
0.820347
1.193613
2.194719
1.485289
1.479517
1.253050
2.732328
1.467674
3.748495
0.852762
1.965313
1.657598
1.905758
1.981304
1.631901
0.802376
2.392478
0.837486
2.282766
3.169338
4.292230
5.159946
2.716249
3.360183
0.965990
1.638811
6.308853
1.542490
1.505984
1.869144
1.656992
1.107112
1.971534
2.314714
1.667438
3.002950
1.907848
2.405127
4.410447
2.573849
1.230236
2.332401
1.840744
1.766594
0.232320
0.940914
1.053401
0.321032
2.000000
0.703605
0.909399
1.198613
2.771042
2.552399
1.778136
1.421874
2.499023
2.011185
1.311931
2.977053
1.392570
0.590266
2.343763
0.388178
2.120602
4.629334
2.502683
0.379682
1.959776
0.596527
3.415073
1.842758
0.868239
0.795956
4.754120
1.637652
2.637120
0.872436
1.980570
3.231786
1.628589
2.062565
1.441373
4.671362
0.580298
2.596332
2.286836
1.852599
1.464255
1.626477
4.672993
1.949651
0.690288
4.125892
2.951118
1.539734
3.469702
0.745589
4.229848
1.724570
3.211554
6.642180
2.699765
1.541897
0.447652
2.418736
2.302920
0.527159
1.898636
0.494526
1.785255
3.719907
1.353843
3.229047
0.747579
3.467707
2.194983
1.193957
1.908848
1.099294
1.540126
1.312158
1.863731
0.425272
1.035828
2.146290
2.075490
1.749879
1.742119
2.337728
2.428107
1.077438
1.620655
1.616657
2.950797
1.444353
2.864451
2.567420
0.461878
2.102022
1.464228
2.116555
1.443645
2.373687
1.517353
7.336835
3.061251
3.540101
2.001379
1.852028
1.288842
1.569544
1.195612
0.861576
0.467765
1.502354
1.808675
2.029950
0.905840
0.547366
0.466014
3.147603
2.105377
0.488740
4.138849
2.385904
0.712643
5.768920
0.543406
2.068899
2.539601
1.450523
2.000000
4.536889
0.848881
1.453306
1.700319
0.465413
2.731321
2.017093
1.726295
2.529151
1.576920
0.137236
0.569234
2.074492
1.521341
1.199078
1.340975
2.427259
1.946583
1.444893
2.607174
1.824370
6.128581
2.088352
1.599085
1.946633
1.202260
1.821234
1.254968
0.556698
3.194573
0.812374
1.422062
1.228337
1.306467
0.936227
0.714488
2.667667
2.000000
1.616605
2.265258
1.719684
3.309722
2.493270
0.787402
2.806349
0.918421
1.385623
3.486829
1.722176
1.902434
0.894741
2.293197
2.790395
2.092630
1.082416
1.058152
0.894196
0.293890
2.994838
1.413726
1.850025
2.637995
2.188056
5.924790
3.059310
1.103790
2.105029
3.872589
1.142585
0.688882
1.258796
0.887795
0.535814
2.325011
1.348370
2.043817
1.258609
1.826283
5.757042
0.394667
3.121172
1.805298
1.658654
2.955903
1.965152
1.143735
0.672912
1.667061
2.587511
3.567101
1.857222
0.905375
0.728684
1.363708
2.000000
2.327677
2.565116
1.552449
2.922875
1.003724
1.000530
1.356577
0.323616
3.058259
2.257688
0.939694
0.990776
2.113236
0.290428
1.214677
1.083825
5.599253
3.240433
2.697417
2.130494
0.651693
2.232836
2.680164
0.749840
2.099385
2.347273
1.486160
1.931578
1.102242
0.754638
2.070668
1.493492
1.777665
2.262293
3.292000
0.923125
2.165116
4.672359
2.954134
1.678973
1.403520
2.640176
1.689671
1.305838
1.024958
0.450567
1.765436
1.744437
0.965204
1.278323
0.435508
2.364431
5.028767
1.424618
1.424389
1.909523
0.546508
0.694949
3.130903
1.382610
1.794105
0.618969
1.163840
0.435185
0.413201
2.061644
1.934662
2.670722
0.424813
2.041122
1.731502
4.799511
2.692406
3.610597
1.735425
2.797740
1.175239
2.975905
2.752508
0.580581
4.803948
3.861088
3.667743
1.985462
2.692502
2.761699
1.742984
0.260690
2.123363
4.392029
1.473803
1.972490
1.834900
1.745330
1.083438
1.261931
1.779644
0.667352
1.696708
3.412923
1.881448
1.769055
0.792316
2.251150
1.971857
1.838457
1.363690
1.012484
1.894167
2.112088
2.646686
1.419270
3.063571
0.873981
2.155971
2.575517
2.208929
4.367419
0.335057
1.954408
1.278231
1.221366
1.584151
1.624267
1.439492
4.268220
1.776162
2.816037
0.754698
1.072134
1.497992
2.213927
2.073290
1.673272
1.709156
2.137995
2.850942
1.696937
1.383308
3.505903
1.892451
3.544335
1.432919
0.636843
2.438097
0.675262
0.746086
0.603863
2.436736
3.621787
1.221227
2.150426
3.333630
1.780580
4.570080
1.141107
5.229637
0.440808
2.086753
1.290932
1.962725
2.721906
3.246065
3.679820
1.883286
0.827988
3.222593
0.416195
1.930202
2.081778
0.504673
2.970465
0.787675
1.407681
2.000000
3.364894
3.307534
1.873956
2.482197
3.447106
2.644406
1.591268
1.433585
1.688007
1.950795
4.040935
2.756339
2.197311
0.979744
2.563973
0.373372
3.077437
1.402380
0.497664
0.852002
1.661495
4.094203
3.350959
2.195331
0.837335
0.589559
3.239394
0.495349
2.167353
1.430500
1.829861
2.130837
2.062645
3.938710
0.424829
0.682751
1.601965
1.435760
2.034181
2.341740
2.209624
1.905710
3.071809
1.302243
1.612079
0.391419
2.162081
1.470557
1.899488
1.740411
0.676606
0.913602
1.136737
0.906143
2.144389
1.387669
2.105081
2.883915
2.579134
2.310733
2.890221
3.533578
0.948666
1.788067
0.309394
2.028850
2.762980
1.930283
1.506787
1.749069
0.685816
2.622935
1.483985
1.049534
0.806586
1.645180
5.792557
2.661983
0.774007
0.319213
4.344585
0.749425
1.182697
1.807036
2.747858
1.738822
2.201581
4.465549
3.350882
3.589907
1.619777
0.992510
2.236900
1.650840
2.705559
5.719299
2.299007
1.440297
1.220141
0.266576
0.501621
0.623641
2.114922
0.398459
1.706852
0.682004
1.063370
1.022114
3.364356
2.253008
2.376801
0.652696
2.005626
1.196185
1.901399
2.819156
2.086605
3.257956
3.169473
1.988847
0.910514
0.502806
3.723575
1.630175
1.734472
0.981780
2.293349
1.446156
2.098119
2.259914
1.007028
3.661437
1.504761
1.894476
1.998121
1.256965
3.785520
2.276173
3.224889
2.998521
0.894976
0.507546
1.394913
3.024871
3.169592
1.520782
0.622121
1.009768
3.745042
2.098896
2.865570
5.110806
0.302435
1.586256
1.037991
0.501949
1.710425
1.150397
3.116225
4.434388
0.301544
2.598809
0.684140
2.363949
2.725742
1.223601
0.884483
2.646138
0.969497
1.315632
1.820918
1.391612
1.274128
2.259339
1.758440
1.683900
1.888463
2.604495
1.893708
0.800403
1.626851
3.299151
3.210042
2.594278
0.464902
1.889194
2.092484
3.051716
5.031304
1.566077
1.668406
0.702679
5.341154
1.652282
1.434999
3.474465
1.753151
3.457165
0.758860
1.698968
2.038939
4.617615
2.643065
2.586895
1.644140
2.485910
0.670625
2.281867
0.461105
2.946381
7.759925
1.155050
1.939510
1.724034
3.498521
0.997609
0.213418
0.529987
0.961869
2.397781
1.802266
2.248481
2.143285
2.215924
1.625479
0.751878
0.489243
1.862441
2.479276
3.463006
1.478207
2.023602
3.972769
2.323175
1.949378
0.998784
0.510596
1.202455
0.241503
1.556731
1.590582
0.895975
1.895869
2.223322
3.024495
4.270192
1.328809
4.583910
2.733950
3.802479
2.115238
2.079647
1.571645
2.744744
1.805101
4.365210
1.762090
0.393906
0.479157
1.441809
0.210095
2.164953
4.915361
1.599331
0.741578
1.706610
2.616320
1.845724
2.322547
1.084860
0.725981
0.553665
2.561361
2.127384
3.169334
0.735071
2.256609
1.973220
2.056618
2.682825
2.000000
3.224573
2.205480
5.030017
2.466703
0.408928
1.108425
1.096015
2.059774
2.452386
0.966584
2.581805
4.842868
2.709863
3.130271
2.178077
4.807023
1.839068
2.273904
1.382656
2.257757
2.462972
1.070018
2.079038
1.512073
1.166880
4.787712
1.119251
2.192861
1.446278
4.347412
1.177811
2.013011
2.081086
4.309587
3.350474
2.313276
1.785807
1.016145
6.305499
0.214861
1.109155
3.538180
1.015215
1.847245
3.169960
2.160803
1.631294
0.266624
1.095690
3.932435
2.796303
2.105448
1.428098
2.007153
5.089879
2.996934
2.793620
1.672163
3.982057
2.314502
5.524827
1.010323
2.810333
1.981609
0.770375
2.000863
1.577855
2.125838
1.111710
3.810967
0.750101
1.515209
2.507516
1.128048
1.886997
0.390668
2.237621
1.982772
1.067063
2.561276
1.944009
1.025011
3.681610
1.875961
0.480256
1.824734
2.261492
3.200704
2.148683
1.507911
1.450845
1.357401
0.399106
1.782536
1.194590
0.601923
0.342209
1.088064
0.772241
3.181521
2.569174
2.917092
1.531584
1.778030
0.604388
0.644412
1.087449
2.526079
1.965843
2.998704
0.427964
0.688212
4.293721
4.018951
1.458271
2.936668
3.132210
0.926681
3.181597
0.430221
1.917691
1.741574
1.503922
1.367136
2.945855
2.284626
1.085745
1.939025
0.565896
3.053885
4.124330
3.158724
0.954212
1.440713
4.485829
1.654873
2.922760
1.585009
1.622573
1.942111
0.555101
1.384900
3.967541
2.836319
2.386793
3.997885
2.333936
1.089295
3.049281
0.808831
1.643101
0.544909
3.107263
0.692922
2.905908
3.741019
1.428511
2.417046
0.476238
3.007961
2.877433
2.715403
2.744445
1.814786
3.567579
2.641254
2.225861
2.393798
1.023574
3.053885
2.459053
0.567417
1.660318
1.963987
2.809768
4.015481
2.038155
2.803107
1.250157
0.387670
6.345217
2.543770
1.564320
1.364438
1.626234
2.160884
1.673623
0.844371
2.500630
2.580012
2.868442
2.566416
1.806021
2.531934
2.565291
1.712550
2.246533
2.301706
2.001825
2.849148
3.531156
1.995083
1.341890
1.568291
1.052765
2.602184
1.569739
1.162747
1.867523
2.000000
1.964153
2.083332
0.258519
1.221586
1.809012
2.433184
0.305152
2.702383
2.914830
1.986146
2.107430
1.621646
1.842507
0.301713
0.804040
1.502742
1.415583
2.223096
0.609886
1.998791
1.545353
1.680724
0.324708
2.000000
3.065641
3.087389
2.048778
1.755316
1.652527
0.113585
0.942225
2.203344
3.109915
1.201894
0.598964
2.657939
1.805972
2.616498
1.924268
0.627609
0.756106
1.305845
2.167730
3.391210
0.337832
1.982346
0.949084
1.563220
0.839621
0.465876
0.917898
2.945660
1.864794
2.656115
1.918664
2.001348
2.432029
2.296191
4.588811
1.961752
1.808679
4.092721
1.531589
0.573988
1.287769
1.413543
0.629546
1.160944
2.526091
3.159572
1.755844
2.478566
2.912606
2.423574
2.078160
1.886158
1.783229
2.107120
3.661514
1.428488
0.616765
1.637666
2.353343
2.125022
0.585937
4.137794
4.202359
1.889025
1.829037
3.402838
1.926896
1.773512
0.874650
1.334809
2.566418
5.696546
1.690260
2.047111
3.186140
3.004002
1.999046
2.699894
4.783920
3.048051
1.692777
0.719547
0.384282
2.778308
1.062003
2.220870
2.539157
1.847055
0.124231
1.602560
1.983020
2.580128
2.615297
4.716376
2.831276
2.115134
2.031708
3.274687
0.890788
0.857571
1.769260
3.264709
1.568064
4.516142
2.569861
1.667275
1.353984
0.465132
1.834294
0.344744
0.279893
3.367696
1.032399
3.237410
1.496690
0.941121
2.424095
0.362664
1.814954
1.761010
2.949768
0.347482
0.787426
1.040659
2.420763
2.958455
3.036235
1.899228
2.000000
3.281779
0.659520
4.104096
5.139591
2.405164
2.661127
2.471590
3.402676
2.981608
1.811401
3.721772
2.954572
7.064877
0.852072
4.466291
3.816812
1.815251
2.364082
1.073749
3.882863
3.063879
1.971002
1.412531
1.337209
2.791572
0.687204
0.711181
2.045364
2.538573
3.249404
2.891830
1.600065
2.774773
1.638796
0.727178
3.139253
4.036256
0.801546
1.330604
2.830747
5.753222
1.877706
0.588935
1.226777
1.684751
1.654140
2.014791
1.906077
2.852016
1.445133
4.686355
1.889569
0.505598
1.936890
0.913970
3.919698
1.708220
1.373962
1.793870
1.579715
0.457642
3.273495
2.183998
2.855175
1.680182
0.820525
0.610937
2.747059
2.710556
1.879673
1.761324
0.184973
1.360208
1.541914
4.572590
1.800518
0.294071
1.654892
0.626533
1.432371
1.168650
1.794758
2.613859
0.155220
3.141340
3.002856
1.904840
1.353538
2.070577
2.824160
1.683807
5.371388
2.000000
2.966991
1.529662
3.150956
4.083814
0.381013
1.363375
2.031757
2.462190
2.607158
3.990386
1.353799
1.818373
2.210160
2.355496
4.956420
1.124658
2.088207
2.310135
1.669622
1.371517
2.266733
2.343818
0.915541
4.342316
3.772389
1.243232
0.917189
0.253624
2.020427
2.840318
0.841872
2.298201
3.231876
1.220597
3.719188
0.961451
1.809290
2.039197
1.615758
0.762246
1.134340
2.129766
2.672568
3.292381
1.639543
1.173055
0.617738
1.279515
1.154658
1.590316
1.483317
1.193981
2.541827
1.381881
2.528118
1.991069
5.950133
0.641826
2.210224
1.502555
1.664070
1.780380
2.355708
3.977651
1.599837
1.947785
4.363985
1.511119
1.336222
0.243537
0.997843
3.352601
1.232641
1.464362
2.404989
0.896678
3.235459
6.049667
1.885876
0.668194
2.213649
2.765835
1.716843
1.965244
2.000000
0.829969
2.730053
0.534006
2.094391
2.811415
0.570861
1.756346
2.073736
1.607038
1.200698
2.811225
1.374515
1.603878
1.656648
0.991594
2.306028
3.888626
2.168419
1.957559
0.419623
4.850230
2.765431
1.109031
0.568535
1.309557
2.371676
5.539523
1.852045
2.893484
2.817868
5.474644
0.512428
2.437876
1.267873
1.767684
2.725652
0.425160
1.309445
3.070448
1.239887
0.443924
2.000000
1.309396
1.048183
0.608611
3.472058
3.877847
1.640517
1.254451
2.335412
3.037123
3.451766
0.557178
2.219967
0.508875
1.793715
3.233703
1.484669
2.924366
4.824314
0.582498
5.497836
2.105567
0.726337
1.425390
0.777915
3.228933
1.998652
1.505198
2.880357
1.069824
1.190869
1.856558
0.270113
0.350591
2.093564
1.432269
1.449188
3.047191
1.073022
1.747408
0.298865
3.085769
2.079543
2.454561
0.327601
0.793101
2.914692
1.059154
0.112556
2.287920
0.850279
2.000000
0.667830
0.838846
1.715300
0.845526
4.107113
0.993473
1.606715
2.757942
3.633411
0.983855
0.400808
0.991109
1.332822
2.614966
2.172837
4.156791
1.242337
1.664222
1.303410
0.831835
2.627490
1.228688
2.082146
3.207976
1.542531
2.708767
0.489750
1.067077
2.008524
0.499963
0.726441
0.759439
2.483074
2.867036
3.112325
1.758924
1.827756
2.055298
0.773986
3.836669
1.799950
1.403293
2.097318
1.284145
2.640843
1.589780
1.979157
2.132919
1.177818
0.712358
3.520896
1.727528
1.982962
1.555632
1.461869
1.439809
1.227922
1.777545
1.920548
1.780516
4.011264
0.642766
0.648657
2.572906
3.036064
2.398399
3.664626
0.417684
3.421637
2.233419
2.205789
1.653786
1.498432
2.000000
1.581385
1.886676
0.602998
2.310584
0.443085
2.260861
0.520105
0.946297
2.398827
4.445888
2.322336
1.686731
1.777343
1.000772
1.646227
1.808320
2.716307
0.637943
1.472275
2.179565
2.757915
1.036311
2.253935
3.786012
2.083232
0.337438
1.924313
4.139642
1.186378
1.820748
3.547834
1.786763
1.895327
2.430144
1.737527
2.099175
3.160184
2.085028
2.923316
1.959443
2.321284
1.202298
2.503190
0.762768
4.210798
3.818723
0.572929
4.238522
1.964074
1.203271
1.536992
0.575734
0.768941
2.517182
1.151967
0.605725
2.046102
0.715555
1.792512
2.833094
1.527216
0.536866
1.367787
0.861927
2.612985
2.654474
1.367006
1.221446
3.164116
0.765743
1.365820
2.008406
2.533104
2.080514
1.304238
1.284522
2.700189
1.232428
3.919755
3.207896
2.031340
0.617329
0.694506
2.772346
0.591557
1.950562
2.228734
2.007807
2.430990
2.070713
1.677390
0.747085
1.667741
2.000000
2.502134
4.544732
7.774457
1.781367
1.490563
3.471434
1.985835
2.366887
2.050932
2.075103
3.174173
3.718736
0.641020
3.556280
3.643040
2.771830
1.638774
0.937102
1.590196
2.362339
2.844401
2.763143
1.962741
2.579522
0.774790
2.606506
2.066303
0.197692
0.971787
1.978567
1.685814
1.477795
0.613979
0.757552
2.055827
0.670668
2.183602
0.890473
2.476177
2.847482
0.217906
1.892972
2.121875
0.460884
2.697541
2.385377
1.965729
3.816972
1.215494
4.236279
2.070586
3.038039
1.346970
1.945926
0.656738
1.088524
3.055221
2.783630
1.864351
1.612794
0.851346
1.996377
3.050469
1.929719
0.852512
1.700118
5.027133
1.303290
1.411141
2.843639
2.000000
2.484071
1.965789
2.255365
2.061972
2.154022
0.589571
0.983570
2.991442
0.745862
2.479430
3.563874
0.773057
4.204090
3.632461
1.477568
3.520401
1.783132
1.688870
2.360243
2.451072
2.479748
0.744228
1.604780
3.325315
2.193763
0.443638
2.243114
1.566448
3.022357
1.379542
1.089654
1.307667
1.525265
1.320714
0.418075
3.134503
0.508243
0.198348
2.000000
1.674989
1.403182
1.109784
0.838361
1.664555
0.918696
1.531541
0.327808
2.616930
1.680141
1.986712
1.703415
2.457348
1.908827
0.499602
0.379102
1.830767
1.188667
1.225217
3.711127
2.163719
1.149184
1.117467
1.327052
2.440785
1.471442
1.955396
2.169235
1.667280
2.355390
1.837714
1.033065
3.571370
2.950587
1.255812
1.212000
1.629501
2.501317
1.957444
4.029166
3.064464
2.938827
1.731541
1.742330
0.657775
2.739816
3.137599
1.521531
2.875119
1.187021
2.577210
1.389977
2.034960
0.488571
2.034096
1.174559
0.678628
1.572514
0.506744
1.649490
1.402611
2.196721
3.851987
1.780141
1.378147
0.188871
1.808366
0.321207
0.842669
2.229816
6.121539
1.135299
1.779879
1.941184
0.829099
1.441179
2.589015
0.190639
3.049790
2.131422
2.466940
4.117668
1.738151
3.461558
0.687631
1.420830
2.741697
2.084164
3.309159
1.138777
1.923452
2.328124
1.316116
1.290846
4.651695
2.369029
0.447583
1.343195
2.314147
3.052590
3.752473
1.011864
2.868602
0.791936
1.093300
1.366047
1.253336
2.389759
0.904847
1.731296
1.930269
1.426148
2.765135
2.002428
1.726266
0.796573
1.844896
1.165099
2.707175
0.372602
1.163750
1.236243
0.902640
2.491541
1.702825
1.850393
1.516240
1.411955
1.442585
3.108895
2.161618
0.951085
1.858602
1.967206
1.973886
2.321611
1.997617
2.168345
1.375852
3.104002
2.771540
1.718232
1.689920
4.071264
3.280006
1.137837
0.919053
1.794515
3.233314
4.400521
0.969831
2.226623
1.472301
1.340750
3.030490
0.863637
2.929879
3.003381
2.385515
3.868429
0.481882
1.720404
1.006123
0.803867
1.127168
1.011459
2.169260
1.405280
1.572378
0.125133
2.369102
2.557354
0.653640
1.818169
1.011817
0.610696
1.624321
2.813999
2.097044
3.087499
1.953509
1.340899
2.283701
2.560514
0.457809
0.563170
2.025636
0.582705
0.885683
0.408718
4.774746
1.473272
1.429009
0.751958
3.179061
1.071570
2.704610
1.172782
1.948655
2.870577
2.276960
0.741351
0.355771
2.573633
1.047622
2.787955
1.408726
1.930557
0.219186
2.555234
4.637008
3.057815
3.468189
5.759495
1.581869
1.387833
5.991957
2.111625
2.614329
2.148210
1.133697
0.511352
3.651666
0.471983
2.453942
2.515152
0.632283
2.931076
0.577529
1.934855
7.062030
1.635171
4.055888
1.088567
0.965618
2.044069
2.204148
0.983291
1.684876
1.895179
1.094269
0.848195
1.684913
0.720037
2.550945
1.199802
0.972411
0.782552
3.635955
0.501278
0.259380
1.097795
0.334009
1.268833
3.571785
1.918400
0.604819
1.681494
1.792657
2.574430
1.923696
2.751719
3.207558
1.168168
2.118173
1.339353
0.650007
1.621771
1.209783
1.607975
2.061476
3.220376
3.061744
3.872887
0.591072
0.480823
0.934303
1.719981
0.507778
1.006796
0.259022
2.077954
0.609426
0.608360
1.591965
2.083109
3.884105
0.730743
1.381712
1.750285
1.695892
2.579383
3.283633
1.686300
1.592178
2.000000
2.535468
1.539993
0.297475
2.346740
1.728290
2.178137
1.463521
2.246994
1.742788
0.582209
5.187062
2.963629
2.046233
0.918849
0.345254
3.053484
1.406867
3.975228
2.866472
1.525541
4.875368
1.363385
3.293734
1.131680
0.559633
1.279511
0.547454
2.082307
0.964732
2.082197
1.842025
1.211331
2.834167
2.359663
3.008677
3.474029
2.370800
1.278148
1.171495
1.768168
3.172751
1.376016
2.100178
1.449698
0.306822
1.989954
0.319514
0.802110
0.401370
1.155942
0.611506
4.200781
2.414790
2.337210
2.882354
2.706092
2.560425
3.627743
2.298799
2.905118
1.660408
4.353891
3.434612
2.055964
0.633552
1.278632
1.103525
1.697559
2.323739
2.852189
4.540034
1.143309
3.819110
2.264109
2.622288
1.593568
1.103296
2.229465
2.257125
0.925323
1.756197
1.235071
2.414464
0.863700
4.281191
1.163383
4.301462
1.499257
2.203539
1.320981
3.374147
1.301840
2.800745
2.195500
1.086691
1.977053
4.639284
2.423386
1.682802
1.426738
0.595694
2.005427
1.469098
2.808880
2.395288
2.748342
2.659901
1.702959
1.742023
2.017570
0.500267
4.211342
0.619253
3.491853
4.679795
5.219333
2.116849
3.700687
1.999734
3.386076
0.262380
1.434977
2.297478
1.526806
3.746940
2.000000
1.811698
0.880327
1.988415
1.900144
2.437511
1.840865
0.328473
5.783332
0.289221
2.176236
1.630609
4.574283
2.394607
1.469143
2.379270
0.678300
1.863913
1.066817
1.470242
2.299842
2.981759
0.776688
1.037597
2.593330
2.438614
2.867538
2.916402
0.706013
1.424404
1.035257
2.723569
2.363307
1.653536
3.459503
3.365136
2.683698
0.300901
1.431865
1.167789
2.260647
2.561222
4.342111
2.702310
0.846702
0.796152
3.471447
3.666587
0.956651
1.623004
1.394479
2.689068
1.530907
0.404217
0.795175
1.633988
0.271279
0.790968
1.238699
1.219718
0.503996
1.542641
0.558880
3.367939
0.886285
0.632047
3.461272
2.043190
2.000000
1.547938
2.527905
2.167890
2.478904
0.999991
1.803249
0.934766
0.262446
2.148483
4.720761
1.456915
1.349735
1.657788
2.768234
1.810327
1.466313
2.169172
1.812399
1.376504
1.584889
0.569249
0.942899
2.125328
0.306554
2.540514
2.536161
2.872572
1.688290
2.662958
3.303877
0.560771
1.877645
2.820668
1.324069
4.377908
1.379055
1.604031
0.729802
0.738948
0.972743
1.902279
1.303203
4.451175
1.298900
1.510252
2.392723
3.115878
0.424581
2.901419
1.625745
0.892614
2.024173
1.823815
1.402981
2.403480
1.070164
2.542755
1.885900
3.155014
1.079953
2.450687
1.251832
1.499125
2.662916
0.541586
1.539166
1.655061
1.092535
2.228412
1.797622
1.423619
2.418145
0.284699
1.323432
2.055853
2.244035
0.901791
2.407506
1.986268
1.213287
1.000642
2.528694
1.246826
1.785051
1.427881
3.000190
1.359040
0.448010
1.993149
3.249431
5.282701
0.939284
2.286957
1.233374
4.014381
0.945641
2.410974
1.405184
2.673682
2.224292
3.098525
1.848300
1.157653
1.423287
2.854054
2.707831
3.458738
1.672961
5.915930
1.287926
1.946485
1.713317
1.314716
1.736085
0.215211
2.710956
3.529807
1.459296
1.834579
0.839946
2.047324
0.475703
2.121557
0.523489
2.276190
1.481966
6.061374
4.559195
3.403222
0.532251
0.323862
4.152730
0.906323
1.911260
2.395215
1.994529
0.543425
1.854914
0.219438
0.197423
1.738546
0.969616
3.400151
0.760813
4.037498
0.498832
0.601685
2.180929
2.013205
1.542695
0.716440
0.478519
1.637344
2.513755
1.066116
1.751520
5.296968
1.456389
3.197250
1.746579
1.149010
1.505900
2.000000
2.157421
0.550782
1.397187
3.923521
5.934533
0.429454
1.282959
2.058854
1.091658
0.690942
1.159995
0.907979
2.791554
2.762979
1.522524
2.467865
0.513844
2.330023
1.846356
1.741615
1.762426
2.469440
4.249564
2.713180
0.518103
2.093183
2.348941
1.670512
3.970971
1.862366
2.146542
1.297517
0.946490
0.634131
4.743848
0.127393
1.898008
2.028497
1.800034
4.164520
4.625765
2.325561
1.199201
2.036395
1.231421
2.039046
2.551408
3.014640
1.692341
2.720875
1.758816
2.013968
3.857621
0.874788
1.901492
3.146296
1.889830
2.233239
6.884134
6.955851
2.151240
1.956179
1.825651
1.199216
1.799508
2.252286
2.593661
1.619564
2.290355
3.513193
1.812228
1.923453
2.758674
3.661564
1.556552
2.381028
3.525244
0.340310
1.874121
3.373472
0.897251
3.342659
0.903260
2.034606
5.674350
0.427271
1.435296
0.490938
1.418888
2.475327
2.984903
1.824949
0.681091
0.719437
1.316883
4.041255
3.626809
1.759315
1.310954
1.314259
3.995252
2.800481
0.625210
1.922253
0.861105
2.579632
2.490822
1.740752
1.939121
1.117434
2.354904
0.607511
3.373970
2.609633
1.630633
1.128134
0.956784
2.246718
1.219031
4.647427
2.338538
2.691752
2.319293
2.123772
2.465119
1.631228
1.246124
0.813293
1.171686
0.420580
1.917176
3.939215
1.979388
4.693179
1.363338
2.352195
1.741928
1.932988
1.174153
2.847939
2.585940
1.804611
2.159788
2.333458
1.726468
2.704273
3.471364
0.432626
1.415887
2.383056
2.770940
0.522698
1.019740
1.136693
3.062556
1.785569
2.309263
2.649255
1.459899
1.754143
0.283490
0.494068
2.673176
4.573216
2.613045
1.097608
1.846956
1.257444
0.389723
1.211516
1.838774
1.222287
1.561458
2.173386
2.492167
0.261956
2.022267
0.413645
1.532507
2.100793
1.499506
3.407254
0.438597
2.801390
0.596361
2.181001
0.351315
2.638952
1.913862
3.233542
1.788963
2.618414
0.673165
0.348897
2.072988
1.998744
2.292651
2.320621
1.618864
1.356814
2.006882
2.832330
4.821262
2.524678
1.810481
5.392973
3.868860
2.473233
0.101769
2.160651
0.950371
0.330218
2.067060
2.051355
2.259517
0.847540
0.573994
1.298136
0.875205
2.308242
0.732706
0.363667
3.568155
3.843443
3.750386
1.620312
2.730982
3.399613
2.765225
1.539302
2.566097
1.091527
2.953357
2.235378
2.300518
0.501306
2.716558
1.071492
1.962252
2.000000
0.997657
5.929059
2.324022
1.824350
3.340435
1.540198
1.935170
2.082273
0.265170
3.714807
0.695422
3.161608
2.262793
1.535372
2.068328
1.644417
4.032677
0.679628
1.662061
2.291440
2.343847
2.308847
2.845195
2.821066
1.185145
1.164961
1.541167
0.718677
2.033075
0.388086
2.103650
1.613249
3.003497
0.872720
0.649529
0.749077
1.301355
0.840629
6.701297
0.319758
3.781941
1.701821
0.228745
1.461504
2.818908
1.254928
4.081143
0.868575
1.705765
4.956262
0.830140
2.335351
1.505193
4.026574
1.403673
0.852517
1.014475
1.919312
1.856780
0.375472
2.153661
0.988784
3.306168
2.020045
3.124602
1.000886
2.342143
2.095904
1.636140
2.294402
0.438637
0.961480
1.812946
2.443709
0.159238
1.284976
1.675194
1.228220
0.213727
1.608566
3.126768
0.391385
2.452443
0.676131
3.607794
0.270061
2.335187
1.294229
2.249301
1.733981
7.120948
2.508382
3.035871
1.924448
0.595636
1.861703
1.972738
2.699509
0.467107
0.894095
2.415252
1.829319
2.063282
0.967304
3.524908
0.306930
4.248557
1.734324
1.438654
1.814507
2.529553
1.828542
2.501514
1.861665
1.605746
0.047002
1.783458
0.406353
1.829167
2.139156
2.178345
4.913486
3.575717
3.913376
1.352461
1.953697
2.484778
0.513022
1.089332
3.551673
0.612489
3.601217
0.754930
2.298838
0.526791
2.986732
1.258273
1.868648
1.780805
1.365549
1.775595
5.293262
2.834346
3.091141
2.170294
2.506284
2.625751
2.747206
2.161000
0.994804
1.602064
2.616261
0.445624
1.684704
3.340842
4.340621
2.000000
2.876632
0.690968
1.506430
4.569192
1.980429
1.581624
1.618876
2.062672
2.327479
3.574494
2.089204
2.442540
2.725336
3.363466
4.411178
5.354089
2.444574
1.816720
0.890174
2.287350
2.887971
1.205678
2.307013
0.579764
2.670098
1.568355
2.000000
1.523287
2.459388
1.520936
3.376309
2.805900
1.424310
2.464227
5.006397
1.289272
0.545406
0.614602
1.821192
1.218231
1.653601
1.124058
2.405516
1.669900
2.216217
1.790377
1.598176
1.808302
1.301711
2.001908
1.718245
4.194735
1.545235
0.937789
2.739367
1.692981
4.247180
3.062930
2.449147
0.255546
0.198913
0.344539
1.455341
1.825151
3.447944
4.607572
3.143964
2.077222
2.394469
2.033233
3.016717
0.849862
0.435330
2.484032
2.162084
3.161943
3.329151
0.664724
4.172438
1.621852
1.008829
1.784817
2.166154
1.650391
1.990839
5.471974
0.311101
1.404155
1.839396
0.433971
2.284431
1.131437
4.226757
3.129711
4.885262
3.361623
2.000000
0.647037
2.398052
0.589466
1.630461
2.484451
4.890993
0.667741
2.403500
0.642325
3.231513
3.040421
0.773038
1.483669
1.768422
2.029686
2.757539
2.074890
0.702210
1.935634
1.203178
2.521134
1.213853
2.732907
2.232542
1.404428
1.835670
1.626565
2.821118
0.327318
5.371766
2.280613
1.304243
1.793176
0.612614
2.196841
2.618344
0.662822
1.714725
2.659447
1.683851
1.713739
0.748623
3.538690
3.739670
1.689945
3.331928
0.588947
2.337168
4.262038
0.603973
2.415628
1.910116
4.504111
2.357934
2.243222
2.643311
1.956070
2.474753
2.605875
2.413260
1.600191
2.436000
2.333057
3.004385
1.117115
0.675656
1.056829
1.598487
0.998445
1.999335
1.810642
1.012393
3.652427
3.149331
0.769316
0.463833
1.196504
2.453852
0.858666
1.847681
1.135943
1.742672
0.372113
0.541869
1.245577
1.455822
1.565060
2.815014
0.934199
2.094620
2.032110
2.969182
2.589925
0.513111
1.934269
1.169806
3.650607
2.606773
1.337316
2.264890
2.593994
3.587311
2.458867
2.611869
2.603319
3.182549
1.195533
0.909868
3.628407
0.958302
0.713001
0.992206
1.574673
1.552442
1.958941
1.920735
2.647739
2.302661
1.409209
1.855454
4.957632
3.913949
4.078964
1.264232
0.749643
1.257542
2.725950
1.855797
1.175731
0.332722
4.038412
0.392748
2.771877
1.808444
2.621168
0.763003
2.865220
1.565679
2.112440
2.322695
3.643418
1.883828
1.683873
3.692143
0.344013
1.012266
1.637608
0.457570
2.226028
2.082097
2.928459
1.238627
4.708107
2.572831
2.238506
2.554993
1.243613
2.369983
4.140745
2.083315
2.235466
1.742519
0.387590
2.573128
1.414538
0.556093
2.161533
0.218767
4.001973
2.366007
2.940413
2.991141
1.209736
2.426391
2.536877
1.472082
1.939821
2.215445
0.218637
2.645318
0.853226
0.536340
0.343780
3.194633
1.015163
2.085207
1.519972
3.998571
0.847716
3.145129
1.714450
1.389931
3.054480
0.955321
0.437780
1.948381
3.073854
1.636224
1.352261
1.375892
2.773612
1.902193
3.553353
0.262499
4.143418
0.580532
0.720565
2.412035
1.292822
5.908542
1.431122
1.597470
3.056978
2.333674
1.932991
1.732126
1.965672
2.926825
0.443515
0.885888
3.058336
2.406431
3.111053
6.261562
1.702994
2.246222
3.356213
1.615028
1.621390
2.197455
1.790316
1.874525
2.573284
2.040050
2.580616
2.618385
3.321994
2.478967
4.421826
2.531422
3.258855
2.744028
2.861029
0.439273
1.827095
0.803047
2.713311
1.823528
2.215805
1.506093
2.000000
2.432980
1.292480
5.097610
0.336502
1.637652
0.438644
2.072924
1.426293
2.258490
1.148499
6.115545
2.650888
1.820854
0.770907
2.327426
1.283323
1.103427
4.047023
1.166919
2.668756
1.349124
0.738391
3.972691
0.376603
1.754482
3.136254
2.592293
1.653631
1.449646
4.868136
2.267442
0.960368
1.396620
1.021409
1.513749
3.218213
0.288135
2.739628
2.000000
0.638013
3.105312
2.000000
1.645781
2.065111
1.524838
2.000000
4.212739
0.761074
1.084440
1.467253
2.771409
2.649926
3.495918
0.996383
2.137599
2.669631
0.770413
1.880019
4.594148
1.852909
1.265191
2.000000
1.256355
1.963565
1.631798
1.234785
3.378352
1.032698
2.262863
3.359626
1.029271
0.544129
0.651420
3.007500
0.775605
0.787636
2.418985
2.451997
2.431284
1.745808
2.234143
1.011225
1.792888
3.125897
1.953710
0.654183
2.377364
2.612262
1.811466
0.883284
1.957202
0.919412
2.158838
1.876513
3.393560
2.701480
1.320323
1.652351
2.672081
1.982959
4.711843
1.737844
0.675298
1.176218
0.317286
2.437537
0.823104
1.507736
0.794025
3.338350
2.191708
3.685641
2.242746
1.343806
1.667351
2.013672
0.536183
3.570944
1.397396
1.159750
0.546334
2.937578
3.537199
0.563310
2.393807
1.261212
1.584675
1.295694
3.221968
2.195669
1.830868
2.772650
5.589827
2.547351
0.516620
1.649002
2.205292
2.304384
0.791662
1.755227
0.244081
1.333411
2.000000
1.637863
0.886491
2.000000
0.941489
2.392297
2.337194
3.464625
2.253188
2.364818
1.777353
1.736133
2.918402
1.723330
0.747896
2.574731
2.033168
4.085810
3.368792
1.758689
3.462351
1.256321
2.099057
0.779652
1.087616
0.781796
1.963317
1.404420
1.705416
1.443820
1.522214
3.610151
1.398119
2.682924
1.109417
0.473612
4.352486
2.081687
0.597157
1.510347
1.479353
1.621174
3.623550
2.061242
1.984691
0.795860
1.191818
1.147900
2.445357
2.179807
1.309922
4.862374
0.684901
2.092831
3.513005
1.018783
0.307892
1.748473
3.435458
0.413648
3.281429
2.773869
2.889281
0.593726
2.283144
1.356713
1.296468
0.276187
0.425030
0.978005
0.967382
0.232698
4.114545
2.952622
1.585035
1.738625
2.819734
1.069385
1.398748
2.482062
2.330527
3.453370
0.929468
1.665674
1.205201
1.483069
3.131131
0.452380
0.220733
1.522205
3.405343
2.756009
2.983312
1.108504
2.023369
1.774213
3.635693
1.960806
0.683855
1.113482
2.672396
2.142053
2.758857
0.368923
1.543988
4.167102
0.366547
1.348384
2.203689
3.432494
2.237961
2.036013
0.599552
1.041466
2.044152
1.687968
1.327374
2.134287
2.890145
2.196424
1.365794
1.407752
2.310927
2.517605
1.731083
0.639762
0.726017
0.573518
1.039695
1.232720
1.696405
0.435715
1.460927
2.546369
3.028374
0.493944
2.171300
3.793176
0.358958
1.825757
1.514224
1.732187
1.640601
2.813627
2.881008
2.112416
0.730381
1.452437
1.166047
1.460612
1.267314
4.082516
2.291528
1.792831
0.555984
1.267824
2.892292
1.937829
0.598943
1.055406
3.074978
4.248306
3.150807
0.656052
2.004871
5.686428
2.185766
2.190768
1.771176
3.437379
1.912893
1.791395
2.518559
1.564752
0.545829
1.090568
1.788782
1.795762
0.213087
3.154666
2.159799
1.946730
0.603307
1.033825
1.589523
4.453681
2.179196
3.617344
2.073644
0.161193
3.115905
0.989843
0.804932
1.460360
2.943884
0.596602
1.078514
0.399516
1.613016
1.460050
2.009884
1.435640
3.140665
1.246140
3.588329
2.751658
1.574210
4.462929
1.324949
3.077291
1.193216
2.903131
4.273648
3.068155
1.771965
0.821801
2.364771
1.081230
1.308482
3.771446
1.885918
1.837723
2.068329
3.067748
2.062135
1.906215
1.411885
0.755491
2.479294
2.583438
3.226748
1.977250
1.585281
2.186810
2.863047
1.835987
2.518934
3.854420
0.533548
2.352102
2.000000
1.805541
1.335040
2.044875
0.495681
1.260221
2.092361
3.203652
1.166241
1.338790
2.544826
2.452471
1.959730
1.306861
1.627743
1.717490
0.586557
4.115384
3.790175
2.592586
0.917912
1.810200
2.534302
3.532618
1.215669
3.642118
0.752526
2.670556
1.992561
1.792502
2.578377
2.190308
0.869706
3.842164
3.350327
1.936208
0.166548
2.427826
2.264678
0.887077
3.738810
0.740587
2.119100
0.884486
1.849463
1.225845
2.587934
2.587941
3.882928
1.981818
1.558605
2.349736
1.273507
2.123739
0.759505
1.761431
1.619731
1.524502
3.276891
1.570839
2.948822
1.731996
2.845374
1.327819
0.520005
1.981547
0.981249
0.646982
2.013374
4.377289
2.311438
0.502766
2.329850
2.474730
1.668213
1.937487
3.488477
3.043561
3.119539
4.619439
1.402933
3.498210
6.805254
0.514797
5.690169
2.304551
1.900134
0.521195
4.515418
3.435117
2.891954
1.358019
1.206459
3.825613
3.460540
2.642581
0.979590
3.146360
2.352063
1.690181
2.159556
1.599051
3.121088
3.641152
2.077089
1.196607
1.551498
2.158056
1.952870
1.056772
0.988071
0.871278
1.411765
1.412207
4.643134
1.799612
0.896764
2.209257
1.027365
1.440206
1.351740
1.286941
0.781410
1.342009
2.000000
2.429460
3.337970
1.709590
1.726431
2.129260
2.462026
1.929067
1.891227
0.322081
1.599091
3.431747
2.552630
1.947604
3.166284
0.951728
2.461403
2.322956
1.408417
2.161391
1.010087
1.766228
2.881134
1.322632
2.130331
0.615715
0.698388
2.570481
5.899997
1.132544
1.443885
2.503540
1.725541
1.249971
0.880840
4.531672
0.712319
2.758383
2.016037
1.666735
0.885704
4.327136
0.513631
2.599238
0.606224
3.269586
2.528795
1.492751
4.860166
0.730903
3.272434
3.041372
5.166259
1.201750
2.000000
2.451200
0.755895
1.743717
0.457425
0.967531
1.698680
1.339365
2.082850
1.704604
3.792820
1.345757
0.906452
1.742758
1.235157
3.557738
0.810757
0.942211
1.433782
1.218411
1.456816
1.502864
4.212085
2.442862
2.758384
1.715827
1.696672
1.742007
3.256085
1.242683
3.289626
1.296059
2.369713
3.148673
3.782940
6.649882
0.221428
2.880515
0.344065
2.950034
0.972751
2.200700
2.521341
2.145636
0.415961
3.158213
2.215039
4.023829
1.497704
1.058813
5.277770
1.613650
3.884271
3.048081
0.188233
2.208759
2.872622
1.058663
2.176697
0.875925
1.801216
1.733153
0.453347
3.221027
2.185733
1.240384
2.443011
1.056416
1.842626
1.897233
3.986709
3.879478
5.568293
2.343928
2.236490
1.531439
1.833938
1.032118
2.426828
1.653206
2.356823
5.475059
1.223783
1.516436
6.060219
2.530477
2.190285
0.696086
3.363439
2.482390
0.539172
2.186423
1.929405
2.518555
0.326503
4.424396
2.362209
2.562641
1.876344
0.567769
1.968168
2.578786
0.468145
0.893871
0.606575
1.797425
1.359869
0.346907
4.189976
0.896372
2.335924
2.703041
1.276219
3.817742
2.087233
0.348075
2.636217
1.800893
4.207219
0.700482
1.844206
1.970964
2.140337
0.464838
3.146769
2.416536
0.906006
2.581563
2.632245
4.861977
2.164298
1.432007
4.218641
2.898266
3.924452
2.214809
0.142002
1.779006
2.191975
1.592182
1.738629
0.676454
2.905002
1.650542
2.612988
0.685727
2.203924
1.858915
0.629623
2.962449
1.873677
0.059017
1.850525
0.705071
4.055411
0.645370
1.047954
1.837647
2.856556
3.092861
2.520365
1.310697
3.076482
1.177114
0.309536
6.674065
1.200711
0.249935
2.763108
1.908251
0.713436
2.306835
0.579421
2.546161
3.509401
0.732316
3.103914
0.830031
1.664999
1.079680
0.758209
0.541651
2.267634
5.013384
4.157694
0.559732
1.199460
1.477564
0.502148
2.494663
1.218348
2.299927
2.319578
1.534054
1.639143
1.305268
0.512261
1.254324
1.254702
1.836482
3.087250
1.219423
1.510978
3.419925
1.531197
0.885787
2.171916
2.972883
1.553971
1.202098
1.732891
0.328900
2.892866
2.492445
2.056141
6.486500
0.280178
0.883026
2.947489
3.530681
2.769139
0.364804
2.244686
2.320124
3.545026
1.481191
2.180070
0.794034
1.757609
2.000000
1.421553
0.620877
1.280993
2.042148
0.955807
1.307329
2.408452
1.641290
1.577802
1.901903
1.863309
7.206983
0.887996
1.579565
1.504544
1.071760
5.850670
1.628831
3.352586
1.563510
3.021306
2.433058
1.295984
1.329024
4.433434
1.582014
1.356645
1.019917
1.828417
2.000000
1.184151
2.619958
3.478421
2.268707
2.054435
0.560748
2.592162
3.032689
1.043853
2.277960
1.517801
2.391118
1.027611
2.641242
2.744742
1.170101
1.503464
1.891487
1.355211
4.072202
1.377733
1.704066
3.260853
3.477649
1.748216
2.772818
1.429697
1.393084
3.299877
0.577717
1.189198
2.125525
1.531847
1.654630
2.000000
0.550827
2.073720
0.870115
1.264620
2.572882
4.878978
1.754713
2.090842
0.369621
0.784457
2.113797
0.669209
0.488810
1.613482
5.072527
3.865608
1.861306
4.064159
1.341587
1.223535
1.421639
2.100403
2.784666
1.259763
1.084638
3.161568
1.188025
0.583263
1.101087
4.975370
2.158366
2.338522
0.499066
3.038095
1.678557
1.602614
1.347085
1.925858
1.232930
1.300959
1.996282
2.413465
2.411616
2.341423
0.412905
0.840105
0.311170
3.493328
3.719850
1.936937
2.595228
4.574625
2.978843
2.665504
1.719392
3.003654
0.434250
2.420109
2.077430
3.276286
1.783132
2.846290
2.410671
1.853949
4.334896
2.999677
1.628428
1.713631
1.417087
2.074673
2.431039
1.837689
4.632215
1.150393
2.467271
3.901299
1.701230
0.669874
1.582228
2.327564
2.073894
2.882020
1.541294
1.722802
1.516412
1.306170
4.374458
1.760743
1.554424
1.374411
3.129731
1.182452
1.991004
1.517084
1.761458
2.567409
2.070846
1.661100
2.848120
2.714379
0.478171
2.569694
2.238810
2.094113
2.955745
0.354574
0.286997
1.856500
0.522105
2.332413
2.854458
4.690213
3.046056
2.428705
1.632202
0.674370
1.522696
2.260130
2.448202
1.866257
2.304274
2.002460
0.463319
5.051219
3.435662
0.621965
1.977491
1.236934
2.233331
1.492573
1.946627
1.160577
0.910107
1.385370
0.888202
2.947977
0.941237
1.713097
0.601710
5.395186
2.368471
5.810043
1.663452
3.439066
2.114367
4.464200
2.350819
2.086173
2.693909
1.701283
1.298866
0.217126
2.852046
1.516729
2.128161
3.794242
2.209537
1.371092
0.468955
0.335138
0.121744
1.017833
1.407942
0.119307
0.248218
2.054336
2.485667
2.971593
1.637576
2.204280
3.029688
2.481724
5.838262
4.449000
1.976560
0.933175
1.886750
1.669547
0.785104
1.094711
0.456729
6.513862
2.425244
1.977780
2.211878
1.816820
1.564170
1.847259
1.771217
1.950132
1.101528
1.322550
4.129180
2.678456
3.382579
2.143492
2.272441
2.189884
1.606862
1.874215
2.123317
0.557599
1.851927
3.141453
1.163491
3.745995
0.389185
3.086013
1.465110
1.359267
1.961687
1.060849
1.398672
3.468630
0.548235
0.778936
2.697730
1.232201
2.035629
0.322394
0.682630
2.388332
2.616088
1.054728
0.562735
3.068066
1.711591
2.104541
2.667372
0.799337
0.475703
1.659127
1.135166
1.660273
0.551953
1.928298
2.588219
2.976574
2.383826
1.178403
1.927766
2.070476
2.381563
3.221323
1.976359
0.579409
1.091182
1.888676
0.499888
1.785974
3.438349
2.721303
1.785703
2.247040
0.778139
0.374693
2.471580
1.090580
3.550763
1.801627
1.567097
0.954078
0.913309
0.684105
2.671739
3.255190
2.045076
0.418639
2.267401
0.261526
1.077366
0.720331
2.771400
0.975048
2.000000
2.751509
0.693788
1.579765
0.129670
0.417136
3.758221
1.340083
4.236029
0.812520
2.260248
2.236664
0.551654
2.230240
1.390094
1.308632
1.546751
4.108157
2.170998
1.820279
1.790312
2.366405
1.366722
0.248168
3.366198
1.083441
0.747128
2.097919
1.980109
2.223928
1.946796
3.288074
4.119148
1.760584
1.529019
1.201945
3.438678
0.892419
1.035347
5.611787
0.542785
0.362853
1.137069
0.890913
0.311953
1.011444
1.535835
1.416205
2.055504
3.561854
2.098983
0.488025
1.958065
2.687132
1.511797
0.781578
2.562590
2.916952
3.162096
2.119864
1.220731
1.806928
2.911977
3.042513
2.154922
1.484584
0.409577
2.475752
4.508445
1.654096
0.533554
2.454137
2.140234
1.179256
2.007687
0.721178
1.707053
0.665215
4.154383
1.916984
2.517007
0.079571
2.460445
1.608581
1.327070
3.114113
2.748705
1.486142
4.923943
1.187625
2.982831
2.000300
3.741365
1.841524
1.465732
1.191636
2.617587
2.035090
1.425655
2.662168
1.491876
4.877855
1.593200
1.852493
0.564087
0.950260
1.944303
5.195192
0.866243
3.401601
1.403037
3.211090
1.768318
2.032290
3.953569
1.472661
1.061705
2.072247
1.816207
0.882302
1.795760
1.633196
1.104674
0.364747
1.214922
2.233081
3.508076
4.904902
0.728373
1.259982
2.236087
2.001140
1.806157
0.383488
0.769995
1.954006
1.623485
1.619157
1.685474
1.036808
1.516432
2.000000
0.871121
3.905467
2.249594
3.843548
3.099717
0.877804
2.415036
3.056062
1.937156
1.821624
0.278161
2.159817
1.504922
1.567173
0.885669
1.663597
0.839904
1.045696
0.562595
2.056256
1.810291
0.633208
2.313462
1.483013
4.228709
3.732725
2.510431
2.227982
2.152366
1.361828
1.551223
1.603968
0.915877
1.512650
1.632626
1.283262
0.686293
3.625710
2.590253
1.259228
1.089264
1.885206
1.913555
3.252034
3.334545
4.002723
2.398823
1.994757
1.638986
3.659834
1.753459
0.800333
1.307160
1.497710
0.658008
4.111463
3.226316
1.394093
2.721499
0.470353
1.882016
1.925482
1.754873
2.279315
0.842782
2.460133
1.960126
1.845707
2.907976
0.264718
2.376036
2.744698
0.997794
0.621665
3.828088
0.951351
1.633722
2.176339
0.965693
2.041954
2.106795
4.446182
0.439212
1.271254
0.972786
2.961859
1.115689
2.272060
0.740854
3.479226
2.922285
1.296007
1.407726
0.987613
1.135803
2.013765
1.788171
0.654180
0.663137
1.812975
1.121780
4.832340
1.478264
5.696085
2.466343
2.795273
1.277605
4.645391
3.689944
1.749994
4.012124
0.664519
1.305205
1.017194
2.136287
0.628145
1.801221
1.406423
1.446202
0.703733
2.887175
4.069243
2.428728
4.075214
1.153427
3.210462
0.539736
2.400453
0.993903
1.169910
3.403536
1.829656
2.799116
3.542838
2.560022
1.595154
1.172567
0.560165
2.586697
1.467692
5.396731
0.252566
2.230309
1.603435
1.919169
0.260999
1.146946
0.981559
2.354003
1.444314
2.680505
1.570616
1.935808
3.707064
2.238807
3.281872
3.905504
2.001268
1.471487
3.247748
3.641043
2.811953
1.685128
0.843904
4.053887
3.359085
2.891197
1.048543
0.633031
2.000000
2.862702
1.833777
1.912269
2.224001
4.118309
1.063673
1.742635
2.941633
0.940320
2.676542
0.589790
1.921416
0.832683
3.297883
0.497204
3.972610
1.387380
1.087723
2.006310
2.388572
2.456033
3.406717
1.140790
2.401092
1.105481
1.228029
4.451148
2.000000
2.055736
1.518513
4.276734
2.974988
0.158285
1.870393
3.107294
2.507246
3.845231
3.035108
3.680838
0.127841
0.849450
1.639999
2.483557
1.797500
1.049240
4.412771
5.398305
6.236901
2.000000
1.709843
1.808189
2.520227
1.551335
0.849431
1.714992
2.921842
2.752131
0.662336
0.367419
2.044127
1.592283
0.701302
0.711719
0.659032
2.196152
4.520864
1.780103
2.271538
1.732088
0.530455
1.068842
0.783709
2.782761
1.077790
0.649260
2.645048
2.755966
1.478475
0.710956
2.762444
1.284352
1.717390
1.382445
1.077950
2.286569
2.547233
3.916473
2.429568
4.006455
3.298011
1.606827
0.592305
4.033837
0.822184
1.081022
1.236847
3.417396
0.678572
0.716133
1.847088
1.799552
3.069323
1.653274
3.104318
2.101757
0.416087
3.308206
0.536612
2.309826
4.344813
5.670886
1.894306
1.117174
3.100939
1.273230
1.292270
2.066084
4.795494
0.849976
1.600033
4.595594
2.551453
3.196278
3.482685
2.198045
0.743368
1.211016
2.025027
4.548728
1.659513
3.010966
1.071891
1.118944
2.521053
1.697806
0.333753
2.723894
1.366318
2.411593
0.426967
1.979676
2.247288
1.885121
0.679271
1.818314
2.580271
0.493161
1.483739
2.657116
1.038372
0.709768
1.829980
1.938708
2.128122
0.498205
2.155598
1.986511
1.961319
0.770945
1.181291
1.733421
1.848570
1.759038
3.030784
1.494137
2.311296
0.395388
5.480464
1.921784
1.156123
1.971661
5.442980
0.417521
0.631896
1.853353
2.500902
2.203543
1.811022
2.476511
2.026166
0.912883
0.363288
1.707767
3.349107
1.602940
2.000000
1.899900
1.072646
2.594023
0.409732
2.413208
2.358477
0.561050
2.316681
1.541595
0.849115
1.441098
0.508262
1.247028
0.984249
1.715331
3.251000
1.252098
3.200763
0.486955
1.897598
1.011716
3.079609
0.620625
1.188751
1.989070
2.506929
2.545992
2.264043
1.653504
1.554033
2.363621
0.536113
1.591218
2.172538
2.700720
2.296711
1.774369
1.047125
2.050323
0.754834
2.181447
1.313110
1.740018
1.701589
0.993304
0.884072
1.804096
1.992968
1.000656
2.613881
0.697442
0.711737
3.432103
0.972501
2.141159
1.618845
0.313379
0.742937
4.157150
1.982258
2.497899
1.138525
1.204451
1.574986
1.806257
2.868676
1.452465
1.682678
1.437249
2.918503
4.524353
0.419715
1.513996
1.507329
3.060112
1.964050
3.894979
1.246863
2.522020
2.421319
2.987663
0.903051
3.800983
1.948465
1.599796
1.515222
1.075350
1.559013
0.176812
1.453604
6.566773
2.970924
0.639620
2.155087
1.225879
2.189110
1.574099
1.698334
3.785755
1.226825
1.076522
3.749190
1.727413
3.844225
0.740080
1.469716
1.889025
2.509327
2.182328
4.208468
1.725047
2.000000
1.923622
1.809508
1.780787
3.268157
0.527264
2.853391
0.607873
0.328548
1.722124
2.094102
1.437436
1.315675
2.138951
0.949459
5.051681
3.022601
2.335640
1.674415
2.082735
1.565456
1.251395
2.858126
2.800703
2.489621
2.231525
2.994525
1.837357
1.665151
0.855878
2.332134
3.980035
0.578529
2.841914
1.251082
1.389877
2.804209
1.302191
2.926792
2.304155
2.571721
1.245752
1.170299
0.199976
1.441672
2.000000
1.411068
3.359796
1.953139
2.752877
2.059129
2.222728
3.841273
2.739806
1.675853
1.394024
4.425107
1.454675
3.270395
2.017087
4.169606
2.264467
0.675115
0.482297
4.577416
2.239831
1.377704
0.581914
1.616855
1.473079
1.944437
0.569529
3.466215
3.472422
1.952823
1.393687
1.616631
1.197221
0.883468
2.640952
0.869518
0.778382
2.247827
0.586153
1.733806
0.297979
2.394146
1.707849
1.867899
0.921922
2.229843
0.412822
2.296637
1.451020
2.112989
1.317783
1.516613
0.073732
2.000000
2.262633
1.299551
6.335929
1.045611
3.730673
3.145897
1.979551
1.445101
2.628373
3.263281
1.325730
2.068741
1.589702
2.189918
3.685494
2.317122
2.215469
1.189593
2.330472
0.878969
2.026760
1.561926
1.444048
2.753306
3.706378
2.675829
2.915659
1.679327
1.298346
0.170700
0.369183
3.683404
1.878899
2.387274
1.360730
1.198338
3.570887
2.332656
0.411517
2.105013
0.653039
1.814491
2.190825
0.356381
2.515175
1.535946
2.109860
5.466575
1.831062
1.294860
1.329552
1.062299
0.649803
2.485705
2.118562
1.515625
5.312448
1.739914
2.376910
3.190380
1.877974
0.485921
2.096027
1.275551
1.895165
2.091125
0.592307
2.755315
3.534205
3.072509
2.328351
0.463926
2.219038
9.452818
3.718750
1.837281
5.354257
1.442430
2.483194
2.554963
4.078657
1.808128
0.396718
2.041904
2.733834
1.786394
2.936498
1.460890
2.852967
2.079756
1.587504
2.300322
1.561523
2.221255
2.071129
1.494506
2.312101
1.679189
4.003806
2.146713
1.426463
4.686491
3.017478
2.455317
0.433019
0.804895
2.108460
2.232221
1.505128
1.995376
0.876408
0.601020
2.652969
4.017918
1.465319
1.719745
3.844581
3.475904
1.481522
2.068199
0.627203
1.338608
3.472806
1.084624
1.679739
1.962192
1.333627
2.091072
1.616263
1.344398
2.096217
2.410138
3.237979
2.058336
1.680515
2.134937
1.868632
1.322935
1.110298
2.753822
1.773396
2.472663
0.947739
1.306584
1.989115
2.517182
1.575006
2.508362
4.984616
2.142080
2.296358
1.406732
1.102923
0.327275
1.401023
0.763235
1.743195
2.292185
2.325204
2.374542
1.086487
1.975965
1.587608
2.022475
0.654638
1.197103
2.321836
1.963783
1.000008
1.067177
2.103832
0.970636
1.904988
2.492770
0.469164
1.798718
1.218016
1.086924
0.207142
0.767953
0.465681
0.927483
1.897920
0.243424
1.624437
0.988021
1.718532
2.214502
3.143026
5.798634
2.484434
0.852318
2.008075
1.214616
1.304453
1.679623
2.466814
4.010836
1.444675
0.947825
1.265752
1.974094
4.600269
1.949656
3.501389
1.802930
1.786580
1.918005
1.805852
1.830832
0.454156
3.215466
6.673604
3.642566
1.934589
1.608917
1.031392
1.702804
1.389384
0.789387
1.583690
1.993851
0.807100
5.611856
2.637205
0.685935
0.640356
1.955199
2.534316
2.917249
2.073223
1.402860
1.957317
3.344130
1.238580
1.902810
1.900342
1.391498
1.819226
2.106554
3.378599
2.767732
2.253841
1.718720
2.065984
1.775050
1.674772
0.265696
2.845618
1.829445
2.479808
2.852301
1.487850
1.955181
3.442166
3.586176
3.032629
1.735796
2.250559
2.175355
2.620397
2.102570
0.584552
1.668518
0.670884
3.514167
4.383698
2.808828
1.865896
2.000000
2.000000
1.429895
1.525331
2.677097
3.970098
2.466977
2.848181
0.426153
1.921614
1.537025
2.508593
3.667731
0.592459
1.095780
3.642333
1.294322
1.593519
1.218501
1.356419
2.872617
1.089473
0.949212
0.433089
1.841223
3.703251
1.816212
1.836793
0.796456
3.021675
1.695061
1.386505
2.080804
2.073138
3.161140
4.694803
1.131708
3.105558
3.840282
1.828524
2.096812
2.299425
4.455762
3.053983
2.753217
2.136697
2.171355
3.536042
0.866547
3.721358
4.149241
1.484714
1.842949
3.541409
1.809345
1.890559
1.372734
2.706319
1.522463
0.475612
1.164065
1.700192
1.842708
2.341146
5.054681
1.786042
1.662141
2.072114
2.000000
1.828243
1.792597
0.947412
2.195969
2.934915
1.570874
3.574596
2.327311
1.246933
2.264931
1.623798
3.179664
0.732893
0.710704
2.267321
1.333376
0.992219
4.831151
2.490815
2.840618
1.291394
0.741479
1.749087
0.552846
2.049680
2.000000
0.682174
2.700961
3.388993
2.688855
2.510215
1.769603
1.776183
2.428505
1.970656
0.857614
2.105488
0.611865
2.211655
1.614973
2.982741
2.266138
1.330490
0.635314
1.116169
2.319289
1.550599
1.984820
0.722636
4.340065
1.848552
2.220799
3.103094
1.338557
1.239824
0.921793
1.876210
2.494222
5.549354
3.097448
1.864316
1.111533
1.855667
1.877374
0.076280
1.708333
1.302703
1.367785
1.969104
1.490834
1.571332
1.290201
5.880338
1.762786
1.589550
1.079373
1.694995
0.817662
1.404443
1.966140
2.846437
4.431371
1.282012
4.525603
0.666613
0.613775
3.679693
2.019500
4.613801
2.341732
0.172385
2.013450
3.785599
3.688996
3.449607
1.134664
1.384789
1.677346
2.124241
3.962914
1.506871
2.622355
1.127041
0.429030
3.111454
2.635236
1.463951
0.519265
1.994131
3.018936
2.330950
2.284211
0.882051
0.574373
2.058465
1.531994
0.728061
1.996703
2.593798
2.000000
2.175917
1.624457
3.956008
1.015527
2.458378
2.039002
1.545625
1.841962
3.140253
2.335742
1.961711
2.898168
0.602808
0.303500
1.092028
4.038375
1.085234
3.182799
1.910996
1.676729
3.808625
1.908746
1.758861
1.019874
5.010850
1.801685
2.791689
1.742561
0.925156
2.753050
1.407072
2.290497
0.671116
1.585363
1.404011
1.121187
1.766423
3.523146
3.183110
2.441901
4.545919
2.042522
2.124150
1.250010
1.990682
1.010234
2.270039
2.649457
1.933625
0.730866
1.201482
1.711386
2.151665
0.848733
1.088591
4.039291
0.414383
0.870285
1.046609
2.345745
4.150290
2.437387
1.388683
0.442675
1.571119
0.773186
1.057442
2.513142
4.463692
1.128770
0.490216
1.755272
2.963101
2.246927
2.184976
2.506609
1.953415
2.264881
2.283262
1.192146
1.697550
1.876882
1.646985
3.179399
1.118177
3.020055
1.439811
1.677590
4.271657
4.226579
1.876941
0.215378
2.549981
3.355046
0.616357
3.094240
0.522692
1.420736
2.488728
4.027966
1.522685
1.283155
0.585190
0.996011
1.390910
4.608823
2.107808
2.545745
0.168469
1.291914
3.385640
0.416961
0.963498
3.578195
1.642621
0.503898
0.288158
1.875651
1.683545
1.767047
2.237404
0.502706
1.950082
0.334441
0.842412
3.021788
0.262795
2.591086
1.734284
1.996332
1.822872
1.808012
1.148224
3.419883
3.805167
2.000000
2.392271
1.439170
3.298078
1.082678
0.801199
0.335823
0.771626
2.425405
1.251243
0.842171
4.038490
2.796178
2.185609
2.088640
0.999458
2.289653
1.939534
2.311176
1.091874
2.087445
2.930205
4.722759
3.168535
1.472887
2.544218
1.227267
1.483682
4.636901
2.146237
1.330368
2.353032
0.611559
1.056323
0.293042
1.733727
3.052373
2.179168
1.355162
2.845622
1.586466
1.534541
3.714560
1.865754
3.114904
1.580892
3.608033
1.832207
2.080056
2.203751
1.080653
2.166791
0.297347
1.192172
3.790486
1.722539
1.799301
2.350223
1.075362
2.016488
1.358283
2.090257
4.557302
0.519668
0.685085
2.056072
1.351039
2.925050
2.244425
1.702557
0.617036
2.661791
3.550138
1.528153
1.104749
2.266269
1.399886
1.103172
3.938302
0.463622
0.950375
3.678573
1.027919
5.398299
3.059024
2.715892
2.866461
0.074764
4.586998
1.539509
1.581180
0.205239
0.948388
6.280927
3.924048
2.212828
1.231269
2.709054
1.416782
1.885165
2.222541
0.432103
3.596070
2.342230
2.444779
1.025210
1.410035
2.350660
2.976428
0.480291
1.001286
0.985509
1.147729
1.973591
0.954766
0.673396
1.743982
3.579296
1.669102
0.976714
0.156506
1.417481
3.151945
2.573110
0.226440
3.377781
1.719803
2.999898
1.593937
0.877851
1.266916
2.825403
3.129411
1.645471
2.203798
4.302230
2.177643
2.399514
1.430849
2.645668
0.506619
1.587119
2.105722
1.196198
1.174237
2.314532
3.479627
1.989628
1.479339
2.144280
2.276438
6.040325
2.361104
2.245617
1.573114
1.576435
2.399181
1.788815
1.503395
2.727362
2.015090
2.000000
1.752999
1.160089
3.076414
1.210748
4.516437
2.870107
1.075842
1.459881
0.985622
1.234255
2.918712
3.610359
1.199143
1.234938
0.809400
1.886387
1.329818
1.522905
1.894834
0.928124
2.338055
2.053024
0.774140
2.181753
2.511884
1.335414
1.467984
3.052636
2.868540
0.968843
1.249590
3.905651
3.003564
1.120693
2.223089
3.236006
1.958163
0.440749
0.469482
1.352742
1.436842
2.371968
2.386373
2.211066
4.379709
0.905303
2.476194
0.491444
2.369113
1.650406
1.010459
1.992332
2.051967
1.144701
1.744753
2.521345
1.439443
1.437412
2.080651
2.448468
3.218374
1.861538
2.193966
2.583241
2.418596
1.001470
1.228299
1.478397
0.685648
2.832498
1.150319
2.015939
1.947024
3.458779
3.444705
1.798501
1.301493
2.089108
3.483501
1.476717
1.488214
0.598614
1.723131
2.198140
3.769305
0.847817
1.277569
0.824275
2.268342
1.802907
0.609664
1.884606
4.083463
1.546191
1.027020
0.423169
0.684244
3.506229
5.006568
3.114881
2.034761
3.336003
0.794699
1.443379
0.839634
1.651179
1.284473
2.748594
1.648440
3.767397
1.472781
1.815545
2.441646
2.536802
0.643010
1.015846
1.172696
1.826387
1.402044
3.730282
0.408893
2.850258
2.582430
1.325800
1.845888
3.247633
1.806035
1.681794
1.664764
2.582948
1.029189
1.444681
1.727946
3.496872
0.232603
1.786767
4.600020
5.333300
2.337747
1.188165
2.613218
1.654201
0.921192
0.583085
5.979192
3.083607
2.227821
2.098536
0.979934
2.066887
1.710802
2.177443
1.241569
0.258225
0.172238
1.552597
2.455462
3.485757
1.724442
3.617272
0.927192
1.737623
1.225591
1.691702
0.950380
1.758745
4.129256
2.903938
1.259989
1.780106
3.277524
3.664400
2.631277
2.163294
1.203170
2.137924
1.115028
2.919288
1.734350
1.733206
3.619659
2.926929
1.922882
1.500983
2.101269
1.642600
2.143981
1.845670
0.888552
2.072558
1.669486
1.324796
1.558127
1.185766
2.582904
1.287501
3.083325
3.228584
2.283540
1.621540
0.834870
0.639394
2.000000
0.421436
2.985590
1.622628
1.765754
1.434874
1.822752
2.136069
1.239133
1.792970
1.121594
1.205955
3.553350
0.713966
2.747893
3.629043
2.623381
1.959240
0.579558
1.162828
4.027553
2.239730
3.727899
0.976790
0.213948
0.607495
2.000000
1.861688
1.702315
2.194496
1.063524
0.329858
3.195720
0.677319
1.057749
1.907535
1.289470
0.926971
1.177354
2.319863
3.992975
1.608884
2.918982
1.497311
1.444661
2.185341
1.796243
1.567051
1.311408
0.788362
2.375259
1.936898
2.431708
6.351097
2.407907
0.719546
2.703524
1.374645
0.934121
0.810871
0.273117
2.697020
2.122001
0.608502
0.747750
0.807116
1.831684
0.871336
1.791866
0.913551
3.274415
1.960486
1.362953
1.996547
2.724267
1.414012
1.315441
1.130064
1.448576
1.888092
0.421852
3.825948
1.067603
1.968712
0.725891
1.648297
4.023436
2.174975
2.156358
0.587056
1.487444
0.373293
3.001413
4.315580
1.986795
2.407805
2.530997
3.603530
1.155516
3.030622
2.121115
1.142903
2.282611
2.833140
1.443580
0.925694
2.098301
6.333269
2.229506
2.373447
2.986424
1.373714
2.122418
2.483119
1.748085
2.597867
0.634998
0.728970
1.370136
2.329968
3.235121
1.133999
1.356088
2.334221
1.324053
0.771696
2.170593
0.954168
0.943979
0.991522
0.915986
5.969663
1.838084
1.252081
2.392537
1.690017
1.465736
0.856907
2.857358
0.655820
2.447552
0.825180
3.072652
6.114222
2.491746
3.609134
1.080569
4.659516
2.437699
2.756859
1.448806
2.045690
1.175268
2.824264
2.429180
2.617704
0.496051
1.892282
1.174908
1.997383
1.311147
1.816493
1.957146
1.969404
1.311608
4.723573
1.412422
1.703448
1.258846
1.239326
2.174587
1.708926
0.557417
2.367707
2.385798
0.546205
2.043705
2.162324
2.552778
4.278100
3.028363
1.794045
0.860617
1.121201
3.029789
0.656238
3.761820
2.160347
1.242971
3.230829
0.846281
2.826118
3.016357
0.241724
1.207642
2.581234
1.440973
4.517683
1.768536
1.692545
2.080637
2.239771
4.396319
2.291795
2.397604
2.497723
1.187285
1.584722
1.652032
1.418561
1.558383
1.789670
1.278683
1.926622
0.999235
0.702483
1.845623
1.247298
2.000000
2.037971
2.372184
3.157357
1.600662
1.658996
1.644652
2.243781
1.825488
2.688699
6.018713
0.333722
2.623389
1.723373
1.968087
2.058091
0.414516
1.687318
1.006782
1.600888
2.114345
0.797424
1.971496
2.030621
1.543538
0.810736
2.010011
1.296106
1.284382
1.275016
1.556610
1.699548
3.208858
3.683780
2.402311
3.337755
3.662087
1.906505
3.590738
2.030163
1.389243
3.106097
1.181337
1.222027
1.924201
1.825687
2.860306
2.222251
1.448745
1.667368
0.530076
1.207237
2.296342
0.506345
2.000000
0.993020
0.582507
4.184334
1.869149
1.923684
3.434235
1.348181
0.511166
4.873003
2.000000
1.413134
0.443385
2.847987
0.621103
0.738346
2.000000
2.944892
1.724230
0.747756
1.597119
1.247479
1.538387
1.037862
1.508613
1.727670
2.057743
2.681575
4.569940
2.333445
0.454481
1.285934
1.199698
1.526629
1.616294
3.589101
1.935524
2.034390
1.316855
2.606045
1.192301
2.500043
0.640978
1.883058
3.140366
1.835104
0.977433
1.321871
1.317764
2.000211
2.547254
1.302451
3.114746
0.606669
3.473958
3.649528
2.829460
3.465403
1.707864
0.999417
1.265034
2.508037
2.314205
1.989427
2.255793
2.882308
1.942397
3.364943
3.968323
3.278412
1.620381
1.946439
2.674460
1.517942
2.858784
5.430628
0.668589
5.589893
1.533626
2.502013
2.058442
1.566187
1.751907
1.822181
2.484179
3.114015
0.328923
2.623122
0.756615
2.954419
0.957283
1.800146
2.552506
4.249686
1.867122
0.525638
2.414422
2.537928
2.123322
2.381609
2.000000
2.735659
2.259524
0.309627
1.777119
1.590262
1.929632
2.066298
0.356788
1.456427
3.454945
1.467751
2.532391
2.468612
0.589147
3.928968
1.487104
1.126055
0.953988
1.690006
2.000000
0.676734
1.590286
1.431083
2.884950
1.923232
3.444669
1.544402
0.440364
2.411747
1.465522
3.385990
1.932406
1.089737
1.190748
3.763301
4.191009
2.310536
0.550061
2.287300
1.802099
2.627118
3.141168
0.723889
3.261900
3.198598
0.184268
0.508159
2.929078
1.607103
1.948441
3.052727
1.284930
2.684039
2.020262
2.484952
2.075648
0.466266
1.796635
1.079194
0.584256
0.556265
2.633299
2.022142
0.882065
4.240542
2.974361
1.568573
1.221617
1.774063
2.830220
1.595794
1.853872
0.238845
4.632475
1.449626
0.967531
1.300198
1.025732
1.341285
0.431495
0.349665
2.025980
3.166837
1.282107
1.556096
2.542340
3.830200
1.053737
1.721826
1.520409
2.007968
0.683076
0.637724
1.643559
5.757656
1.540814
1.484202
2.794225
0.637654
0.243327
5.523945
2.269064
1.282304
1.757749
4.033062
2.074212
1.459827
1.831632
4.904528
3.530945
0.228947
1.964952
3.140526
1.254485
7.826959
1.784678
3.572981
2.000000
1.015350
5.754749
1.968515
0.425476
2.731119
2.231430
1.416675
0.854097
1.358304
0.873630
1.156863
2.810713
0.750392
3.001932
1.409161
2.024378
0.472053
0.945063
4.124289
0.677264
1.968680
2.602647
1.276660
2.563115
3.028159
1.118187
0.835705
0.815316
0.973575
1.530146
2.617579
3.349070
1.320124
0.367637
1.316336
0.645999
3.901200
1.794208
1.755546
2.879374
0.635166
2.037466
0.527281
0.322877
0.504237
3.513865
2.197390
1.283068
4.577364
6.022854
2.081806
2.847104
1.461770
1.126069
1.376747
2.381822
1.830098
2.859432
2.056246
2.000000
1.626565
3.231082
0.904722
0.807562
0.735382
0.938997
1.591953
1.194032
1.383996
2.663335
1.638762
2.747727
2.072105
1.653252
1.203138
2.730024
0.447286
2.297673
0.185890
3.590189
0.829550
1.287017
3.331330
0.604868
1.109716
2.537574
2.742947
0.189677
4.555804
2.031301
3.359180
1.087900
1.433735
3.210072
2.710927
2.222509
5.222343
2.083130
1.195209
2.162107
1.396695
1.870001
2.188813
2.615491
1.933795
2.495649
2.253926
1.307520
3.432690
1.243925
2.658778
4.535160
2.384555
2.812236
1.373861
0.406987
0.823431
0.250564
0.916325
0.343073
1.550696
1.290049
1.593102
2.710924
5.735116
3.304840
0.949251
0.975763
1.220152
1.521570
1.953974
2.285805
1.745896
0.769502
2.765321
1.689058
3.073102
1.048499
1.612852
3.982680
2.394397
3.076876
6.054544
2.007174
1.784873
0.395786
2.983777
1.370908
2.283911
2.531619
1.466117
4.834404
1.629418
3.036486
1.902336
2.755120
1.947644
0.701138
0.761465
2.095796
3.096548
1.214005
0.923374
1.514011
1.398896
2.544766
0.806984
0.698718
0.422090
2.328867
2.644603
1.240860
2.122211
2.561014
1.012984
3.385865
3.249736
4.697899
1.501746
1.351690
4.862373
2.318655
0.626197
1.710620
1.344392
1.140797
3.593886
3.292251
2.361040
4.267358
2.259041
0.630134
2.392846
2.688574
1.952709
3.341651
2.064515
1.373117
6.605005
2.605790
0.607695
0.789911
1.352985
2.157569
2.332723
1.944726
2.384976
1.536264
2.851236
0.661429
1.513405
1.840181
2.083565
1.132011
2.359506
0.858872
3.382044
2.726721
0.201780
0.968081
1.181353
2.227524
2.706645
1.991715
2.010190
3.273759
0.941390
1.406709
4.343693
2.857313
1.311504
1.607056
3.269793
1.721246
2.630020
3.511318
1.511308
2.760998
3.645385
2.332004
2.308766
2.310103
1.828886
3.298819
0.602511
0.422032
2.782772
1.658576
2.803214
2.514923
0.325048
2.871829
1.684674
2.244299
1.580064
2.188749
2.038202
0.888259
3.328457
1.802520
1.761080
1.278013
0.398000
2.455769
1.614810
1.344302
1.474184
2.366072
4.245162
1.129108
0.893169
1.054478
3.617235
2.134631
1.300894
0.895319
2.280678
3.226993
0.577760
2.341468
2.426373
3.801484
2.321892
0.875315
3.376388
1.380912
1.697251
1.202101
1.995950
2.172117
1.501430
2.038341
3.222114
1.724719
0.972120
2.000000
2.711445
2.169563
2.836001
1.305086
3.066033
3.606909
1.930408
2.579292
2.505985
2.901167
2.391363
2.862196
0.755821
4.050323
2.239556
1.866567
1.985529
1.227522
2.169070
1.341104
1.358203
4.111825
2.194351
1.362971
1.883787
2.608189
3.248742
2.561132
2.604124
0.295628
1.406970
1.634169
2.185798
2.376159
2.824354
0.433643
5.037484
2.519873
1.686389
1.849970
3.703638
2.291239
0.315178
1.904760
1.402477
1.747551
1.365497
0.700588
0.679010
2.076305
3.071872
2.371682
1.319952
2.026367
3.491289
1.795611
1.787236
1.325084
0.746700
3.701675
2.117489
3.355196
2.503027
3.783235
0.455425
1.802499
2.317049
3.254368
2.214267
2.000000
1.264455
1.840027
3.869151
0.876784
3.899359
0.195251
3.581849
0.519491
2.938842
2.124852
0.441081
1.605747
1.343099
0.666155
1.610389
0.613875
2.544220
1.270758
2.365990
1.210569
0.308631
1.619233
1.850779
3.749928
2.509960
1.918185
3.297777
5.508150
3.401442
0.879178
2.590738
1.678248
1.296001
3.629085
4.436778
3.263167
1.562953
2.300336
1.913556
1.239847
2.176661
1.257228
1.303916
1.837370
4.544145
1.972399
0.394752
1.409817
0.419007
1.315486
0.344684
3.839796
3.597984
1.847005
0.887629
1.647155
1.361477
2.212403
2.468832
1.854132
0.613512
0.647088
2.923573
3.713514
2.473138
2.654161
1.385481
6.018088
2.353621
1.627500
1.923554
0.661927
1.987428
2.197278
2.693950
2.028302
1.286208
1.240699
1.036308
1.829455
2.005965
3.000828
1.847720
1.950495
2.531394
0.463498
2.152990
1.376289
0.629712
0.958448
2.772017
0.353426
0.326997
3.537487
2.686695
1.778370
3.036036
1.448272
2.034113
3.699703
2.069179
3.271213
1.628894
3.891436
0.263369
1.713321
1.618308
2.681412
2.722960
0.878740
2.940150
0.347206
2.709450
2.097961
3.120788
2.273898
1.239581
1.226204
1.523915
3.125862
1.528500
0.956544
3.024410
2.016033
1.293191
4.033867
2.485914
1.311229
1.728018
1.234864
1.175831
2.114334
2.000000
1.046360
4.103151
2.590299
1.748556
1.629064
2.369963
5.043083
2.295835
1.437549
1.937082
1.945124
0.403361
0.242756
0.894040
2.042019
1.977036
0.860950
2.249834
0.761030
1.140078
0.953059
1.955335
2.163428
0.853313
1.335690
0.332033
3.025673
1.690281
1.583832
1.760846
1.663779
0.736648
0.230923
2.880500
2.183443
2.594683
1.425496
2.211668
5.040517
3.717224
1.901773
2.285085
6.098412
1.864737
2.052526
4.427822
0.637571
0.805851
1.561882
0.940314
3.641233
0.417230
4.466012
1.955457
2.316443
0.588110
5.102602
2.035634
0.783256
0.600549
2.640931
3.852357
0.660739
1.841494
0.932182
1.848790
4.043080
2.226146
1.663989
2.006123
0.952916
0.948195
6.724037
0.976155
5.409512
0.767642
2.260058
0.404860
1.063563
2.854940
2.487528
2.942582
1.773699
2.402220
4.264248
1.842411
1.628120
0.391554
1.972627
1.857084
1.974111
1.981362
1.998087
1.706203
0.792104
0.288814
2.000000
1.981303
3.207656
1.873505
3.168690
0.708064
1.042994
3.075904
1.205109
1.460407
3.442866
1.264837
0.487750
1.908760
0.774041
0.762429
1.873512
0.973983
1.212464
1.488460
0.744270
2.187016
3.827273
2.214587
3.272698
2.497031
0.579429
0.515141
6.887311
2.551858
0.959909
3.186890
1.381150
2.049400
2.219732
2.127585
2.000000
1.552065
1.887124
4.859761
2.000000
1.559340
0.660147
1.425104
1.848199
2.896450
0.493065
3.493119
1.949365
1.761725
1.477979
1.371363
1.353617
1.040319
1.540598
3.863946
0.316140
1.839432
2.126478
2.627324
1.658641
0.987094
2.833575
3.986656
1.415878
3.661781
0.376374
3.275297
1.479094
2.051703
2.885579
2.732606
1.322716
0.152174
0.341452
2.806051
1.789448
3.156541
1.801974
0.112448
1.626667
1.694908
1.337764
0.905269
1.173202
2.360485
2.639945
1.397550
0.891223
1.312321
0.475044
3.369009
3.244085
1.963102
0.747095
1.884452
2.940983
1.867550
0.823138
1.281768
0.514980
1.958233
0.366002
1.343196
2.690791
0.857363
1.870509
2.356468
2.873337
1.610138
0.899319
1.325639
3.429263
2.633804
1.512098
2.079300
1.301883
2.277720
0.296527
2.379568
1.238101
1.939914
0.995630
1.953109
1.096494
1.693339
1.757635
2.089830
3.747128
1.928346
0.933412
0.703023
2.313998
3.385138
6.426521
1.789964
1.456355
1.862914
0.889867
3.313924
1.575974
1.136412
2.678500
2.162028
0.993780
1.148307
4.556131
1.004238
0.817734
2.098518
1.681699
3.390461
0.924192
1.935293
1.724642
1.828073
1.618305
1.579898
2.184593
2.054610
2.323875
2.228768
0.576031
1.408104
3.732643
3.219660
1.109041
0.501383
5.306611
3.960379
1.896093
5.439084
0.768071
3.530656
2.433295
2.382146
1.252704
0.919690
2.257767
2.019144
1.421558
1.340518
0.238167
2.931012
1.175238
1.782874
3.300784
1.361714
0.632352
1.680452
3.660834
0.551929
1.501454
1.102562
0.347553
2.156296
1.700726
0.484058
2.813959
1.736070
1.628596
4.262226
1.566196
1.958122
1.580996
5.313618
1.395887
0.466372
2.506419
2.140906
1.006657
0.604536
2.663367
0.722841
4.109855
2.968578
2.573932
2.703552
2.234905
1.386891
0.986649
2.000000
2.435016
2.715837
2.823816
2.049847
3.205461
1.621852
0.713419
2.849807
1.247657
1.275468
1.781787
2.069770
2.665036
2.473727
1.251467
2.000000
1.008435
0.807293
1.741178
2.030536
1.513709
2.328198
1.748077
0.804635
4.920672
2.181037
1.131414
1.688638
6.392548
4.126041
1.436869
2.484834
1.389876
3.085981
2.648513
1.952665
3.112265
2.044210
1.183808
0.946025
1.733280
1.913808
3.425233
1.031727
1.184922
0.478313
3.236892
1.060658
1.479057
1.538681
1.136515
1.475644
0.895032
0.500235
1.963205
4.024299
1.066870
2.939661
3.314797
0.591934
1.719258
3.443747
1.043254
2.060642
0.543927
4.292599
2.713390
2.831547
1.402854
1.970802
2.302250
1.135740
0.913843
0.930254
2.179407
2.355276
2.748487
1.641304
0.346919
1.052208
0.447054
3.709380
0.865372
0.312583
1.910906
3.527346
1.874398
3.478466
2.414854
1.443962
1.847224
2.606435
2.243342
1.499537
3.544897
0.676112
2.181296
1.287560
1.119026
1.217291
4.539672
1.744141
1.336090
1.955514
1.486709
2.997929
7.342990
2.267492
1.842149
1.074862
1.803261
2.849648
3.800156
2.578949
2.086362
1.130228
2.728242
1.498607
0.208050
0.448243
1.072235
1.624585
1.626035
1.644272
2.056709
2.003442
1.690945
3.969107
1.037914
3.044066
1.137706
2.888818
2.159185
3.757799
1.285192
2.288296
1.640868
2.327839
3.245842
2.523013
1.890264
0.271507
1.405492
2.025706
1.336841
3.216093
0.889245
4.518669
3.578011
1.154979
3.455428
5.924375
3.316922
2.590548
2.661533
1.040582
3.415101
2.205636
2.691719
1.885475
0.731767
3.552700
3.335778
2.838106
3.218417
0.197309
3.638399
1.294110
2.875159
1.621050
2.135335
2.079982
2.870443
2.784080
1.752223
0.794916
2.000000
1.310700
0.402059
1.260310
1.590740
1.003495
1.916598
3.036197
1.291956
0.626012
1.292873
1.971166
2.675680
2.284917
1.770953
1.711124
1.357058
2.130712
1.905091
2.562990
2.085187
2.732275
0.727676
1.570403
2.466689
1.682279
0.921076
1.122683
2.524478
0.990133
0.736656
2.439256
3.632846
2.215135
2.199362
0.822176
1.235588
1.789574
2.487916
3.248799
1.448156
5.450638
2.304784
1.974785
1.683429
4.737298
1.150393
1.828852
2.152736
1.881593
2.030640
1.911051
3.058015
0.408591
0.573247
1.079422
1.428174
1.800194
3.075983
0.715963
5.278716
0.235315
2.057121
1.404564
1.536214
2.303471
3.571781
1.564887
1.361449
1.461759
1.780579
2.186175
1.506744
3.366487
0.641974
2.237649
4.843700
2.195360
1.553928
2.549439
2.279708
2.463534
1.438697
1.625128
0.998465
2.710141
1.078020
1.845832
1.513588
2.649257
3.523008
2.580687
2.441581
1.875403
2.672275
1.461889
0.079886
2.780773
3.076431
1.466708
1.026983
1.876389
3.944296
1.532037
2.796003
0.681458
1.086794
0.841687
1.115615
2.899949
4.676698
1.316428
0.738996
0.243701
5.453848
1.276854
0.475692
1.624026
1.303181
1.724508
1.991315
2.174975
4.946935
4.474298
4.227567
2.990766
1.945830
2.033024
2.098470
2.377656
2.310783
2.886387
1.335299
3.762002
0.706943
1.874488
2.000000
2.580651
0.936995
1.932036
0.849133
1.819713
1.788477
1.544101
3.489015
3.411156
2.126673
2.479607
1.973274
1.535257
2.852993
1.411583
1.766286
3.908557
2.657701
2.190277
0.827770
0.291056
1.376410
1.522902
0.935810
1.242350
1.200408
2.991927
2.009045
0.328507
2.498693
1.693738
1.588481
2.479216
2.566751
1.833149
1.859084
3.220478
1.768752
1.116951
2.501085
4.739111
1.682450
1.238160
1.410613
0.593096
4.090468
4.643013
1.573863
2.503215
1.512260
1.015610
2.494175
1.439109
1.158417
1.078402
0.491287
2.064827
1.201885
2.890307
4.057675
1.276987
1.716503
1.821160
1.780656
1.490063
1.540137
1.067463
2.779560
2.000000
2.679272
2.987619
2.588662
2.336501
0.418251
1.115657
1.452727
3.011802
0.524689
0.432530
1.833515
3.848597
2.508643
3.283429
1.525242
1.759591
2.193858
0.901707
2.737334
1.658613
0.194358
0.909277
2.290483
0.554471
2.000000
0.633474
0.609873
2.070620
1.728185
1.329044
2.478217
2.035006
1.571078
1.446630
2.433552
0.775966
1.823480
3.551086
2.731946
1.501455
1.656312
0.597596
2.690606
2.367207
1.683252
1.584673
2.206412
1.973068
3.261376
2.676826
0.312328
0.777923
1.928041
1.774169
1.811179
0.301123
1.556111
3.141306
0.611462
3.079703
3.624310
1.746027
0.405863
1.655470
1.351031
3.302499
0.494889
0.291193
2.785534
1.328735
1.200969
1.137436
1.339862
1.409834
2.734820
1.290075
1.908910
2.000000
2.891307
2.297848
3.594880
4.530905
1.750728
1.628185
1.558897
0.438509
2.088734
2.274061
1.040842
0.840565
3.850040
3.648790
3.724238
1.911200
0.581692
5.106376
2.004731
0.474526
2.122026
3.310569
1.529503
0.758469
4.383640
0.466931
0.997875
1.644211
2.315268
3.665215
0.715767
1.374737
1.759091
0.691198
0.483170
1.157343
2.359706
2.069424
1.948983
2.132832
3.247504
2.019726
3.502901
2.318563
2.844922
0.608920
1.511925
0.724574
3.567719
3.677817
0.818830
1.692711
3.499223
0.542866
2.015845
3.973247
0.659671
0.479342
1.533237
2.082646
2.092718
2.951960
1.995829
1.919623
0.351914
2.123131
1.520808
0.795189
0.807941
2.539124
2.461143
1.208601
1.778836
2.569872
2.406990
2.315638
1.547294
1.967725
1.399428
1.948242
1.530788
1.511638
1.365365
2.140176
0.647026
2.238670
2.330123
0.884630
0.586874
0.113501
2.398010
1.311951
0.992252
0.906389
1.092832
4.355073
1.247908
3.292783
0.856043
1.700694
1.340661
2.194042
2.266186
0.579904
5.559841
1.452209
0.668280
0.815124
2.139795
1.221599
1.994652
2.492399
1.770009
1.138531
3.380409
2.254360
1.970249
1.669504
2.163993
2.946809
3.142422
3.021989
4.493466
0.919876
2.313821
1.197620
1.741230
2.063748
4.728851
5.009625
3.325024
3.332227
2.389945
0.863549
2.070397
1.949562
0.372784
3.671279
1.785403
3.657419
0.371184
2.420391
2.037741
0.934231
2.000000
1.147327
1.266359
1.427500
2.247187
2.717507
2.400349
2.106760
1.023688
1.456242
2.000000
1.207289
2.000000
3.472447
1.647840
2.355856
3.392745
2.163212
1.899125
4.385964
1.558584
3.438000
4.101813
0.400797
3.044344
0.915103
1.880034
4.915030
2.223211
2.175619
2.699367
2.074205
3.532429
1.875062
2.680461
2.489189
3.494785
1.732041
1.164098
2.196554
2.721069
2.012666
2.849437
2.355812
2.186057
0.205610
3.319364
1.389838
2.370776
4.758835
2.565691
2.168578
1.130069
3.654214
1.701722
2.297683
2.574786
1.298536
3.872436
2.052129
0.365765
2.354176
1.679620
2.874665
0.518456
2.707467
0.765509
3.609176
1.459895
1.625438
0.240467
2.085166
1.513096
3.489691
1.402997
2.115166
1.120866
2.266406
3.716703
1.454242
1.012542
1.699513
0.549994
4.670465
2.059875
3.353154
1.957629
1.603124
3.214427
1.559953
0.451431
1.462607
6.877810
1.563975
1.746703
3.312617
1.349857
1.743009
1.632557
0.609841
4.425071
2.417718
2.161431
0.744560
1.887135
3.872313
0.633164
6.195583
0.642083
3.596806
2.306168
1.166005
2.264822
2.732054
1.154369
1.080114
0.990726
3.431068
1.596969
1.105408
0.448113
1.812064
1.518144
2.000000
1.772119
2.366145
0.447620
1.715136
0.806807
0.938177
1.590820
2.476516
3.478893
1.988761
1.403361
2.000000
0.628446
0.356659
0.801501
1.012922
0.678110
2.848353
3.147503
1.961213
1.924545
1.643027
3.894287
2.347467
2.189726
4.396867
4.773526
2.361945
1.364185
3.072663
4.035477
3.695144
1.693303
2.212822
2.344509
1.405065
2.318100
3.929951
1.500037
1.887442
0.858072
2.537650
2.188132
2.227646
2.602980
1.451818
3.534171
1.110311
0.684754
1.111016
0.624245
2.000000
1.715805
2.675709
3.591527
2.664471
1.795782
0.247666
1.352172
2.453284
0.419115
2.659339
1.760217
1.952015
3.714613
2.268274
1.952527
1.574863
1.480729
1.388370
2.851631
1.641217
2.277692
0.398092
2.458678
2.508241
0.498573
1.534339
1.523417
1.839994
3.558070
5.105851
1.522840
1.797722
1.884385
2.522803
2.266724
0.389243
2.641672
3.802715
2.332371
2.814891
2.976298
1.919584
3.164348
0.992547
1.927286
0.854073
0.892864
4.079183
2.591233
1.408640
0.973775
2.196326
4.316219
0.432165
2.553203
2.428756
0.875233
1.436105
1.163511
0.782048
1.687301
1.450193
2.164249
1.709957
0.284052
0.525782
2.451900
0.780785
2.101590
2.895123
3.686227
1.177297
1.575866
2.770758
2.614681
1.607490
3.223210
1.245122
1.684455
4.744400
1.626378
0.582657
3.379568
1.412060
3.209126
1.178959
2.498755
0.676129
2.830904
2.102590
1.069496
0.879487
4.155258
3.110802
1.884188
1.370026
2.729842
2.293146
1.985291
1.930708
1.842307
2.297677
1.893265
1.221252
2.000000
0.504221
1.135012
1.059193
2.117903
2.450161
3.103497
2.171570
0.417769
1.177179
1.210636
2.290789
3.260072
0.971780
1.793998
2.509410
2.547211
3.304411
2.910748
2.000000
0.828071
2.399582
0.541358
1.957625
2.775423
1.689137
2.249308
1.663600
0.878534
3.128706
2.136850
0.774673
3.955836
2.133031
1.452264
1.265000
5.450243
3.352723
4.068260
2.085697
0.563151
0.896316
2.232248
1.771794
0.121734
1.695400
3.093953
2.204898
2.027167
2.467631
3.843497
0.749822
1.892693
3.954859
1.066574
1.673919
0.844804
0.135365
2.878412
1.342939
1.310889
2.508970
1.647333
1.839087
2.434028
3.075150
1.364624
0.665543
0.320902
4.445565
0.553777
2.406353
2.097959
1.789182
2.522860
0.885014
2.486996
2.810197
1.252754
2.158449
2.123989
0.605311
1.815366
0.555186
2.471544
4.725935
1.122588
2.975134
2.376184
2.861745
1.593794
0.465710
2.516755
1.569311
2.465375
1.033412
2.792163
1.808757
1.917046
1.059971
1.813380
1.774557
0.347640
1.124286
0.681558
0.824741
4.004696
3.302002
0.588998
2.188786
0.971945
1.136995
0.903710
2.229856
4.492286
0.972671
1.251048
2.609176
2.497805
2.549706
2.997232
1.052715
2.265869
1.422254
1.458802
1.980568
1.901925
3.790241
1.799526
3.633527
3.338650
1.512732
2.035361
2.206773
1.320312
0.806623
1.517713
0.411288
2.624322
1.567315
2.743533
2.325892
1.286740
4.188740
1.326279
0.640258
2.257582
1.730923
1.705118
1.180652
2.998997
0.867428
0.596091
2.000000
4.809110
2.787021
1.687551
2.352190
2.070490
2.644936
2.026811
3.025798
0.737787
0.848116
2.962248
2.219504
2.604250
0.677144
2.691194
2.351225
1.800942
2.195246
1.558422
2.241820
1.246819
1.882955
3.128266
1.902488
0.384251
2.313202
3.445961
1.516993
4.507789
1.638231
2.388789
0.972877
3.731500
3.147582
1.347644
2.878533
2.011852
2.320565
1.422248
2.408176
1.630587
1.617841
1.981964
1.026799
2.843083
0.971459
1.040763
1.038846
2.124178
1.396163
2.410783
4.317420
1.168798
2.910885
0.396260
2.343399
2.677002
0.725117
1.823759
1.890302
4.019901
2.074764
2.440231
1.853209
4.133479
2.075121
0.350287
1.517464
1.433892
4.183771
2.071301
1.891393
5.841153
2.137069
1.518984
0.572497
1.244769
3.621460
2.253759
3.255606
2.825597
2.650044
2.883979
1.744880
0.394528
2.211298
1.212719
1.286795
0.603390
1.453326
1.874306
0.412861
0.694655
2.803964
1.870868
0.594562
1.432317
1.312040
2.461937
0.515671
2.193047
2.009882
0.770347
3.656738
2.239704
0.698564
1.690255
2.373038
2.729096
4.309688
1.479681
0.828865
2.732621
1.923883
1.700940
1.775615
0.463971
3.029217
1.258269
3.309533
2.705688
1.751638
2.025089
1.816115
1.465677
0.267864
2.824142
2.685311
3.348514
3.675048
2.386806
2.482408
1.981328
2.000000
0.862105
2.455958
1.554065
1.569892
1.545271
0.330576
1.748602
0.288278
1.145848
1.835537
2.881498
2.579428
2.377533
4.363953
0.778757
1.795201
2.218829
2.038251
2.660884
0.936845
3.116749
3.277295
1.991026
0.864097
1.382895
2.527011
2.343617
0.379157
3.569761
1.757410
2.567402
2.890894
0.993003
3.316693
1.719604
0.279789
1.112378
3.308891
2.183579
3.526265
2.964340
1.817823
1.411214
0.479237
2.125454
2.586411
2.114558
0.438061
3.882714
3.641724
0.474791
1.716391
0.701382
2.333223
1.215466
3.741242
1.749851
2.051931
3.584487
1.607415
2.964231
2.667517
3.905305
4.770354
2.466368
0.773133
4.220631
1.786788
1.536924
1.935114
1.991686
1.882384
2.204017
1.703187
1.836501
1.518181
1.421546
2.030085
1.269344
0.794374
2.847980
0.388436
1.805713
0.502398
2.057081
2.067297
1.165608
2.616395
1.016574
1.328675
0.655194
3.355560
1.799942
1.580274
4.104920
0.986859
2.949135
3.474609
2.000000
0.450834
2.322244
3.298439
0.901622
1.754183
3.020089
1.997209
0.640280
1.844386
1.854542
2.149941
2.160009
4.524268
2.305845
3.416958
2.040599
3.248911
1.614312
1.912926
2.792438
2.083897
1.107788
1.046292
1.380500
2.352065
1.578492
1.458776
0.843432
0.238130
1.833910
0.504697
1.488063
1.661807
1.183661
2.168689
3.947016
1.927970
1.906206
1.004840
1.103871
1.221882
2.113693
3.116770
0.193269
3.178299
1.610558
4.328279
2.339048
1.148775
0.437785
0.231617
0.808368
2.089053
3.090966
1.244124
1.892512
1.262944
1.298186
1.013895
0.436660
1.112894
1.854355
1.007687
2.654066
0.864911
1.525890
1.470333
1.378710
2.516873
2.886715
2.475278
3.958376
1.537526
0.840086
1.047834
2.855392
1.919540
0.985927
1.957743
2.759376
3.507716
2.437368
2.352599
1.880525
2.000000
0.674862
0.399743
1.612066
2.668775
1.552497
0.892249
3.588266
1.267341
1.785020
1.242708
0.619839
1.087641
1.120899
1.586593
1.464655
1.821094
1.643158
0.981590
0.535591
2.071965
0.612757
4.919566
2.799028
1.223183
1.801222
3.051034
4.350726
0.180509
2.285762
2.684483
1.546808
2.667233
1.923652
0.618328
0.439344
3.781630
2.011925
1.458770
1.204226
2.047624
0.913809
1.115806
1.207738
1.446427
2.206964
1.521669
1.539875
2.253299
1.902129
3.005240
2.472099
2.537526
0.590648
2.373616
0.422902
2.172989
1.529835
1.436089
0.884492
3.082832
1.050189
2.140810
1.470270
3.901810
0.689887
1.691540
1.527867
3.666675
1.901442
2.259870
4.550584
1.424554
1.620723
0.980574
1.381221
1.672570
0.834639
5.733515
2.688268
2.776061
2.263041
2.410507
2.560963
0.861487
2.195966
1.810856
1.879343
1.370425
3.998988
2.232629
1.743827
0.776117
1.523743
1.864405
0.949368
1.949702
3.254840
0.576753
2.481978
3.762886
0.874863
2.214031
1.259795
1.959092
1.718689
1.548606
1.047242
1.255857
2.810505
0.380510
2.291459
1.761466
2.002755
2.319988
1.894336
2.158988
2.000000
2.323976
2.188828
3.110112
2.613435
1.824716
2.804182
2.554656
0.625516
2.957048
1.151947
2.137864
2.369941
1.551757
1.993401
1.452012
3.382811
1.974093
1.854252
2.305101
2.396919
3.373788
1.282675
0.246944
1.683442
2.725834
3.379004
2.996721
0.399859
0.332502
3.652368
0.643681
4.822258
0.825957
2.000000
1.118490
2.000000
4.222155
1.969024
2.738693
2.100304
1.844493
2.090714
2.528800
2.606707
0.519158
0.566273
1.771498
0.250269
1.695436
3.303059
1.657906
3.370025
0.750334
1.747315
1.644810
3.250623
3.903519
1.359396
2.617701
0.599471
3.127646
2.829733
3.316111
3.323335
0.476423
2.915064
1.996564
2.454638
1.663460
2.289544
1.665553
4.775696
2.000000
1.406007
1.587124
1.388990
2.921233
1.176022
1.640468
2.154020
1.319640
1.707887
3.800626
2.847850
0.392967
0.198368
1.905825
2.061188
4.695245
1.368203
2.529081
2.315607
1.990737
2.028706
0.633091
1.329168
2.261977
2.523614
2.560339
0.627509
0.693033
1.530934
3.003327
0.270939
2.565103
1.688595
3.659529
1.734312
2.771003
1.597433
1.648122
3.351258
1.618217
2.539975
1.414779
4.581330
2.192350
2.176874
3.432906
2.171708
2.075034
0.380198
1.368292
2.063693
3.193273
2.582669
2.234158
3.110848
0.678229
1.675988
2.000000
1.020924
2.730984
1.270140
1.787625
2.096492
1.753675
1.852496
0.298177
3.886610
0.996156
2.936863
0.425861
1.499586
1.369817
0.503536
0.578908
0.861308
1.260281
3.240629
0.865262
1.042885
1.089532
2.042562
1.967259
2.847555
1.477793
1.985339
1.070829
1.205930
1.583939
1.711484
0.703291
4.148270
0.584975
1.099274
0.959050
2.035339
1.799846
2.046874
1.844052
2.906813
3.354048
1.126972
2.215514
3.210560
2.690439
2.809150
1.462001
1.346207
4.029398
0.785787
1.396224
1.787302
3.774436
1.960227
2.320893
0.826764
2.892962
1.098497
1.502557
2.248399
3.223744
1.162438
3.676642
0.666431
2.538975
3.573796
2.101374
1.887868
1.617447
2.882440
2.645037
0.222988
2.939117
1.124699
0.614118
1.107490
0.915925
2.263722
3.246044
2.013088
2.437906
3.622030
0.223430
1.389673
2.057878
1.702221
1.201225
2.111706
1.218730
2.615227
3.010531
0.906281
4.642274
2.187155
1.092186
4.033110
1.441968
3.251327
0.728943
3.059169
0.973906
1.736567
2.155444
2.217013
2.192159
2.731089
1.868626
1.952100
0.704669
2.087077
2.965997
1.315944
1.709227
0.456910
2.371429
1.399847
2.319315
1.810605
0.970390
2.322784
5.140672
1.471661
1.372163
2.231050
0.534551
3.016877
0.564168
3.434388
3.148800
1.611574
1.422961
0.624295
0.610120
0.995131
2.575427
2.332018
2.392002
0.548917
1.401459
0.647031
1.175715
0.372906
3.698736
3.540637
1.126890
4.985993
6.544598
2.242566
2.827864
0.672340
1.491959
1.672583
1.996747
2.227625
1.902780
6.047451
1.294593
1.639977
3.251426
1.996897
0.648669
1.212819
2.327801
1.308905
3.358647
1.914215
2.333279
0.504952
0.738696
2.027065
3.062788
1.549273
1.443581
1.481621
1.288890
1.454745
2.704951
1.942495
2.088962
2.278796
3.268600
2.022133
1.327494
2.839076
1.225386
1.832931
1.696800
0.690569
2.396235
2.429715
2.732055
1.538849
2.773603
2.000000
3.412059
2.569602
0.982967
8.213384
2.132086
1.781477
2.539263
1.068554
1.626086
3.751889
1.788198
2.305822
2.725855
2.858475
3.403069
1.337916
1.957109
2.482552
2.795739
1.838214
3.710757
3.166902
0.629073
2.322883
1.659607
3.445143
3.827403
2.923779
0.544818
3.131570
0.595511
3.344473
2.000000
3.677243
1.651399
1.949419
5.819252
1.500158
0.822604
2.611842
0.643017
2.257881
1.622949
1.935831
1.622272
3.259278
0.261557
1.492399
2.013660
2.134971
3.189966
2.600052
1.376557
2.339485
1.699319
3.914254
2.250042
3.437781
3.462999
0.760628
2.574328
3.323179
1.855146
2.152906
1.494004
2.080058
4.937832
2.007478
1.090432
4.186084
1.604781
2.654551
3.827372
0.368235
1.624326
5.108537
0.725949
1.910396
1.632745
2.551540
2.434508
1.146917
1.938529
2.049274
1.971115
0.790761
2.281195
1.830607
2.717117
1.650257
1.905280
3.042082
2.209879
0.896909
1.015234
2.244249
1.583723
0.836581
2.538038
0.830888
1.612853
2.096937
0.935068
8.029977
1.183782
1.774872
1.207492
4.133527
1.946539
0.468502
1.464382
4.843021
0.575408
1.988772
2.014113
2.112725
0.434844
2.528162
2.418748
2.753056
3.306193
2.903096
1.706000
2.577137
4.093794
2.000000
1.397537
1.751129
2.584338
1.080298
3.355365
2.512860
1.687904
4.576902
2.159259
1.514023
1.465919
2.032468
2.285801
2.246200
2.082292
3.229812
4.276542
3.212295
2.040717
1.402249
2.262187
0.976382
1.335212
2.768660
2.280220
2.021464
2.147351
0.410335
2.091283
2.726595
1.812238
4.609867
1.859507
2.098837
1.130609
5.198524
2.000000
2.322393
0.482631
2.334217
1.025924
2.154871
0.591429
2.292115
0.768191
2.429314
1.986128
0.563086
3.625253
2.715239
2.416027
2.587425
0.547165
2.138101
0.632273
2.513591
3.692016
2.649193
1.106259
3.123022
1.714561
4.003719
1.913162
1.785687
0.553266
1.351553
1.921005
1.497862
2.563790
2.947582
0.884395
4.837018
0.629673
2.244866
1.766033
1.003546
2.091676
1.278110
1.118047
4.479267
2.537706
1.230704
1.590705
3.726367
0.429793
1.930286
6.972250
1.424595
1.439788
2.184709
1.115273
1.387182
1.967278
3.880747
2.015585
0.498249
2.739471
2.283174
1.999041
0.877641
0.921014
2.622895
1.754614
1.276833
1.195595
3.142826
2.112073
0.855749
1.803531
1.141207
1.596548
0.623821
1.921338
0.515687
2.037425
0.841072
0.848162
2.513841
1.758204
3.764214
2.666473
2.803169
2.348770
0.842667
1.625583
0.948151
2.340041
1.726900
2.999270
3.672271
3.248208
0.734164
0.437537
1.133333
1.173410
1.225642
0.764921
2.347506
3.203370
0.834932
1.239260
0.629653
0.892390
2.373037
1.357378
3.527020
5.417743
2.031035
0.291630
0.655339
1.650522
1.981584
1.942740
0.955261
1.671750
0.624260
1.430116
0.881903
3.716742
1.034601
1.803455
1.067122
1.933722
2.280180
2.166962
1.934136
2.852300
3.408956
2.322065
0.930521
1.025135
2.565709
0.728938
0.561529
0.947946
0.605661
3.848744
1.908987
3.041929
0.913029
3.979824
4.216487
2.699881
2.021373
1.694937
0.676023
2.316866
2.141201
1.351990
2.324924
3.511447
3.017277
2.325318
0.554048
1.723299
1.500008
2.603279
1.679835
3.918706
2.599707
2.206996
1.155222
2.000000
0.864181
0.665331
2.008101
1.915728
2.551921
1.973174
3.913313
1.707866
0.224132
1.844998
2.477106
2.066974
2.409308
4.116468
2.190561
3.647174
0.992301
4.293162
3.277486
3.258933
2.434477
3.306308
4.267748
1.218626
1.564099
0.274063
1.663273
1.377981
1.740379
0.987414
3.804463
2.193019
2.094901
1.539187
1.536440
1.891550
3.114719
0.942031
3.894603
2.028687
0.346837
0.822894
2.126315
1.015759
2.351041
2.462796
2.879501
0.437502
0.367951
1.452629
0.616751
3.085881
3.770986
2.880836
3.020080
1.999975
4.628766
0.804751
1.120069
3.065490
1.933260
1.984190
2.031471
1.408724
4.282458
1.992854
0.404056
1.243401
2.094284
1.303126
4.489761
1.214471
2.511031
2.000000
2.997983
3.902045
4.767522
0.536236
1.690394
1.626836
0.138457
1.661814
1.797538
2.493951
1.022399
2.741308
0.518582
3.387976
1.108391
3.748465
2.036025
0.870098
2.669209
2.714331
3.011645
2.420657
1.132239
2.337438
4.728684
1.834377
2.235977
3.332594
1.060529
1.129392
3.940392
3.335476
1.742789
1.841414
1.117705
1.491048
3.056184
1.675687
0.737151
2.937776
0.339784
3.389889
0.472138
5.909000
0.493200
3.418840
1.653447
4.176454
0.841869
2.340232
1.935495
0.589673
2.073769
2.122063
1.977142
0.561534
1.477879
0.828492
3.410242
4.469435
3.075641
1.927290
2.205288
0.894447
2.517729
1.022491
1.162159
3.142973
1.511451
0.837472
3.116741
2.708929
2.335191
1.637740
2.119690
1.687656
2.267526
1.945275
1.609233
1.556998
1.862091
3.003277
2.040217
1.991888
5.039572
0.177771
2.132949
3.781987
1.238020
0.814363
0.745006
1.915316
1.125158
1.572359
0.448178
1.371624
0.408650
3.193114
2.683158
2.456495
1.464870
2.191334
3.336421
1.928252
1.794376
1.268941
0.455457
3.835113
1.703216
0.287661
0.733480
2.505379
1.367918
1.479130
1.469396
1.347086
1.317870
3.093083
2.096422
2.617983
2.197674
1.693649
1.916654
1.229704
2.399397
2.000000
2.033460
2.437048
2.963246
0.923993
1.761974
1.409093
0.998402
0.102782
0.619290
2.931928
1.527182
1.964001
3.390732
2.650772
4.082072
2.291772
1.279551
3.093774
2.568036
3.787735
5.307030
1.915319
1.908686
0.766949
1.146195
1.958371
2.662616
0.822981
0.639467
0.356862
6.009487
1.309337
3.197277
1.102266
5.426188
1.100284
2.987482
0.864778
1.020143
1.970778
0.870308
0.966375
2.256486
3.295846
3.646554
1.572792
0.851817
0.667914
3.265119
0.945628
3.036846
2.000000
2.444292
2.034592
2.270766
1.421822
0.684954
4.454320
2.661954
3.589637
2.020514
1.595842
4.699021
0.596665
1.977679
0.435633
1.622893
0.975943
1.908870
2.253370
1.118143
2.898477
3.478780
1.265469
4.220030
2.003659
1.152790
2.040747
1.851686
2.908993
2.262557
4.769183
1.671804
3.044242
0.996299
0.906812
1.677634
3.733465
2.896963
2.226384
0.785215
1.741757
1.857284
0.807386
2.140430
0.908297
1.945170
2.706761
2.006186
1.908338
0.824723
1.425435
1.198630
2.228157
1.630363
1.113372
3.160220
3.138601
1.517933
1.750697
1.826876
2.016215
2.181384
2.619548
0.375860
0.810196
0.872109
2.361222
0.888449
1.004095
1.974770
0.614241
0.946338
0.216949
0.747128
1.616749
4.725577
1.149542
2.611918
0.282827
0.580652
2.229142
2.105219
2.356369
3.577875
0.595626
2.038708
0.757876
1.154705
2.327246
1.497381
6.038374
1.761203
0.454892
2.017296
0.847994
1.516985
1.479778
4.106751
3.162892
0.865426
2.348304
2.363492
1.113448
3.601653
1.368828
1.475989
1.267662
1.512096
0.982353
1.782672
2.680911
0.367548
1.504886
1.819756
1.596301
4.150024
2.047089
1.336544
1.490618
0.653648
2.421225
1.304152
1.822822
4.393216
1.553230
1.637157
2.347515
2.966675
3.729782
1.894475
0.654862
1.447867
1.656785
0.849901
1.097919
2.363872
1.655216
5.368421
2.769156
2.741442
1.888165
0.848650
2.000000
0.334262
0.398221
3.743073
2.713841
2.492635
1.927392
1.362228
2.397897
2.050064
0.347536
2.171138
1.088500
0.243546
2.049222
1.497661
1.678729
1.423905
2.839705
1.020253
1.177969
1.921773
1.298809
1.865136
2.157199
1.296048
0.880927
4.168480
2.981329
1.414759
1.195782
0.728789
2.119842
1.559136
1.741550
1.219040
2.736021
0.409134
4.189238
1.943098
2.324173
1.581099
3.392058
4.766781
0.990538
3.339599
0.456029
2.317199
0.749338
4.407833
2.559759
1.192080
1.967429
0.505594
2.449616
0.623276
1.035631
3.014922
1.751192
3.247351
0.500729
1.494326
2.728535
2.704112
1.122034
1.657521
1.661618
1.136339
1.867098
2.040585
1.011756
2.367111
2.315412
2.068204
1.136523
1.815017
1.367875
1.357408
1.897606
1.910469
6.159994
3.283192
0.434338
2.155177
1.737733
1.492569
1.706837
3.613225
2.384310
0.924571
1.260172
2.443005
0.742061
1.990308
1.392230
2.405287
2.351235
0.329766
0.599540
0.129578
1.577591
3.967501
1.651073
1.463866
2.340678
1.955221
2.635746
2.649373
0.948987
1.936274
3.209731
1.246485
3.673194
1.207597
1.602910
0.304427
0.215731
1.930003
1.562720
1.566973
1.972008
3.266551
1.933758
0.629721
1.161151
2.163268
1.104695
0.751482
0.202230
4.741791
1.841898
2.921074
2.997332
3.184684
1.099507
2.229706
2.000000
2.546254
1.302314
3.848389
2.990317
2.460351
4.971711
2.327482
1.559921
0.751578
2.252859
1.995998
1.413796
2.333795
1.808595
2.096944
0.973090
1.136001
1.879777
0.479884
2.383375
3.804985
0.589555
1.114320
2.150100
2.250827
2.050801
1.786833
3.602246
0.442325
1.941253
2.643516
0.343066
2.978651
0.743129
2.000000
0.951434
1.632326
0.637106
2.007653
1.494032
0.596850
0.624372
1.631795
1.392862
4.343782
2.913233
1.438055
1.214723
1.932771
1.666372
0.959997
2.455050
3.445405
3.169536
1.834732
0.811513
3.286911
2.687783
1.719360
1.580189
1.689521
2.317039
0.930997
0.565872
3.606410
1.983791
1.971128
1.444033
1.078070
2.605368
1.877262
1.655556
2.034215
0.908288
1.970555
1.405137
1.377347
0.574596
1.142681
1.019315
1.445919
0.468757
3.607460
1.901749
4.019208
1.149165
0.250978
0.440040
0.288669
2.392018
2.488137
2.480276
3.695180
1.203945
2.396565
1.067704
2.363638
1.156196
1.028758
0.788945
0.707552
1.774271
2.816010
1.877243
2.498277
1.570562
1.385849
1.618192
1.517620
2.118766
4.764241
1.194439
2.902040
2.027638
6.443449
1.655425
2.431526
3.253985
0.165448
1.856477
2.281653
1.985138
0.215748
0.300917
1.956234
1.468026
3.342159
1.880073
1.360846
2.701318
2.652701
2.000000
1.989799
1.805747
3.488503
1.013577
3.222692
1.291083
1.705175
1.035983
4.911039
2.427008
0.991192
0.569769
3.053351
4.211729
1.295821
0.505289
0.929883
2.474773
0.404398
2.844424
0.916207
0.703206
4.184659
2.019190
1.778138
2.271162
3.130056
3.086466
1.920343
1.912695
1.250192
1.172913
1.048631
1.421191
1.800335
1.041434
2.209688
0.597907
2.191530
0.245995
0.276854
1.749830
4.745079
3.394865
2.415928
2.000000
0.530104
2.346558
0.743894
1.199799
4.260178
0.254046
1.459455
2.226745
2.833910
2.978949
0.742509
1.960452
1.665845
1.495699
1.203291
3.206043
0.979902
0.874432
0.572625
1.065920
1.673162
2.104024
1.429209
2.074347
1.839782
3.159368
1.698860
2.233093
2.282830
0.861111
2.770564
0.136878
0.344417
0.356581
3.594807
3.839307
1.380111
2.183288
0.496184
4.616632
1.705316
2.039718
1.803097
3.240553
1.136901
1.713579
5.041326
1.177952
0.654092
1.489593
1.334552
1.376330
1.365802
1.850674
2.740127
1.760157
0.968395
1.869303
4.283689
0.901042
2.852962
1.092834
4.204670
4.964231
2.016551
2.430960
1.817693
1.731061
0.832137
1.388888
3.599451
0.691727
1.915511
3.743574
2.086549
0.554236
3.524347
2.327683
0.420521
1.563984
2.000000
0.556797
2.322034
3.277333
2.111848
0.914188
1.661845
2.884073
2.359980
2.068416
2.866447
0.328741
0.951029
4.056119
0.750031
5.057239
2.572051
3.129459
1.971439
2.054090
2.353989
0.569106
2.552169
0.235370
3.395468
3.274736
0.448738
3.465725
0.700882
2.044187
2.725981
2.067859
1.945794
1.211474
0.842983
1.043877
1.648669
0.285560
1.883948
2.404881
0.511842
1.461668
2.845304
2.470362
0.401474
0.372825
2.316433
1.670527
1.794583
3.589210
1.693101
5.257487
2.442175
2.030486
1.916807
2.416922
2.072759
2.612702
3.020182
1.511827
1.283466
0.573317
0.763675
1.616142
3.846430
4.945474
0.884895
1.168767
1.720317
3.187604
1.527278
0.476593
2.930507
2.514129
1.662174
3.312501
3.537422
4.914894
1.832113
2.113962
0.481183
0.424906
2.417050
2.013458
0.391428
1.247423
0.393011
3.202577
0.391947
2.027094
1.816916
1.350029
1.178882
1.743145
0.454108
1.728129
3.187622
1.086105
1.937574
3.104282
0.788665
1.376657
0.476319
0.349964
3.644900
1.751620
2.171485
2.427143
1.680073
2.715155
2.260842
3.095399
1.002231
3.149188
1.388060
0.251232
1.823294
2.071621
0.613882
1.423136
1.711162
0.537901
2.049037
1.253604
1.822822
1.186532
0.511595
2.978477
1.585747
3.334945
2.140820
1.917899
0.567952
2.098934
0.557711
1.992057
2.633880
0.648063
0.649561
2.502285
2.205406
1.043925
1.390191
1.481302
2.000000
2.081959
3.957798
0.388117
1.683216
2.174157
3.504148
2.467591
0.650423
0.696054
2.122858
2.137715
1.445892
3.193563
0.721946
6.662395
3.348933
1.941162
2.849594
1.939144
0.454337
2.152738
2.641727
2.976625
0.567824
2.232234
2.998451
1.399748
2.150731
2.837730
1.867122
2.380374
2.208135
3.886375
2.665500
2.596036
1.988216
1.956872
1.281890
2.481787
1.794290
3.389855
3.796956
4.438444
2.000000
1.518862
1.701915
3.453181
2.090281
2.203493
1.002197
1.424653
4.337702
2.000000
2.151301
1.882995
1.000347
3.029154
0.135807
2.056486
2.049301
2.511972
2.119254
0.747502
1.346489
1.489417
0.598847
2.045954
0.929217
2.711356
3.433160
2.184514
0.669386
0.817948
2.488858
1.382433
2.046893
2.745290
2.094678
2.620117
0.381141
1.564079
2.956968
2.099516
0.770440
2.246551
1.486319
1.053226
3.051968
3.274679
1.731588
1.135901
1.133741
3.518709
2.367665
2.701817
4.504348
0.456264
3.892699
2.876311
0.815202
0.871167
4.075497
0.802474
0.788377
4.462335
2.790588
2.474532
0.358162
2.242266
2.480387
1.589771
2.069422
1.863722
4.441442
2.145893
1.570106
3.505319
1.636690
1.048243
0.586451
0.864766
1.098852
2.021782
1.397772
1.013533
3.567340
2.166214
3.189573
2.083155
2.811169
1.787993
3.612736
4.389833
1.224286
2.340622
1.932276
2.226381
5.463657
0.400759
2.012997
1.677058
0.675003
2.341655
0.822802
1.212584
0.471633
0.560141
1.200279
0.964004
2.000000
1.535802
2.909017
2.213930
1.893868
2.632164
1.949902
1.555074
3.025565
0.152221
1.405855
1.209768
0.991235
2.524435
2.553497
3.349882
3.929214
1.373945
3.246053
1.899627
3.605461
0.620626
2.000000
2.111016
2.885406
5.153678
1.962087
1.384986
0.829908
2.508116
1.838100
1.047406
1.189351
1.438296
2.078515
2.600428
1.132833
4.183368
3.476904
5.133668
0.393954
3.715740
0.932418
2.554252
1.761757
1.549173
4.561170
0.769062
2.939118
0.616226
2.000000
2.165954
0.435791
1.052928
2.115066
2.777157
2.000000
2.853797
0.506825
3.566258
2.028017
1.527606
0.980586
1.161477
3.607254
2.744787
2.068481
3.969998
1.078986
4.932674
1.949566
1.269437
1.134363
0.471567
1.029557
2.670310
2.349388
1.996028
1.236994
0.286884
0.474675
0.596908
1.429496
2.315585
0.339854
0.999022
0.907681
1.186073
1.354126
1.334707
1.950298
1.938500
2.041407
2.105623
2.104059
0.462851
2.660404
2.765386
0.593935
1.231695
0.745999
1.199819
2.185110
3.326377
0.341484
1.016968
4.122589
3.725651
1.048469
1.330896
3.152192
4.212144
1.921170
1.180417
3.880099
2.794328
6.552331
2.545961
0.842309
3.648690
0.987044
2.475467
2.824686
0.981621
3.056279
1.398418
3.237666
3.731427
0.225664
0.235836
1.805383
1.026198
2.419271
1.115737
1.822916
2.355980
0.944351
2.353226
1.722914
1.740394
2.463554
2.706331
0.826819
1.921256
3.311852
0.884742
1.870278
2.654351
2.284277
6.136074
3.854322
3.306656
4.262605
1.681157
1.020799
1.097526
0.459192
2.996224
1.971573
0.720278
0.494688
2.941046
0.440173
2.823536
1.155170
2.011379
0.969281
1.874977
1.828215
2.365730
0.910785
1.651958
2.000000
2.071605
3.168482
3.900506
1.504490
2.800659
3.545644
1.073385
2.928304
1.770359
2.043862
2.195352
2.013190
0.697050
1.559169
0.433244
2.126150
1.972002
3.086782
3.231841
1.949303
1.815784
1.353385
4.367723
2.174853
1.325692
0.334970
2.720356
1.247665
2.929949
2.302380
2.398842
0.345431
2.018469
1.249269
3.366011
2.164710
2.999712
1.925459
2.310608
1.696591
2.305955
0.354326
3.160227
2.588263
2.012162
1.813864
1.343885
3.188331
1.327996
0.991231
4.329205
2.373990
3.007449
1.979463
3.685961
3.096905
2.125284
2.262599
0.614058
4.338296
1.474458
3.367620
2.402834
1.794728
0.474023
0.867741
0.328944
0.460726
3.801877
1.334827
1.374159
1.428170
4.439277
2.297490
2.503920
0.253388
4.487985
4.755694
2.223953
2.192903
2.184784
5.213279
0.199285
0.575635
2.027594
2.479149
2.010076
0.816341
1.191311
0.441295
1.497355
1.147502
1.026737
3.035061
1.266655
1.919305
1.221516
1.093212
6.270571
2.650371
0.261806
3.147587
1.942997
4.135006
2.360749
2.567602
1.877540
3.300117
0.967463
0.812701
2.718497
1.363468
3.810137
1.066809
2.939354
0.275575
3.621591
1.443955
2.923279
2.106612
0.510245
2.711809
0.765360
0.371005
0.554334
1.232604
0.332421
2.061179
1.225556
1.492464
1.300166
4.290494
0.587618
1.697898
0.641037
1.588364
0.471101
1.374472
1.595158
1.483346
1.819143
0.328755
1.552536
2.847940
1.810382
4.519143
0.469232
0.958043
2.289649
1.062529
2.648401
3.479459
1.927250
1.325146
3.713783
2.359761
2.102233
2.232296
2.633151
3.602472
1.441043
2.687999
0.990683
1.161514
2.665663
1.311760
1.567966
2.526008
2.569521
0.917490
1.546304
1.422482
3.046551
1.969858
1.609339
4.157972
1.512047
1.291080
1.097236
1.856344
1.728647
2.561965
0.907962
1.926494
1.796991
2.354564
2.672511
0.858459
3.058932
2.127014
1.652094
0.576503
1.084630
1.318392
0.614981
1.792328
3.191530
1.119526
2.173624
2.987554
1.719887
1.536012
1.220745
0.214138
2.000000
5.503853
2.475095
1.992699
1.396783
0.327466
2.570650
2.182664
2.097862
0.445816
2.464929
3.242290
1.251752
3.249828
1.755027
1.724841
1.559364
1.877180
2.225649
2.689143
3.008444
0.817013
0.688669
1.393125
1.321241
1.200764
4.076098
3.196561
0.983248
5.377357
0.779077
1.795405
3.940903
4.525080
3.329604
2.498040
1.177640
3.036488
1.742919
0.806358
2.536065
1.744672
0.606046
4.893490
1.995176
1.402857
1.467073
6.139205
1.463995
2.757448
3.583140
2.321093
2.281342
2.285669
0.587274
3.875602
1.330900
0.305697
1.540538
0.327822
1.776029
0.898068
0.763223
1.122363
1.908366
1.626724
1.224843
3.540668
1.625733
2.166209
2.053950
1.800731
1.601943
1.646786
1.606239
1.490759
0.901727
4.038651
2.312304
0.950322
1.974096
1.497810
1.492775
0.303234
2.650620
4.255837
1.805145
1.822820
2.600932
1.818262
1.137030
3.622416
1.453264
2.369750
0.231483
2.350190
1.800133
3.112503
1.346280
1.356484
1.580622
1.607362
0.745917
1.707011
2.066559
2.661533
1.475943
0.934396
3.238051
0.505021
0.482907
1.224862
3.435784
0.624020
0.548051
4.367677
3.658837
1.798306
2.399443
1.040134
1.952013
5.344057
2.793373
2.297688
1.886069
3.683344
0.462200
2.738835
1.013950
1.668795
1.925491
2.272022
0.803670
1.607535
3.712185
0.712422
1.621042
3.083721
2.258396
4.326567
3.651440
3.334141
2.338507
1.643387
1.137530
2.468048
4.705898
1.949889
1.854461
1.672290
2.555658
1.851338
3.143922
1.517849
1.502073
1.572176
1.003456
1.919093
3.255497
1.778055
0.548678
2.583975
1.724838
0.532123
0.828421
0.932603
3.502011
3.249158
2.882588
2.836230
1.503666
3.767138
1.658171
1.145289
1.526731
1.955936
3.825875
1.513523
1.268601
0.786888
2.180038
2.182642
2.012538
1.916686
1.777690
1.079948
0.870904
4.809198
1.500764
1.182335
0.154038
0.694878
3.639069
1.132494
2.529742
1.333792
1.381046
1.685679
1.212119
2.750228
3.090948
3.797512
2.788605
2.351710
1.328223
1.149764
2.063035
2.143631
0.627455
1.085782
2.393601
1.685178
2.088973
0.992570
1.370884
2.559988
2.000000
3.329526
1.261590
1.954516
4.579129
1.313484
1.548318
2.405729
2.983271
2.440482
1.579515
3.406820
2.750871
2.199667
1.578871
1.098604
1.088595
2.105983
2.326587
1.474600
1.970461
1.135831
1.492141
1.670436
0.816765
2.712904
2.132003
0.604980
1.460787
2.252117
3.881318
2.000000
0.876529
2.631840
0.295638
0.855515
2.859152
1.859986
1.449154
0.990888
1.710367
1.736481
3.081480
5.185328
0.522847
2.581345
0.602428
4.573895
0.575077
1.783546
2.064504
2.534438
1.128266
0.991776
0.987305
0.556339
2.370862
2.501494
1.573222
1.476422
1.769387
1.188904
0.548179
4.146995
1.778493
3.457174
2.329668
1.136640
3.596188
1.426786
5.513793
3.035196
1.075526
2.289399
0.959601
2.239996
0.428577
2.907963
0.256801
1.569252
4.484211
1.200222
3.994377
0.395340
0.458659
0.972447
0.872048
3.961446
1.463417
0.815239
0.653932
1.794224
3.211276
2.367365
1.495661
2.000000
1.419067
1.514885
1.072726
2.119184
0.641131
0.787282
2.091133
1.878280
1.263630
1.462809
0.745729
0.848779
1.733290
1.983067
1.383523
0.402439
0.738495
3.401045
2.168690
4.213346
0.579862
1.504176
1.663202
1.560346
0.506717
1.211639
1.583114
1.206149
1.228660
0.866707
0.526701
2.558514
0.063639
5.889693
2.536657
0.878751
1.802513
1.238032
2.362049
1.510230
4.148289
4.955190
2.327435
3.101775
2.291810
3.148181
1.775300
1.333316
1.520939
2.233915
1.334536
4.647092
3.608186
4.064289
2.068705
1.948508
0.735492
2.000000
2.751537
0.182621
3.569356
1.557752
3.600147
2.347088
1.204885
0.666996
2.137332
1.797379
1.360629
0.256665
7.015898
0.750076
2.070506
1.427017
2.748615
0.351011
3.379338
0.440118
1.255086
2.475324
1.339943
2.926741
0.546951
3.410737
2.560825
4.517138
1.170660
0.497436
3.507819
2.230042
3.554946
3.062320
0.968102
2.605315
2.697912
2.953870
1.721412
1.686334
0.539083
1.765939
1.386047
2.725318
1.158028
1.791775
0.364949
3.737207
1.018897
1.511807
4.074088
3.622797
1.739522
4.959984
0.742300
2.662580
2.174629
2.023685
2.151064
1.696289
2.748388
1.316061
0.914361
2.408709
0.495561
2.200788
3.249324
1.972894
3.786143
1.913660
0.141000
1.802422
1.628890
0.452799
1.070616
2.399515
1.574224
4.397868
2.055336
0.464502
2.441584
1.053735
1.435207
1.327955
1.808818
1.946244
1.993207
0.685248
3.936141
0.653175
2.887070
3.105369
3.697847
2.062714
2.039068
5.396465
5.798456
1.384176
2.118321
3.165249
2.966621
3.022174
0.721373
1.520956
3.752769
0.353766
0.415813
2.111951
0.368727
0.498095
0.785613
1.572111
1.318046
3.866882
1.515930
1.895117
1.687012
4.334262
1.252110
3.593565
2.753314
4.853448
1.449304
2.133341
0.349359
1.488933
0.891048
0.595265
2.419195
3.855916
3.709435
0.448815
1.653420
2.874913
0.769767
2.992323
0.432508
1.025313
1.793034
4.528064
3.108969
3.224310
2.413609
2.612866
3.774451
2.409317
0.782631
1.325555
0.686815
0.161644
3.068974
2.000256
2.107772
1.705392
1.774110
2.456766
2.803265
3.040527
3.516956
1.765957
2.477573
2.141879
1.686790
3.240079
6.374818
1.326108
2.851560
1.565849
3.607296
0.802997
3.825599
2.091563
1.320839
4.281588
2.178099
2.154995
2.609303
0.619478
3.761573
0.904747
2.283763
1.087641
3.782360
1.955422
0.296700
1.386210
1.598251
6.655046
3.292420
1.835377
6.644648
1.242827
0.440042
2.719135
0.903064
1.409283
1.558716
2.000000
2.821707
0.643934
1.208636
2.380056
1.965227
3.403005
1.741748
2.515162
2.146147
2.660185
2.947404
2.048455
2.098610
0.179760
2.365606
1.543886
1.395346
0.247249
0.810325
1.779348
3.122519
1.907087
1.987871
2.917472
0.648734
1.661956
2.655228
1.459367
3.166376
3.160877
3.834285
0.521522
0.646510
1.316218
2.066634
1.955858
1.929524
2.333031
1.991776
1.082758
3.838547
1.044805
2.018606
2.089854
1.365012
1.701079
2.082861
2.806437
2.481251
0.725643
1.162961
0.989576
2.522333
2.139421
1.536477
4.529390
0.706606
3.653938
1.727993
1.258726
4.063845
1.373683
2.568056
0.734216
1.223749
2.651186
2.035740
1.018655
1.883995
0.625469
0.132043
4.382720
2.956048
1.423086
1.749104
3.795948
3.105609
2.077450
2.701553
2.862396
1.842853
2.425656
1.456456
0.199690
2.116139
2.164905
3.261061
0.430356
1.905789
0.565476
2.937007
2.411635
1.642647
1.589408
3.516201
3.741957
0.689210
1.051782
1.899329
0.620965
2.270245
0.390590
1.588944
0.294704
1.283783
2.245920
3.185582
1.235489
2.696968
1.455403
1.868060
0.182417
3.203779
4.218069
4.020531
0.331981
1.885317
0.585017
3.247057
1.434301
1.301221
1.055520
3.989586
2.652295
1.940509
2.478478
3.817509
0.896647
2.544922
2.626154
1.269717
1.002817
2.031435
3.333166
1.326753
1.503524
1.038746
1.024436
2.359911
0.247442
4.256814
0.848337
2.452816
1.347211
2.026850
3.936170
2.749462
2.401422
2.176094
2.657491
0.991323
2.923669
2.236300
1.241977
2.229153
1.171718
1.766878
2.036732
1.682670
1.478003
3.859455
3.746600
1.728279
2.675720
2.214466
3.043350
0.353434
2.077065
0.774900
0.659377
1.874456
1.465517
2.072774
0.500254
2.792636
3.082680
4.552301
1.353917
0.516221
1.933592
0.790142
1.387386
0.908739
1.944486
1.606486
1.556723
1.987167
2.893302
2.763502
1.718184
1.760868
3.307211
0.459913
1.275973
1.882992
1.402890
3.099640
2.455916
2.131324
2.860356
3.401998
2.525784
2.000000
1.995292
2.000000
2.855363
1.455966
1.167318
1.893948
1.063594
0.914333
1.928022
2.607873
2.492671
1.087047
2.145402
1.027252
1.937710
1.342474
1.230158
3.115016
1.185848
1.222329
2.130655
3.765513
1.587717
2.356995
3.260830
2.745302
1.807811
1.965320
3.338173
3.971369
1.668683
4.363588
3.054125
2.979698
0.748346
2.886933
2.016888
2.808205
3.145773
2.276690
1.405890
3.659674
2.060224
0.821176
1.948752
1.387163
0.856803
2.937707
2.272218
0.796193
1.706667
2.708139
2.251300
2.662385
1.082422
1.760595
0.939836
2.618389
0.559714
2.567180
2.074054
3.566776
3.874524
2.707792
2.489130
1.951909
4.238655
2.289656
2.859163
0.391323
1.999629
1.256195
2.162458
0.244079
1.489023
0.248752
2.432433
1.679373
2.598749
3.136625
5.033710
5.608067
7.516575
2.032863
3.532431
2.000000
1.560209
6.833332
1.247404
1.498961
2.521652
0.394028
2.210650
2.202471
1.447676
0.860599
1.515215
1.717557
1.748326
3.231375
1.999087
0.994646
1.676244
0.734007
0.842164
0.465226
3.631626
4.015919
1.353650
2.448679
1.855595
0.998609
2.764976
2.153484
1.510086
0.338654
0.324522
1.679755
1.762900
3.752683
3.258023
3.177575
3.196452
0.755714
1.602120
3.737542
3.034935
2.673503
0.675218
3.000459
4.510827
1.587565
2.835315
1.237020
1.080046
1.823989
2.244415
1.804625
2.914424
2.016375
1.259658
2.245207
2.432903
0.832614
2.176930
1.031506
2.131184
3.310070
3.896864
1.543725
1.529362
0.994614
4.114613
7.601764
0.708825
2.426358
0.903817
1.958578
3.234036
2.863623
0.718796
1.268336
0.281238
1.596794
0.712229
1.483467
1.131971
2.812190
1.047316
1.986221
1.324100
1.781281
2.532351
1.487625
1.316903
1.198523
1.073796
0.370360
0.361798
2.343367
1.013551
1.438121
1.251855
1.675921
1.065394
3.236982
2.988601
0.585311
2.272745
2.018513
1.583105
1.600091
2.117988
0.602082
1.138840
1.278988
0.806527
2.263581
1.012223
2.358098
2.148444
0.489831
0.679581
1.815526
3.606255
0.667343
1.605432
0.711629
2.832314
0.876060
2.087697
0.983620
4.079162
2.644698
2.105976
2.424767
4.360716
2.391632
2.281244
1.017459
1.638966
0.991139
2.722311
2.424617
3.249751
1.077046
1.728726
1.446288
2.183661
2.557616
2.150290
2.092058
3.904811
2.010787
2.733578
1.319891
1.707297
2.096157
1.297393
1.973456
1.961639
1.675514
2.807830
1.071296
2.108020
1.955829
3.618295
1.734606
1.317190
2.879643
1.802153
1.738878
2.120465
1.629514
2.348881
1.591455
2.243455
1.439009
1.021019
0.575935
0.661517
1.692067
2.827919
1.512670
2.031571
2.100528
0.944179
1.062161
2.498899
3.810040
1.745775
1.762526
3.030356
3.767255
2.425872
4.862267
1.685824
0.284099
0.629717
1.801283
3.377184
0.522184
2.750619
2.260320
2.146224
0.847012
2.825659
2.109984
1.340458
3.063602
1.172328
1.599353
0.808349
2.025053
6.799510
1.594957
1.522634
1.958169
2.668119
0.626484
4.630661
0.411371
0.653452
1.144338
0.723959
2.000000
1.138946
1.522753
2.164672
2.761462
0.785995
1.697314
0.535540
2.410180
1.841306
1.345748
2.025776
0.538556
1.460596
2.236641
1.541034
5.516447
0.729506
0.629409
2.002870
1.939932
2.692734
2.366659
0.716000
2.444674
0.794490
2.517318
0.282190
1.843142
2.667059
1.687697
2.135036
0.434691
2.145173
0.927984
0.768313
4.322498
0.869232
1.787710
2.404974
3.248713
2.048698
1.958364
0.713954
0.348729
3.564966
2.447516
1.948455
1.237833
1.873577
4.495153
1.271859
2.773896
2.609089
3.384440
2.591166
2.013385
1.727558
2.026459
4.836821
2.814713
2.000000
3.706725
1.813584
1.708358
2.981032
1.704664
0.369183
1.545773
4.491857
3.276511
1.796866
0.221485
2.236772
1.369555
2.066316
0.344080
1.716092
2.632811
1.352485
1.645188
1.494102
0.523258
1.542357
1.943840
1.367354
3.769306
3.970965
2.701074
0.975685
0.404398
1.981172
2.000000
5.790371
2.600123
2.889062
0.580548
1.737194
3.308002
2.146730
1.724932
0.595468
3.719220
1.022277
2.558779
0.681530
1.814975
0.638878
1.558909
2.135808
1.094374
4.520359
1.793189
2.495793
0.103066
1.935683
4.953003
3.473388
0.155521
1.452078
1.661673
1.387893
1.353557
2.485934
1.939733
0.638246
0.791377
1.692481
1.159450
0.802417
0.560149
3.878505
1.390807
0.537179
1.771564
0.672400
0.956278
2.262748
3.250785
1.687226
5.271085
0.258404
3.725628
1.375849
1.935599
1.985518
2.456930
0.152456
3.043587
1.724013
2.141236
0.518287
1.571921
0.559003
0.391070
1.202591
2.087641
4.376694
2.345673
1.819380
1.195174
2.193998
0.486546
3.661307
1.406162
1.519978
1.741168
0.961777
2.148718
1.982540
5.251580
2.261890
0.823973
2.315553
2.042000
0.480061
1.305812
0.868706
2.877530
2.036064
3.175216
1.666664
1.297870
0.170931
1.346777
0.777618
2.253079
1.690844
3.250389
2.892595
2.406199
0.882771
2.031708
1.373957
3.495044
1.722087
3.193686
2.181130
1.977993
1.909681
1.989384
1.248395
2.636655
2.855666
1.161177
2.379025
1.550666
1.063769
3.096850
2.115239
1.771086
2.000000
2.543469
2.054092
1.126950
3.442954
1.680388
2.508929
1.096920
2.480584
0.813570
1.423286
0.636325
0.651272
1.995547
2.919390
0.901094
1.875693
2.728232
1.021473
2.902413
0.310301
1.814572
1.613037
1.892388
2.094317
2.336422
1.867179
1.040899
1.181383
0.792479
0.499575
2.917208
1.504056
2.104836
1.390026
0.885837
2.032187
3.006167
2.926855
0.991063
3.447759
1.029272
0.975811
1.387792
1.468787
2.171668
1.480688
1.023810
2.709552
1.493117
0.450073
3.348473
2.225779
3.588268
1.617439
1.625785
0.869805
1.277471
3.583007
3.839134
0.398953
5.638323
1.802112
0.722091
2.337589
2.000000
2.453426
1.091281
0.471015
4.090517
1.650844
1.801118
0.600056
4.924820
2.281779
0.717012
1.762614
2.942704
0.749168
3.488607
1.965521
3.737785
2.097465
1.935153
2.135926
1.676265
1.210515
1.550817
3.543468
0.486586
0.967268
2.516564
1.425563
2.101844
2.115836
2.594342
2.579210
1.068558
0.891715
1.129487
0.603639
1.147244
0.593491
2.091110
2.364337
0.774652
0.952580
2.203733
1.925161
2.284876
0.606202
1.776815
1.037022
1.838988
2.594277
1.273822
1.082817
0.332217
2.387598
1.815713
1.901757
1.380008
3.142180
2.850208
1.497474
0.739826
0.755452
0.886811
2.919137
0.636459
1.419665
1.875324
1.877240
3.848473
0.827540
2.818614
1.021846
1.380418
2.006861
0.584517
2.350326
1.056806
1.876570
2.500590
3.717639
1.875391
1.073582
0.985241
3.248859
3.321810
2.234910
1.164861
2.090047
1.467690
2.782716
2.459116
2.799392
1.755089
0.539486
0.657969
1.686628
0.467331
2.436286
1.410870
1.988063
0.550463
1.426367
1.721807
3.280243
3.244735
2.490659
0.289583
2.966071
2.109831
0.677755
1.991502
1.984581
4.793865
3.854149
2.394685
1.539180
0.350699
0.878622
2.394560
1.509058
1.838605
3.273847
1.468458
1.672715
3.122632
1.271315
1.616650
0.740392
3.810575
2.668161
2.670070
2.386544
3.799833
3.148545
3.751540
3.352330
1.802222
2.399974
1.830794
0.770769
1.154274
1.738850
1.562282
2.303063
1.776972
4.981343
1.896149
0.841876
1.029073
1.845420
1.953972
1.827734
2.440771
4.203609
3.592224
2.100231
1.250610
3.139441
0.725985
0.858471
0.548128
0.764704
3.139704
2.806654
3.147217
1.856820
2.488706
1.951744
3.975953
0.739030
2.000000
0.155786
2.504472
1.538061
0.851561
0.381396
2.830516
2.777898
3.441442
0.572363
2.275974
1.267104
1.472672
0.801510
2.540441
3.295626
0.690053
2.537138
1.766412
1.734288
1.665260
0.630695
0.492573
1.276645
3.687456
1.305881
1.765136
0.800102
2.416639
0.383937
1.068605
1.392369
3.094752
1.089612
1.121357
0.828453
2.568031
2.000000
0.489080
2.271335
1.125701
1.326634
2.366568
2.823195
1.202049
0.824077
2.947634
2.013067
2.000000
0.129848
3.369129
2.087758
3.182855
2.051354
0.845069
3.246578
2.512024
1.334701
1.754738
1.579609
3.462122
2.295798
1.599427
2.184709
2.666641
2.448021
0.628000
2.271679
3.338084
0.791435
2.912260
1.746028
1.197440
0.575071
4.216792
0.961674
2.471901
2.198707
0.689802
2.501858
1.174093
2.075876
1.860634
2.707354
4.074233
0.601941
1.170391
0.975588
4.309725
4.079179
0.719987
1.417268
1.118396
1.299549
0.886837
1.548719
1.376726
1.803823
0.239392
2.515441
2.302154
2.429888
1.360347
4.955307
2.753283
1.863591
1.864309
0.711479
2.075081
0.847257
1.430512
2.018475
5.503564
2.056372
2.504280
3.459590
1.631024
3.156273
1.846025
4.192914
1.995511
1.873872
2.002145
1.205397
4.213936
3.557860
1.360798
1.451394
1.203021
0.510988
0.497399
1.238408
1.015637
0.603432
3.525558
1.617206
0.304529
2.000000
1.104508
1.976390
0.526618
1.726431
4.918406
1.179759
2.531559
2.836536
2.576445
1.671336
1.909523
2.708977
4.313684
0.817748
1.653059
1.336143
2.327096
0.584895
2.190296
2.629570
2.075338
2.993109
0.774039
1.262760
1.355198
3.977853
4.008643
1.077425
0.556189
2.952749
1.247956
2.416708
3.026261
1.521307
0.292583
2.143445
0.591289
0.654374
3.537976
3.941455
0.570939
3.332912
2.789072
0.384528
3.614794
3.371933
2.494604
3.394543
1.987842
3.520030
1.766604
1.117985
0.457373
2.058205
2.067993
1.962217
2.547401
0.618009
3.180402
1.103754
4.445822
2.006107
1.014726
4.658782
1.891476
3.872179
2.045841
3.689106
1.304737
1.379784
2.229388
3.432878
0.620568
2.168172
2.136460
2.722998
0.148882
3.233739
0.293939
1.403342
2.501632
2.106969
1.908201
0.338178
3.945735
3.032476
0.288470
1.998380
1.607813
2.141613
1.715755
1.904537
1.190383
2.299431
2.826926
0.258337
2.510719
1.953126
2.277410
3.992079
2.031744
1.993128
3.176049
1.989984
0.492551
2.012043
3.142795
1.962695
2.956136
2.370742
4.287000
1.980133
1.182291
0.643903
2.000000
2.873636
2.740657
1.883213
1.381760
1.437052
2.085144
0.619991
0.994399
1.351704
2.924466
3.256230
0.425017
2.374266
2.407395
2.329657
1.866885
1.910457
4.750784
2.808526
1.055401
0.974910
2.558417
2.650949
2.106292
2.124045
0.475973
0.838568
1.488715
2.999982
2.344253
1.130553
3.473106
1.705102
3.278492
0.908109
3.551767
2.147271
2.546420
1.015712
0.575172
3.307293
1.947499
2.650064
0.381765
3.778640
0.895503
0.490833
1.154172
4.068872
1.273521
2.513573
3.931107
2.388438
0.449630
3.430290
0.456052
0.577812
1.429115
3.209034
2.452575
2.848398
0.607998
0.282128
3.095443
4.986405
1.950503
2.133877
1.714261
1.815211
2.279294
0.587777
0.296456
2.363149
1.383189
2.814162
0.767201
3.685845
2.200469
5.132029
2.567846
4.336055
2.493638
1.503903
3.021559
1.421563
1.062683
2.427628
1.717253
1.429984
2.714961
1.590258
2.484495
0.651762
1.600523
3.026085
2.124904
3.168520
2.157429
0.598831
1.872041
1.935727
3.270334
2.007367
1.999180
1.909612
5.127388
1.128058
2.024608
0.745584
2.000000
2.372849
2.956939
4.136086
0.645215
1.100909
2.094149
5.470325
6.208453
1.650235
2.201004
2.627149
2.372859
0.860560
2.345855
2.054048
2.244386
0.999359
3.427940
0.874326
1.922227
1.807583
1.403654
2.382689
1.242172
1.464166
3.018606
1.290211
2.535295
2.489416
1.480528
1.468749
1.109237
1.492582
0.632142
2.059990
0.551582
0.788942
0.942169
2.723402
1.493288
1.528357
0.522664
2.818258
2.785668
1.950118
3.894516
0.591437
1.237291
2.175948
1.886570
3.179188
1.659225
0.598039
1.418459
0.766751
2.463249
2.219128
1.611726
1.808231
4.542803
1.512092
0.462807
1.021944
0.801196
1.538882
1.525412
3.445823
3.674978
3.290974
1.142634
1.068706
0.859653
1.457706
2.445259
1.241239
1.600471
1.723144
1.027983
0.601437
2.155909
1.660396
1.967922
2.407614
4.965658
1.611722
1.541796
1.627148
1.410827
1.451795
1.078101
0.718714
6.062971
1.029296
0.702995
1.477007
2.950125
0.733217
0.921584
1.806998
0.624587
2.462137
1.791160
3.657801
1.448213
2.032284
1.805860
1.116734
1.589026
1.323853
3.247370
2.460107
2.050512
4.741428
3.606181
1.974629
0.337644
1.494623
0.165037
1.428040
2.186789
2.250290
3.601019
2.136194
4.646339
0.142853
0.849628
2.738350
3.183562
0.574050
1.457628
1.417338
1.793539
4.545746
2.683753
4.098693
0.890343
1.554500
0.614695
0.772021
0.369966
1.822260
2.210557
1.633628
3.339942
0.315385
3.341265
2.381824
1.702382
0.254722
2.507217
0.440952
2.815378
5.081386
0.625149
0.936101
0.822104
1.338682
2.481885
2.014069
1.816536
1.405231
1.667412
2.457186
0.844810
0.903525
1.320953
0.492711
1.999142
6.789472
1.919688
3.795969
6.788509
0.705369
1.130888
3.764432
2.230060
4.232867
1.698536
3.094501
1.719215
1.682473
5.826655
0.316007
0.573415
1.545411
2.106883
0.450881
2.062415
0.837349
5.465866
2.534959
1.558691
1.352724
1.707000
0.495104
1.649780
1.669119
2.815975
2.648350
0.571212
0.316588
1.343961
2.080323
0.299683
0.896293
1.678760
1.423889
0.653678
5.704449
1.052942
1.262255
2.121888
2.370292
1.031280
2.189999
2.835030
1.281859
0.370074
0.487391
3.233509
1.724535
2.740453
4.385051
2.812687
2.317675
1.995772
2.617422
0.841593
1.563857
1.009840
1.721935
0.474480
0.775952
2.002771
3.066763
2.862366
1.376646
2.144866
2.135935
3.531928
1.911476
1.511515
1.450758
3.092094
2.508012
2.307598
5.129074
2.498591
0.479356
2.047479
1.693768
1.694937
2.323441
0.434088
2.604725
3.428117
1.248737
2.428901
4.546350
1.070008
3.442562
2.970014
2.746469
1.841271
2.425696
2.740549
1.969139
2.000000
2.759016
1.601218
2.127813
2.088284
3.591382
1.528688
0.787704
1.744011
1.058860
0.364318
0.526797
0.407519
2.194263
1.141720
2.000000
1.244988
1.446636
1.042911
1.991984
0.853817
3.982673
1.006397
3.079138
1.064054
1.402565
1.362360
2.711726
1.606010
4.302207
1.183743
1.155028
1.144621
0.823431
0.472926
1.349313
1.724519
4.005566
1.324273
1.980946
2.487043
1.264182
3.143724
1.139175
3.224238
1.905630
3.597341
0.886956
2.102590
1.824275
2.205768
2.390319
1.618541
1.857818
2.507428
0.703910
1.958799
0.794812
0.853165
1.087119
1.058930
1.563246
0.295803
2.072370
2.953697
2.233330
2.906229
1.724972
4.025688
2.386324
1.168271
1.217267
2.407953
2.173306
2.000000
2.357590
2.362731
3.942533
0.941678
0.614201
1.937261
1.398087
3.551234
1.635164
1.742386
2.804766
2.911838
3.576891
0.732861
2.631552
1.881708
2.576656
2.627691
1.148258
1.064385
3.904370
1.974813
0.524564
1.311257
1.724025
3.117901
3.252474
1.568881
1.979093
0.586390
1.380810
2.510277
2.129640
1.101511
1.427311
3.811393
0.854091
2.559993
1.308530
2.476538
2.185151
6.483860
4.834858
2.530628
0.148327
3.910287
1.068604
0.846750
3.077685
1.767962
0.578575
0.814362
0.824806
2.000000
3.201650
1.131709
1.758891
1.205348
2.033326
1.595471
2.788553
2.922376
1.865648
3.495533
3.511103
2.155563
1.784346
2.839224
2.203807
1.757241
2.000000
2.593761
1.460107
1.001189
2.529673
1.463408
0.106001
1.447944
1.483185
0.491453
1.710149
3.448745
1.054615
2.966949
4.766313
2.037246
6.375883
0.674791
1.045424
2.670469
2.648085
1.892269
1.674162
0.697566
2.321067
2.262049
2.549573
1.250410
1.938581
2.827575
4.610772
2.217359
7.498715
0.318843
0.312421
0.520717
2.455461
1.185517
1.871571
1.063121
0.924102
1.469425
2.564869
1.717362
1.616949
0.922418
2.143500
1.084376
2.625458
2.523017
1.980130
1.430491
3.095921
1.817380
2.486690
2.251761
1.037531
0.404277
1.589334
1.121780
0.790229
2.071738
2.854693
1.343026
3.563982
1.888436
2.000000
0.837769
2.220723
3.474346
1.646875
0.609190
2.038221
1.660072
3.278500
1.380112
2.321996
1.579577
3.978540
4.157811
1.918052
3.458856
3.395313
1.571530
2.019551
1.582550
0.206090
0.858919
0.338498
0.800880
1.601278
1.337295
2.009879
0.397489
3.512985
2.312038
2.721999
1.759520
0.480101
0.415304
2.151011
1.748235
1.553260
0.268511
2.711967
4.188007
0.919035
2.000000
2.966717
1.262945
2.267695
3.121425
3.688407
3.482825
0.808245
2.016088
1.231199
2.022393
2.533467
2.824760
0.847567
5.437524
0.426319
2.514601
0.399626
1.332962
3.270340
2.030563
2.923713
1.083483
3.681126
0.248087
3.491618
1.702615
2.513152
1.431836
3.157911
0.750320
2.295193
0.126950
3.809392
0.654342
0.354845
2.204604
2.438851
1.975192
0.272158
2.132380
0.900417
2.063333
0.833615
1.750300
3.311396
0.771693
0.366887
1.453225
2.250633
2.689056
0.191614
3.195456
0.651188
4.668035
0.554051
3.928231
2.924179
3.495847
2.117809
3.493906
1.984945
2.234538
3.343269
2.684706
0.741638
2.158189
0.567061
1.601994
2.261276
0.570998
2.429702
2.111197
2.752290
4.258817
1.541686
3.798258
0.429309
5.056387
1.704428
2.795446
2.073431
2.672619
0.940356
1.844045
3.001757
0.243018
1.979619
2.898272
1.980975
5.343889
3.013137
3.256397
1.228805
1.464304
3.331179
2.630105
3.985595
3.465025
1.763784
0.941208
0.541104
2.510791
1.128959
2.800327
1.667444
4.356037
2.538747
4.710330
0.261084
2.027243
0.907853
1.170997
0.866269
1.498499
0.881598
1.782832
1.807237
2.059529
3.389733
1.213686
1.552755
1.114019
1.562793
2.812668
0.926895
2.988334
6.751558
3.563653
2.784309
0.958906
1.745683
2.312686
0.892195
2.151877
1.539964
0.964619
1.313844
1.048097
1.375574
2.579102
1.799580
0.474362
1.646862
3.437335
0.770982
1.695822
0.658222
0.851937
2.341872
1.034068
0.601449
0.871183
1.194288
0.869859
2.077104
2.686285
2.212213
2.313924
0.993282
1.697158
1.990759
3.828139
2.338727
0.376780
1.141975
1.430465
0.892067
2.395150
3.418503
2.396716
1.248803
2.025416
3.002635
0.565821
1.896778
2.781619
2.132085
2.702970
2.222763
1.787344
3.031954
2.105030
1.752986
1.007762
4.604433
1.627397
0.576178
3.692174
1.777437
0.419160
2.654276
0.786415
1.601002
1.378902
4.289080
1.340880
1.475706
1.443481
3.006405
0.665891
0.399037
0.868581
3.030388
1.755162
3.676247
1.570948
2.792733
1.919858
1.037263
3.034676
4.927425
3.821891
0.307686
0.413899
2.103170
1.613839
1.106030
2.086102
2.175817
2.054326
1.974450
2.567138
1.605480
2.536829
1.927332
1.692183
4.014768
2.570083
1.412068
3.705157
0.249875
1.553536
0.919141
4.817440
1.395437
1.160399
2.330426
0.518626
1.543966
0.763249
2.859157
2.175851
2.175670
2.126805
2.000000
1.972996
1.188944
2.313410
1.478413
1.854770
1.300996
1.040755
2.460883
4.338092
2.264163
1.151845
3.429036
0.576994
0.715800
2.091411
2.519104
2.030920
0.961360
2.490034
3.588678
0.213840
1.495219
4.308701
2.563180
1.772041
1.111069
1.771458
0.691330
1.970142
3.299476
1.572606
1.451477
2.181245
1.587830
2.508596
1.984618
0.385025
2.000000
0.380693
0.993914
0.815392
0.412132
2.595705
0.859581
1.188120
0.902204
1.775923
1.019610
1.276066
2.529800
0.299633
1.106926
2.000000
5.058803
2.590342
0.635177
1.120149
1.108186
4.194753
2.380396
2.255205
2.340619
1.409873
2.044231
0.823314
1.877827
0.488222
1.115803
1.111696
1.191973
1.142094
0.959020
1.375440
1.844770
2.101951
2.797399
1.519715
2.910789
2.081673
1.383157
1.605832
2.349764
1.138252
0.685598
0.610494
2.312916
1.972736
1.190521
0.792716
2.808172
2.394328
0.915674
1.256123
2.000000
0.749409
0.825298
1.742932
0.960622
3.834318
0.849850
2.842406
2.175397
1.202507
0.337575
0.455693
1.492157
1.483775
6.512587
1.504789
2.791851
2.324193
1.634380
0.511890
2.563682
0.512562
1.323472
1.653310
1.380645
1.932156
1.106613
1.416272
2.267028
1.477694
1.963987
7.578805
2.524285
1.244646
1.121743
0.334696
1.425342
3.570392
2.701411
3.136917
1.936893
1.536858
2.827067
1.648654
2.069758
1.322954
0.641058
0.310531
0.824666
2.288651
2.586586
0.175397
1.020287
1.269778
1.075116
1.932858
1.035810
1.701886
2.209245
0.476126
2.000000
3.798949
3.329148
3.318045
0.938643
2.540915
2.829658
2.233390
1.455519
1.765496
1.730415
1.352251
0.850331
0.385440
1.616588
1.360054
2.018714
2.155990
1.892138
3.643720
1.740505
4.204607
1.587370
0.410237
0.672249
0.704435
0.578178
1.507703
0.713076
2.023846
2.147812
0.717453
1.495392
1.886131
2.679296
3.360615
2.533439
1.417027
2.396753
4.557453
1.931846
1.194900
0.829686
2.856977
3.006583
1.850061
2.439256
1.547929
1.577754
0.568083
0.924425
1.969904
0.742559
1.810198
1.753643
1.886813
1.079976
1.283590
2.148381
0.577016
1.681651
2.070755
0.960701
3.248856
1.756993
0.787163
4.694562
2.973970
1.215334
1.339617
0.276445
2.178576
0.589480
2.457555
1.246782
1.545201
2.606736
2.605298
3.522348
2.029553
2.078731
3.542206
0.743404
1.784423
1.555067
0.589909
1.840089
2.137855
2.106076
1.698337
1.777046
1.748252
2.647346
1.441091
1.749199
2.594286
2.855836
1.421164
3.924920
1.363608
3.801869
2.228976
4.174182
0.661865
1.805300
2.851757
2.625761
3.306022
1.258420
3.189636
1.498209
1.209374
1.659425
1.496950
0.608793
1.351638
1.593535
1.689693
1.971251
1.300188
2.361494
2.268068
2.410898
2.697454
3.098351
3.774521
2.616619
0.518888
1.634189
2.650525
2.255116
1.507482
1.054695
2.070344
2.149499
1.356132
0.995249
2.348263
1.191884
1.593710
1.967501
1.067398
1.894492
1.075860
1.885927
2.748545
0.730242
1.725648
1.451790
1.746723
3.361811
2.114955
1.421310
1.764548
0.568908
3.137378
1.477083
1.161489
0.559988
0.841417
1.529825
1.970471
1.240925
2.298576
3.485046
0.712017
1.733414
1.024969
3.013288
2.643603
3.175038
2.786116
0.253251
1.545013
2.004791
2.757467
1.375523
2.216552
1.240827
1.702531
1.255463
1.346217
1.926658
1.975035
1.533966
1.958050
2.034178
2.777702
2.832944
0.970970
1.240269
0.767383
1.862658
2.978541
2.000000
0.711151
1.664085
2.349042
2.714991
1.858294
1.832616
4.321106
4.180068
0.268266
1.885601
1.937365
1.185230
5.625155
3.756922
0.661043
4.490053
1.775446
2.027084
1.676735
6.802235
1.999294
4.096311
2.255391
2.421053
0.589465
1.177482
0.953238
3.095218
4.790105
1.626191
1.471855
1.919312
2.752062
3.602356
1.754697
4.531170
1.242414
0.352992
4.683505
2.615189
0.995547
0.852532
1.996519
0.773394
2.000000
0.568645
1.907608
1.660005
1.040445
2.553338
2.425529
4.347152
1.173203
0.708791
0.789244
2.521079
2.043279
2.118901
1.625862
1.031876
0.811790
5.155346
0.212595
1.746300
2.135938
0.894037
2.164876
4.103213
2.971941
0.530205
1.293581
1.137888
0.527328
3.356604
2.339566
0.543038
3.261875
2.069331
2.369118
4.844341
0.872961
1.426900
1.557093
1.580844
0.254308
1.932484
0.327306
2.113599
1.412161
3.657836
1.375585
1.096620
2.276858
0.968055
1.184102
1.956777
2.578612
2.746420
1.842893
1.594539
3.281073
1.671968
2.862042
1.388238
1.811800
1.572474
2.064572
0.673130
4.895683
1.098960
2.603764
0.937648
3.578413
0.521501
1.517081
0.844395
3.017178
2.246503
3.460937
0.592734
1.842257
1.758591
2.666825
3.131692
1.842196
3.445757
0.919182
0.267185
0.368401
1.719659
3.075375
1.883554
1.762448
1.908581
1.780831
1.339177
1.251572
1.131825
2.217630
1.766831
0.683028
2.096407
2.263799
1.487677
1.143580
2.813235
0.362385
4.122786
1.436775
1.894959
0.216242
2.450025
3.232348
1.798903
4.420071
1.133565
1.715822
1.944742
1.728320
2.664368
2.189195
4.729568
2.698422
2.364676
3.993613
1.587345
1.216918
2.734135
1.036107
1.152619
2.176796
2.232242
1.861336
5.455226
1.127796
2.965742
2.258384
1.402781
1.153974
2.270800
0.903339
2.190781
1.547969
1.038058
3.496709
0.860443
1.724683
2.276307
0.911618
2.608735
1.140697
1.663183
2.638342
2.005955
0.277212
3.010556
2.448908
0.933460
3.682936
0.579807
0.630035
2.468838
1.030573
2.448433
2.272606
0.811774
2.006689
2.693432
2.993553
1.395033
0.856281
0.517844
0.931074
0.428877
2.820626
0.812527
1.657048
2.000000
0.944699
2.076735
4.419290
3.653253
1.932143
3.137694
0.796331
2.615308
3.703204
1.390607
3.613968
3.113943
4.053758
1.820051
2.601019
1.919416
2.595490
1.661931
0.768941
2.190047
3.496315
2.430628
0.776476
2.205295
1.279614
0.509992
3.331876
3.007155
1.202411
1.684989
1.255787
1.770753
1.794562
1.496389
0.996917
1.925408
0.998148
3.396980
1.648685
1.961541
1.662898
0.608402
1.851255
1.611152
0.892300
2.416170
3.451519
1.174237
2.680480
5.362149
1.662935
0.351926
1.508430
1.959925
3.360399
3.708053
1.300623
2.628726
1.013540
3.902379
3.719223
2.436918
2.639998
1.854358
4.308412
4.637680
1.421196
1.532176
1.349134
2.422797
2.880459
2.344700
1.542167
2.615647
1.648795
2.333879
0.805898
2.017709
0.420393
1.304471
1.529573
1.091410
1.672547
2.680681
2.664515
1.889228
1.892022
0.488703
2.961415
3.198330
0.603522
0.572050
2.066586
1.146574
0.465051
0.881612
0.328343
3.037432
2.279785
2.741469
1.439080
1.521644
0.156103
1.983594
0.866891
1.464602
2.163194
1.792834
3.746355
2.241693
0.807582
2.402046
0.894344
2.513337
4.023012
2.848358
0.543770
3.176862
3.682928
1.632812
1.941825
0.668538
3.321177
3.487550
1.387419
0.617583
0.177798
2.581730
2.682298
2.743062
1.271113
2.777070
0.677228
1.635706
2.894947
1.721990
2.634431
2.670818
1.122766
2.067375
2.127031
0.962443
1.073597
0.788472
0.742729
0.852869
2.485701
2.547572
2.135127
2.071808
2.046682
2.539733
0.511186
1.737201
2.936842
1.349938
0.888020
2.131593
2.241800
2.921216
1.372904
1.881123
2.332543
1.918531
4.531979
1.040819
0.770398
2.266969
0.320947
2.159742
1.787810
3.455171
3.697833
2.519516
0.452411
0.591135
0.577285
5.098842
2.302335
0.654564
0.201966
0.500527
0.779449
2.121870
1.385684
2.465631
1.565979
1.490178
5.225621
1.634871
0.210412
4.194424
0.318535
1.986741
2.057717
3.043252
2.047584
1.789526
0.114254
1.765644
0.530808
1.734822
1.778749
1.299220
1.124033
0.362222
0.470337
0.901050
4.191087
1.467613
5.099609
1.474935
3.205311
2.000000
3.224072
0.921750
1.836571
2.482375
1.056465
1.901671
0.266616
2.543907
1.265407
1.134618
2.390193
2.872269
0.736612
1.911388
2.178614
1.675859
2.201024
2.029271
4.704857
1.395041
2.830210
1.363166
1.952134
1.784952
1.102179
1.986821
1.976045
2.165759
1.327973
0.821086
1.068862
1.084459
0.274419
0.972010
1.877864
2.657924
2.191651
3.164928
0.810243
2.604333
2.382841
4.371548
2.670978
3.901271
1.265649
4.138497
1.072469
3.034358
3.476599
3.577911
4.009365
2.980595
4.817183
1.982851
1.733281
3.819647
0.564736
1.456973
3.274881
0.569259
0.303022
1.486831
0.316970
1.827684
1.726327
1.309770
2.246956
1.110377
0.450561
1.534957
1.739861
4.334100
2.000000
1.035712
2.744351
1.570713
1.813487
4.421437
1.817050
0.775658
0.848386
0.414302
2.467544
2.831941
4.115812
2.764408
1.289552
1.694611
2.453442
1.268138
2.327354
1.104415
1.779307
2.784885
3.221310
0.792118
2.392805
2.169740
0.709224
1.465103
1.044665
1.967961
0.500241
3.517346
4.790277
2.129292
1.120243
2.168870
3.497661
1.141157
0.391875
1.080026
2.552979
3.550398
0.562372
0.768868
1.788329
1.040123
1.907850
1.174466
3.740663
1.838810
0.534702
2.014960
2.347512
2.029347
2.046786
1.131391
0.275881
1.011876
2.331009
1.676472
0.126326
3.718549
1.702851
0.413025
4.726665
3.340958
3.665138
4.486246
0.774881
1.967552
1.532910
3.262675
3.664823
2.532318
2.771369
2.636447
3.781673
3.606911
0.447691
1.177231
2.639220
2.662204
2.913405
0.241428
0.253896
1.155144
2.760986
0.955955
2.454444
1.724764
1.878445
3.535917
2.616144
0.889916
1.013093
1.017423
2.935425
2.355624
2.136369
4.799888
1.593615
3.905433
1.746311
2.977325
2.507202
0.881012
2.456336
1.797437
3.423561
4.007260
0.411238
2.035840
2.553112
1.999208
3.850897
1.099957
2.068801
3.553859
0.396796
1.819005
0.397168
1.627919
1.259802
2.551397
1.503404
3.184534
0.857574
4.448599
1.249794
1.051975
1.824253
1.629758
2.490674
2.038314
2.275892
1.324549
0.857384
3.436200
1.284688
2.090368
1.914913
2.739246
2.211042
2.246083
1.785755
2.168296
1.321049
1.022479
3.912498
3.191036
1.659377
2.886384
1.803271
2.227909
3.111165
0.921403
0.359303
1.360697
2.042631
2.811014
1.556066
2.523870
2.140432
1.203012
2.234183
0.537256
1.790357
1.106427
2.737428
1.736095
1.357309
2.601481
2.674284
2.435326
2.012004
0.599855
2.073961
0.800245
2.232136
2.603807
1.815456
0.738143
2.007521
2.173871
5.392428
1.865657
2.194498
1.901049
4.252950
1.290700
1.261351
2.297703
3.051570
1.823879
1.528155
2.782968
1.706961
2.287454
2.484945
0.694833
7.184652
2.980267
5.242741
1.388194
0.683745
2.764159
1.667746
1.393615
1.359330
1.384300
0.811837
2.218458
2.734344
2.709443
0.770071
2.205836
3.185598
0.968702
0.750778
2.619073
0.875277
1.240825
3.457217
1.918320
0.356638
1.378886
3.893434
4.823505
0.506216
2.047422
1.130137
3.021239
1.701951
3.733774
0.882633
0.668707
1.675962
3.348884
0.265547
0.280098
2.131789
1.250906
0.510330
2.587543
2.209875
5.419951
2.781246
0.238803
1.137536
2.645843
3.153841
1.667654
0.540241
2.608141
1.285246
1.066730
3.117311
1.562484
1.485663
2.678168
2.115599
5.607390
2.885529
1.913285
1.557964
1.871423
2.981723
1.740667
0.595703
4.717158
3.638058
0.996320
1.357187
2.651681
0.795047
1.085471
3.054225
1.122903
2.643424
1.106252
2.323289
2.363661
0.854536
4.175523
4.637797
0.906842
2.262797
3.030102
0.401610
2.000000
1.109314
2.186384
0.311638
0.895013
0.502091
1.898475
2.469127
2.615403
4.539177
3.553180
2.949193
2.539573
0.596328
1.191050
1.098740
4.064805
2.013839
0.572981
0.942893
1.187450
0.906980
2.143704
1.694888
1.133954
3.682275
1.676836
1.997167
2.824470
2.046106
2.647277
2.699047
1.603650
2.310731
1.837610
2.408358
2.244058
1.336306
1.514085
0.897716
1.669851
4.980455
3.010536
0.902711
2.002486
2.502916
2.826681
2.229714
1.642355
7.076447
3.231313
0.487940
0.371730
0.746272
1.538517
2.759894
4.716355
0.619338
2.794414
0.731749
1.573916
1.358262
2.595965
2.226321
1.592716
2.989947
1.835671
1.780691
1.019073
1.505202
0.712853
1.749914
2.073753
3.628486
1.352017
1.792057
0.458797
2.129273
1.369508
2.000000
2.839349
3.543508
3.213584
0.977031
2.040079
2.199246
3.327833
1.511659
1.501462
2.000000
0.188569
3.187224
3.445135
2.614707
1.835869
2.386182
3.581731
3.523817
0.477807
0.547478
2.379215
2.422374
0.346832
2.977038
1.686890
1.297340
0.462226
1.752411
2.225637
0.092071
1.740348
1.188036
3.084148
2.873357
2.453599
2.128189
3.178807
2.677998
2.293911
3.422432
4.589107
1.488174
6.567547
2.425292
2.491167
4.797837
2.068681
0.372921
2.199680
5.604414
2.536715
1.933701
0.807935
1.949535
1.131310
0.878016
1.598742
2.903985
2.104777
1.901450
0.642058
1.953354
1.198059
4.271813
0.736426
4.826137
2.019055
2.306119
1.391682
2.006390
3.080925
3.621403
3.224842
0.802337
0.708786
0.595778
2.612054
3.296107
2.491562
2.391907
2.930660
1.604672
1.471825
0.534489
0.504298
0.686488
2.008276
0.894100
2.715187
0.947184
5.498101
1.313987
1.291427
0.809483
1.415881
1.530243
1.997614
2.337390
0.896072
2.297767
2.189193
0.642542
1.172178
1.344870
2.612130
3.078126
0.173573
0.457453
2.884181
2.916849
1.813726
0.474723
2.007672
3.912947
0.923684
0.607199
2.408940
1.536551
1.035142
2.387380
1.370961
1.428174
4.909903
2.266440
0.736168
0.611608
2.865646
0.628803
0.666237
1.074930
2.700795
2.603709
0.583873
0.917728
4.494950
0.757218
2.051326
2.370105
3.383623
1.945086
2.470720
2.324082
4.237184
3.766143
3.118035
0.709347
2.485158
2.022240
1.543294
4.688017
5.131508
1.464917
1.879124
1.040250
1.836465
1.712780
1.954282
1.576045
1.826137
0.862437
0.714285
1.193377
2.440659
1.431297
0.425810
2.178040
1.649088
2.203866
2.712099
3.263507
2.738174
1.255382
2.406188
0.791256
1.875007
1.130438
2.206299
5.236639
0.380862
1.994370
3.001444
1.966912
0.817572
1.809783
1.748016
1.815832
1.129743
1.368002
3.120570
2.233322
1.885178
3.697429
1.672601
2.395765
1.946671
2.000000
0.880546
3.283214
4.176996
1.582801
1.955193
1.062288
1.378778
2.894737
1.302559
2.509483
2.300188
2.000000
1.291880
0.216838
2.327196
2.005805
2.825225
1.230509
2.413378
0.995341
2.889068
1.424557
2.686238
1.428109
3.680658
1.707899
1.376177
2.433254
2.410968
1.463000
1.571600
5.113948
0.819167
1.934168
0.741468
1.847105
1.162237
3.559701
1.987049
2.044984
1.933913
1.710084
3.140772
2.388933
2.896322
0.264853
0.792403
0.645759
1.298680
2.881533
1.366421
0.845181
2.484915
2.248795
2.371576
1.962215
2.235276
0.249617
1.194890
2.342511
2.097566
2.000000
1.268010
1.957261
1.518386
0.525774
2.452104
0.612068
1.898282
1.703450
2.132855
3.080769
2.473613
3.566489
0.491105
1.530833
0.887436
1.635603
1.185567
3.613970
1.432049
0.740369
5.066272
0.347327
1.960088
0.996313
3.419155
2.558163
1.787682
0.332097
2.765241
0.992138
0.964114
1.310838
2.047339
3.398151
0.661130
0.932223
3.003512
5.593398
1.148443
3.046538
3.399688
3.865119
1.779811
1.170380
2.836021
1.944041
0.935982
1.501459
3.640703
1.585055
0.627144
3.031059
2.625789
3.179961
5.173121
0.447306
0.582500
2.426957
1.308980
1.252632
3.021212
2.627471
3.504995
2.234141
3.142403
4.830015
2.215097
1.582165
1.945049
1.571827
3.091466
2.867460
1.666323
0.717655
0.419903
4.560000
0.221715
5.337773
1.771538
4.402122
2.492107
1.061307
2.070614
1.978985
1.218367
3.285761
0.485797
2.412576
2.016138
1.395188
1.396779
1.028518
2.603732
1.477781
0.935203
2.958806
3.773609
4.422346
0.867674
0.170651
4.701819
1.345128
1.851449
1.338684
3.075926
1.345505
1.920252
2.657120
0.317228
1.650695
1.647663
3.656898
0.352043
1.677593
0.403401
2.233719
1.893934
3.895790
0.877062
1.835225
1.962315
0.454887
0.724191
2.596029
2.395216
1.665699
2.829782
4.198164
2.167600
0.258899
2.344084
0.380210
0.567148
2.771931
1.880588
0.396669
1.482967
1.439142
0.861633
1.818591
1.818952
1.664040
2.200055
3.126440
4.543660
2.964416
4.264684
3.001647
1.536743
1.585179
2.364414
0.811806
1.204265
1.890438
1.559492
1.361498
1.180115
1.938162
2.448159
3.115275
5.030749
1.944440
2.122988
1.895843
2.646809
0.747849
1.775235
2.864445
2.448197
2.139171
2.659751
2.111395
0.234147
4.617679
2.507300
1.308702
3.525101
4.168524
2.767825
1.201831
0.214854
0.954815
1.508551
4.068359
1.670298
0.415877
1.106253
0.552548
1.010052
2.974085
1.609866
1.254810
1.898875
0.792139
1.315573
2.992615
1.456147
2.090421
3.318534
0.736126
1.325454
1.819411
0.973077
5.763725
1.743276
1.737567
2.382996
2.875852
1.333625
3.414956
2.874031
1.798986
3.197582
1.586604
1.821523
1.620499
3.233693
2.001308
1.782768
1.946800
0.690473
0.515656
1.393199
2.477189
2.663186
1.438772
0.985877
2.612905
5.006736
2.262633
1.914751
1.186626
2.311909
4.990185
1.640145
2.000000
7.845695
0.589680
0.856535
0.527799
2.776154
0.707382
1.809185
2.725785
2.480257
2.056331
2.464037
0.484174
2.684308
0.521981
0.532162
4.097294
2.039922
0.750732
3.596541
1.697103
4.402874
2.016941
1.827106
2.419579
0.202791
1.610088
1.245629
0.665838
2.651634
2.301882
2.181312
1.065690
2.541126
1.188614
0.747213
1.722278
0.548993
0.424358
2.596286
0.812064
2.270022
4.651424
2.486121
1.638186
0.277607
4.959343
1.437573
2.228123
1.896059
4.332015
2.402898
2.053397
3.165431
1.232085
3.275101
1.937651
0.699826
1.820092
2.141432
2.066644
2.281402
2.127148
1.514124
3.389533
1.084402
2.922662
1.389433
1.554832
1.250112
2.000000
1.793914
1.093958
0.396587
4.212400
1.179256
0.655150
1.945356
2.231960
1.758896
2.777894
5.030795
0.323838
4.197676
5.522976
3.170334
1.027674
2.000000
1.613112
1.357432
2.704142
2.973221
1.798257
3.329951
0.451627
0.687226
0.885329
4.003763
3.320542
0.566246
1.696410
2.910443
0.269166
0.542326
2.597897
1.637030
2.310019
0.680956
0.671022
0.802086
1.102306
2.547796
0.101573
5.571204
2.207157
0.846953
1.912088
1.877966
2.566885
1.315883
1.876046
2.388242
2.463907
2.125363
1.164693
1.617243
2.768096
5.199384
1.877819
0.925473
4.084312
4.937918
1.656054
2.165812
0.877311
1.571788
1.635075
3.233632
1.769574
0.542228
1.857632
2.303625
2.173741
5.674140
2.506502
1.488313
2.008996
2.046932
2.916843
1.469128
2.943105
2.667454
2.636317
3.243515
1.961495
1.468795
2.142841
0.879811
1.768818
3.081304
3.115733
0.344368
2.000000
0.491374
2.000000
1.915914
0.833300
1.519559
0.554125
0.369409
1.079465
1.388632
2.188440
1.612023
3.415251
1.892937
1.303108
3.127331
3.854831
1.621119
1.274238
1.412221
1.025879
1.602301
2.040355
1.795177
5.697392
2.545461
2.509319
0.563919
2.517195
1.588731
2.480033
2.472239
2.466051
5.325253
1.521018
1.227258
1.405590
2.442454
1.726862
1.210088
2.229649
2.557160
0.559798
1.425124
2.288593
2.000000
2.029170
0.831033
2.000000
1.707530
3.772136
1.022339
3.104911
3.699894
0.639724
1.786216
0.969909
1.930856
3.535751
3.265644
1.476351
1.290754
1.445792
2.750561
1.548907
1.463583
0.866067
0.392891
2.021201
0.759224
1.689755
2.088005
1.903008
0.519860
0.688890
0.469774
1.253262
2.349373
2.266801
1.289916
1.137994
1.403217
0.899902
0.918599
1.161738
3.478740
2.000000
0.584034
1.148736
1.474739
4.441052
1.333953
1.068362
1.973071
0.108430
1.543319
1.644306
2.024131
0.823940
2.880801
3.498100
1.865480
0.522743
1.154826
5.031296
1.671710
2.193728
0.472688
1.147147
3.558870
5.988582
1.076718
2.129296
2.221701
2.751688
0.974491
2.537043
2.668163
1.890836
4.079720
2.067040
3.696296
1.771443
1.422102
0.903758
0.546506
2.974554
1.097116
1.602954
1.238582
2.266289
2.299355
4.293450
0.866016
2.000000
2.274740
2.442698
2.955279
3.364776
1.982353
0.403891
2.235902
0.601409
0.938823
2.332607
0.899392
1.663209
2.288324
1.808102
0.351835
2.000000
2.006021
3.015703
2.168205
1.305788
3.231136
2.231410
3.297153
2.332863
2.123084
0.153070
0.973809
2.474946
2.956821
2.897009
5.211503
1.284902
3.259707
1.886893
2.011345
2.181258
1.549515
1.418730
2.783437
1.648222
1.218374
4.293256
2.293982
1.527144
1.986022
0.972092
1.486843
1.849456
2.392576
2.960412
2.030706
1.524144
2.856606
2.266355
1.342050
3.333273
0.710205
4.378794
1.623508
2.621350
0.665579
0.488977
1.933295
0.548200
3.106511
2.351548
0.522831
3.403341
0.441818
4.147995
1.314397
1.881217
1.781906
1.977219
2.131371
6.349763
4.217788
1.848895
3.187401
1.816033
2.144082
0.224489
1.934042
2.169474
2.786266
6.276555
1.159895
1.279749
2.598196
3.723065
1.256311
3.470859
3.569371
0.530423
3.367999
5.134526
1.028259
3.778345
1.478180
2.426512
3.252760
2.706947
2.227950
3.150061
0.662469
1.412937
1.912338
1.957167
1.651517
1.748161
2.585121
0.646506
4.188735
2.000000
3.759956
1.774943
2.015654
1.637988
2.000000
1.338885
2.975638
3.491202
1.679740
2.871289
1.642743
2.297164
2.242708
5.330575
1.272100
3.018488
1.805283
2.340865
1.884790
1.274378
4.505826
1.896669
1.230492
1.313998
2.134303
0.821818
0.997922
0.242702
2.000000
0.406625
1.991334
0.879859
0.828910
2.000000
3.734413
1.907599
3.860860
3.163899
0.782797
0.257718
1.868037
3.177623
1.536991
2.294988
3.856246
2.139727
3.016569
3.003960
2.638233
2.276875
1.536740
1.769942
1.606228
1.084178
1.711267
5.058623
1.238698
1.154220
1.886269
1.195323
0.705600
2.063697
0.999280
1.778620
0.247120
1.911884
1.467179
2.314980
1.723509
4.444356
1.790658
3.854141
5.810265
0.822541
5.523710
4.353104
0.677109
1.906847
1.627814
3.308597
0.452984
1.315620
1.409973
1.121851
1.555866
3.001728
1.879436
0.091626
1.666262
1.625319
1.790324
1.815954
0.626133
1.106421
0.192401
1.373351
0.901134
2.330473
0.171009
7.275286
0.748013
1.167793
2.288548
2.000000
1.271961
2.213765
3.617149
2.053008
2.315974
2.887103
1.469473
1.354840
4.495184
0.532377
0.689043
1.867679
2.149313
0.545636
1.404878
3.892917
2.088407
0.436041
0.405146
2.292757
2.493017
1.355299
3.562790
1.488272
1.970972
6.107168
0.662692
2.401868
1.338212
1.512515
4.177387
1.185438
1.374795
1.175660
0.699165
2.206380
4.941328
1.177390
3.002926
2.252080
2.478981
2.576973
0.538238
2.094591
1.014867
1.612680
0.952521
2.321694
1.858506
3.564818
1.897987
0.981047
2.160871
0.493091
2.244591
2.052009
0.821608
2.208627
0.753026
2.283086
0.711464
2.375694
1.474072
3.644556
0.787881
1.051516
0.827406
1.174427
1.743058
1.824517
1.499508
2.542173
3.148161
0.650936
0.908518
1.335705
0.491979
2.190142
1.714932
2.832405
1.474798
3.576508
1.975774
1.797519
3.254666
0.540548
1.505377
1.551276
1.895879
0.888754
1.842637
3.638770
3.402015
1.759625
1.545592
2.228502
1.325260
2.715252
1.691144
0.396611
1.305271
2.215540
1.977785
2.046296
1.911096
0.849173
1.432577
1.767105
0.651633
3.511149
2.899573
1.588519
3.242113
0.589665
3.980265
1.564072
0.788014
0.394357
4.028293
1.971738
2.850425
0.587415
2.582087
0.241632
1.053489
1.275486
0.861362
1.625138
0.431535
1.204967
2.018838
1.367614
1.106603
2.525748
1.617855
0.240346
2.279545
2.063774
1.947776
1.295816
4.081278
2.621419
2.183033
0.844141
1.260103
1.206794
1.910167
3.278608
0.846774
2.160048
0.505653
3.038374
1.838292
3.157413
0.614868
2.884282
2.436048
1.103638
1.128189
1.217788
0.717913
1.888494
3.399529
1.390060
0.682053
1.021530
0.831435
0.886696
1.714385
0.995482
5.596807
3.904634
1.311726
1.135583
0.640187
1.593779
0.554985
1.610444
2.136554
1.667872
0.718684
2.407759
4.068070
2.000000
1.036880
1.296322
2.371989
2.012731
2.011739
0.969041
3.093175
2.654299
2.136417
3.458885
1.048389
1.800554
2.356267
1.031856
1.456343
0.282775
2.330145
1.544926
1.167011
1.559844
3.286696
0.457144
1.898303
1.553728
0.609146
2.450228
2.725294
1.514619
3.263541
2.203452
4.352171
2.460736
6.163748
2.549475
1.521724
2.863743
1.657079
0.518721
3.237455
0.786618
1.465760
2.339816
1.211479
1.125977
2.440321
0.456238
1.838832
1.551003
2.055661
1.916146
4.255731
2.301970
2.020722
0.482993
4.011453
2.860022
2.294474
2.508531
1.158097
2.849445
0.700578
1.465916
0.913679
0.876668
2.894320
3.023622
2.745900
0.777794
3.387768
0.655793
0.939756
0.158557
2.738230
1.139734
0.674695
1.623526
2.609730
0.520928
0.773144
0.386424
1.236710
3.884608
2.436055
1.591389
0.803064
1.747467
2.642653
0.953983
1.859420
1.172361
1.137154
3.003189
2.580676
0.130173
1.946295
0.459316
0.737046
0.953069
1.793556
0.797374
1.170233
2.732482
0.862877
1.655187
1.214726
3.083411
2.049576
1.236871
0.489493
1.142728
4.008808
1.120366
2.429824
2.592289
2.231838
1.068422
2.205755
0.606802
2.196618
1.664611
0.608943
0.486570
2.615901
0.444963
0.836123
1.364281
1.934907
3.247566
2.099642
2.001374
2.000000
5.118950
2.312532
1.073058
3.679692
1.717434
1.583549
4.076090
0.475390
0.479079
1.164749
4.470685
2.156140
1.552537
3.461608
2.509819
1.047825
1.835528
2.141276
2.098196
1.720278
2.482813
1.327608
1.324376
4.061763
1.996842
1.960363
1.241905
3.501169
1.754247
1.947680
4.123035
2.044819
2.843581
0.985520
3.075857
1.578441
0.819441
1.701691
0.609587
3.579273
2.470443
0.946635
1.107343
1.249443
1.118432
0.716205
1.933379
1.737734
3.096824
3.215672
0.611821
2.734201
0.604207
2.519344
1.658673
2.842370
1.764674
3.003378
1.598146
3.459744
0.293564
0.977897
5.542514
2.241348
2.000000
3.219242
2.260051
4.038216
1.134589
3.429507
3.786817
1.063974
1.207888
0.916139
2.210626
4.632374
1.386515
2.423060
3.359562
1.510918
3.251339
2.286494
1.118326
4.635539
2.919373
2.094737
1.715610
4.827030
1.997617
1.388700
2.835367
1.970375
3.907919
0.437318
2.305204
0.374171
0.700997
1.978656
1.410925
2.306003
1.267256
1.398345
3.857701
2.767416
4.077374
1.081163
2.062717
2.826238
0.272694
3.433743
1.939813
4.439079
0.242415
1.645915
0.519773
1.369489
1.632296
2.588670
3.155865
2.038950
1.562801
3.008886
1.267396
1.247039
1.052953
1.543094
2.937076
0.846595
1.740796
1.455675
2.368147
0.423718
1.239658
0.684645
3.757681
0.931498
2.698438
2.860059
1.020706
2.940519
0.517925
2.693243
1.219988
1.581379
1.919815
1.369126
1.787181
0.622040
3.327163
2.488539
0.241776
3.662555
5.220574
1.946505
3.098871
0.444448
1.174742
0.265962
2.009151
3.956420
0.945961
3.612273
3.133922
0.935406
2.482670
2.526815
2.459512
1.537265
1.892334
3.532224
2.658176
2.823751
2.080970
0.569973
1.250844
3.729678
2.480558
2.380335
3.878345
3.285183
1.108212
0.348247
3.121463
1.238776
1.877223
1.983328
2.281573
3.181912
0.969598
1.249548
2.280408
1.337169
0.455735
1.839950
1.899995
5.725183
3.939262
1.413285
2.635582
4.432667
1.026632
1.579168
2.533391
0.656409
0.169794
0.518556
0.848621
2.074995
1.977672
1.580651
1.685652
0.863145
1.711850
1.458589
0.304270
2.191668
3.664208
3.204988
1.945116
2.221112
2.836828
0.665295
1.775574
3.328094
1.140396
4.021888
5.463474
2.068557
2.008317
0.676669
1.351601
4.988244
6.654852
2.658174
2.260894
2.402017
1.259076
2.141005
2.876083
1.308277
1.644350
1.431695
1.426369
2.283328
1.656978
3.740103
1.640230
1.777915
0.886060
0.957690
2.275216
2.000000
2.000000
3.642644
2.329699
0.871423
2.781767
1.753300
1.622136
1.242655
0.704595
1.916650
1.855223
0.634187
3.362782
1.721292
0.824612
1.269163
0.996915
2.490161
1.860355
2.093359
1.094925
2.830716
2.000000
1.762640
1.439745
0.925262
0.717662
0.810147
2.398798
2.039343
2.041805
1.270649
1.338307
3.153912
1.495892
2.320707
3.973521
2.502869
4.683985
1.144890
1.586259
2.024493
1.786299
0.331539
1.927385
0.799060
2.292269
3.171445
1.582011
1.162676
0.930237
0.482651
2.027355
0.785852
1.921928
1.131209
2.045956
0.843557
0.926552
1.682261
1.080931
0.632967
1.072239
2.000000
0.887656
1.741835
7.070777
1.340725
2.125684
3.245192
1.857378
3.316224
2.000000
2.058710
2.277563
1.435924
0.968146
2.339222
1.972036
2.643222
0.552674
3.500550
0.236599
0.232565
3.106131
4.715523
2.928032
2.486603
1.616049
0.250770
1.059953
1.648555
1.807454
1.743654
1.718807
2.551112
0.907252
0.865753
0.530123
0.762348
0.936200
2.988277
2.490079
6.801335
4.369711
1.681406
1.527790
2.651160
3.698168
3.489569
2.108153
0.796618
1.590649
2.746942
2.206456
1.110518
1.387268
2.457783
2.523711
2.129531
2.040581
0.487779
3.076272
3.894269
1.535459
3.031035
0.755148
1.771345
0.657497
0.750920
3.652179
2.864148
1.147707
3.600775
1.604540
2.117872
2.271436
1.821612
1.974368
2.138756
2.329080
3.138963
0.217428
1.316762
2.549610
4.688644
1.832242
1.949395
0.204096
3.951037
2.832371
1.052300
0.786989
3.010340
1.003844
2.711414
0.694253
2.510123
1.423520
1.818666
1.714279
0.837555
0.484862
0.829426
1.901801
0.126308
2.131430
2.252038
2.461492
4.478648
2.167305
1.835499
0.898363
3.646554
2.010916
1.153431
1.258617
3.443749
4.855639
2.588661
2.341253
4.993786
4.048379
1.403264
2.735302
0.625426
3.180570
4.201411
1.608967
2.897542
1.142030
3.564301
4.446742
2.240783
2.487450
4.404925
1.882639
1.020886
1.666023
2.429947
1.804261
1.100171
1.315861
0.213723
0.428537
0.379884
1.888130
2.507551
2.190706
1.921345
2.366605
1.647713
3.694008
0.214644
1.120928
5.156075
2.919489
0.929781
0.857463
0.794120
2.310325
1.231019
1.729635
6.879824
1.169263
2.230376
2.034581
1.650624
1.938614
0.817775
1.917923
3.427563
4.415728
1.067956
1.921114
1.351117
2.398847
2.020346
4.312133
1.143222
1.436000
2.245613
1.482888
3.210998
3.645840
1.489652
0.761357
1.946209
2.289958
2.388287
0.653808
1.217734
4.103044
0.790970
1.224860
2.122625
1.930381
1.415093
0.394489
4.840025
1.423484
3.101300
0.968310
1.059240
0.722235
1.653949
2.602440
2.787810
2.114173
2.315289
2.154691
1.111398
2.929833
0.627398
2.630394
3.183793
2.449706
1.313461
2.013028
1.079169
1.812359
4.596726
3.725005
2.686843
0.894938
0.586129
1.533881
0.923558
1.462267
0.574811
0.399274
2.098489
1.807530
2.772424
0.150516
2.376530
2.000000
1.230328
1.563648
0.984927
1.522853
1.748982
2.494737
1.966294
0.726892
1.189590
2.009420
2.577364
6.248839
2.364767
0.693095
2.472396
1.989146
1.341395
1.914577
0.490309
1.289767
3.158031
2.529622
1.822373
0.709592
5.172872
1.827518
3.433439
6.183500
5.939409
1.780591
1.941344
2.030419
1.290670
5.639842
1.489037
0.750310
1.596201
0.664922
2.194469
0.413290
1.790316
2.129832
3.263846
2.379099
3.025603
1.255083
1.530376
1.671854
0.530259
1.519085
1.420859
1.068280
0.904036
2.040663
1.802251
2.139171
1.359178
2.322505
3.085913
1.031091
1.082922
2.623775
2.756089
2.342375
2.193133
0.320188
1.981591
1.037968
4.427604
1.004783
1.976832
0.635867
2.285267
1.808345
2.766690
3.840472
2.349657
3.412230
2.000000
1.054024
0.774961
2.557709
4.509402
2.652973
4.991303
1.260205
2.395503
1.717317
2.562853
2.371056
0.995541
3.201012
1.453947
1.976698
2.051530
3.098704
0.701866
0.962148
2.023696
1.095698
0.420885
3.010294
2.320012
3.051793
0.847662
1.228603
1.933001
0.693000
0.845255
2.087488
3.009642
0.410137
2.523611
1.302584
2.175886
1.735828
2.044564
1.419935
2.029143
1.957977
2.530758
1.182044
0.770508
2.054150
2.216032
0.335692
1.872283
0.641631
1.918270
1.560720
1.610664
2.049644
1.201889
0.767324
0.647181
4.925244
2.344757
4.139640
1.616616
2.000000
1.444162
0.956955
1.252478
0.855307
2.299041
2.508057
1.129484
1.244219
0.784991
3.535597
1.725624
1.330016
4.147999
2.353864
0.403132
4.451892
1.813395
1.500679
0.607733
2.197648
2.376568
2.100181
2.883873
0.151198
1.693483
1.857652
1.162402
2.464326
0.809892
1.923641
0.934203
1.421624
1.380398
1.908763
1.526942
1.063110
5.250350
2.498954
1.922657
2.611336
1.768845
1.966447
2.251514
2.832825
1.336992
1.485502
2.156651
0.630360
1.449122
1.538442
3.643760
0.462363
2.847906
2.144731
1.411927
2.667452
2.114917
2.000000
0.539994
5.017759
0.348985
1.402777
1.407339
1.462260
2.143041
2.300139
1.153628
0.377406
1.155777
1.012654
1.644651
2.442139
1.531941
1.127341
2.000000
1.185848
1.291577
1.919648
0.973061
1.875485
3.179300
1.241146
1.385731
4.280419
2.639306
1.077389
2.098912
1.807095
0.442481
0.888998
2.449916
2.078392
1.442028
2.555619
0.850527
0.797347
0.539774
0.968013
2.286855
1.023134
1.670309
2.136598
1.888964
0.819379
0.850583
3.319917
1.512007
0.325620
2.769128
3.595704
1.576406
4.029192
3.146416
0.606205
3.425471
2.673140
2.405726
2.694275
2.001238
1.308733
1.449030
2.142509
1.380412
1.396031
1.934559
4.693606
0.574403
1.436639
2.818023
2.632036
3.409956
1.014040
2.736020
1.713014
2.412464
1.124376
3.854913
1.826964
2.128077
2.321405
2.916201
1.256502
2.853938
2.984925
1.088491
1.596381
1.893298
2.976967
0.787448
2.092123
2.000000
0.393461
0.633515
2.393422
4.619330
0.841080
4.002431
3.914406
2.174923
2.834152
2.886590
1.630314
1.533788
3.570442
2.065047
0.202912
3.694761
1.661547
3.423863
1.607223
2.825779
3.113439
0.447223
0.726948
1.552820
1.746257
3.065951
4.324192
1.947465
2.090195
2.972943
0.721216
1.764630
0.910225
2.036573
2.404757
2.018442
0.606087
1.185509
1.834284
0.996419
4.816542
1.392499
0.217435
5.666201
0.362123
2.463348
0.959839
1.825603
2.610368
2.967998
2.021049
3.941304
1.405205
1.434474
0.503567
1.799913
2.291230
2.262119
1.150926
0.154467
2.418011
0.549672
2.169541
1.358240
2.572666
3.848253
2.189851
3.904083
0.880193
1.974771
1.200619
1.851683
2.406636
2.999548
3.342976
0.159827
1.543361
1.521596
1.796570
1.391904
2.271808
1.044686
0.556399
2.768249
1.877177
1.667813
1.939835
3.867222
1.985192
1.488342
1.988646
2.018226
2.041325
1.995315
2.577345
0.718717
1.488756
2.493298
1.992109
1.567116
2.805768
1.706574
2.354434
1.718880
1.498062
2.392130
1.565642
2.046321
2.250285
1.289214
1.265465
4.711559
1.825356
3.157678
0.531838
3.744104
1.452334
1.715242
5.182962
3.220844
2.665308
1.940660
1.039944
1.750900
1.397420
3.710063
0.437624
1.229029
3.188653
1.085273
1.763642
1.787830
2.088742
1.217900
2.515614
1.506604
4.016280
0.952558
0.527391
2.035832
1.095940
1.142184
0.360516
3.090091
3.425561
3.572299
2.097067
2.778820
2.825139
0.472638
0.900304
0.921536
0.732831
2.000000
1.728308
1.555980
0.442655
2.374321
1.616429
1.946749
3.254222
2.967945
0.990184
3.619264
0.851995
1.984148
1.380055
0.436790
1.912938
3.240361
0.733333
1.221233
0.149889
1.919930
0.862881
1.989774
0.161722
1.871362
1.840365
0.720196
0.285227
1.921138
1.799122
0.892095
0.925722
0.572637
4.002209
3.837913
2.526925
3.244828
2.000000
1.574648
2.891993
2.400426
3.666065
3.363084
1.296104
0.691262
1.262923
2.311795
3.759907
0.916526
2.659627
2.054538
1.843848
4.213219
2.000000
3.315316
0.892010
1.020044
1.048980
1.679315
1.825327
1.314970
3.400440
1.099942
1.480594
3.380340
2.051958
0.714760
1.296891
3.450331
5.672003
1.147862
0.244374
1.276763
3.188538
2.148425
5.454850
3.307161
2.664351
1.747071
2.264262
1.830005
2.406149
0.447905
2.125120
2.937264
2.517920
0.700373
2.000000
0.922093
1.270758
1.803832
0.682201
3.432885
2.173973
0.713608
0.737072
4.700680
3.321679
0.929673
1.886233
3.640053
2.165775
0.874137
1.376482
1.993694
0.344421
1.397172
1.415259
2.489016
0.587203
2.262806
1.749067
5.008123
1.915695
0.577104
1.083004
1.097723
1.036376
3.415693
2.929384
4.262421
1.721227
1.693772
2.324626
1.976195
1.749198
3.611718
2.163212
1.693114
2.376389
0.932080
2.546946
2.501465
1.542658
1.503692
3.963249
4.557924
0.604010
0.321699
2.346446
1.786386
1.278216
1.864116
3.560373
4.876749
1.938415
1.645751
3.671016
1.750946
1.869989
2.401971
0.354981
1.856051
3.405756
2.374368
2.039748
1.724384
1.379787
1.810521
2.546592
1.991845
3.737461
1.244486
1.029078
1.843127
1.750102
1.473415
4.827943
1.654421
2.368378
1.354771
2.747707
3.058056
2.525596
1.865951
2.113925
2.185312
2.165761
1.441317
0.764285
2.338460
2.808528
0.629647
1.607226
2.833580
2.569113
1.382489
1.354124
0.605150
2.455258
2.092265
0.797344
2.283754
1.271752
0.985935
0.599363
2.344771
1.291289
1.026565
2.880205
0.789663
0.488468
2.577949
0.952612
1.763593
0.387076
3.678671
1.003226
3.087529
2.461267
1.903238
2.709611
2.019338
0.711477
0.684159
1.507114
4.346043
1.315588
2.157668
3.019168
0.463738
4.820308
1.055120
3.239803
2.724398
0.392934
0.195390
0.657846
0.623757
2.149591
2.000000
1.731403
3.745166
4.205426
1.728719
0.304694
0.811776
0.879284
0.740988
1.001296
2.808560
2.343112
2.845860
1.563922
1.840934
3.349662
2.516454
2.085317
1.316123
4.017904
2.207895
1.891518
2.248529
3.479972
0.936734
1.743380
1.077236
3.360067
3.026731
1.647179
0.436092
2.448017
5.459787
6.816346
2.497209
1.461494
1.481162
1.710377
1.614032
7.176184
1.112964
2.061663
5.567882
1.991210
0.420045
1.748223
1.919505
1.780603
0.728031
2.022057
2.292300
1.821418
0.484932
1.674153
2.148876
4.851392
0.599648
1.885769
0.480351
1.387884
0.881021
2.223561
3.150267
8.015501
2.400894
1.952042
1.345743
2.518275
1.809476
1.696572
0.299123
5.853367
2.084166
3.352741
1.666652
1.588280
1.734818
0.680716
1.967196
1.952333
2.589881
4.424370
0.183953
1.078399
0.576067
2.252903
0.557981
2.869711
0.729229
0.665671
1.719389
2.603040
1.240737
3.247638
1.681225
1.739261
1.840710
1.177502
0.575949
2.438124
0.770253
3.568660
5.099439
0.935267
1.525616
2.265517
0.515105
0.672397
2.552081
1.088753
0.977910
3.617645
1.579964
2.872974
2.336809
2.530373
3.429927
2.836496
1.125953
1.444574
1.331455
2.220440
2.168437
1.255840
2.907258
1.824573
0.840605
1.444442
3.176758
1.297042
0.396284
3.688913
1.137121
2.829446
2.715925
1.401915
1.563071
3.528963
0.201352
6.298665
0.620213
0.970710
2.026336
1.521575
1.278058
1.393642
3.486392
2.124121
2.153650
0.836769
1.862841
1.446021
3.112746
1.794295
1.262819
1.710767
2.951569
1.432388
1.606870
3.072701
0.275563
2.024053
3.759588
1.445914
2.650767
5.827719
2.361903
2.126605
1.941623
2.152196
2.501464
2.075863
0.824768
3.834950
3.312171
1.056754
1.504363
2.221053
2.078986
2.466866
4.274474
1.163852
1.086102
2.401237
1.031380
1.773133
2.687753
3.546661
1.155827
2.000000
2.566063
1.633510
0.772856
1.945570
1.111922
1.100371
2.761888
8.174201
1.637937
1.053256
1.107910
1.588909
2.339725
1.177544
0.748890
2.802053
0.512230
1.446176
3.290662
3.193624
2.925169
1.620465
1.172034
0.319903
3.225861
2.052325
1.030194
1.542068
3.297588
3.154996
2.984906
2.071695
0.474524
3.952546
1.203204
2.470781
2.510910
0.253304
3.087439
4.196869
5.437161
3.049836
2.490910
2.632042
0.616328
2.246819
0.651730
1.848189
1.530028
3.158175
1.715407
1.422536
2.307454
0.890978
2.312308
1.534710
3.192374
2.440176
0.277076
0.525465
3.599104
3.933173
1.842926
4.953067
2.268435
1.829555
0.549041
2.277735
2.683150
1.862541
1.733723
1.043614
1.805253
2.651879
2.267801
2.174060
2.229442
1.051314
2.378832
1.890601
0.737820
1.570394
1.280989
1.444891
3.116699
2.147270
2.259485
2.396348
0.996817
2.707643
1.785318
2.000000
5.668843
0.379671
0.286917
1.706635
1.065262
5.525345
1.338899
2.526659
2.864158
1.404404
3.330053
1.416404
1.846456
2.010175
2.238575
1.741297
3.989688
1.316141
1.782614
0.703110
2.153996
2.181606
2.816584
0.245472
2.151038
3.536518
0.941029
1.366805
0.248674
1.901238
4.095700
1.920859
1.949884
0.690213
0.866191
2.520318
0.810977
2.166352
0.909421
1.632298
2.322231
2.000000
0.645967
0.695866
2.209976
6.270632
1.188160
2.590536
1.477327
3.839700
3.598540
0.395216
1.926450
1.872662
1.802438
1.250333
3.712682
5.048883
2.370781
3.260109
3.928051
0.963630
1.610734
0.950736
0.340332
2.159410
2.778992
1.080650
1.455464
1.143794
2.626782
1.863275
5.383401
4.087488
2.605259
3.321418
1.849109
2.929191
1.695610
1.820376
1.745304
0.627164
2.593750
0.658138
1.797457
4.063632
0.756489
1.278962
2.651941
1.965705
1.977025
0.252832
0.445467
8.335396
5.673835
1.688999
1.742592
0.787844
2.537582
5.461688
2.687355
1.925058
0.090067
0.656366
2.000000
0.541644
1.503791
3.015727
1.201717
2.563232
3.660717
1.001999
2.851274
1.440045
2.324897
5.308745
1.349125
1.313913
2.717763
0.922511
3.128460
0.549065
1.400809
4.341179
0.163626
1.229974
0.827172
3.140158
2.471219
0.623190
0.664238
2.095122
2.723188
1.812971
2.384609
0.556794
0.660163
0.886217
2.334194
3.055888
2.823601
2.439298
3.702472
1.893023
2.755227
2.000000
2.037797
1.793453
1.281052
1.395150
3.914929
2.183151
1.728094
0.431135
2.789958
0.904112
0.813901
0.610920
0.972166
1.023392
1.107497
1.985762
1.866814
0.992224
2.742913
1.559116
1.635858
0.796276
2.940708
0.344974
1.976012
2.053383
0.705626
1.979596
0.625693
1.909436
1.827950
1.377600
3.271323
2.478380
0.649538
2.339763
0.470138
2.458730
5.210273
0.682081
2.986506
2.505175
0.911168
1.831726
3.124649
2.592538
1.453708
3.040952
4.178128
2.329616
1.927245
1.630378
1.231051
2.478386
3.302321
2.814373
1.253051
1.301426
1.683506
2.683290
2.785695
0.285998
2.377548
1.171657
1.673809
0.234509
2.008391
2.319815
4.667015
3.160964
0.676831
0.488080
3.036570
0.987017
3.608809
1.296761
4.368724
2.967892
1.545290
2.382554
0.532728
2.384030
4.586732
2.250839
2.919649
1.607085
2.073841
5.268270
2.902412
0.728266
1.930519
4.128858
3.384931
1.165376
2.966362
2.439898
4.028252
2.229832
1.571449
1.549697
1.171964
1.725759
8.828320
2.284189
1.350396
3.316073
1.826282
4.136847
1.370748
1.242971
4.866090
1.303217
3.210894
2.529323
1.579938
3.541944
0.897317
0.481214
1.005233
0.436051
1.799109
0.605595
2.285436
0.506250
2.102987
0.916805
1.520059
0.589059
0.962650
2.140655
2.424760
3.561776
1.842839
2.168446
2.049951
2.755166
2.500506
4.251481
0.577969
1.909914
0.841934
0.702498
2.406589
2.180573
3.914690
1.518620
6.639026
3.927897
3.691803
2.153046
2.018276
2.280267
1.604384
1.214365
0.423525
1.846213
0.828563
1.798084
1.531825
2.367217
1.691672
1.333956
2.167353
1.958494
0.469060
1.667764
2.063734
1.756044
1.620585
0.884672
1.520993
0.789524
3.367950
3.089538
0.698379
1.634318
1.032800
1.380262
1.004600
2.000000
1.692219
0.471718
1.850227
2.921178
2.541788
1.483921
1.882516
1.675105
4.836603
3.830833
1.861961
1.995313
2.419659
4.426561
0.781602
0.360539
1.361990
1.599121
3.146140
3.666017
0.715631
2.501055
0.793741
0.828675
1.062942
2.059435
2.358209
2.477800
3.568737
1.577504
0.417882
0.852136
2.809126
0.732997
1.581942
2.984644
0.973313
4.451601
0.683680
1.352632
1.999379
3.475651
1.152719
1.551812
0.829705
3.117378
2.210250
1.862489
1.480991
0.907152
2.850146
1.124580
1.269488
1.599634
2.620447
2.092745
2.000000
1.324957
0.972135
0.617053
2.135117
2.783172
2.118528
1.591138
0.992308
2.190328
0.681046
1.400679
1.524741
0.958729
2.113553
3.043731
1.921835
3.849225
1.532212
1.848130
1.017250
2.111921
1.672640
1.656363
0.608185
3.412042
1.231968
1.597723
1.876329
0.420808
2.406699
1.929683
1.703933
3.455350
2.126593
1.269533
4.065529
0.742595
0.295770
2.190232
2.517732
2.057827
2.441073
2.320794
3.066240
0.232873
3.247628
0.608409
2.274437
2.252495
0.759340
4.747602
3.544905
1.194886
1.873098
1.014634
1.541810
1.821492
3.174936
0.843593
1.740223
1.701559
1.268845
0.357726
2.593304
1.670078
3.438462
2.756519
2.088627
1.149367
0.720256
2.221255
4.980745
2.209661
1.799215
2.413852
1.632173
2.151881
1.445075
1.614807
1.619408
3.142862
0.405920
0.737210
2.332587
4.249697
1.981769
2.069418
1.731253
1.366312
0.957845
1.648709
0.961189
1.161602
3.688850
4.140212
0.600973
1.657470
0.550751
3.868415
1.815565
1.529755
2.392739
1.357412
1.541351
1.293175
2.884314
1.379413
1.162334
1.170795
3.560202
0.839259
2.392136
2.369570
0.697320
0.318439
2.305083
2.000000
1.744364
1.285486
2.450312
4.225425
3.899551
0.286763
0.777030
1.692843
0.409688
1.684906
2.359494
1.858923
0.877946
2.089863
1.840770
3.193854
0.717465
1.545560
1.821401
2.469181
1.919318
2.245806
2.089197
1.366999
1.781117
3.943567
0.419750
1.528711
1.392630
3.013181
1.463913
0.875434
1.346535
4.120008
1.300837
0.487026
2.741159
0.932927
2.765789
2.314225
5.887339
1.381447
1.727556
3.027495
2.794206
0.397135
2.086397
1.570673
2.833037
2.254908
1.418863
0.293118
1.517914
1.060466
1.995668
0.453650
1.618171
4.254696
0.450568
1.813163
1.881899
2.718271
0.670805
2.701710
0.942114
4.119424
1.256724
4.413410
2.225285
2.345286
1.730592
0.562108
1.355000
0.166116
0.674038
2.000000
1.224619
1.554554
2.428609
0.286138
0.858156
1.871266
0.894738
0.582142
1.070248
0.267681
3.712446
1.964699
2.328429
3.244684
2.158461
2.531540
2.138715
0.921144
1.952669
1.941533
1.426307
2.303149
1.308397
1.179453
0.963161
3.218691
2.433390
3.274520
0.860893
1.938460
1.010241
0.786347
0.291289
3.779010
0.545081
2.206658
0.822863
1.742813
0.602248
2.030112
1.174847
0.561948
3.786324
2.228133
2.433399
2.230451
2.154701
2.546073
1.580085
3.000891
0.343691
3.591747
2.781976
1.286243
0.883865
2.028191
1.455775
1.392435
0.712725
4.365920
1.143010
0.277459
1.458563
1.034910
1.939324
3.098132
2.458406
0.522619
3.893038
1.344577
0.655095
2.190504
1.669171
1.938495
1.454862
1.266220
1.631236
5.631689
0.915155
0.658310
0.595512
2.032313
0.971988
4.478664
2.395246
0.461512
2.065518
3.907958
1.664229
1.643730
1.138312
1.109906
2.697445
2.349374
0.479537
1.703374
3.053140
0.662923
0.877524
1.658385
2.209900
2.596021
0.850035
1.169580
2.654635
3.183465
3.949833
3.567566
0.398173
2.715302
2.063720
2.071835
1.091636
1.384461
1.395956
3.190031
2.135988
0.152603
2.000482
1.340392
2.313910
2.352882
2.197025
2.063780
1.782513
0.731691
1.649774
1.906016
1.126802
2.855501
1.001143
1.584383
3.146533
2.401583
1.655640
3.812585
2.376520
1.642160
3.373223
0.959362
2.306761
2.117186
1.014407
3.957188
0.729986
1.189557
0.738013
0.398001
1.858447
0.808472
0.720415
2.586696
2.286810
0.741508
0.490200
1.430927
1.512751
4.014269
0.822074
4.846583
2.914913
4.626657
1.553008
1.470796
2.615491
1.057924
1.764451
3.357321
1.662427
2.465626
2.335243
2.000000
0.405636
2.316830
3.031864
1.711025
2.626743
0.337094
3.006129
3.691479
1.404397
1.599094
0.647919
1.502407
2.618281
0.836784
1.771146
1.574239
1.576758
3.716662
2.490687
1.344504
1.713624
1.600645
1.465803
2.968089
1.471699
1.268723
1.946958
2.683335
3.285640
2.199094
0.553155
1.911571
0.789374
1.829022
3.248075
1.916926
1.493371
2.556012
2.997066
1.163627
1.969656
2.150659
1.741305
3.069144
1.238336
2.362718
1.697772
0.987449
1.444981
2.591976
1.941461
2.908508
5.372550
2.323301
0.836087
0.548193
2.777068
0.373446
1.066579
3.005104
0.354865
1.613839
3.774643
2.000000
1.744933
1.300241
2.381051
0.392987
1.104031
2.637131
3.849023
0.713412
0.664830
2.490806
1.792874
1.183765
3.789081
2.616919
0.917774
2.407250
2.818342
2.252491
2.179839
2.179597
0.604082
2.652637
0.506204
3.555463
1.315525
0.970956
1.626537
0.623179
0.209253
2.490283
2.181148
2.285241
2.360436
2.576724
0.470185
1.172140
1.865209
1.834166
2.246156
1.660965
2.690705
1.586708
2.858642
1.333618
1.683592
1.598588
1.553799
1.800423
1.990549
1.829331
4.679622
2.905553
0.562364
0.270536
1.373255
0.329101
0.751697
2.454325
1.024389
3.140584
1.526920
0.330935
0.403944
2.345847
1.940535
1.884612
1.964034
1.302013
1.374114
2.777462
1.131567
1.954277
3.354597
1.896299
2.165824
0.916234
0.800672
0.333382
2.372938
3.970324
0.776580
2.441145
2.501013
2.156271
1.330276
2.628093
1.970356
2.487085
2.346508
3.666773
1.998802
1.911984
3.404212
2.055700
2.782920
2.000000
1.359820
1.080843
1.584452
2.695379
3.984370
1.411833
1.728213
2.664507
3.957400
2.340497
2.099109
0.573100
1.843795
1.378653
3.821191
0.352136
2.941105
1.712645
1.659928
0.840683
5.450271
1.072143
1.718108
2.778691
1.810747
3.650991
0.258130
1.970012
1.575882
3.604209
0.859905
2.105130
3.973387
3.749326
2.984391
1.496858
1.646965
1.630488
4.910000
2.006835
1.020379
1.244766
1.977532
2.758304
1.184943
1.743194
1.024076
1.724868
4.029691
2.969365
2.401422
1.803195
1.948784
1.916721
1.770332
3.158079
2.681566
3.311704
1.040989
1.056361
0.405546
2.498432
2.327481
2.803725
1.117449
2.033542
1.575546
1.507390
1.030507
5.617466
2.427101
0.548012
3.038461
2.159333
1.238233
0.846393
0.325187
4.482392
2.000000
1.520377
3.879845
4.529936
1.994762
3.418599
1.341796
3.702105
2.122917
0.720910
1.961875
1.746640
0.583192
0.751031
2.057329
2.004621
2.620632
2.925737
1.339298
2.562821
1.638801
1.391130
0.782730
2.302863
3.261948
0.455320
3.891370
1.441744
0.846617
0.406815
1.511562
5.722887
2.203936
1.874642
3.066837
1.238004
1.590199
1.678347
0.766917
2.611337
1.065172
3.532787
1.595598
1.986351
2.029912
3.904965
2.783348
1.927450
2.499164
4.844415
2.271452
1.840158
2.000000
1.208047
1.115124
2.546335
2.141208
2.000000
1.518097
0.550980
0.940784
2.115307
1.113842
2.596578
1.604311
2.089334
2.477067
0.854672
0.874909
1.224420
1.463611
4.826168
3.328901
2.662780
2.024369
0.595175
1.358979
1.491319
1.969953
1.345677
4.016080
1.096812
2.299939
1.497763
1.165233
1.847311
3.225460
2.347969
1.494833
1.644638
1.338508
2.445771
2.384265
1.782360
3.176272
1.322697
1.965010
4.923240
1.522628
0.616114
0.308786
1.633331
2.951438
0.365834
4.832685
2.023598
2.062017
1.877367
1.860003
2.138384
3.156150
2.112656
1.555917
0.477292
2.162227
0.973760
0.865200
2.290386
0.711758
1.043926
0.606882
1.956099
0.314398
1.835720
0.419241
3.439728
2.055530
2.376854
0.961715
0.391429
3.159697
2.514591
2.456390
3.565886
2.619313
2.000000
1.564899
2.719866
0.593131
0.604432
1.096591
0.437306
1.905388
0.561409
2.588162
2.282624
3.201541
0.589267
0.592785
1.607486
2.212599
0.442246
3.837756
1.562696
3.141798
2.101515
0.621632
1.859064
3.780587
3.658795
0.272006
4.784220
1.510113
3.449982
3.166866
1.701901
2.894673
1.244282
1.982991
4.202576
1.687370
1.534930
0.926360
2.973365
2.117591
3.659763
2.127971
2.401828
1.004666
1.380288
1.562756
1.589283
1.057182
1.373091
1.227699
2.729092
2.601238
3.942305
1.536087
1.945559
1.877096
2.256088
0.953879
2.439639
4.054881
2.708788
0.782579
2.965009
1.315086
3.230055
1.820135
2.484284
1.706527
1.096231
3.008682
1.227229
2.371306
1.773111
2.130843
1.637439
2.917758
0.583524
2.302911
2.408671
5.197019
0.351366
3.060191
1.958736
0.577765
1.064074
1.487670
1.886348
2.665906
1.870008
1.061400
0.195265
1.551368
2.173429
3.829780
3.686761
1.007101
1.649377
2.325854
1.097231
0.303368
1.532395
0.943102
1.647803
2.207420
2.591289
1.950934
1.894907
2.541966
1.776486
3.510018
2.064980
3.574024
0.828636
0.729783
2.170026
1.072003
1.938038
5.223411
2.624612
3.009833
2.840487
1.021063
0.267860
2.137795
1.088214
1.545437
1.417854
2.414908
0.414513
2.000000
0.902872
0.338582
0.952597
2.581147
1.661216
4.374766
5.142884
3.562766
3.308416
1.095277
3.196465
2.483732
0.276978
1.326392
1.901745
1.967999
1.557385
3.296892
1.665326
2.153740
5.575794
0.892382
1.670555
0.663390
1.648620
2.587674
0.918147
4.071661
2.506812
2.531730
2.225434
0.279435
2.414517
2.551391
1.639527
2.276106
0.998964
0.540768
2.467516
2.904238
1.579484
4.980924
3.128873
0.639439
0.753170
0.111633
0.982534
1.662933
1.489201
3.450947
0.278142
0.714019
1.784514
3.032696
3.050342
2.225574
1.896251
3.218684
2.687556
4.426161
2.659419
2.606318
0.981992
3.616443
1.055847
3.004837
0.624559
1.414707
1.823269
1.265607
1.938475
1.532982
2.494947
1.289103
3.437931
3.189574
0.739151
0.654432
3.682671
3.421629
0.567816
1.785095
1.770952
1.379187
2.746876
1.791697
1.812321
0.266748
1.464653
0.697554
0.491899
1.809056
1.536300
2.731787
1.732180
0.194557
2.420808
1.984467
0.615663
1.244540
1.842943
2.248027
1.478013
0.533854
3.525498
3.034471
1.731426
2.360960
2.156023
3.262548
2.366286
2.004031
0.518552
3.871349
0.617318
2.050538
2.129364
1.956901
1.357434
1.710445
0.277941
1.770758
0.591014
0.292610
2.287249
1.837695
0.534795
1.376061
1.433232
4.536696
0.930135
2.166837
1.957840
3.051860
1.126869
3.917835
0.474247
1.136989
1.671923
2.000000
2.082441
1.932788
2.206440
1.666720
0.645192
1.535696
1.397188
4.470306
3.421920
2.690672
1.898202
0.453796
0.868091
2.515550
1.237885
1.344752
2.194932
2.142641
2.987606
2.647755
2.537493
1.761190
2.192087
1.987632
3.568884
0.631272
1.841579
1.998975
2.515040
0.681939
1.180121
2.522055
1.092789
2.266475
2.072154
1.070292
2.165763
1.782061
1.276216
1.235387
0.657297
0.506109
1.421382
1.366696
0.829824
1.190603
3.703205
0.652628
1.912013
1.785739
0.235823
3.022455
1.327171
0.673418
1.655534
0.087557
1.638628
1.940081
2.786212
0.672192
4.322947
0.815399
0.555833
2.000000
2.089781
2.692933
4.051431
3.148621
1.971274
0.964670
2.101379
2.339798
0.485498
0.655231
0.250194
2.050438
2.018333
2.294028
2.399547
5.506964
3.213008
2.427514
2.025573
2.000000
0.821497
1.126731
1.737506
2.020208
0.801329
1.432032
4.754925
1.810107
1.452917
1.900348
0.710623
2.345395
2.591167
1.836739
2.000000
3.139850
0.752475
0.724342
5.960673
1.451707
2.170997
1.448732
2.258992
0.436032
2.588426
2.566872
1.494771
2.000000
2.808639
0.838494
4.465136
1.901117
1.168582
2.468369
1.725610
3.920013
3.376052
0.274615
0.874722
1.815279
2.626110
2.210328
2.175540
1.753699
1.515760
2.405301
2.290147
1.367717
1.708318
1.835854
0.948357
2.103901
1.388779
2.413896
2.145955
0.407804
3.770858
0.902102
2.000000
1.960564
0.329637
1.659215
1.093868
2.000000
0.744309
2.808554
2.471421
2.580311
1.767259
1.856726
0.971245
1.439388
1.318705
3.314050
1.223377
0.826371
1.181435
2.091125
2.195507
3.868428
1.549377
2.181297
4.633173
2.444023
0.737643
1.768497
1.619483
2.008597
0.287445
1.371665
2.170014
1.995194
0.919581
0.825916
0.805725
2.610602
0.260568
0.295227
1.960430
1.543062
1.248638
0.919528
1.030981
1.540399
4.725595
0.476954
2.641983
1.850947
1.014099
1.621983
0.143515
1.971131
3.367352
2.137110
0.387892
3.212753
1.699489
1.777172
0.359603
4.780392
2.000000
2.000000
3.736304
2.549108
2.001750
1.756045
0.504169
2.015481
1.941734
1.107593
1.718988
1.907623
1.110103
0.881570
1.653061
2.953268
0.660652
1.055360
2.051002
1.798237
1.616252
0.944794
1.356267
3.128724
1.167170
0.584160
2.568869
2.316302
1.894813
1.941202
3.429775
1.944091
1.251926
4.225087
0.681853
2.662398
1.125528
1.468840
1.958500
0.588401
2.000000
2.000000
0.768803
1.351922
1.913911
2.119106
2.064084
1.131704
3.218404
2.411449
2.223579
1.414400
2.000000
1.578957
2.843113
3.265110
0.772247
1.658163
3.804191
1.969640
1.079496
3.507868
1.287536
3.318398
2.780045
1.709689
2.458402
0.883290
1.966177
1.604831
3.278087
0.501105
0.504004
0.891158
2.200117
1.140018
0.799397
2.112694
3.701083
0.839555
1.351225
1.438170
1.374727
3.582343
1.575819
4.423124
2.408611
2.151452
1.854480
1.790052
0.524138
1.418673
1.817149
3.113438
3.145808
2.105634
0.703690
2.000000
3.779614
1.115122
0.543255
1.406677
1.932500
2.016880
1.283982
2.579367
0.819562
2.059369
0.900412
3.618580
2.410081
0.459673
1.177745
2.917101
2.602182
0.601345
1.674452
2.065662
2.311377
3.029418
0.974243
2.430436
0.838941
1.707840
4.821033
3.471686
1.931307
3.104394
2.296818
0.479910
1.743248
1.907876
4.002210
4.228192
3.757604
3.281264
2.377175
1.319010
2.935938
3.719163
1.904124
5.651983
1.010226
3.762357
3.316871
1.495731
1.695962
1.824301
5.240053
1.671211
2.548783
0.479795
1.724031
9.022376
3.026795
2.732858
1.977907
2.676263
1.419892
0.842437
1.770474
2.296899
2.616498
1.772610
2.639450
2.933460
1.003475
2.158546
1.917531
1.766101
3.807982
3.034159
4.760481
2.383113
2.187230
3.465934
1.171461
1.057512
1.427820
0.488597
2.435912
0.903423
1.800611
2.641830
2.104132
1.619250
1.177842
1.481928
3.520406
1.237607
3.815318
2.515311
2.106082
0.637670
2.298547
2.032214
0.688673
1.642527
1.250125
1.995585
0.846505
2.428259
2.000000
3.967779
2.152987
3.047077
3.651187
2.367287
2.474675
5.151927
3.095163
0.556200
0.932593
3.379627
0.512025
2.514371
2.209091
1.094777
1.620757
3.412188
2.379281
1.378815
2.362495
1.269942
1.889208
2.032067
4.317934
1.587536
1.041575
1.738431
0.876282
1.921937
2.680144
3.654870
0.299007
1.856122
2.433616
3.892432
2.718551
3.701444
2.088736
1.677999
2.192509
1.949705
1.814099
1.849655
0.062657
1.852573
0.515551
2.580774
2.307742
1.874511
0.349468
1.342607
1.965060
1.309129
2.687687
2.388377
3.582541
0.759453
1.494993
1.967239
1.835368
2.242135
1.400076
1.478872
1.525223
0.610716
0.803428
2.485989
0.675572
0.491291
4.614788
2.000000
1.301074
0.968461
2.145143
0.985640
1.462902
5.056770
2.681892
3.710933
2.756562
2.175776
3.281819
4.541541
2.372662
1.357067
3.229123
1.893510
1.779426
2.314881
2.155226
1.973569
1.222960
1.499730
1.718626
1.146268
1.675026
0.594291
1.436829
3.220496
2.000000
2.040538
1.546439
0.633226
2.103607
2.703175
3.219004
1.721420
1.982443
2.204756
0.840654
0.249224
0.708284
2.122663
3.898404
0.553912
2.765653
6.143783
3.506717
2.345253
3.508617
1.174487
2.572769
0.622235
2.821702
3.651185
1.983998
0.941146
4.116429
1.070934
2.939466
3.347911
0.536936
2.686258
2.090130
3.255558
1.913150
3.096919
1.622571
1.732561
1.452940
2.420218
2.553429
2.190184
2.460972
1.369105
1.197040
0.957843
0.568133
2.015936
2.716952
2.108487
0.984310
4.165930
3.113555
2.263852
1.744598
1.757336
4.155293
2.232931
1.380489
1.098078
2.188790
1.575899
1.117630
2.811742
2.124868
1.674546
1.889238
2.402737
2.089457
2.000000
1.552990
3.037020
1.257735
1.178103
0.895163
1.783736
2.000000
1.308319
4.734561
2.025151
2.205643
3.863067
1.111502
2.095454
1.483328
1.733201
1.062415
3.312435
2.324612
3.585742
2.566883
0.992798
2.723814
3.010142
2.933029
1.322401
2.396989
2.733294
1.398122
1.401676
2.236253
0.978773
1.385107
0.934052
2.866481
1.170358
3.442797
1.965739
1.739724
1.187863
2.196033
0.748417
4.340855
0.852024
1.753533
1.339664
2.363080
1.375206
0.895181
2.620646
2.000000
5.639433
1.867515
2.431263
2.818982
1.684034
2.248159
2.364691
1.599630
2.572820
3.380857
1.648663
0.818285
4.590832
2.473153
1.458705
1.847283
0.611122
2.945427
3.989655
1.216129
1.299884
1.934353
3.488950
2.696881
2.000000
3.458638
0.729951
1.650309
2.684933
2.178458
1.796174
2.000000
3.223128
1.381051
4.270127
3.712676
4.405830
3.789862
1.801251
0.403716
3.286401
2.296513
2.000000
0.981491
0.517788
1.345989
2.000000
5.329481
6.381124
1.894132
2.900996
2.790536
3.182042
1.242827
2.645687
2.275747
2.798368
2.330586
2.507039
3.178908
0.368305
1.812284
2.339109
4.924880
2.473749
2.282366
2.704909
4.296664
1.017310
0.853909
3.647719
0.640017
2.220508
1.819967
1.626109
1.806539
2.820784
2.838059
1.638181
1.609861
2.491737
2.504017
1.870041
2.000000
1.091731
1.385190
1.357143
1.776040
0.230977
3.368728
1.574734
2.020184
5.137304
4.086599
0.912437
3.800320
2.759178
1.278369
5.195544
1.059742
0.928420
0.739771
1.379652
1.985742
1.488533
2.879650
2.913830
3.554680
3.935267
0.794204
1.025259
3.141420
1.885325
2.740312
2.512960
1.153352
0.635817
0.345849
1.628429
0.488389
0.253568
1.421894
3.402908
2.144433
1.315030
2.692612
2.902591
2.564291
1.826327
1.405914
1.823684
1.367097
2.708984
1.700985
4.337881
0.550033
1.585585
0.561647
0.687393
1.638074
0.496083
1.263103
0.980144
1.012015
1.655074
1.657318
2.755808
0.319218
3.574383
2.207610
3.329664
3.201434
0.691423
1.179023
1.544597
0.881243
4.603259
0.361109
2.150917
0.979337
1.155753
0.929346
1.598152
1.283345
0.712120
1.401707
2.296999
1.456775
0.651109
2.359188
3.473399
2.225226
2.317786
2.008657
1.252322
2.009008
1.563146
2.896331
2.358235
2.386116
1.493997
4.958990
0.836614
2.078132
1.821754
1.163145
4.804679
0.483095
2.261973
4.649823
1.590566
1.967833
1.953411
3.071560
0.406411
1.101140
2.000000
1.364029
0.161663
1.461051
1.008595
0.342512
1.596350
3.119561
2.156657
2.062152
0.302650
2.333724
1.021219
2.100478
1.749469
2.128339
1.315196
1.287079
4.112218
0.616272
0.858025
1.359475
1.801636
1.988086
0.218275
0.963846
2.069609
0.425375
4.534013
2.263552
3.529981
2.023194
3.769819
2.719971
2.912046
0.170941
0.600094
2.069103
2.000000
1.171818
0.937981
0.419150
1.290275
4.230350
1.772687
2.253949
3.012735
3.472614
1.013231
1.721999
0.836322
2.041328
1.995352
1.859365
0.428353
1.857986
3.493766
1.827344
2.885985
4.001092
2.020228
0.475921
4.153445
1.911736
3.062496
5.491289
1.191478
2.477934
1.452298
1.647505
2.257859
2.498379
3.393379
0.845938
3.479850
0.571959
2.132171
2.324971
3.639916
0.381302
3.672494
2.122192
2.580786
1.261597
2.875956
1.256585
5.687047
2.083410
3.284136
2.129761
1.598019
1.482865
0.959047
4.065748
1.229180
1.226168
1.511506
1.782477
2.362567
1.588730
4.129088
1.460175
0.115591
1.938051
2.248096
2.947054
0.904449
2.908340
4.381915
1.626027
2.159822
1.957585
3.752193
0.319890
3.283293
1.690540
0.740568
1.905260
2.121517
0.476485
1.455898
1.741433
0.823098
1.193826
2.159848
2.201657
2.928449
2.523621
2.723620
2.014495
3.525719
3.086668
3.334472
0.804214
1.328561
0.530333
1.962815
3.445818
0.610207
2.571251
1.578921
1.208205
0.447926
1.864764
2.118481
1.207206
1.493530
1.772966
2.008213
2.355289
4.243920
1.006932
0.548502
2.000000
1.623889
4.270081
2.465965
3.036789
5.216548
0.854156
1.656489
0.763166
1.384570
1.551576
2.499902
0.693434
3.819829
2.606225
2.376840
0.639128
1.265949
2.000000
1.708775
2.000000
4.590974
1.769222
0.547733
1.038792
0.354060
0.474575
1.534054
1.962286
4.547524
0.902303
3.459109
2.405587
2.748236
0.386753
2.735448
1.451134
0.695392
3.904351
2.391997
2.023212
1.327758
2.965374
2.514699
1.366736
0.951587
2.480172
1.965598
1.375752
0.159484
0.501915
1.260599
3.304473
2.829327
1.058915
1.997099
2.891154
2.074922
3.184400
2.753083
1.139162
2.754388
0.901397
3.045053
1.986316
4.345222
2.476761
0.858554
0.812393
4.757755
2.386929
3.661098
3.047990
1.644075
3.707078
4.443132
4.413418
2.678586
1.986964
1.238024
1.403666
1.118165
0.447420
1.285369
2.880481
2.823473
0.388160
0.856865
3.283433
2.550081
1.373455
2.319113
3.106127
1.164557
2.058553
1.812455
0.889352
4.738398
2.974986
0.323827
0.832717
1.919507
2.654173
0.424739
1.288748
2.170576
0.301777
1.654290
0.954316
2.000000
0.891434
2.315293
3.091638
2.646118
4.084568
1.611342
1.127762
0.244254
2.856571
2.825116
1.078303
0.492607
4.469859
3.103761
2.110668
1.285186
1.850365
1.110862
1.774607
2.682888
1.940770
3.264001
0.392076
3.982439
1.177325
3.037384
0.581815
1.385873
1.615224
3.766074
1.834842
1.186231
3.229317
0.598885
5.562444
2.163066
0.728715
1.540466
2.000000
2.465981
1.599762
0.732337
2.535213
0.508865
1.259325
2.971327
3.554869
0.268725
3.581703
1.051784
0.890812
2.943649
2.657774
0.520204
2.822600
1.207217
2.797482
2.148390
2.317138
3.147928
1.046715
2.033205
1.800952
1.570141
2.280132
1.766308
2.331407
1.778864
2.423887
3.139683
3.074624
0.638804
0.717460
1.471138
1.053409
1.716819
2.194948
2.040290
1.189102
2.255518
1.214381
1.952939
1.209743
0.949850
1.362196
2.218333
2.000000
2.956917
1.624079
0.630283
2.622521
1.015734
3.387341
1.811577
1.092098
1.655605
2.398444
0.989890
0.390539
2.094586
0.718676
2.055562
1.565726
0.746356
0.833598
2.163259
2.808462
6.247972
3.832591
3.067412
1.938972
1.103205
2.634155
1.016239
2.433262
2.322778
2.210740
0.926459
2.987764
0.960373
4.519126
0.806920
1.286770
2.223176
1.602068
2.000000
5.285832
2.843051
1.946429
1.199049
2.245501
0.823403
1.864617
1.184087
1.085403
1.076903
3.127847
2.798239
1.813814
2.075906
1.695547
5.818568
2.000000
2.324821
3.638291
0.554111
3.758901
3.545695
2.423951
2.046014
0.783439
0.613447
4.173304
2.333838
1.140399
0.786976
2.409488
2.000000
0.366052
1.451293
0.719285
3.818349
1.823965
1.545917
1.321506
1.930836
0.537755
2.530901
2.856620
0.477388
1.839742
0.655886
1.436065
2.073273
0.320842
1.674026
0.742461
2.462020
0.762423
1.654604
1.959038
1.887591
2.100693
4.115725
0.926434
3.057779
1.508304
1.880970
2.000000
3.640364
2.219624
2.089068
1.646115
1.604310
0.587320
2.654970
1.834223
1.031415
0.726037
1.236644
3.082479
0.711489
1.454343
1.643965
0.338773
1.726734
1.363365
1.207530
1.996108
2.123598
4.127753
2.093630
1.950280
3.345416
2.107145
3.297750
0.574925
1.136577
2.044604
2.278891
0.788755
0.421864
1.625713
3.429755
0.342540
3.500993
0.967933
1.710191
2.084537
3.555862
1.219558
1.111456
2.190323
1.973767
2.628033
1.650075
2.139417
0.834609
1.715665
4.626536
1.417134
1.856121
2.696098
1.349977
3.045667
1.706400
2.113258
0.959229
1.876029
1.457992
2.842035
1.826465
1.042003
1.222762
1.830361
2.062819
1.759213
2.115727
1.326473
1.908519
2.101777
4.617640
2.833166
1.523045
1.104904
3.811924
1.974871
1.993712
3.050828
1.999906
0.579867
3.211802
2.228972
2.000000
1.838180
3.432294
1.174447
4.151254
0.923894
1.721505
2.150155
1.542849
2.073195
1.740915
2.107352
0.819861
3.087594
1.493407
5.890238
2.522779
1.024870
2.752718
2.817821
2.676306
2.084489
0.218397
0.767937
3.227245
3.398053
1.687184
2.931815
1.266880
2.068461
2.816088
3.376935
1.834490
2.640018
3.431134
2.898420
0.442826
1.085607
0.259906
1.227674
2.871779
0.346189
2.005001
2.685307
2.032280
3.728046
1.682141
1.561807
2.125937
3.427152
1.919980
0.616761
1.432271
2.838937
2.671494
1.108766
0.239657
5.930900
2.336679
0.920472
4.107128
3.923865
4.066933
1.814842
0.260082
2.234068
4.186872
0.964426
2.377077
2.414883
1.210158
2.024125
4.089120
2.405593
2.083284
1.630267
2.027040
1.771891
0.532542
0.755301
1.221574
3.721269
1.507391
2.535820
0.429371
1.746905
1.817423
0.519955
1.827364
4.905339
2.727416
2.564570
1.445385
1.135348
1.413913
1.950260
1.307191
2.463725
1.791539
0.399509
1.247649
1.973421
2.102020
2.567159
2.499273
0.651245
1.180046
2.077453
1.258416
1.508608
1.453745
3.818172
2.077083
0.918820
0.647418
1.133270
2.000000
2.679881
3.859922
1.328771
1.442669
1.073470
0.597791
1.367602
1.827213
3.406228
3.292384
1.795546
4.513111
2.101016
1.618281
0.790162
1.281717
0.401633
5.196029
0.663104
3.066594
1.770399
1.698501
0.782288
1.352064
0.241002
0.648950
0.623705
4.137473
2.735414
2.880669
0.279362
2.203744
1.459699
0.377682
0.799776
0.288630
1.856180
0.585171
2.948343
1.911567
1.742014
0.379398
2.723600
4.309020
1.679132
1.569841
4.770079
1.962614
2.887037
3.678401
1.588819
0.459757
1.845547
2.159876
2.199260
2.425516
2.852782
1.299883
0.916359
1.697255
0.449899
4.720800
1.023676
7.707812
0.626509
1.248897
2.931201
4.856919
0.715227
2.000000
1.061306
1.229866
1.117611
1.653271
1.970362
0.272166
3.727763
1.647889
1.589694
1.916305
1.259155
2.585379
1.714324
1.406222
1.869909
1.174229
2.409479
0.627916
0.347895
1.640389
1.593157
0.942846
3.670160
3.253011
0.532126
1.347171
2.481519
3.390998
0.551147
1.600449
2.080543
2.297292
0.667877
2.177439
0.353253
1.903605
3.935596
3.219115
2.000000
2.183054
1.780664
4.032683
0.950254
2.548104
3.851474
0.348176
0.665875
1.799160
3.125063
0.791274
1.263297
1.570876
0.964666
2.124917
1.216036
2.658406
1.871067
4.114770
0.979383
0.415365
3.231982
4.535986
4.148534
2.459967
1.264124
1.151031
1.777129
2.892491
0.705771
1.483499
1.990448
3.141593
2.408117
2.498934
0.776290
3.296696
0.950114
1.718899
2.954394
2.007460
2.289996
1.163340
1.993942
0.820645
1.587191
3.451575
1.902778
1.096081
2.740551
0.353488
2.824476
1.419701
0.610307
1.192580
1.752159
2.059629
1.393434
2.565640
2.013278
1.773964
2.323640
2.569670
0.967733
0.154866
1.122134
0.624504
0.834109
2.534164
3.261783
2.071575
2.128552
2.926686
4.027398
1.557183
1.965170
3.296301
0.825236
1.671040
0.972151
0.752794
1.632524
2.000000
1.212384
1.875805
1.790157
1.499290
1.322931
1.629123
2.862803
2.377451
2.446129
1.262403
1.689791
2.056175
1.465997
2.033782
1.903164
1.120232
2.000000
1.125877
1.973649
2.947154
2.631649
4.265797
2.226093
3.248698
0.858185
1.667255
3.387006
2.005747
2.068652
2.070474
1.021477
1.887710
0.428723
4.100006
1.519918
2.129348
1.708116
4.716276
3.197631
0.572838
2.749298
2.712497
2.074797
1.515522
1.517594
0.405990
2.402601
1.461401
3.317358
1.096600
1.370317
2.789903
1.785784
2.084220
3.359618
3.379498
2.104692
2.462961
1.323085
2.184696
2.465499
1.365495
2.511834
2.356935
0.511410
3.573930
3.603856
1.863680
0.919919
1.551666
0.368038
2.189263
0.526940
1.386388
0.238548
2.308963
5.543580
1.262778
3.991207
0.291554
2.091850
0.661196
3.930936
2.820903
0.244709
3.710129
3.268845
1.963376
0.883878
2.507708
1.212874
1.959450
3.863784
0.778912
0.401879
1.406896
1.811290
2.270074
1.763039
4.534132
0.833318
1.573459
2.467667
3.801243
1.593964
2.270520
3.398454
0.667018
0.687764
1.652059
0.235777
2.143101
1.885004
1.695311
1.621037
2.669476
1.443989
3.093215
4.505387
3.188412
1.459576
0.689625
1.445203
0.873172
1.329708
0.212265
2.586941
2.000000
1.164941
2.117451
2.095082
1.522348
1.476463
1.953468
1.165398
2.644363
2.582337
6.336999
2.271706
1.697470
2.161147
1.610677
2.177861
2.997846
2.483229
2.004427
1.640950
2.000000
4.899534
1.520272
0.668315
1.556712
0.858498
4.089840
2.196360
0.357457
2.000000
3.053845
1.123897
2.857815
3.283796
2.342337
2.967954
5.581754
2.732906
4.939820
1.599787
0.253887
1.969063
1.301936
2.480119
2.783492
1.353648
1.428941
1.394146
1.576323
1.131863
2.145159
1.136183
1.176624
0.987486
2.499038
1.725045
2.250368
1.851857
0.873757
0.826377
2.180570
0.605302
3.857790
3.110980
3.196626
0.658333
0.784516
0.327891
0.209189
1.463416
0.594978
1.088771
1.442374
1.799586
2.756618
0.357951
2.000000
2.384902
0.816451
0.794520
1.186016
0.957986
1.802678
1.395573
3.023364
5.753736
1.874346
0.420291
1.535565
2.620209
2.000000
2.121249
0.902344
2.035651
1.796985
2.660000
1.098978
1.922404
2.637382
2.207511
1.377417
1.212598
2.144337
1.030758
2.234530
2.810005
2.598315
2.208694
1.909220
0.700454
1.859828
2.000000
2.000000
1.771278
1.791715
2.964846
1.669055
0.622277
2.588273
1.502059
1.853900
1.606438
3.722552
2.635007
2.221726
3.020288
1.599054
1.100057
3.056483
0.546620
2.108258
2.134168
4.317151
1.016291
3.213334
2.308706
0.995775
2.214168
2.137362
1.464669
1.842600
1.718340
1.501704
1.042561
1.073730
3.388570
4.793551
1.109866
0.607918
2.007310
1.767540
0.748088
1.584432
1.150042
4.922638
2.023217
1.568698
1.454923
2.060961
1.899832
2.221207
0.878780
1.320538
2.519172
1.715664
2.146122
1.591305
1.679729
0.219612
0.973621
2.375427
1.396805
1.302849
1.890004
0.227029
1.681746
0.482112
1.500738
2.251676
3.010530
3.076831
1.927896
0.939414
2.927030
1.156736
3.967887
3.147795
2.293517
3.165647
3.302108
0.816643
2.348892
1.977233
0.489518
2.879095
0.948898
1.717084
0.447932
0.300948
1.035934
1.272673
0.837846
0.924220
2.362361
1.496876
3.436430
1.054250
1.276027
0.382921
1.610933
2.374457
0.972233
2.149122
1.335345
1.184120
5.851382
1.646614
2.831709
3.941915
4.682635
1.565014
2.816451
2.427822
1.579483
2.946818
1.750440
3.075701
1.826616
1.394437
3.661208
4.419975
1.432331
3.301079
1.971815
1.831759
1.083215
1.024638
4.794308
0.662556
0.950145
1.137269
1.978402
2.204504
4.000929
0.582298
0.586454
1.572639
4.117394
1.927227
2.009393
0.821828
1.530226
1.659897
0.450431
2.495467
2.000000
2.000000
2.197709
3.149252
0.882178
2.623232
3.581798
2.526675
1.875987
2.266660
1.640011
2.517567
0.923689
3.000579
1.711969
2.041871
1.512062
1.159532
2.640095
1.358026
0.424025
1.568047
2.213588
1.906111
2.335177
3.486634
1.020991
2.649485
3.057295
1.005635
2.448382
0.749128
0.528152
3.529186
5.396331
1.382355
0.133659
0.722497
1.882177
2.246190
1.248195
3.895090
0.190556
2.738570
1.444349
3.557999
3.864890
1.923860
3.013495
0.653794
1.416763
0.663880
0.739367
1.138785
0.453030
1.140556
1.896619
1.539149
2.219393
1.485219
3.237342
0.932291
1.314296
2.923540
1.475065
1.325852
1.898802
1.916149
2.811718
1.210331
2.769735
1.512781
1.926430
0.348143
1.086731
2.013732
2.536507
4.094790
2.339419
2.548967
2.322860
0.537508
2.831260
2.774840
3.210394
2.579376
2.413513
0.987000
1.242665
2.948447
1.480201
2.398829
2.316128
2.879802
0.961771
2.136973
0.290101
1.583444
1.224790
0.711030
2.461465
0.300321
3.033499
1.972728
0.483616
1.474374
2.246417
1.659303
2.288914
1.563078
3.380589
1.495057
1.559160
1.980907
2.417784
1.137675
3.740440
2.925769
2.500839
2.067223
1.490337
3.313262
1.025160
1.565811
1.378549
2.492385
2.642834
3.571211
1.804213
1.958504
1.910459
0.330809
1.841364
2.465273
0.610938
1.786501
1.749588
1.474550
1.984174
2.988183
0.974231
1.388791
1.007447
0.378947
1.241316
2.247054
2.405636
4.098742
1.882598
1.127993
3.827186
1.545659
0.683624
2.460196
1.478184
0.549156
2.264010
0.586337
2.405684
1.963477
1.964662
0.954841
1.758921
1.518997
3.650100
1.042602
1.166721
0.982844
0.546747
1.683662
2.028451
1.717878
2.801259
1.810287
1.250474
0.689580
1.816421
0.845073
2.190984
0.517098
2.348258
1.034484
0.539979
1.544625
0.772983
1.846939
2.472443
1.252215
0.363710
1.106503
1.922506
1.359306
1.194051
1.094693
2.074176
1.910727
2.010266
1.013914
4.267539
1.817812
3.902693
3.421130
3.080793
2.703159
5.261485
1.642163
0.663977
2.128673
3.501646
1.258149
2.908690
2.021992
2.066271
2.270520
1.123082
3.013164
2.028490
2.814120
3.663318
2.000000
2.419091
0.705417
1.384324
1.343145
1.939186
0.881600
1.675558
2.340383
1.341702
1.732066
1.084885
3.340165
1.721732
1.942629
1.646221
7.224089
2.507415
1.440540
1.311522
2.210928
1.445060
2.000000
0.613494
4.740742
5.467514
1.262098
2.361283
0.526356
3.122067
2.471933
0.597853
2.059495
0.460051
1.509910
2.314580
0.321611
3.701281
3.109547
0.850115
1.830912
2.101898
0.840346
2.824764
1.234642
1.957412
1.020653
0.832437
1.274758
1.875971
2.095444
0.773621
1.183059
1.058919
2.377867
1.139652
1.664979
1.651237
2.244735
1.977582
2.106063
1.132498
0.723085
6.341609
4.787550
2.277344
3.493537
0.625282
1.142044
2.243362
2.193960
1.227672
1.385842
1.493869
1.327957
2.853292
3.274221
2.359877
1.003309
0.926990
1.539312
3.249851
0.141825
2.479998
6.547414
2.937937
1.788985
3.182198
0.437327
2.000000
1.771034
2.114026
1.598627
1.331462
1.989461
2.665504
3.762625
2.743329
1.346671
2.375025
0.794515
2.196476
3.201133
0.665789
2.334488
1.110959
0.685569
4.157904
2.221208
3.365396
2.234077
3.289281
0.848464
1.387659
2.669028
7.089094
3.176037
2.249331
1.283239
1.214023
1.666592
1.864263
2.342681
1.920911
1.889199
2.646811
2.230998
0.577831
3.910464
2.937279
3.019980
2.157801
7.489390
1.015047
2.039911
1.922173
2.153395
5.195184
0.457096
2.643447
2.006180
4.908872
0.163885
2.030098
3.710979
1.539572
2.968575
2.559758
2.411751
1.133423
1.061986
0.467872
1.282118
2.913275
2.049655
3.431767
2.420136
1.637880
1.871916
1.955253
1.713486
1.691205
0.403799
2.134234
1.805403
2.138213
0.609442
1.841388
3.722135
3.584018
1.330113
2.486112
4.203787
1.471242
4.445881
0.901186
2.787661
2.374455
0.587999
1.365955
2.148819
0.607050
1.798605
1.601555
1.321725
1.841077
2.341088
1.582610
2.772512
0.307754
0.625496
1.780106
1.932787
0.640016
1.311675
1.639807
2.841306
1.845550
2.389787
0.409212
0.931990
3.073273
2.390603
1.168742
3.625562
2.772323
2.700093
4.188497
1.057454
2.580806
1.924114
1.206539
5.364831
1.287565
3.507984
0.503575
3.622081
2.352620
0.660667
1.910308
1.633160
3.170843
1.903900
2.088841
0.969459
0.969586
2.323556
2.444293
1.329116
2.399982
1.426977
0.463405
1.470165
3.143721
0.460209
0.920187
1.636975
4.030084
2.362541
2.457103
2.000000
1.925225
1.392076
1.642845
2.437822
1.144711
2.732528
1.009912
2.850284
1.305167
1.764431
1.642288
0.445501
0.468102
2.000000
3.021278
3.190948
1.886526
1.549534
1.277264
2.118629
1.024014
2.428340
3.758074
2.037325
4.565681
2.325174
2.880540
1.125792
1.922369
2.583049
2.500292
4.019126
0.508275
2.805557
2.632162
1.291218
0.912692
4.441230
2.769030
1.396722
2.213545
0.969560
2.863622
0.763523
1.307142
0.287241
2.605670
5.642898
0.844857
0.990229
1.578819
1.801412
3.103134
1.890465
1.715384
1.430928
1.796369
1.100996
2.582473
2.357823
3.859096
5.193292
0.478831
1.522973
3.736035
0.457752
3.523941
1.548786
1.167771
2.339748
1.755164
1.805223
4.478459
0.690371
3.248951
2.301832
1.915003
2.160937
3.745954
2.506366
0.785526
1.298005
0.713541
1.848343
3.094309
1.031692
1.989132
2.003222
3.347462
1.789068
2.903397
3.402516
4.061514
1.577162
1.932961
3.695101
1.522371
4.246681
3.234706
1.614956
0.759717
1.333596
1.206600
0.406073
3.311307
1.883355
1.131791
0.380975
0.942273
4.852879
2.186553
0.365717
1.457787
1.506882
2.570460
1.853194
1.395162
2.117346
1.841812
2.000000
2.868077
1.636097
0.952255
1.333591
4.260493
0.243964
2.547270
2.818494
0.668522
2.041017
1.923744
1.664752
0.665878
3.453949
1.518567
8.242709
1.006376
1.843987
2.000000
1.387055
3.660945
2.404974
1.018116
2.268227
1.099628
6.997228
2.864521
0.868780
2.138767
1.316483
2.465598
0.786606
1.347670
0.917211
0.692284
0.401741
1.906011
4.695691
1.907434
0.237258
1.957853
2.993473
1.804994
1.300579
1.372038
0.283804
1.352992
1.318206
2.734566
2.143137
3.086994
1.423622
2.504439
3.428929
3.494431
1.493167
3.363539
2.852624
0.559355
0.582405
0.548119
1.985543
2.379219
1.047748
2.747662
5.315022
1.144204
0.656930
4.773065
1.803249
3.195614
3.568905
1.997751
3.769938
1.509669
2.027003
2.148816
1.902080
2.549964
3.741844
2.624426
0.623455
1.499191
0.462571
2.414417
1.803953
1.788404
1.941220
0.907865
1.627655
0.963607
1.044616
2.000000
3.339989
4.173652
0.959544
2.572906
2.243496
2.080576
1.240368
3.315052
1.887026
3.499232
3.547529
1.931260
1.436935
2.872968
0.579682
1.334121
1.629296
2.206504
2.171528
3.249023
2.565043
1.518301
4.832724
2.031984
1.644207
1.252563
1.195722
0.695348
4.378916
1.931687
0.489322
0.303417
1.883592
1.254533
1.782357
1.520004
1.698944
4.720617
1.646200
3.054041
2.277215
3.533287
1.826950
2.628053
1.049787
1.714279
2.811546
2.071088
2.885565
1.983670
2.000000
1.894509
1.998685
2.000000
1.070128
1.399602
2.299921
3.329402
0.942995
2.023767
3.246293
1.460561
1.256545
0.919336
0.785859
3.914901
2.459784
1.940231
2.678299
1.260272
2.396782
1.229614
1.816678
4.586849
0.735550
0.448286
1.791680
0.597330
1.213348
0.795628
0.901567
3.320961
0.990365
0.525766
1.723110
1.990465
2.661587
2.637677
2.008680
3.069811
1.256327
1.994134
2.382863
2.656974
3.982541
2.984972
1.597477
2.020398
1.207924
2.660277
4.888867
5.977021
0.675988
2.002932
2.836485
3.036711
1.440659
1.904744
2.553014
1.229503
1.908289
0.527575
2.469405
3.508547
3.962617
0.563057
4.107030
1.901732
3.035883
0.672034
1.205718
1.882147
3.938278
2.722574
1.497141
1.218275
4.442407
0.854648
2.262455
1.943648
2.526392
1.261302
0.446840
1.381965
0.548011
1.470263
2.683715
1.522611
2.865083
0.938650
1.957278
2.352958
1.810614
1.386635
1.454527
2.803973
1.343552
2.084003
1.958139
1.190804
1.842404
3.993767
1.974228
0.567031
0.276905
0.762680
0.956380
0.725201
2.991290
2.206097
4.506911
2.898001
0.945738
0.393317
3.448996
1.505797
5.080267
0.375946
0.307819
1.950606
0.397305
0.827749
1.803841
2.688163
2.104048
1.635432
2.700588
0.922085
1.283364
0.501973
1.326520
1.302946
1.836095
1.604190
2.865822
2.249331
3.026768
1.539434
2.152866
2.253816
0.943708
0.280991
0.822272
3.052317
1.384248
2.192187
1.941332
0.634992
2.799079
1.907545
2.290738
0.356345
1.972019
4.675813
1.617683
1.504914
2.124649
1.809412
2.067809
2.231306
6.524486
0.585405
1.574886
2.000000
1.862461
1.865840
2.365958
0.884509
1.494559
1.974953
2.424387
2.050910
1.827469
1.210796
2.267009
1.956150
2.222315
0.788800
1.955062
1.009984
0.620246
1.094625
2.311804
0.648226
8.501669
1.839333
2.196912
2.482193
3.449961
0.814912
1.349252
1.557069
3.029941
2.012522
0.682092
0.808140
1.789389
3.605673
0.363807
1.106195
1.504822
1.335842
2.927968
1.038588
1.311971
2.219721
1.457793
1.922841
2.094842
2.550451
3.484048
2.272617
3.004283
2.795505
1.837998
1.345386
0.271790
2.353037
1.455182
1.165385
1.697710
0.358211
0.731896
1.858837
2.000000
2.178031
1.195196
2.329360
2.081471
1.693575
0.691900
0.694230
1.969241
1.261659
1.642149
1.387100
1.887190
3.961716
1.356543
2.082353
0.466256
1.247772
1.780142
2.000000
1.634269
1.812211
1.450366
1.609781
3.208766
2.296063
2.817591
3.267256
2.316186
2.163822
3.125352
1.120340
2.677973
1.172019
2.304332
3.594873
1.728123
1.951337
1.802672
2.073398
1.853476
2.835602
2.333319
1.894722
1.202130
2.862526
3.464369
4.226314
3.268137
1.276761
2.625661
2.429509
2.061740
2.062032
0.268949
0.255497
0.417032
2.636420
1.611847
0.696271
2.288447
2.237600
2.794828
1.531435
1.185964
2.132409
2.385970
2.774353
2.362141
0.390807
3.349495
4.367056
2.912957
2.117737
1.289672
1.408065
0.730663
1.980484
0.631844
1.306271
1.191685
0.890292
2.616657
1.830309
0.250750
0.582828
3.706552
2.588865
0.614972
0.988098
1.875627
2.807431
1.511101
0.684115
1.944461
2.621253
2.000000
2.858709
3.187529
2.836623
1.621595
2.828578
2.203599
1.910707
2.258739
1.860906
2.314310
2.194211
1.534025
0.864435
1.882882
2.520036
1.083637
1.617257
0.917259
2.055767
0.426804
2.549751
0.743176
0.856995
1.970985
1.217402
1.868426
0.214653
1.147725
1.525534
1.950389
2.059259
1.344730
0.721213
2.469056
1.953610
1.081200
2.146596
1.199414
2.201650
1.130949
1.938301
1.036340
2.244469
1.339034
2.563357
2.373150
2.115366
2.258602
1.855816
4.621846
2.245171
2.150049
0.964852
0.587041
2.653320
2.751818
3.981287
1.501744
0.136060
0.968135
1.964919
2.134660
1.266183
1.052590
2.628962
1.135356
3.036424
2.815444
1.633035
2.170455
0.933622
3.556367
1.357714
1.758365
1.655661
2.206903
2.297133
1.473235
1.100726
2.320127
0.995311
0.696020
2.987110
3.070276
0.298245
0.370763
2.521829
0.493583
1.581801
2.495124
3.762693
1.746023
1.870646
3.213041
3.756765
1.995501
3.699174
0.144409
1.770260
2.420859
0.331431
2.491398
4.980668
1.790392
2.053986
0.882274
2.420279
2.401994
1.669736
1.212904
1.579572
4.523962
3.169891
1.896883
1.618584
4.319392
1.118272
2.306997
2.579821
0.598988
2.140409
1.667345
2.987777
0.738856
2.934670
1.171489
2.500672
0.812094
0.592246
1.217057
0.389168
1.538357
1.910770
2.437760
1.893869
0.701091
4.456334
2.203461
5.106697
2.741201
2.534708
3.243382
3.280901
1.071640
2.153717
2.086442
1.572387
3.785619
2.149395
2.448570
3.112627
2.264387
2.469982
3.389086
0.803201
2.866045
0.768804
0.331738
0.852723
1.561757
1.294298
2.243790
2.060227
1.755318
2.915072
2.063912
1.172706
2.101865
2.871720
4.369637
2.038592
1.454387
3.395831
0.608622
1.287103
0.936228
1.685115
1.247656
2.893609
2.036462
3.012142
2.117812
0.591832
3.684988
0.807292
1.969539
1.578845
2.250957
3.236220
1.911380
1.000855
2.782066
1.922819
1.583387
1.672505
0.989758
1.107785
2.882119
0.162709
0.582534
1.723691
1.801606
2.273744
2.468211
1.751459
3.225841
2.187969
2.620007
3.186850
3.985268
1.324770
0.421300
2.094340
1.993604
2.626710
3.785999
1.160414
2.015224
0.204898
0.885122
0.419519
0.894036
1.662725
0.857756
1.854936
2.410992
1.596656
2.232071
2.751780
0.289402
0.941971
2.721223
4.899106
3.455055
0.879916
1.657803
1.772182
3.751978
2.199087
1.521181
0.609866
0.979323
0.638178
3.305222
1.840664
2.632850
2.088833
0.966914
1.568034
0.828595
1.555824
3.844896
1.557784
0.194986
1.880534
2.929632
0.731587
3.410733
2.370679
1.960519
2.372716
0.593568
4.073854
1.170296
2.429819
5.198012
0.901448
2.645820
0.827003
2.415914
1.671195
1.306922
0.772294
1.418475
3.151168
2.733993
0.937083
2.234844
2.749591
2.154049
2.927987
4.347244
0.534070
1.647318
2.207513
1.191243
0.205017
2.418824
0.790171
1.502543
1.271412
2.000000
1.643113
0.836793
0.438533
4.426051
5.461168
0.259677
3.567116
1.604705
3.026862
0.964434
1.379197
0.774303
1.184634
1.851212
3.099274
0.226272
1.449216
1.392354
1.988213
2.050605
0.378374
2.083154
0.992785
2.042894
0.726764
2.179165
1.985424
2.722784
1.876985
2.457500
1.528135
2.269154
2.993778
0.893161
1.343133
3.569104
2.147730
1.237135
1.918839
2.447811
1.425094
2.379397
0.670150
4.467204
0.464281
2.362064
1.772679
1.861540
2.218385
0.360770
2.848929
1.131328
1.750258
1.801311
2.357207
0.605553
0.491954
0.432777
2.802629
1.281126
2.177392
1.629452
0.807826
1.592224
4.482999
1.831313
0.554738
3.088317
3.885078
2.474927
0.457924
2.770122
1.897251
2.130240
2.068394
2.081163
3.886289
1.704388
3.324167
3.097973
2.050329
2.037271
1.605909
2.003417
2.378018
3.308206
1.088063
5.735350
1.673007
0.695147
0.584036
3.060684
1.838142
1.961931
2.526774
2.638616
0.923383
0.930431
2.282622
1.533437
2.828453
1.648536
4.560186
3.711759
3.233803
2.522012
2.243041
1.817587
1.383232
1.915609
1.915654
3.205090
1.330182
1.985458
1.661976
0.396532
0.796856
1.495330
0.495181
2.206702
0.927985
1.040551
2.550360
1.703948
0.383220
0.869424
1.885046
3.820027
3.978315
4.502302
2.272018
0.628758
4.356149
0.687454
2.799202
3.654612
2.816908
1.382367
1.555818
1.739423
0.945638
1.138494
1.095207
2.759292
3.112636
4.208909
1.608097
1.431567
0.952830
2.661475
1.051767
5.374825
2.219572
2.799289
1.064769
1.288745
2.207585
0.992081
2.071248
1.523265
1.941872
2.824263
3.533770
1.417537
0.107051
3.256188
0.551623
0.348077
1.591092
0.394778
2.490629
2.695815
3.277161
2.364543
1.548888
1.546263
2.806454
1.825352
2.148843
1.827076
2.049682
2.414039
4.042567
3.377607
1.691484
3.349205
0.729246
1.757097
0.837650
1.587094
2.889830
2.314121
4.275158
1.971924
2.746254
0.610618
2.538627
2.794944
2.292511
0.642339
1.314695
0.591629
2.550622
2.539676
2.482414
2.184654
2.076457
2.376762
2.288019
1.270578
2.135837
2.378011
1.707846
3.078960
2.621768
1.568758
3.608683
3.067142
0.838481
0.420176
4.182376
4.976647
0.882273
0.953940
2.880569
0.970753
2.157334
1.027825
1.847952
1.235676
1.595392
4.014577
4.849419
2.202929
2.268255
0.380730
2.717381
2.215993
1.601301
2.314102
2.687563
1.848900
1.464976
0.695448
1.671176
0.546689
2.378344
0.874701
1.732147
1.336790
2.585836
1.556208
1.742642
2.280791
2.481815
1.404883
2.365105
3.514929
2.422329
1.491786
2.813259
3.122342
5.442106
3.540469
1.092169
2.431892
1.852373
2.878628
5.387404
1.603801
2.977091
1.740662
0.450427
1.267459
1.195706
2.224046
0.449705
2.042272
0.995830
0.608995
1.100830
2.910633
1.319059
1.671066
2.671380
4.099860
1.598392
1.453256
2.984529
1.771386
2.211656
0.734830
2.306831
3.104690
1.861488
2.018902
0.786842
0.393587
1.009116
2.071431
1.546655
2.518717
0.664615
2.835057
3.006676
0.771432
0.970283
4.173428
7.519797
1.189333
2.816744
1.392735
1.499383
2.077875
0.633748
4.357008
2.339908
1.119919
2.445230
2.228402
1.627245
1.924057
1.959334
1.589291
1.655280
3.038172
1.418530
1.982383
1.203378
0.823454
0.691752
1.555223
1.596069
0.688239
0.311604
1.363592
1.005228
1.497580
0.880863
2.044992
3.887191
1.852467
3.165748
1.533171
1.720929
3.919655
2.154528
0.325975
3.000042
1.001335
1.777884
3.611805
1.447554
2.275845
2.116084
0.711177
2.232083
2.278230
3.364336
1.999550
1.944401
1.768021
1.041277
1.138783
1.366225
2.985906
2.870542
2.522692
0.461018
1.362028
0.814250
1.470039
1.467219
3.368917
1.003358
4.276943
4.131006
1.254890
1.424821
1.110349
0.987427
1.489101
0.929094
2.271219
2.721855
2.063439
2.339180
3.730008
1.513773
2.582618
0.676000
3.795103
1.257885
1.009607
2.037222
1.089172
2.064607
1.237521
2.139940
0.751751
0.370850
2.689952
2.484333
1.838636
2.165716
1.643748
1.807590
2.419007
1.556632
2.389702
0.930084
1.833672
2.460110
1.680101
1.895644
2.711114
2.001677
2.146474
4.414230
3.546302
2.976554
0.681368
1.902184
2.209337
3.066382
2.332232
3.879969
2.169479
2.142948
1.880839
2.600350
2.909608
1.446217
2.110478
1.615673
1.718744
1.371521
3.043239
1.287498
2.443317
2.872913
1.963569
0.898651
2.954268
1.885323
2.332835
0.436457
2.307427
3.391633
3.665013
1.879324
2.614792
1.397729
2.920661
2.007501
1.400504
1.348188
1.759319
2.676282
1.831632
2.649188
1.950762
2.126578
0.826128
3.273236
1.557692
1.729630
2.003134
2.229298
5.290349
3.107387
1.238971
1.537124
1.216251
0.527720
0.735225
2.010292
1.600118
4.855575
1.820094
2.529440
0.717105
3.190509
1.156651
1.314976
1.367057
1.982841
2.359682
2.784528
1.377853
0.283374
1.646065
2.697308
3.708320
1.476744
0.483471
2.668470
2.711781
2.002311
2.218006
2.120153
1.966556
2.151285
3.286896
0.592608
1.683574
3.803778
1.244593
1.915518
1.615926
2.782786
0.748758
2.302397
2.094499
1.395295
1.814072
1.681433
1.559447
2.578166
4.852937
5.017482
1.218755
1.065777
1.309631
3.638529
2.449674
1.515958
3.093514
1.400843
0.185598
0.271246
1.295196
1.523705
1.956585
4.001904
1.370520
0.903128
0.558226
3.172695
1.578099
3.751381
1.875403
1.113026
3.963568
0.643737
0.197183
2.042704
2.651226
1.011787
1.457253
2.127612
1.102101
2.128629
2.504335
0.645615
2.098459
2.688503
1.132759
1.516050
4.231743
4.171428
5.519153
3.236522
2.341961
3.056374
1.870146
2.408293
1.809924
0.993691
1.369164
0.939704
1.631861
2.389015
2.513447
1.656643
2.803542
1.317259
0.333101
0.930643
1.537385
0.716407
2.896215
1.455336
2.716754
3.945808
2.331970
1.423448
2.049837
0.543826
0.752909
1.677572
2.364088
1.539044
2.139121
2.049657
0.544162
1.875142
2.077093
3.636042
1.164807
2.064645
3.240952
3.522231
1.920157
2.351331
0.637645
1.623034
1.399617
0.438299
1.507266
3.465656
1.310085
1.411386
3.075027
1.568532
1.034794
1.246959
0.668776
2.458545
2.571511
1.094656
1.649806
3.517118
0.419136
1.237509
4.365366
1.757087
3.121956
5.034980
2.895465
1.748698
0.657565
1.451430
0.757718
1.461203
3.413561
1.600966
3.134108
0.372534
2.000000
1.946067
0.651727
2.149646
2.444872
1.167637
3.163717
0.669117
1.121246
2.467718
2.085246
3.066345
3.226884
2.700906
0.616338
1.908398
2.339399
1.846713
3.099401
1.101909
3.811861
1.219845
1.375578
0.475664
0.297035
3.408103
1.716275
1.680032
0.109361
1.215046
0.771191
1.039615
0.473438
2.683758
3.080801
2.739822
0.900640
4.065453
2.324197
2.018555
1.731365
7.142438
1.463108
1.264796
0.954557
2.040448
2.353591
4.821368
3.559156
2.858368
1.656479
0.724149
0.890491
0.786227
0.602008
1.165992
0.624228
2.039506
1.680564
1.122664
2.650320
3.805826
1.073209
2.453605
0.803337
0.509119
2.540178
2.337280
1.307361
3.058230
2.866873
3.413496
1.841138
5.642995
0.735237
3.924607
0.940767
0.794855
0.953462
1.694013
0.754454
0.742822
3.157834
2.303031
2.653605
0.911094
0.673450
0.421310
1.395019
0.674973
0.515415
0.590199
4.325825
1.353739
1.351067
1.657381
0.426676
2.549449
0.846865
2.528167
1.695871
2.862383
0.245264
0.745593
1.254544
3.055822
0.319572
0.655351
0.878095
0.632194
1.449038
0.295195
1.145710
0.879439
0.853047
2.580087
3.129550
2.482802
2.111134
1.113165
0.506661
1.896564
1.606251
1.857147
2.354904
1.879168
0.803996
0.226586
1.398215
2.144975
0.479007
2.011957
0.630601
0.748510
0.935738
4.894018
4.883371
1.217319
0.308121
1.917949
2.144521
1.339698
1.570547
2.427565
1.074602
2.767324
2.082891
1.795533
2.845237
0.587520
0.608765
1.515223
1.791817
0.252468
2.434525
1.640010
0.621691
2.405798
1.499727
0.320677
0.532965
2.145807
1.337528
2.562341
0.977382
2.672681
1.482156
0.536381
2.526593
2.060415
2.510928
2.599423
1.520836
1.679597
1.499366
1.430301
1.880498
4.913610
2.431412
3.722072
0.755017
2.489770
1.943251
2.837891
0.875629
2.000000
3.922947
2.350713
1.678166
2.675473
3.206255
2.313772
2.558630
1.574695
2.349695
0.751819
4.066162
1.048071
0.406720
2.010305
2.400291
2.625728
2.356146
2.167110
3.199936
1.764344
1.153938
3.712477
1.391524
1.211008
1.889095
2.116861
2.341664
1.295856
2.216315
2.645275
3.344982
0.951609
3.818228
2.766751
2.020849
3.573252
0.548058
1.129848
2.842275
2.930404
1.358951
2.920171
2.000000
3.219522
5.064861
2.960033
0.975373
2.124647
1.400994
1.889971
1.587257
1.817516
2.616552
1.849136
0.563824
1.572088
0.760950
2.196143
0.493230
1.459004
1.842290
0.781464
2.456343
0.883096
0.541054
3.976685
0.837455
2.447406
0.485912
1.458593
0.286571
0.658154
4.504946
1.516097
2.470177
1.835166
2.114718
1.985340
0.686413
1.383127
1.372558
2.139244
0.943007
0.086828
3.518488
1.596765
1.465674
2.317300
0.300756
1.324165
2.942910
0.346099
1.218461
1.157377
2.756243
2.198215
2.457217
4.102673
2.661938
2.233420
1.329652
2.175155
0.813644
2.662680
0.883977
1.625937
0.953262
1.892136
2.000000
1.489139
2.358264
2.352105
2.758197
1.878947
1.689012
1.358237
1.803887
2.407339
2.271219
1.671316
3.211765
3.126749
0.566584
1.566976
2.052883
1.620794
2.680161
2.328665
2.978724
2.000000
1.609746
3.160283
1.671736
2.366060
2.607691
4.452387
2.256022
1.149102
0.406569
1.761062
2.415683
2.157760
0.917533
2.469097
3.568469
2.991835
1.395818
1.223269
1.147078
0.815175
0.948065
1.745848
4.376177
3.724817
2.636004
1.421591
0.673081
1.884215
2.146333
1.477900
0.753608
1.531172
3.631381
3.147871
1.495324
1.666848
1.981048
0.950194
0.791928
2.474548
2.530235
1.011449
1.162708
1.364979
3.018239
2.443554
2.364740
1.441740
0.628997
1.454230
0.751245
0.925505
0.616258
3.594862
2.949995
1.434821
1.687537
2.209918
1.838065
0.680162
4.779513
1.459041
2.971270
1.762656
1.288123
1.491453
1.585600
2.423363
1.428104
1.357665
2.765563
1.536633
2.110725
5.964318
1.481568
3.269557
1.340080
2.543250
1.894616
0.516550
2.650648
1.201769
0.508985
1.042575
1.648727
2.467142
3.077576
0.713478
2.246357
1.909420
1.221174
2.342386
1.424482
3.556805
2.181198
0.719130
2.181790
1.914737
0.806284
2.261083
3.097888
2.380090
2.540851
1.370410
1.047198
0.428849
1.989933
2.370538
1.835586
0.956878
2.179984
2.595697
1.512789
1.485959
1.350197
1.072107
1.621127
2.430618
2.865444
2.304732
3.623652
3.949978
2.424675
3.213864
0.199507
2.126083
1.705557
2.230652
1.311832
2.280843
4.276768
2.148088
2.587612
1.668261
3.370723
1.548377
1.764481
2.431700
3.962748
2.973496
2.998794
0.770958
2.001107
0.622844
1.973970
1.668825
1.996937
2.878855
2.757967
2.071063
0.595211
1.160477
0.798671
1.061521
0.484181
3.912892
2.752298
1.165863
4.300288
2.342166
2.451731
1.496188
2.314647
6.052418
2.130115
2.567252
1.802094
1.708112
3.725137
1.107826
2.878142
1.828666
1.848690
1.728211
1.118392
1.876794
0.543370
3.331754
5.303432
2.327698
2.530825
3.377688
1.847034
1.514145
3.128368
2.139481
2.370226
4.562241
2.608438
0.560650
1.835657
1.295875
0.329106
0.900136
0.891384
2.625553
1.119623
4.949389
2.714565
0.303216
1.252786
3.589746
4.760519
0.672788
2.358607
0.677726
3.659919
3.658197
1.115781
1.988154
1.633628
1.978532
2.817348
1.936407
0.981172
1.861868
1.643859
2.167062
1.290952
1.914249
2.143191
1.468180
5.580444
0.555304
2.856168
2.595699
3.875055
2.403213
1.781511
0.413353
2.460505
3.573826
0.850630
1.996115
1.656173
0.817420
0.864894
1.603029
2.937823
1.365762
1.490875
3.734372
1.745892
0.605110
0.674738
2.045393
1.728247
3.755748
2.835997
1.445077
0.731206
1.034396
0.816694
0.369570
1.097636
1.606045
2.224317
1.038025
1.024407
0.927204
1.058399
3.297274
0.769182
4.080797
2.101050
2.234952
0.808127
1.967589
1.645696
3.115859
1.532584
2.008037
4.140411
2.386864
3.567926
2.000000
1.672176
2.053042
2.590260
1.630815
3.825618
1.367329
1.148790
1.516835
3.568641
5.246328
2.700105
2.889928
2.219063
2.726009
2.661483
2.227634
0.496565
1.773182
0.815804
1.538702
1.733789
1.686976
0.300483
0.741655
1.043383
1.324366
1.465863
0.292444
5.105977
1.874094
3.869479
3.853518
2.033067
1.821201
2.214160
1.727251
0.932092
2.181640
0.494314
2.325149
0.539901
1.116386
2.040486
2.819554
3.181444
1.422534
4.168515
0.729348
3.828478
2.575675
0.815986
0.810531
2.642216
1.546608
0.501305
1.396974
0.843770
2.832786
2.072838
2.000000
1.620939
1.325063
5.915410
1.458798
2.811074
1.250862
0.597497
1.784930
1.993288
1.686375
2.793256
2.161150
3.877417
1.107619
2.243128
0.371630
4.119329
1.911427
1.116170
1.375262
0.574678
0.672882
2.041433
1.486566
2.050963
1.429271
1.125261
4.402599
2.920740
1.543719
3.843341
2.336305
2.384290
2.088624
1.294459
0.078205
0.602452
1.782002
2.133310
2.374422
1.717333
1.285711
1.287060
2.638215
1.816054
1.281776
1.237563
2.380887
2.578142
1.094090
2.528543
2.080219
1.540748
2.349691
0.688359
2.950772
0.827032
0.194316
1.854143
1.563262
0.985203
0.591253
1.582830
1.994442
2.022839
1.018966
0.253572
2.743531
3.440336
3.630376
1.024182
0.537283
1.892426
1.890628
0.241968
1.478325
0.554772
2.894234
0.301726
4.675650
1.230617
3.765382
2.723032
1.371328
1.511879
0.706200
1.025826
0.706834
2.769293
0.544149
2.096163
4.021072
3.858987
1.528257
2.642740
5.796491
1.578464
3.952645
1.170857
2.724906
1.483691
1.996129
0.704458
1.828852
0.561633
1.954686
4.674991
1.703201
1.503055
2.872832
0.874009
1.202943
2.839083
2.769102
2.520166
0.817475
2.508951
3.295371
1.977593
2.406183
4.885972
2.066196
2.847158
3.501158
0.736208
1.539148
0.488425
2.012148
4.449143
1.777316
1.846291
3.150921
0.142872
5.399177
1.841015
0.700179
1.478390
1.951114
0.395199
2.986407
3.006201
1.211252
1.708590
3.846399
2.753597
0.466046
2.565716
1.269388
1.366686
1.801422
0.744989
1.956038
2.174803
1.809333
4.234058
1.946741
1.477451
2.581106
3.263392
1.361208
5.497105
2.337440
1.907585
2.292067
1.942113
1.301795
2.274527
1.576739
1.251392
2.186198
1.227891
0.930769
2.614313
1.809469
3.225133
0.684926
0.707886
4.224116
1.014665
3.382015
1.425759
2.646004
2.033421
1.047762
1.492042
4.554814
0.524699
1.664150
0.336852
0.947924
2.592268
0.734967
2.237936
1.484562
1.597009
1.003066
1.236165
1.498543
2.359384
0.735312
3.223054
2.678843
1.143033
1.791539
1.735098
1.713455
0.554446
2.522062
1.491948
1.384462
1.676007
3.620705
1.798470
1.094219
1.002945
3.747823
1.713161
1.604173
3.827112
2.494359
0.584920
1.565802
1.673475
1.865790
3.046864
2.799161
1.485554
4.310310
2.182240
2.612054
2.855590
0.409867
2.236149
2.691537
2.935654
2.000000
1.507324
1.991936
1.818436
0.503921
3.683912
0.977170
0.870413
1.458732
2.000000
2.692588
1.313970
0.609659
2.358337
1.516764
1.435938
1.037835
4.748121
2.138793
1.006377
3.798638
1.874336
2.080348
1.407156
3.199285
1.302305
2.152272
1.561179
2.097712
2.649165
1.191598
1.071059
4.646786
2.000000
1.943452
1.636442
2.092228
0.525926
0.491334
1.628324
1.549248
3.472096
1.161225
3.292548
5.120091
2.000000
0.609815
2.076182
3.315247
2.704899
2.953356
2.930830
2.878652
1.229794
3.640490
1.616805
1.812479
0.995832
3.101985
2.704528
3.413131
2.048094
3.539524
0.470265
3.888899
1.462646
3.625750
2.145915
1.019405
2.021152
1.844949
3.842684
3.776845
1.044950
2.328654
1.245202
1.130806
2.098458
2.528915
0.991307
2.000000
1.785973
2.390409
1.670103
4.219526
1.477560
2.661809
0.768105
1.772095
0.441321
0.844173
1.887736
2.606019
2.152826
0.777601
2.582185
1.787251
2.072757
0.672078
0.508869
2.021911
2.277268
2.405359
0.247109
1.469261
1.334531
5.473077
1.516071
2.863205
2.768570
1.774057
1.683188
3.400754
0.634013
0.443979
1.481866
0.302860
4.070574
2.797631
2.699506
0.994808
0.846887
0.224776
1.373896
2.190264
3.530473
1.201723
6.012627
3.226036
0.451443
1.674714
3.696126
0.685005
1.247294
0.936089
2.710821
2.000000
2.939707
1.810764
2.282455
0.643542
2.243704
1.853043
0.347414
1.521752
5.010209
2.639745
5.195630
1.424192
1.640237
1.873802
2.046841
1.353248
4.097425
1.631907
3.200150
1.122687
4.872207
0.795714
0.760045
2.942064
1.355874
2.967441
2.196024
0.536038
5.329510
2.186153
2.579723
1.903350
1.600339
3.520413
3.151926
5.531010
1.196524
1.516995
1.213337
2.000000
0.437191
1.086985
1.357510
2.002938
2.146374
1.427526
2.428845
1.344128
1.347847
1.374965
1.254552
0.753463
3.319061
0.525469
3.634247
4.574264
1.600065
1.416832
1.919967
0.862359
2.075250
1.319895
1.143309
1.304257
0.834939
1.968371
1.445919
0.491909
2.045664
2.093436
1.727095
1.184324
4.981203
1.740459
0.555527
1.602799
1.115960
4.349395
2.298577
0.972818
1.287683
1.222807
4.175257
2.656784
1.276268
1.748325
0.886399
1.715342
0.630549
1.561601
1.804538
2.273043
2.746319
1.425708
1.960758
2.087953
2.207120
3.743585
2.717663
1.716050
3.007557
0.567337
3.919469
6.050544
1.749021
2.743021
2.422212
1.510193
1.962246
2.000000
1.597946
0.894852
0.582731
2.605821
1.433551
2.844807
1.418833
0.439999
0.895013
1.829739
1.627602
1.411567
3.683936
1.827770
1.171826
1.917625
1.332338
2.065259
2.791788
0.792007
2.188074
2.122694
1.846237
2.325135
0.503211
2.958478
1.349818
3.333400
3.024062
0.195775
1.405482
2.638515
2.718263
1.920669
3.196098
1.009369
0.882517
3.665715
1.943642
2.287556
6.688173
1.768745
2.662873
2.242642
1.710647
1.018682
0.774074
0.542260
3.921860
0.489469
1.630423
1.849812
3.640896
1.452521
1.871821
3.178477
1.668675
1.723684
1.952051
2.538676
2.124046
2.182810
0.651091
2.405522
3.295514
2.037720
2.502033
1.361992
2.783790
3.191383
2.233650
2.000000
3.553417
2.563668
1.147432
1.318560
1.364913
0.734352
1.999382
1.232831
1.987541
2.052672
0.903993
1.925496
0.414762
2.104059
1.276587
0.458187
1.805849
3.742408
2.488575
2.129434
2.116863
1.568544
1.551187
3.121293
1.418198
2.138385
3.445231
0.379043
1.222593
1.813469
1.661731
2.156314
0.816058
2.285435
2.000000
1.380228
0.575546
1.785807
2.127233
0.563287
2.932549
0.369311
0.636797
3.453196
2.000000
1.625668
2.000000
3.880079
1.898010
2.323762
2.191953
1.155500
3.051991
3.685643
4.607635
1.282817
0.379840
0.721514
0.182648
2.401027
0.700653
0.874844
1.717380
2.773267
0.791269
3.305373
1.693789
0.938784
0.575181
0.981630
1.821291
2.054662
1.539902
1.102600
1.260138
3.249805
2.127432
2.445904
2.109338
2.933593
2.340192
2.574383
1.838353
2.599807
0.864458
1.012924
2.155099
1.006181
3.681341
4.260681
3.127801
2.390697
0.763603
1.078247
2.736339
3.611409
3.614371
1.428011
2.112028
0.826708
2.557062
1.231619
2.448907
1.298231
0.783481
1.765828
2.410873
2.323858
2.544781
2.651803
0.402299
0.346306
2.325637
1.336787
1.408619
2.745490
2.330521
1.604194
1.222506
1.972269
0.786734
3.137553
2.015830
2.116976
1.863995
0.445143
1.458681
3.060197
2.008476
5.211918
0.420293
1.855518
2.881894
1.361158
0.929578
2.779793
0.871961
2.047932
2.063770
2.935060
0.707763
1.048659
1.869904
0.724480
3.136659
2.491100
1.939371
1.776236
3.551073
2.706940
1.970875
0.434409
2.200178
0.760487
2.547404
1.341751
3.231496
1.464285
2.916479
0.637688
4.621481
1.847924
1.753524
1.309223
0.245308
3.778083
3.218256
1.997862
1.977957
2.514506
3.874432
2.853550
1.378778
1.515190
1.223466
0.824780
3.796478
2.903187
2.650170
2.321057
0.896927
1.918856
0.727646
0.727104
2.113805
0.264904
0.312105
1.659661
1.887926
3.012883
3.077490
0.653898
0.581638
1.978583
1.551372
2.637805
1.210975
3.387174
1.598610
1.748910
2.513287
1.143686
2.651812
2.957820
1.937949
1.868514
1.534930
1.990230
1.157249
1.432725
1.651203
0.943886
1.712180
2.475465
1.646670
1.184605
1.641036
2.616077
2.890980
1.739928
3.189423
2.069534
1.241468
4.507586
1.628100
0.346415
1.398047
1.652144
0.688153
2.417834
2.563382
1.423878
6.490923
3.690960
1.265331
0.746444
1.147880
1.720921
3.761644
2.580022
2.417845
2.549929
1.438066
2.977420
0.930485
2.257788
1.733109
2.028152
2.716182
0.231042
3.550491
0.899075
2.017170
2.581454
3.763719
2.681064
1.849228
2.503246
4.554783
1.433083
2.011962
2.201328
0.553722
3.876754
1.097262
3.551486
3.192093
3.827454
2.817115
3.647317
2.413023
0.886318
0.784020
1.284668
1.923153
0.858689
0.638185
1.946262
0.327597
1.088742
2.497475
2.122761
1.114984
2.595107
1.930363
1.222097
0.883663
1.594138
1.938437
0.773686
1.031832
2.240967
0.135234
0.880791
1.053865
3.201388
0.621587
1.529722
1.274481
2.749048
0.991881
1.553188
1.578069
2.974930
1.266220
3.857715
0.794916
6.096858
5.866667
1.167099
3.763107
2.181691
1.814486
2.588140
1.179218
2.652852
1.268443
3.002414
2.037514
1.971351
2.690894
1.829135
1.699635
1.580663
0.665279
2.382309
2.521492
1.158509
0.930437
2.000000
0.316384
2.244349
2.073580
1.770351
0.542186
4.091733
0.416953
1.772462
0.437428
1.539629
1.978078
1.012044
2.131881
0.794038
3.458774
1.298185
0.443455
2.149179
1.976307
0.700795
2.686552
1.393983
0.232941
1.563392
5.501203
3.287629
1.330682
1.633440
1.756829
1.925821
2.798963
1.737223
4.916354
1.698705
0.566815
0.863695
1.232535
4.932612
1.953157
2.891317
2.059101
0.724951
1.690797
1.383236
2.339536
1.756266
2.679864
3.072056
1.847540
2.743475
1.533401
1.174926
1.018111
0.733207
1.444075
2.754399
1.458380
2.165134
1.116847
2.885277
0.613577
1.340660
2.099393
0.940099
0.432997
5.525334
0.384223
0.328343
2.801427
1.138700
0.816200
1.477835
2.385950
1.085893
2.890842
2.571243
4.704967
0.748403
1.697677
1.946603
3.831076
0.948402
0.513975
1.377837
1.671634
1.261371
3.298564
1.848560
1.722000
2.815992
2.236974
2.106610
3.584967
0.710237
2.484657
3.270508
2.284199
0.757042
0.419330
1.415975
3.014940
2.970429
0.860594
2.301562
1.579358
0.882442
0.605383
1.324354
0.889607
1.639332
2.173447
1.302658
0.353258
1.949989
1.495487
3.664419
3.886568
1.040506
1.312475
3.058038
3.982926
1.978838
2.096464
2.926767
2.316365
0.158974
4.809075
1.882828
1.469989
2.824580
1.525745
1.518217
0.411763
1.579350
4.023177
3.942864
1.684947
2.295245
2.194379
1.504582
0.974547
0.675071
0.745910
2.667583
0.417901
4.046970
2.859166
1.929978
0.780355
1.140113
2.890527
0.847106
0.701375
3.153941
2.260828
2.019951
1.785528
1.920128
2.185654
2.505248
1.966208
1.692679
3.817102
0.892210
0.106417
1.049792
2.072978
0.964615
3.283074
4.022834
0.674002
1.322203
1.275335
1.429365
1.029006
3.073216
2.124622
1.981353
5.027347
1.598682
0.995152
2.000000
2.723443
1.831738
1.905396
2.780462
3.143205
3.295118
2.159472
4.672482
1.264129
1.203483
1.162417
0.744744
2.826497
2.331100
0.565540
2.371122
2.045641
1.151812
0.387516
3.221123
0.671330
3.892884
1.462157
2.000000
1.190669
2.781775
2.003320
2.123239
3.115209
2.146050
1.193247
3.518008
1.608202
2.458722
2.029025
1.821837
2.377867
3.143661
0.587728
1.909101
1.480798
3.203748
3.272231
0.457092
0.877234
1.944960
2.699006
1.790295
4.503207
0.941532
3.690009
1.758785
1.651289
0.834168
4.878704
1.084771
3.307150
1.451422
2.937693
3.691756
1.236774
2.782750
2.000000
0.539015
1.347495
2.319033
1.875869
2.526225
1.212276
3.221390
1.834521
4.689209
0.172728
3.930616
0.406368
0.562939
1.632209
1.748549
1.892845
1.868529
1.880858
1.038156
1.971658
3.562065
2.020676
2.682969
0.400553
0.561835
2.192446
2.272202
3.172439
2.000000
1.849788
3.425520
2.266233
0.670963
1.556038
1.448877
4.245330
1.783133
1.166805
0.936595
2.087330
1.774535
2.138540
2.090819
0.769338
2.145341
1.473576
1.467444
4.031598
2.025532
1.376217
0.337387
2.099459
3.163456
1.419104
1.646591
0.852975
0.661776
1.122619
0.787890
2.597489
3.010221
2.470269
1.319664
1.722001
2.226071
1.486464
2.000000
2.271926
2.449057
3.370087
2.241294
2.098472
2.196048
0.939437
1.919021
0.383505
1.973764
2.070734
0.663225
1.138712
1.506487
2.933205
2.106559
2.171733
1.722828
2.117735
3.773298
1.974612
1.345343
0.769738
0.611813
1.510171
3.017580
1.476489
2.396453
3.904293
1.067866
2.080169
2.560908
0.250813
1.417808
1.873683
3.677743
0.478612
1.410585
2.602655
1.970064
1.573348
1.843258
0.544650
2.164361
2.169414
1.131100
2.761468
1.946492
0.860813
3.023769
3.078069
4.960947
1.236021
0.303941
1.636749
0.463743
2.984936
0.651202
1.954513
4.477821
2.879162
2.716161
0.965577
1.665875
0.968044
3.472921
1.904692
2.651185
2.044399
2.361456
1.033308
1.757356
2.949730
6.738626
1.214917
0.672447
1.181232
2.353767
2.069436
1.891445
1.931654
3.302949
1.426435
2.819778
0.666211
2.209092
1.939869
1.850945
2.377638
1.340510
1.438856
2.053439
2.214381
0.378350
1.858341
2.273146
0.324811
1.573976
3.457925
1.170197
1.498431
2.126352
1.261767
2.924018
2.674290
0.470108
1.144561
2.665698
1.859096
1.986780
0.746047
0.611727
1.563215
1.335951
2.538853
2.073497
2.059460
2.112327
0.655735
1.308356
1.607350
1.224135
1.825183
1.575101
2.605506
1.220588
2.926644
1.990849
3.151758
1.724397
1.056384
1.918631
1.542513
3.575103
1.659491
2.768384
3.385796
0.105434
2.895010
2.259116
1.495696
1.977818
1.475285
2.785507
1.043751
2.784449
2.765471
1.760418
1.921160
2.129824
2.000000
1.846889
1.743158
3.122056
2.038862
1.696885
1.015927
3.620315
0.497489
2.006377
2.141179
0.619546
2.000000
1.197193
2.482740
3.172422
4.424760
2.575994
1.564045
2.009319
1.793482
1.300365
1.865652
0.836707
3.117072
1.388284
2.561635
1.906760
3.161346
1.730474
2.733730
2.143694
3.847198
1.600884
2.593530
2.939033
1.301688
2.351913
3.174238
0.675289
1.352181
1.779984
1.277436
3.274256
1.572325
2.086002
1.944284
1.319198
0.573941
2.461838
1.267836
2.037043
3.150849
2.389752
1.045628
2.171076
1.898071
2.000000
2.376868
1.915483
1.133234
2.400040
1.265116
2.424266
2.260490
1.843615
1.424173
0.545929
0.518875
2.584758
1.392089
1.609274
1.156072
0.568310
0.240745
0.690018
3.122139
1.595597
1.828167
2.062623
0.512028
1.647615
1.575891
3.924146
2.886283
1.140759
2.043949
2.040381
4.335888
2.091733
0.454087
0.712570
3.140019
0.944736
3.063695
0.371343
2.252923
3.757278
3.201300
3.494266
1.903031
1.359817
1.953636
2.809600
3.498233
1.941388
2.000000
0.894350
2.271372
2.037016
1.595907
2.919766
1.828313
3.904661
1.854046
0.930717
0.583171
1.495136
1.890855
0.324673
3.618154
0.575037
2.342560
0.589888
0.635798
2.448637
1.760990
2.325929
2.412731
2.170931
3.075590
2.211248
0.624153
2.000000
2.000000
5.015955
1.911982
1.792069
4.007754
2.079688
0.802016
0.746627
3.187606
1.284506
0.899807
0.811818
4.848412
1.236462
1.954697
1.776230
3.543824
2.424627
1.319662
1.557385
2.481057
1.466892
1.076237
1.998255
2.079803
0.634701
1.191758
2.020892
1.340439
2.004366
1.854671
1.160378
2.000000
4.114496
2.898846
2.019815
3.019664
0.692113
1.576085
0.334970
0.772632
1.853694
2.563841
2.380068
1.537545
0.627346
1.168636
1.486226
0.897308
0.499980
2.897666
0.893235
7.540076
1.849396
0.630180
1.407656
1.537490
2.000000
0.481710
0.931255
1.162832
2.255009
1.977192
0.898491
1.756852
2.812049
0.587815
2.017076
0.774647
1.609790
1.080989
0.323914
1.862215
2.138705
0.452381
1.724640
1.814550
0.852431
2.190736
2.683568
2.346317
1.642488
2.219039
1.304973
2.018898
0.860492
2.306218
1.897964
0.330599
2.265884
1.742352
1.124430
3.782300
1.825797
2.563684
1.772420
1.109248
1.884658
1.132805
2.645981
3.838800
2.416466
0.364293
2.700830
2.297116
0.384696
2.949350
1.891759
2.884348
1.356629
2.855858
5.257267
2.898879
1.805072
3.927002
4.142690
2.406075
2.771226
2.114382
3.372769
1.204380
1.861527
1.603968
2.583843
0.448428
0.836578
1.555025
1.450296
1.642212
2.618006
2.402171
1.257050
2.041980
6.958061
1.230655
2.159011
0.267146
2.863382
1.690366
2.221384
2.744300
2.676230
0.123427
2.000000
1.654691
0.629529
0.420103
3.337608
1.874677
2.163343
3.301733
1.452953
1.153151
1.438596
2.881242
4.260769
0.240175
1.297831
2.190924
3.236574
1.965820
1.745389
1.786441
2.241959
2.337976
1.766483
1.281858
1.397298
1.041212
1.122972
1.058689
1.153816
0.934885
2.510511
1.705048
3.029492
0.098845
1.314101
2.270284
0.545811
1.784845
1.989906
1.029139
1.879266
1.360517
2.619050
2.688366
1.496759
2.067185
2.091720
1.411965
2.499323
2.489956
0.998438
0.456874
3.648067
0.930435
2.637611
1.320666
2.904483
1.864343
1.465687
0.787509
0.568027
5.530605
0.921457
1.059302
1.101532
0.470540
0.389219
3.256791
0.716119
4.495870
2.731951
1.781763
2.259249
1.676921
2.665402
1.993304
0.331632
1.202702
4.596449
2.424683
1.860095
0.858041
1.969471
2.176254
3.563059
2.761082
0.821477
0.602339
1.472470
0.814790
4.022463
4.269790
1.711015
3.918404
2.237243
2.205823
5.661626
2.241049
2.441565
1.283224
2.578976
1.749195
2.718455
1.194273
0.868391
2.118616
1.722656
1.580920
3.055910
2.828014
3.458780
1.235821
1.634858
1.219078
2.976358
2.854263
2.182126
1.299088
1.824569
0.768714
0.531109
0.871869
1.712554
2.067530
1.533325
2.242877
0.664874
3.437114
1.299821
1.206449
5.337688
1.659354
1.461756
0.804596
2.186089
0.176073
1.844687
1.942195
2.674819
1.770860
2.024787
1.462614
2.750614
0.654021
1.332568
0.373166
2.103534
1.083073
1.680547
1.464466
1.806168
1.523996
3.361510
1.556337
1.644499
1.321354
1.463387
1.829297
3.092516
1.707448
1.823136
0.157181
3.427257
2.337965
1.571361
1.634923
3.390479
4.404682
1.688374
1.658700
2.870305
4.666622
1.959054
2.461802
1.437958
1.218876
0.881778
0.708386
1.283425
0.854585
1.018166
1.052243
2.140391
3.098630
1.582571
1.413913
1.954587
1.534450
0.653326
1.193915
1.166402
2.573818
0.322545
1.681597
3.030942
0.606831
1.162290
1.761622
2.885604
2.231155
2.153042
1.760922
2.188408
2.704519
1.628014
1.421238
2.840029
3.878410
0.801255
0.607383
2.000000
1.664062
0.431015
4.975054
1.034732
0.875898
4.083828
4.613619
3.015017
1.586558
1.467945
2.708664
1.838121
2.801341
1.308155
2.545515
1.121433
0.626208
0.990889
1.539407
2.329951
1.592700
4.058051
0.734502
0.766371
0.657781
2.006215
1.044548
6.516886
0.763316
1.120881
2.686187
2.158600
2.872299
1.799117
2.042027
0.362672
2.180632
1.981670
1.452695
1.593622
1.720235
2.570861
4.725081
2.003885
2.000000
1.310238
1.703670
1.441803
1.578840
1.340745
1.460678
2.000000
2.789259
0.957199
1.813326
1.929220
0.311148
1.550811
0.296534
1.112825
1.268365
0.940749
0.775125
0.499754
2.861817
2.131215
2.169015
1.835409
3.312193
1.912393
2.089568
3.018938
1.605901
1.604569
0.930403
0.455075
1.503164
2.955812
0.714438
2.369511
2.333672
0.517984
3.547399
2.982002
3.945093
3.895859
3.619993
7.449099
0.971781
2.333062
2.229310
1.075472
2.000000
0.960967
4.300047
3.369155
1.191090
2.737321
1.887170
2.316280
5.653495
0.905663
2.048228
0.697439
1.565913
1.731405
2.165141
0.154184
1.143681
1.418089
1.053873
1.670858
2.840338
0.932022
0.872650
0.569702
1.361502
1.504429
0.787171
2.420016
3.528607
0.799744
2.560928
1.923125
2.783347
6.170166
1.257049
3.677260
2.830514
0.679557
2.197895
1.216964
2.837498
2.003805
2.042583
1.939725
1.677755
2.828527
1.230806
3.231627
2.114976
0.739708
3.528538
2.137717
0.502807
0.884256
1.296023
1.357206
1.588808
1.663877
2.339020
0.299163
2.087726
0.836579
2.445293
2.052271
2.547445
3.365284
2.882197
0.675709
0.742087
1.775385
2.122567
2.243475
3.494289
1.793372
2.447857
1.722794
0.428385
1.686088
1.462310
2.023275
2.590357
1.532757
3.952805
1.365762
2.292921
1.543057
2.050293
0.935513
2.266852
2.323282
2.101493
1.472343
2.056620
1.294388
0.631667
3.276912
0.263034
1.941923
2.387184
3.270789
1.913899
0.608107
3.495923
2.762908
2.385937
2.458777
2.135818
0.571643
0.593872
1.123569
1.497719
1.322461
1.277944
1.925966
3.242047
4.585777
2.408392
2.786882
1.786728
1.900047
0.429698
0.640120
2.025201
1.873944
1.894458
0.904500
2.082912
1.400915
4.352812
0.559455
1.485368
1.956095
4.422346
3.907890
2.493354
2.721966
1.660366
2.582281
3.076155
0.818847
7.386851
0.930115
1.017562
1.906430
5.346865
2.290780
1.825837
0.975941
1.378802
4.001041
1.804223
0.392868
1.493551
1.682073
1.970907
1.978309
1.735122
0.197798
2.672120
4.270038
0.346834
4.048295
0.999929
0.559540
1.145110
1.146171
2.989168
3.970528
2.310759
0.939569
2.755811
4.312265
0.938973
1.893395
3.246447
1.727174
1.130457
0.789199
2.023340
2.876166
3.615286
3.031652
1.899821
1.448722
4.136187
4.361482
0.233442
1.400528
4.200445
1.903756
2.071040
3.281467
2.369711
0.842375
1.206991
0.351380
1.143522
1.618929
2.456756
2.284068
1.672282
2.417424
1.495723
0.982337
2.989322
1.976907
0.241000
0.697509
0.885879
3.508595
0.758788
3.214832
5.341777
1.343763
3.395556
0.886167
0.881728
2.603072
2.516914
0.902686
2.616373
0.883979
1.679197
4.942331
1.696810
0.688761
1.695437
0.360092
3.472609
1.530350
1.901459
3.272039
1.915309
1.916334
0.571118
2.767001
1.372392
2.350909
1.570958
2.630658
3.139698
2.354184
1.244174
0.519505
2.750183
0.517280
1.520657
4.361202
2.455582
1.427476
0.352367
1.324277
1.151394
1.475650
2.889187
4.739547
2.256936
1.998190
1.522472
0.314852
4.614657
1.352400
1.989922
0.566932
3.740647
0.239990
2.650733
2.313732
1.663103
1.105144
1.208896
0.933623
1.783502
1.669879
0.706872
1.582224
1.132595
2.209300
0.903635
1.413366
0.565200
4.386609
1.843919
3.363577
1.270800
1.991810
0.875998
0.768600
1.794319
2.804740
2.236460
2.341995
1.864386
2.272649
1.572250
2.388166
1.152548
1.322681
2.606543
0.493804
1.817774
3.219789
1.144873
1.851784
1.439504
1.067504
0.294197
0.389070
2.671534
1.123717
0.958750
2.146424
0.978146
0.429342
1.393451
1.620271
0.417460
4.066459
1.579123
1.938432
1.951685
3.077847
3.034413
0.367946
2.670204
1.180196
0.996843
1.839597
2.748850
1.082277
0.920210
0.515766
0.559937
2.174211
2.184273
1.308160
0.266354
4.630017
2.374463
0.788109
2.107253
2.302858
2.635857
0.869906
2.675562
2.378627
0.268436
3.452931
0.186922
0.689511
0.975456
1.794532
1.141820
2.653974
1.971918
1.686184
0.261892
0.992897
2.728312
0.778130
3.113082
0.411795
2.298321
5.378732
1.783676
3.535413
2.071550
1.753717
3.553807
2.035652
1.603223
1.598424
2.924198
2.110681
2.385432
4.771751
0.646980
3.532070
3.958812
1.809488
3.043571
1.827934
0.961896
1.216574
3.521019
0.799620
0.780624
2.054698
2.300508
2.729730
2.264654
2.228418
2.124237
1.673922
4.046646
1.020927
2.571960
1.836369
1.800567
1.417045
1.405301
2.404094
1.727412
3.499444
1.941601
1.527768
2.512499
2.232070
3.591500
1.562146
2.567635
3.948841
3.703835
2.046123
1.712797
0.677461
1.353510
1.818447
1.312467
0.456060
3.301437
0.865600
2.229806
0.567569
0.636394
0.726517
3.103704
0.819007
0.292027
3.109021
4.419117
0.379281
2.190572
1.967232
1.872720
2.122883
2.180559
1.298958
5.514650
0.472907
2.413613
2.249674
2.536664
0.336858
1.086995
1.188047
4.980437
2.377849
1.968495
1.974799
4.402654
2.615127
0.421738
0.481778
1.693517
2.102742
1.755310
3.076118
1.941494
1.028617
1.840570
1.586528
1.433717
0.587839
1.297893
1.933445
0.783667
1.340954
1.133498
3.401397
2.055156
1.724570
0.781206
1.569588
4.158136
1.867340
2.014375
2.556283
2.320517
2.227802
1.678926
1.328399
0.952570
2.600041
4.864400
2.611259
1.959253
1.768541
0.595200
3.212656
1.306714
2.506465
0.612661
1.103208
1.769194
2.160771
2.278142
3.989939
2.028908
0.879509
1.629301
1.638931
1.202046
3.726079
0.259115
4.186869
2.336963
0.789353
2.319074
3.166604
1.884323
3.045828
0.916669
2.227797
3.034275
2.357702
1.612065
0.350180
2.041213
0.581654
1.264158
1.080341
4.343121
2.224094
1.617468
4.842965
0.895063
0.924978
0.755896
0.884262
1.856306
2.498294
2.061917
0.761205
0.982967
2.916493
2.374126
2.852216
2.239223
2.499958
0.768828
2.112137
1.562327
0.845727
2.351684
1.044566
2.195315
1.568469
0.289990
1.311279
1.934948
0.420380
4.160558
1.556001
2.179400
4.409549
5.593380
2.485859
1.571213
1.642286
1.166240
0.496525
0.837408
0.620098
2.464846
2.418454
3.258453
2.318362
0.354893
3.031163
2.683891
1.595314
2.097526
1.088738
2.189631
0.733405
3.416294
2.632979
2.754696
1.321386
0.699766
1.683921
2.015688
1.479603
1.578824
0.747513
5.310451
4.282412
3.407203
1.043042
2.017028
4.407000
0.676154
2.294111
0.421113
1.733496
3.073654
4.964289
2.831763
1.694574
0.898156
0.600587
3.957696
2.681034
0.450153
1.124005
1.717184
0.619920
2.906708
0.512400
2.000000
1.487324
2.991235
0.960581
3.125089
2.222345
0.623820
1.473417
1.786609
1.193180
2.661866
3.199574
2.097154
0.256423
1.422286
0.629793
0.399577
3.285245
1.347767
1.824530
1.158193
3.446156
3.431129
2.391211
0.501213
2.064993
0.382984
1.836738
1.030601
1.008663
1.866547
2.327841
4.357801
0.537683
1.668216
2.953410
1.933388
0.507135
2.274889
1.889759
2.132188
1.490506
0.175419
1.581555
1.521225
1.222809
4.039348
1.858018
1.793008
3.223212
1.430008
1.553999
0.562951
0.792367
1.124902
0.236275
0.380805
2.548428
0.816555
0.615713
0.891554
1.258435
2.811179
3.412872
1.456343
1.047254
3.400285
2.071183
1.182640
1.565507
0.314018
3.009892
2.129701
3.159629
4.559443
2.380610
0.883816
1.686830
1.093005
1.698397
2.925377
1.232003
2.585964
1.616533
1.903428
2.663271
2.118400
0.847679
2.151736
0.261518
2.490933
1.792515
1.580820
0.307537
1.330020
2.339638
0.482870
1.886999
0.394727
4.403039
0.935138
2.000000
1.698404
2.182842
1.986485
1.910218
0.857770
1.404554
7.302207
0.661746
2.693820
2.172341
1.341986
1.552226
1.955570
2.427378
2.241455
1.786109
3.005459
3.778102
2.772275
2.164375
2.167333
3.576337
1.430533
2.376421
0.251156
0.337956
2.091555
0.574854
2.387944
1.711421
0.994336
1.616562
1.163532
3.320597
0.302343
0.530593
1.414831
2.950460
1.631334
1.624717
2.665997
4.030159
1.808442
2.755679
2.990727
2.923401
3.111279
2.035844
0.965749
2.208380
1.221641
2.400842
0.913030
1.290428
2.506726
1.453365
0.856105
1.423001
1.257616
2.000000
1.025310
2.048710
2.000000
1.438299
1.055009
1.486281
2.065886
2.157529
0.930435
0.928157
1.401334
3.512910
1.452666
1.428752
0.201337
0.658927
1.630350
1.885428
2.232308
2.627247
0.626053
2.906507
1.291083
2.185985
0.518156
2.163396
2.000000
2.626337
2.158260
1.546084
3.380031
2.212748
2.810948
1.983830
2.000000
2.162993
2.522155
1.974043
3.100739
2.808658
2.324797
1.810235
2.093540
3.400887
1.306114
3.900116
0.374296
2.122008
3.420251
2.350887
1.802360
1.483285
1.716351
3.048170
2.131197
0.627448
1.272599
1.535275
0.673322
1.498201
2.520265
1.172073
1.674943
3.046744
3.059495
1.625512
1.951109
0.686576
0.413715
2.419296
0.952073
1.794038
2.531247
1.560929
1.839222
2.679367
0.856477
0.834855
3.673609
1.817233
1.871693
2.092006
0.684399
4.164209
0.752106
2.199289
2.323457
1.700162
1.608665
1.394507
3.733037
1.481165
0.329118
0.267004
3.677656
0.825718
2.526928
1.949061
1.434179
6.635761
0.697388
4.020302
1.811911
1.275180
1.648914
1.531670
2.284515
3.154217
2.181096
3.887302
2.763619
1.443759
4.441035
1.840487
2.869162
0.422942
0.946809
2.493668
0.804169
2.000000
0.526144
0.515342
1.721108
2.152194
0.772228
0.298657
0.744950
0.783239
1.928175
2.089360
2.508581
3.090729
2.010568
0.837105
1.957215
2.946430
2.166065
2.625892
1.433894
1.927584
4.799270
0.528157
1.435669
1.204837
1.163552
1.468731
0.588183
1.687297
2.640085
0.713214
3.175274
1.393515
2.848811
0.962660
3.225105
1.801200
1.228597
3.095189
0.510665
1.867778
1.137922
0.921945
2.037116
0.882377
0.257031
1.805454
3.184460
2.652858
0.897923
3.179059
3.828593
0.739004
4.219783
2.512358
1.231372
0.510923
2.664713
4.906880
2.227714
1.108063
3.406842
2.726083
3.060977
2.306800
4.096726
1.005728
2.751375
0.427685
1.788434
2.961401
1.533885
1.496055
1.949418
0.972500
1.915754
2.613519
2.959288
1.005411
1.019110
3.089284
3.366011
0.815067
0.845552
3.334628
2.084952
3.599758
2.503961
0.342991
2.665856
4.672511
1.823921
2.323026
0.613442
0.517140
0.693923
1.644304
3.262847
0.360748
0.547915
1.873051
0.682671
1.821482
2.999458
1.661843
0.737904
2.670038
1.004202
1.170303
0.436652
0.885775
2.880942
2.467033
1.593528
0.838129
2.174544
2.614142
3.238164
0.340586
1.581338
2.151691
1.618726
0.214089
2.318751
0.350899
3.265981
1.029207
0.236819
0.624775
1.299601
1.768382
1.321072
5.683805
3.525447
1.954361
3.590727
3.582088
2.041339
0.904211
0.726472
1.820643
3.182771
2.754547
1.421814
3.717841
2.015733
1.480950
0.679765
1.191299
0.877384
2.154235
1.990999
1.610930
3.172923
0.759575
2.070060
2.025433
2.226892
3.055473
2.294625
0.472284
2.386817
0.778130
2.169410
1.470655
1.338854
1.646488
1.933224
1.190228
1.634467
1.304543
0.801961
0.610811
1.530550
2.869589
4.251160
1.718203
3.198068
1.335348
0.647843
2.938376
0.778783
1.850661
0.982303
4.250273
3.018377
2.697685
1.668150
1.220875
1.985688
2.140497
0.709915
1.258467
2.404691
0.616514
0.902299
1.742850
2.263769
1.970066
4.109099
2.338601
2.482531
2.880475
3.276393
1.930915
1.873933
4.355665
0.497978
3.366874
0.792001
3.448175
2.084493
2.047173
1.174627
1.650255
2.253062
1.077581
2.003181
2.735719
3.336600
2.179806
3.134508
0.894883
0.728072
4.827366
2.273939
0.510938
1.920227
0.444828
2.016750
4.454909
1.261721
2.034271
2.679834
4.028962
1.680014
1.879766
0.313296
1.876173
0.181006
1.359282
3.229129
2.872231
0.343267
1.551163
2.109818
2.922735
2.415464
2.876724
2.368061
1.438239
1.829987
1.043747
2.315392
1.391059
2.976278
3.996964
1.642676
4.044681
1.258876
2.454470
0.916001
2.680253
1.163136
0.463777
0.337894
3.910482
2.238917
0.826953
1.268008
2.000000
2.283424
2.021606
1.058156
1.973514
7.790177
2.466629
1.510492
1.732901
1.022569
6.321415
1.725928
2.628319
1.228559
1.993391
2.183524
2.332197
2.850080
3.717538
1.234783
5.661946
3.418451
2.077299
3.170244
1.850570
1.728122
4.161521
0.885426
2.579812
0.829765
3.596915
2.270460
2.482650
3.529676
1.661719
0.758116
0.684391
1.209244
1.270731
1.387042
1.944146
4.973623
2.386245
3.372376
3.218113
1.104888
1.289156
2.132591
2.020906
2.408160
2.942511
1.253061
2.761995
2.116974
0.969458
0.923142
1.704162
0.302497
1.184162
2.057745
1.766863
3.357843
2.624732
3.324616
2.461864
0.400023
0.468769
1.728753
0.555707
0.476692
2.000000
1.079627
2.068494
1.876038
0.738060
4.380784
3.088487
1.670737
0.947779
0.386302
2.524788
1.946427
0.705854
0.651764
2.598941
0.765140
1.112457
2.121447
1.358266
3.641349
2.244647
0.329546
0.454536
1.477432
2.332453
1.768027
3.329587
2.180490
0.684127
3.953914
3.177105
1.796916
0.527939
1.482038
1.800127
0.671446
1.820547
2.000000
1.762031
0.919524
2.231843
1.936545
2.873743
3.538591
2.659184
0.631040
3.564089
2.252291
1.798162
0.493553
1.013726
1.652881
2.794947
1.069116
1.638848
2.298586
2.215770
1.630132
4.005607
2.325769
0.426367
2.324254
2.048802
2.001817
1.640022
1.785277
1.080465
2.034375
2.924400
2.398345
1.652105
2.203274
3.761316
0.519342
4.009893
0.396168
2.495051
0.996343
2.484765
2.367965
1.489615
0.909761
0.688117
2.416798
2.371575
1.008382
2.323934
1.004854
2.237164
2.979003
1.959954
1.794401
1.408667
5.314538
1.440372
0.455057
0.646069
3.632851
1.699107
2.105996
2.445078
3.037208
1.385210
3.537117
3.588905
1.822205
1.754465
1.898874
3.268186
3.722681
1.870059
2.459525
2.006206
3.381635
2.128880
2.038471
1.116399
1.872396
2.140539
1.197573
0.706002
2.205888
1.804645
1.653231
2.405016
0.578376
3.100062
0.321605
0.797230
0.836175
5.466810
2.228656
1.972741
1.935787
3.021686
1.511749
1.542302
3.271458
1.918286
2.862668
2.653350
1.578719
1.016852
1.028151
3.529391
1.010985
1.062159
1.780204
0.617733
1.723283
1.656252
2.105164
1.878267
2.150266
2.000000
3.152283
0.885514
0.892664
3.130334
3.740515
2.641207
1.454666
3.444666
1.049234
3.239400
3.687253
3.300482
4.860355
2.239536
2.686197
1.307464
1.964069
1.153235
3.412049
4.904267
1.755468
0.805052
0.721648
1.917000
2.992848
3.339961
1.877725
1.816294
2.260435
1.796814
1.551284
1.817813
1.058878
2.275296
0.431835
2.743993
5.063320
2.049839
1.140830
1.797663
0.862350
1.391813
3.985996
1.758130
2.281308
1.832061
1.050887
2.270495
1.605756
2.739555
3.441655
2.000000
1.955518
1.403805
4.789570
2.691164
0.753752
4.399811
1.863169
0.467647
2.642575
2.004571
2.466720
2.240877
0.298900
1.920990
2.464462
2.650885
4.194906
2.766303
0.278068
3.020916
1.965699
2.582575
1.358144
2.393132
0.297045
2.844199
2.728577
2.274501
4.459379
2.274896
4.713579
1.449800
2.482986
1.540969
1.831621
1.374530
2.474419
3.193316
1.330695
1.921443
2.267540
1.701873
1.384937
0.790569
1.408592
1.389053
2.266287
2.412684
1.039887
1.834607
2.988530
2.971226
6.144269
3.222173
3.016871
1.670662
1.498035
0.590528
1.596918
2.648255
3.185158
1.839738
1.163245
2.969628
0.749860
3.808681
0.360059
3.397950
1.814556
0.945382
2.205364
1.846889
1.610842
2.822224
3.859161
1.757762
2.000000
1.484391
2.152936
4.586850
2.454822
1.686860
2.963680
1.081707
1.580392
4.080563
2.212944
1.556906
2.219496
0.878317
1.572419
4.027545
4.572633
1.085554
2.173156
1.498272
2.174306
1.030475
2.199802
1.480129
0.536072
2.710221
3.164716
2.582017
1.787432
0.684057
1.693357
3.758658
2.369280
2.000000
0.857478
2.816468
2.447432
1.339052
1.169901
3.148298
1.220836
2.202256
2.239911
1.604400
1.731439
1.050358
1.569352
1.725510
4.882665
1.908755
1.489878
1.848685
1.595021
0.667897
3.107241
2.129295
0.801997
0.643831
0.863050
1.778036
3.256786
2.010130
1.463388
0.233117
1.064901
2.524812
1.775845
2.736033
1.968444
7.947230
2.883030
2.737667
1.430536
2.028275
1.833280
2.231538
2.388860
0.518809
2.397582
2.777997
1.639549
3.579248
1.569751
0.389961
1.634452
2.350066
0.722091
2.210744
1.843655
2.610478
3.707579
1.996649
0.919349
1.630404
1.273468
0.994024
1.604526
1.639822
1.571031
1.314347
2.877460
1.809147
2.425126
2.082241
1.498233
2.566989
1.456842
5.186264
1.522447
5.761922
4.069056
3.396976
4.214440
2.510569
0.956754
2.278219
2.189066
2.199414
2.341189
0.480436
2.387173
2.983071
2.272036
3.528796
1.250107
1.697165
3.726351
3.533199
0.343355
2.413882
1.050972
1.432674
1.423550
3.394461
1.409324
2.172093
1.293055
0.822547
2.374789
1.859145
1.336502
2.920832
1.893856
2.502285
1.250756
1.390968
1.158222
2.088976
1.792173
3.572328
4.129855
2.666082
2.075945
2.589169
1.518344
1.018843
0.959478
2.100680
2.132051
5.800257
0.265238
5.539105
1.954086
4.563767
1.003193
0.931326
2.000000
3.456995
1.694033
1.968617
0.316977
1.644327
6.970469
0.871986
1.855609
1.310162
2.881529
2.830405
3.111653
3.090367
2.494400
3.049471
0.650551
1.417948
1.351405
1.788601
2.574850
2.010738
0.888411
3.476078
1.332102
3.023911
4.127095
2.538902
3.086163
3.952315
1.147912
1.404459
2.699943
2.477589
3.899130
2.078440
1.121527
1.273702
1.066299
2.303784
0.723247
0.714550
3.471003
1.809356
1.277979
2.797091
1.231849
2.072071
1.862520
2.189116
1.648733
0.619259
3.724530
0.391938
4.940072
1.627953
3.557329
1.750592
1.893871
3.908385
0.690001
0.889751
2.184532
2.569936
2.615419
1.235363
2.137453
2.210203
3.273922
1.501740
2.922704
1.819675
2.732137
1.006852
4.895981
3.042239
3.438195
3.633395
1.957364
2.578830
1.207951
2.437102
2.447145
2.175462
2.797708
3.136642
1.506960
1.118557
0.961598
2.172053
3.038124
2.813231
3.746965
1.698203
1.219877
0.206309
0.993551
0.887389
2.749700
2.588842
1.885585
1.354361
1.488277
2.664843
1.513037
2.664575
1.123219
0.877649
2.805239
2.057964
1.917804
1.304428
2.114907
0.596662
2.279527
0.879970
1.693496
2.777970
0.389558
0.716150
0.314637
2.068492
2.731890
1.247657
1.397600
1.688032
2.062997
2.047685
1.887146
0.775159
1.046982
0.299493
2.196219
2.066597
2.269248
2.392240
1.050761
2.372084
1.028034
1.897426
1.499550
1.340736
3.079957
0.286623
1.369212
3.408111
0.448681
0.521793
1.374918
1.296242
1.069579
3.491834
4.880270
0.735463
0.762245
0.787385
1.623894
1.147745
1.308594
1.966141
1.032028
0.612284
2.138481
0.563115
1.998505
1.122107
1.063150
1.787864
3.960559
2.270336
3.944001
2.029875
1.482326
1.560543
2.667740
3.261454
0.470475
1.862624
2.321439
1.917003
2.343169
0.606111
1.351333
3.033630
2.737381
2.000000
2.976870
1.267414
1.242664
0.351641
1.799049
3.345569
3.948681
2.651046
0.521558
0.863866
0.643222
1.092252
4.422682
0.466825
0.106513
0.831847
1.538435
1.418914
0.558691
1.284140
1.975315
4.003364
1.279564
2.861210
1.021428
1.837817
2.599061
2.549857
3.125442
0.849720
1.811709
2.641734
2.404675
1.279184
1.756837
1.813214
1.250530
1.497554
1.119653
0.482456
4.719261
2.610484
2.332854
2.383487
3.336851
3.408237
3.058076
1.904997
2.880104
1.983063
1.241553
1.415777
2.069772
1.361943
2.350030
0.421420
0.651149
0.895080
0.919132
3.920927
0.664301
1.506811
1.951327
2.199612
4.433096
0.827668
1.936101
1.781954
1.358594
2.141910
1.135183
0.649658
2.729274
1.738134
2.019519
2.517707
1.396914
2.736211
2.019775
1.188611
1.406379
0.347399
1.959933
6.936356
1.760979
3.305815
3.971533
0.778339
1.745137
0.714320
4.634256
2.000000
2.188115
1.486192
2.147229
0.934966
2.122060
2.840337
4.108698
2.930104
2.588950
1.616333
1.490408
1.592397
3.783631
2.347853
1.620649
0.452965
1.331988
0.756038
1.098521
1.418866
4.621877
0.417757
1.206000
1.861753
1.715381
2.964376
0.991054
1.425640
1.634160
0.405762
1.696714
0.414757
0.688215
1.552555
1.898985
2.809819
0.272490
1.661335
1.871086
1.422443
0.596935
2.133366
1.748615
1.595047
2.134412
2.320897
4.522648
2.862005
1.302963
0.526354
2.029181
1.577726
1.543060
1.812973
2.198479
2.501231
0.149099
1.650591
2.195291
1.012981
2.419780
1.977162
2.079076
1.543819
0.539052
0.498474
1.160276
3.599421
3.588014
1.722746
2.134795
1.165027
1.757603
1.516050
4.441556
2.981470
1.040069
5.770685
1.385308
1.534982
1.417128
1.056227
1.779753
2.241728
1.059372
1.658730
0.898517
1.746434
2.538361
0.210374
4.029574
1.855055
0.851285
0.658074
2.007492
1.233788
2.043526
2.571189
1.534512
2.558250
2.449833
2.299131
2.309338
1.426659
1.246912
0.318250
1.180564
1.370504
1.154196
3.833113
0.956961
1.831616
4.433873
3.290688
2.281729
2.463300
0.595795
3.218758
3.332607
0.839261
1.096278
0.844316
1.775630
0.232454
1.566033
2.430400
0.981684
1.531129
1.616604
1.980954
2.634441
2.088963
1.763504
3.915872
3.133509
3.841475
2.929697
1.571798
1.773296
2.000000
0.494224
0.680896
2.830292
0.462397
2.393560
2.081614
1.096917
1.948777
1.414478
1.573018
3.765325
1.796014
0.830226
0.498669
1.596387
2.439388
1.545856
1.595505
0.340685
2.365993
2.153748
3.451176
2.374945
3.295879
0.845758
1.700725
0.455245
1.052447
5.010099
1.700741
1.524419
2.109386
1.404242
1.054219
1.600115
2.216959
2.115124
3.732563
1.600346
1.100431
0.370306
1.034462
0.411268
3.184368
3.109723
1.615921
0.502579
1.851076
3.142302
4.539154
4.253865
1.816122
1.751739
2.262754
1.687874
1.017587
1.256433
0.233835
2.232862
2.616459
0.678113
0.632954
1.589705
0.290978
1.156192
2.865894
0.701018
1.897759
2.054476
2.571280
0.663416
0.404415
3.190325
0.745262
3.101194
0.979403
2.180779
1.811001
1.749304
1.291324
1.730089
1.862199
1.906886
5.111274
1.980141
0.967834
1.126949
0.605458
1.212422
0.632579
0.897900
0.348554
2.209352
2.000000
2.167675
0.785872
3.149571
1.166750
2.423540
3.650750
1.563294
0.729041
1.996788
1.456663
4.356870
1.477225
4.546213
1.524041
2.502005
4.109597
1.127217
1.065490
3.355535
1.287256
1.390848
0.863267
4.444107
0.381318
2.381309
1.285977
1.419614
4.255859
2.145696
1.235461
1.957065
2.315335
4.032284
0.331634
1.376005
1.581423
2.515077
2.305780
2.000000
5.656742
4.124033
1.388773
0.929888
2.046450
2.469226
1.838479
0.886562
0.926165
0.741155
0.916612
0.762248
0.941753
0.410207
2.579442
2.331722
4.290852
2.112065
3.133911
2.932467
0.949924
2.176751
6.936852
1.336447
1.846585
2.655426
1.644253
1.686974
1.566318
2.468708
1.118995
1.879201
1.574196
1.890618
3.624928
1.309995
0.654459
3.596997
1.377580
4.030945
0.475703
1.923496
0.949713
1.619368
2.043220
2.000000
1.240368
1.702897
0.465014
1.846876
1.946186
2.049392
2.954822
0.324595
3.439824
1.115017
2.199691
4.406408
0.474604
0.614401
1.560818
1.807410
2.353473
2.000000
1.625569
3.915702
1.255459
4.076636
2.000000
1.779742
2.228123
1.926768
2.000000
2.536454
5.051540
2.693276
0.439599
1.953880
1.413470
1.997764
1.234326
2.936294
1.012421
1.420796
1.595735
4.514139
1.625005
1.228565
2.126286
2.725288
2.004018
1.852815
2.899030
2.568404
2.173302
4.859672
3.387915
2.251981
3.362671
0.580674
5.216417
2.318120
0.348238
1.041707
2.007075
0.734929
0.459322
2.000000
1.339611
1.441640
1.494815
1.662730
1.040251
0.829818
2.176063
1.231922
1.918934
1.385773
0.564275
1.577930
3.043263
0.911615
0.232230
0.241664
1.434221
1.306110
3.260149
2.453227
1.592185
2.657298
2.935145
1.518580
1.524175
2.028199
3.604877
2.842525
1.219698
1.427005
0.221900
2.035226
2.841971
3.227994
1.728061
3.061955
1.145210
1.230466
0.520328
2.016689
2.420832
1.256568
1.107298
2.143112
0.416972
1.959468
0.904362
2.674897
1.701467
1.983388
0.932692
2.126238
2.778017
1.807678
2.022457
1.346312
1.441399
6.358831
2.488530
0.239419
0.809106
2.388515
1.918555
1.843385
2.078976
2.235347
2.606255
1.533170
1.410362
2.919498
1.190700
1.161691
1.812243
1.476649
1.735552
3.360607
1.718061
4.049056
2.045454
0.806856
0.896460
0.957005
1.969470
2.740696
2.741410
1.287540
1.608336
1.383613
1.787080
4.002466
1.640206
1.571099
2.190260
2.887956
1.605238
2.263553
0.623638
2.061776
1.661110
1.669546
2.013881
1.969694
2.401901
1.892781
0.626043
1.058831
2.169118
1.990308
3.839298
1.784240
5.839647
1.438785
0.959946
0.299239
2.355278
1.960457
2.387186
0.119965
0.462548
4.057423
1.410738
0.868600
1.078577
2.551729
2.523247
3.286102
0.885465
1.865035
0.934108
1.281002
1.033578
2.087101
1.486505
2.108228
3.800443
0.639459
2.978129
3.645156
0.953235
2.244543
0.280254
2.367171
1.431736
3.137835
3.640432
1.571488
1.703725
2.040447
1.853419
1.326839
2.256406
3.269760
1.897371
1.027995
2.653741
1.397915
2.993840
1.880249
0.834095
0.723245
2.008354
0.656258
0.668650
1.843118
0.553309
1.630952
5.565238
0.767942
4.083649
5.394331
1.876695
0.458103
2.160049
0.752466
2.203611
2.049699
1.074521
2.321995
1.565824
3.968319
0.443034
2.155814
4.877670
1.787834
2.212868
1.622761
1.950272
1.628220
3.407853
2.247788
3.233753
2.391963
6.654306
2.448028
0.703228
1.030466
1.883675
1.681167
2.000000
2.149972
0.337714
1.041952
0.507302
1.891281
3.111328
0.348257
1.751960
2.903566
1.525216
1.556267
2.152490
1.107339
1.436638
1.755210
2.919230
1.369118
1.753674
2.000000
3.443727
0.907916
0.386867
1.110905
1.664621
0.393719
0.600331
2.597452
0.861509
2.539358
4.110028
1.703719
0.295338
1.763717
0.624452
2.675911
2.297979
1.516758
1.597679
2.911969
3.448909
3.032363
1.245464
2.775012
3.746768
2.938429
1.416431
2.045389
3.599874
3.400736
1.942721
0.778290
0.258783
2.936879
2.153658
1.851773
0.880715
0.762135
1.526190
1.921429
1.097992
3.239234
2.174659
2.835899
1.490417
0.648191
2.025607
2.069536
2.556538
3.027255
0.758306
2.602355
4.981943
2.376857
3.086762
0.649960
2.168346
1.115579
1.523475
3.498161
1.722826
0.260828
0.850769
1.608812
3.804976
1.613889
1.752605
1.932708
1.550853
2.477994
0.417485
1.381874
2.879368
1.070159
0.348585
0.907291
1.252461
1.212953
2.295543
3.095703
1.638396
2.867066
0.786150
2.547014
2.350234
1.192777
0.339503
1.892952
1.935500
3.256869
1.519417
2.102147
2.274445
1.151025
1.249040
1.992057
1.883641
0.684695
1.436280
2.574629
1.560116
1.669020
1.427986
2.000000
2.011612
1.028255
1.593114
1.651421
2.603999
1.911013
1.563509
2.170574
2.000000
0.628888
1.638714
1.005815
2.611729
0.645542
2.208636
2.682608
2.942132
1.697163
3.693751
0.735584
2.033755
2.836616
2.835569
2.239681
1.603060
1.693607
3.794174
2.532181
3.354316
0.867206
0.923572
1.152074
0.682881
0.591489
1.923304
1.346123
1.273514
0.748156
1.474852
1.958705
2.041701
2.165711
0.851045
2.846292
6.095771
0.462214
2.203066
3.776116
2.690270
2.891878
4.084796
1.207854
0.743590
0.205300
2.098409
2.474168
2.013294
2.395307
1.443706
2.562413
1.766933
1.461768
1.828367
2.120315
2.967890
3.987207
1.009228
1.178604
2.469099
2.581282
1.863179
1.032362
2.372899
2.155657
0.965218
1.835068
0.969696
0.641220
0.643976
1.096226
3.012440
2.021680
5.294898
3.983046
1.513862
3.135273
2.125927
2.000000
2.000000
2.238252
1.428049
5.673313
1.595000
2.981125
2.136246
5.070339
1.657190
2.409830
2.995234
1.424853
3.108456
1.141060
1.883944
3.755742
1.558289
1.292364
1.580675
1.197942
0.705727
0.167880
2.750187
2.577243
2.545270
2.232351
0.799709
1.883399
5.382793
2.277467
1.426928
0.665420
2.291084
0.740871
1.176559
2.722466
2.000000
3.943778
0.912166
1.767323
1.075834
2.806928
0.801644
2.112562
1.080216
1.719177
2.296939
2.915647
1.382220
1.283385
1.149905
2.045484
1.165204
1.067820
1.965583
3.224536
2.528330
2.634550
2.000000
2.000000
1.035098
1.966354
1.411842
1.305078
1.698111
0.933514
1.956098
3.511991
0.371350
3.334057
1.669089
1.778270
3.714568
0.961601
3.594262
1.373933
2.632727
0.535378
1.529146
1.784716
0.385787
3.960955
1.749156
2.757517
0.522201
2.070081
2.237166
2.925652
2.154541
2.029562
0.615679
3.448445
2.532318
3.063591
1.487841
3.921808
2.292480
1.331312
1.074856
1.307064
1.167726
1.158730
1.082786
4.004030
1.951967
1.325660
2.273391
2.885908
2.800426
3.381266
0.386348
0.686698
1.271679
3.455857
1.448983
1.626603
1.472744
3.251105
3.719816
0.925575
2.445606
2.042040
0.357514
0.595852
2.281121
1.294429
1.692407
2.015652
1.458179
2.461118
1.409989
0.786069
2.001082
2.000000
2.450315
0.690686
1.023283
1.772696
5.435365
2.832111
0.937105
3.457041
2.539266
1.942250
2.928125
0.491254
2.179082
1.292222
2.604957
0.737943
2.642866
2.031431
1.560020
2.324326
0.891656
2.110052
0.658916
1.737222
0.425004
1.657670
1.237553
1.136404
2.765766
2.697951
1.869203
3.044302
0.321621
2.018891
0.858017
3.070098
2.020705
2.550303
3.004861
1.309574
1.836976
0.621672
1.886295
3.111740
5.840536
0.570642
0.676690
1.482262
1.720509
1.724609
2.338866
1.612519
3.733530
3.613682
1.661771
1.066074
0.385574
1.876537
1.121908
2.007433
2.077343
0.477232
3.624009
4.031304
1.041879
3.861438
1.847042
2.155296
0.764975
1.918405
0.804639
2.966715
0.492502
1.388420
1.814369
2.679994
2.975255
2.072458
1.436581
4.759306
1.540321
1.740796
1.553438
2.984021
2.173089
1.535596
1.321255
0.131008
2.248372
2.004344
3.378530
3.247545
1.448430
1.944439
3.152166
1.214482
2.726129
1.830810
2.420139
3.431503
3.786598
0.227503
2.000000
1.022720
1.093867
1.253658
0.990400
0.359622
1.399627
0.729857
2.830594
1.533051
2.388359
2.819096
1.405194
2.695509
2.948714
2.761272
2.974619
1.587886
1.921817
1.631124
2.824785
2.910770
3.181154
1.327640
2.320848
4.347789
0.953279
5.406231
1.380021
2.056791
2.750917
1.249350
0.958767
2.416985
2.162348
2.868512
0.573442
2.009613
2.667952
1.761246
2.000000
1.121663
3.412135
1.102080
1.660771
0.862147
1.506322
1.257406
0.783180
0.991503
1.186337
2.240376
2.512456
2.629382
0.861292
4.081861
1.599401
1.746927
1.627681
1.658203
5.756763
1.669844
0.605448
1.501512
1.772267
1.968684
2.098388
2.000000
1.193225
3.552848
2.931286
2.588395
0.482340
9.841037
1.809050
0.946852
0.419784
1.780304
0.164812
2.530889
3.633373
0.882803
0.628671
0.875272
1.944394
1.068540
4.097170
3.018972
1.890201
1.778700
1.507271
4.132044
0.866797
1.944456
1.098432
2.516442
1.765439
1.627883
2.336514
5.966726
0.585264
2.067358
0.898400
2.020021
1.910018
1.550535
1.523842
0.783705
3.261666
2.344368
1.920301
1.460881
0.873439
2.998375
4.352139
2.366315
5.028361
3.552160
2.719374
2.906846
1.993951
2.608061
2.283432
2.907099
1.400660
0.544260
2.412106
2.988471
2.552567
5.353481
1.188077
0.913140
0.985717
2.789600
0.596794
1.828424
0.953722
1.948843
2.000000
1.557254
1.434076
2.837249
2.586344
3.165089
2.797899
1.818592
6.927955
3.540455
2.729923
1.982381
2.520250
2.653414
0.368774
1.761219
0.827240
0.798145
2.000000
2.321904
4.581771
1.646730
0.389058
0.811064
1.008000
5.396421
2.180887
1.885409
0.420069
3.063669
1.811318
0.700430
2.970029
1.209338
0.474354
2.678717
2.419111
6.512543
2.677975
3.672151
2.908354
0.433752
2.205133
1.697299
2.834387
2.025846
2.522268
2.001431
2.010426
2.295390
2.351518
0.716986
1.217271
2.591603
0.858182
0.588266
3.081393
1.780572
1.522959
0.582741
3.574561
1.531111
2.045254
3.349311
2.123623
4.063225
5.705492
1.045160
1.796856
1.689574
0.824628
2.144850
1.103155
1.894904
2.078120
2.137115
1.149659
1.542725
1.859747
2.897460
1.761017
2.770507
5.351450
1.462446
0.686728
0.430551
2.761278
1.774271
1.556431
2.456984
0.449634
3.473369
0.943063
2.266147
3.244237
2.013836
0.222321
1.876608
1.653522
1.806107
3.136749
0.471876
0.836249
2.878952
4.100486
1.058067
2.473362
0.231199
0.184624
0.895209
0.580259
2.040719
2.722720
2.775239
1.857426
3.852508
1.468970
4.728222
2.380317
1.851397
4.686039
1.623582
0.709937
4.464852
1.938143
2.810038
2.040770
1.053632
0.856514
1.760527
2.558847
2.074253
2.964301
0.994987
2.858733
0.787695
2.665701
2.899735
3.038813
3.467066
2.873361
1.704370
3.123610
2.680987
2.152212
1.829384
1.263932
3.651374
0.740524
1.928507
0.660054
1.630198
1.464492
2.701372
2.145118
5.969717
4.013624
2.922481
2.562852
0.606968
5.861438
1.034045
0.717317
0.754799
1.844960
0.354960
1.372850
2.560865
1.985632
4.111228
3.034416
1.199997
4.281843
4.749658
1.330200
3.377298
0.978266
0.942195
1.375829
2.552517
4.614404
1.836940
1.824339
5.250839
0.600806
2.076828
0.271390
3.567861
3.735529
1.089351
1.554127
2.113162
1.251062
1.561882
1.024889
1.201864
0.989505
1.588892
2.327665
2.684330
0.408634
0.410203
2.552441
1.527586
1.564220
1.187074
1.923843
1.217191
1.099406
2.775983
1.368532
1.167109
0.477924
2.000000
2.401284
0.476560
1.990992
1.662898
2.688336
2.352570
1.968660
3.339722
3.107639
0.763448
0.441300
0.666379
1.789863
3.380509
1.117440
1.451530
1.726401
1.265677
2.283013
2.548438
2.968097
0.911603
1.374760
3.516502
1.245735
1.994427
1.956453
2.528226
2.369904
3.842465
1.567272
2.112961
1.039412
1.559387
2.076097
1.937250
1.467214
2.090473
3.035900
2.494707
1.451461
2.338744
3.076213
1.570395
1.238153
1.727897
2.051888
1.396968
0.514154
5.519579
2.279397
0.933487
1.978034
0.977121
3.222145
1.711619
3.863272
0.810369
4.844618
1.512315
2.684613
2.213386
1.153486
1.991480
0.960296
1.860430
3.448511
3.223912
0.889341
2.550854
0.614266
2.000000
1.798588
1.685199
4.750620
1.199861
3.781823
0.797848
2.113156
0.588702
0.657963
2.412382
1.401769
7.743569
1.657377
1.859287
2.110280
0.282883
1.336739
1.211158
1.409089
2.475835
2.373049
0.994338
0.342203
1.611820
1.864113
2.447941
1.944168
1.750829
1.707109
0.330505
0.584689
5.576644
2.001615
1.535759
0.523415
2.328917
2.293027
1.633299
2.545599
2.173726
0.932881
1.541544
1.036178
2.190458
1.243869
2.067887
0.404483
1.634746
5.189664
2.458661
1.789650
2.114454
0.911909
2.424416
1.939704
2.001143
1.144804
0.130463
0.449666
1.576012
2.543469
3.356784
1.089274
1.066268
3.080708
1.009076
1.694635
1.035340
2.056887
0.465078
0.391901
1.362607
1.811612
2.877867
2.183827
2.438028
1.560497
1.085545
2.072873
2.140032
2.526106
1.630491
1.708740
3.211725
1.791864
1.607688
2.380140
1.588418
2.456747
1.177929
0.868407
1.476929
3.967711
2.624659
1.989276
1.223663
1.669909
2.116108
1.062139
1.909240
0.766814
0.378831
2.897782
2.147298
3.192498
2.323237
3.052108
1.671343
2.122022
1.452425
1.663286
1.047004
2.263160
3.230040
1.724230
4.638232
1.252833
2.302653
1.276578
1.783010
2.738461
1.037668
4.949891
1.956662
1.367445
0.754121
1.718803
1.392741
1.627160
2.508905
1.894180
1.902534
1.368918
0.756222
3.804358
1.648684
0.642661
2.542932
2.445749
1.772772
2.271580
1.824630
1.592285
2.171172
2.509435
1.767873
3.372223
0.977081
2.571854
1.634358
0.637833
3.244412
2.459007
1.242598
1.200023
2.228857
3.248045
1.497846
3.747028
1.820626
2.847743
2.497199
3.143872
2.925662
1.693232
1.652086
1.851834
0.213262
1.827036
3.807353
3.234574
2.216344
2.222298
1.688712
1.611739
1.695512
1.594936
0.818948
1.741533
0.839616
0.454562
1.624748
1.885063
0.410585
1.447916
1.681408
1.629226
1.451520
1.409118
0.897331
1.635390
1.702064
0.602698
1.584815
2.044888
2.601646
1.409614
1.795938
2.258100
1.198417
1.537711
2.299147
2.109799
1.280447
2.386148
0.386926
2.423316
1.490577
0.730284
0.409150
1.203943
1.764383
0.757627
1.547770
1.769189
1.218936
4.189188
2.128716
1.903563
1.287606
2.486385
2.000000
2.103496
2.504624
1.818720
3.226820
2.012786
3.038275
2.000000
0.824152
1.997709
1.454794
1.178586
2.684523
1.749384
0.546656
1.110359
0.977833
1.598393
0.798184
1.975470
1.951853
1.827417
1.285369
4.000471
1.559620
1.687927
1.990910
4.600715
2.151453
1.815328
1.790279
0.896475
2.225934
1.256569
1.357687
1.194079
1.994627
1.707368
1.870999
1.619888
1.759527
1.229875
2.135333
1.578477
2.316209
1.213710
3.854195
2.191001
2.810183
0.789879
0.219560
0.457394
1.168420
0.601146
0.475687
0.973624
2.165108
0.713900
3.471111
3.563113
0.866473
0.373238
3.442148
1.110673
3.952037
1.728498
1.347666
3.462047
1.643220
0.344963
2.402870
1.642118
1.584602
0.503894
2.164596
3.103453
2.530851
0.549981
1.142745
0.732330
2.000000
0.397916
0.673929
3.438948
2.495023
2.196239
0.630715
1.982472
1.474943
0.568688
1.446302
1.934134
1.083944
3.267885
1.426036
1.301074
3.414626
1.592295
2.254449
3.430245
2.492896
1.878997
2.215285
1.453006
0.842548
1.339506
2.203679
0.992808
2.133554
1.917929
1.095961
2.233685
2.200139
1.754811
2.303751
2.730237
1.587123
0.922729
3.783102
2.521387
1.946418
1.529296
1.735294
3.148784
1.564044
5.066529
0.820433
1.827144
2.000000
0.907944
3.374029
1.526927
3.425858
2.534545
3.042839
1.786298
1.621493
4.408002
4.029290
0.578441
2.081205
2.606639
1.437003
3.583508
1.868293
2.493447
2.806618
1.862036
1.284210
2.580142
2.321522
1.443024
1.290493
0.550741
2.794747
2.450122
2.231416
2.251469
1.292629
1.954978
0.589370
2.000000
0.648334
0.354346
1.330478
2.636743
0.822004
1.664374
1.457051
1.262881
2.598325
1.048983
3.287488
1.627561
1.579514
1.213769
2.048382
2.150473
0.508049
1.349124
0.936654
1.498872
1.522658
2.771312
1.101462
1.241783
1.175971
2.061736
2.935107
1.379591
1.861883
1.435063
1.479368
1.728142
1.880592
0.658804
1.182018
2.163610
0.515627
2.929323
2.274426
1.369966
1.917138
1.867241
4.478806
1.428045
1.979286
0.962812
0.535449
1.598065
2.685460
1.341211
3.873744
1.735369
1.363503
1.391417
1.277645
2.929157
1.233769
1.744320
1.349917
2.077055
3.430497
1.679986
1.818250
2.000592
2.407751
2.425403
2.842402
2.268073
0.407368
1.692042
0.417158
2.150089
1.647188
0.394136
2.530813
2.504961
1.364040
1.384392
1.701453
2.063449
1.081028
2.928796
1.781600
0.883996
2.158529
1.414368
1.501791
1.539069
1.636191
0.481581
1.704107
2.762266
0.634689
3.525800
2.440464
2.473769
2.326797
2.730860
2.025028
1.673824
1.515649
1.751713
1.958964
4.296417
0.866311
0.588901
1.932669
0.932324
1.409668
2.261231
0.812833
4.273157
0.502342
1.221813
3.231694
2.056038
2.009250
3.641486
2.483537
1.869343
1.079406
2.661453
3.814589
2.090485
1.353327
4.170533
0.998726
2.172204
2.138325
3.512472
2.328935
3.658197
2.112375
3.812014
2.064460
1.779631
2.755933
3.325594
3.805024
2.128953
1.768041
1.835375
1.972960
0.742618
1.268395
2.017670
1.775778
1.692435
1.649149
0.357912
1.877716
0.486324
2.294785
1.896986
3.100312
1.394331
0.347216
3.971242
0.328015
2.698557
1.639219
1.514318
0.941994
0.801559
1.299314
0.630682
1.186772
2.092889
3.077490
2.011495
1.810580
2.693791
2.590124
2.144535
2.000000
1.576499
2.919169
0.311931
1.731044
2.180761
0.361581
1.702255
1.854880
3.792107
1.076358
2.740640
3.541695
2.149035
5.250739
1.373003
5.716100
1.409613
0.337474
3.683699
4.059277
1.399208
5.957373
3.525277
2.376933
2.000000
2.042530
2.278850
1.476785
0.329610
3.711792
1.877852
1.179996
2.629355
3.231683
1.628379
2.000000
1.321466
1.564191
2.761469
1.252198
1.863557
1.410215
1.777989
1.808976
1.648418
2.148429
2.162088
3.842442
0.943385
4.227747
0.997504
2.337174
2.866351
1.610644
1.353178
1.133272
1.201865
2.288985
7.274308
1.916617
1.466814
0.941340
3.207167
2.335853
2.702709
1.578891
0.763182
2.000000
3.252356
2.763960
2.177185
1.217680
2.000000
0.495482
2.329176
2.246246
3.830707
0.638623
2.026354
1.034298
2.995562
2.250759
1.950646
0.705860
2.094443
3.844549
2.527410
1.787321
0.300819
3.518846
2.240329
1.144623
2.925917
3.737038
1.974356
2.786624
2.164254
2.507597
4.316419
2.122032
1.201082
0.707470
0.522609
1.398682
3.473557
3.083860
2.861633
2.336640
1.033384
2.240300
3.504966
0.857609
1.552032
2.056113
1.253131
4.483922
1.732929
0.556224
1.197393
1.464669
0.538576
1.750123
0.506777
3.025862
3.480682
0.520901
2.110714
0.532271
1.341120
1.443786
1.566876
2.376976
0.890148
1.783712
0.122490
1.177991
1.667045
5.708553
0.828143
2.590552
4.152928
2.964607
0.423570
2.076131
1.692868
1.584049
0.833428
1.705339
0.431549
0.475322
0.648656
0.608444
2.000000
1.875166
1.703460
1.084800
2.410637
3.177471
1.813936
1.768758
1.107818
1.334147
2.208291
2.614219
1.218058
1.483550
2.242976
0.896068
1.977036
1.606648
2.746007
2.825423
2.138394
4.192213
1.846320
2.255847
2.070712
2.428649
1.702415
0.455730
0.558936
0.774712
1.991019
0.857851
2.403377
1.894253
2.124861
1.112368
2.417798
1.872751
4.358341
1.330366
0.915396
0.337715
2.144339
0.830019
0.812771
2.594069
1.058331
3.955424
3.918894
4.119446
0.463741
1.322609
1.930546
2.000000
2.118938
1.577110
2.367416
1.457902
3.492209
0.932624
0.327125
1.156019
2.349989
0.858583
1.239994
1.973399
2.686773
3.673102
1.291212
2.000000
2.019922
3.158828
2.269790
0.160557
2.049623
1.778722
1.289146
1.834892
0.164401
1.003856
2.008974
2.179766
2.457797
1.801710
2.105755
1.700591
1.451112
3.242409
2.183179
0.546300
3.218915
4.800927
1.761530
3.244866
1.807704
0.905328
1.709614
0.533174
1.520777
2.476727
2.747210
2.175043
0.171105
0.855320
1.570318
1.660699
0.591420
0.528434
1.945123
1.546426
2.700042
2.625819
1.056050
1.948511
2.229352
1.600899
1.166812
2.816935
1.398541
1.086739
1.268299
2.000000
1.102912
0.994780
3.973340
1.642411
1.858950
5.061727
0.620447
2.162594
0.806794
5.357094
0.794894
2.385195
0.381722
3.933215
1.600330
1.951000
3.086342
0.856778
4.069826
1.003773
1.015378
1.624643
2.296290
1.970433
2.691961
2.358101
3.475327
1.061746
1.308304
2.476846
1.207858
1.663954
3.364045
1.321800
4.379115
1.284917
0.650982
3.167158
1.628616
1.554912
1.024090
1.021685
0.598014
0.901300
4.292382
3.504196
1.300701
2.985790
4.852829
1.290627
0.934748
2.962773
0.367485
0.910525
6.182270
1.744608
2.896288
1.899867
0.467593
2.283426
1.130587
1.673705
2.818308
3.153493
2.158999
2.383213
0.567862
1.145499
2.343343
2.020813
2.758235
0.356640
2.004616
2.991179
2.248344
4.131291
2.542982
1.924812
2.722406
2.007477
1.053378
1.985445
1.821367
1.672390
3.451444
0.599272
0.407608
0.500211
1.463722
2.340424
1.067870
1.244160
1.898616
2.752882
3.671029
2.000000
2.400611
0.514798
1.701043
0.540798
1.778111
1.874783
0.925399
1.094088
0.281403
2.120089
1.699464
3.147765
2.506665
0.476656
5.010771
1.512589
2.000000
2.139589
3.243216
0.591816
2.085618
2.126715
2.067685
1.025975
3.740474
1.186766
1.876787
1.196465
2.379804
2.054430
2.135324
3.214629
1.317509
2.213992
1.918270
2.438814
2.596322
0.609398
2.297983
1.823938
1.282753
0.328274
0.653974
1.239523
2.089272
1.523547
1.184713
1.903375
1.344736
2.194670
0.935613
0.704274
1.797492
1.185577
1.237580
1.492677
2.718368
1.675847
1.012417
2.680940
2.697286
1.831887
1.411710
2.154649
2.068228
0.208259
2.933208
3.834206
3.345158
1.846449
3.403006
2.430474
1.311679
0.833115
2.443488
1.389372
0.443726
1.459769
1.452713
1.309668
0.808662
0.498399
1.221601
1.707866
1.027449
2.830723
4.326099
0.900546
0.645045
4.168290
3.027489
0.886963
1.414434
0.827750
1.840254
2.239218
1.211662
2.525911
3.715867
0.713543
2.122778
2.000000
1.436893
2.678209
1.618850
1.145333
1.959229
2.251959
2.681467
2.316586
0.964503
5.422827
1.258106
1.384967
0.863518
1.629646
0.484609
1.338590
1.362458
1.542668
2.592464
0.490537
2.149876
1.890770
3.322234
1.792759
0.462541
0.719906
2.896712
0.941332
0.642589
1.064819
0.324610
3.789163
1.306259
0.806761
2.628536
1.467790
1.642610
5.129414
1.350370
2.024340
2.407568
1.413994
3.170288
1.695256
0.965142
1.117150
1.565519
3.319433
1.581965
1.108939
1.456435
0.730246
0.710265
0.179727
3.550943
3.325582
1.182542
2.090246
4.201074
1.189689
1.394339
1.085302
3.567724
3.147979
0.564760
1.997489
1.546600
1.254022
1.042405
1.420493
1.994064
3.359447
2.427703
0.745465
0.998092
1.999015
3.839483
0.945069
0.180847
2.396008
3.404868
2.000000
3.470838
0.531370
1.880257
3.111507
1.358193
1.203496
0.856857
1.957787
3.082610
2.387504
2.748079
2.699586
1.859035
0.736591
2.161760
1.600384
1.472367
0.440807
1.761251
1.502781
0.978171
2.373108
1.682366
0.335898
1.988071
4.778164
2.601732
2.144248
2.958027
1.497531
2.497756
2.854252
2.660546
2.055184
0.545930
2.279918
1.391589
1.203786
0.150261
2.909412
0.822970
1.417452
2.195996
1.107901
2.919273
3.085639
2.601901
0.700259
2.126649
4.052411
2.613907
2.807280
1.785546
1.236429
1.594474
3.141632
5.104094
1.902552
0.662732
0.567005
2.499624
2.197570
0.208257
2.285253
3.519230
1.309496
2.130201
3.026186
0.251998
0.970649
2.245591
3.362005
1.298892
2.161204
2.099974
2.994373
1.806309
1.117230
1.748833
1.011751
2.836597
0.440880
2.199416
5.131049
0.598874
1.510018
0.948213
0.471397
1.235161
1.840026
2.772717
1.472080
3.096771
1.143391
0.919666
3.790724
1.660699
3.074219
0.928981
1.957664
3.819272
0.520189
0.896001
2.396943
2.270276
0.851447
3.898746
2.558933
2.773337
0.553533
1.877276
2.000000
3.408984
1.214146
2.198757
0.562433
2.766128
1.389780
1.072018
3.354611
0.612084
2.808875
2.869166
2.904802
3.038074
2.452207
2.772048
2.937243
0.871097
1.327255
2.140703
2.092947
0.383334
2.650939
1.467118
0.829284
0.957289
1.742559
3.298192
1.257087
1.524225
1.256703
2.305010
1.710528
3.403645
3.106155
0.286463
1.692763
2.079613
2.421094
1.619306
1.911808
2.346338
0.640245
2.360723
0.760273
2.080637
1.068223
2.286619
2.152153
0.950711
0.369504
1.752187
1.759110
1.916759
0.634648
1.485307
1.811316
1.141400
0.804497
1.659543
0.204478
0.193495
1.008368
0.451554
2.784272
2.383421
3.037994
0.482714
0.838583
1.486611
3.831032
0.348347
6.057197
0.204403
1.356780
2.439129
2.031055
1.935626
2.064902
2.157338
1.285796
1.495064
0.484086
1.587243
2.220599
2.135247
2.041121
1.710602
0.432224
1.681445
2.556949
2.888541
1.212166
3.570927
2.339120
1.108912
0.558199
1.092889
5.695959
2.177243
0.610076
0.450444
2.830007
2.339682
0.549914
3.360897
1.318448
1.154669
0.470429
1.888370
0.795913
2.377518
1.142428
0.972656
0.697320
2.326905
1.266262
1.521606
2.037462
1.445261
0.678155
4.011395
2.173959
2.104938
3.955612
0.723171
0.950750
2.443651
1.616217
1.100041
3.040172
2.513142
1.612643
2.560809
0.854620
1.927727
1.271183
2.916329
0.921429
0.995961
1.168785
1.166978
2.198243
2.037834
1.688635
2.422183
2.272583
0.637239
4.740211
1.574005
1.674256
2.817637
3.428581
3.941581
0.991264
1.705736
1.887725
2.065820
2.537700
2.648492
2.242266
0.627981
0.857728
1.233771
0.258015
1.734235
0.096707
2.270218
0.773278
2.414660
1.716623
1.323698
1.725086
0.579018
0.454513
3.881476
2.000000
2.734712
4.459350
2.866535
0.698572
3.978519
0.839374
1.629631
4.711655
2.886981
3.657574
4.490104
2.471489
2.941159
2.113488
2.311837
3.294239
1.351735
0.695855
3.458001
2.877679
2.414424
3.589469
0.913669
3.590355
1.319326
1.693869
1.940709
1.985016
3.082939
5.583143
2.303657
1.186566
1.400830
0.967149
2.303701
3.270648
1.513914
2.711771
2.498133
0.647133
2.000000
3.604374
2.075770
5.223802
1.088999
0.429633
0.453432
0.904388
0.321969
2.000000
2.735264
1.304354
0.764951
1.773733
1.166497
0.924493
1.408709
1.317160
2.000000
3.937802
2.101158
0.557692
1.484921
0.540075
1.933436
0.460285
2.320528
1.461551
1.631180
0.623370
0.499646
2.526966
2.074336
2.235771
2.539514
1.806906
1.114212
3.122986
4.051865
0.900206
0.601360
3.083940
1.427279
4.829097
1.342639
1.531282
0.568377
4.989905
1.260562
1.315513
1.124283
0.479159
3.864524
1.304397
2.871276
0.574484
1.328198
1.107554
0.784284
2.258109
0.969183
0.667584
2.000000
1.612297
2.248331
0.627036
2.399915
4.070423
3.205166
1.891239
0.669588
2.656607
2.348902
0.677685
0.459424
1.854897
1.201443
2.607002
2.607300
1.902566
2.425380
0.692216
1.677525
1.367103
1.237733
1.651187
1.577352
1.465181
3.517943
1.078956
3.712405
1.676906
2.045890
1.427518
1.713875
1.391657
0.416662
1.110245
1.318852
2.012481
1.821758
1.846131
1.590996
1.526131
0.680861
2.492232
2.061987
4.886786
3.404654
0.833375
2.500996
1.826147
1.423523
2.012510
4.407699
2.581270
0.778543
2.853889
1.044323
2.153175
1.947057
2.910041
1.577125
0.080765
3.367985
1.245724
1.880891
2.038836
1.692810
4.887566
0.787837
1.820109
1.881140
0.361681
0.976197
1.333596
3.692665
2.155002
3.747211
2.760123
3.282726
1.005031
2.823024
2.374850
0.520419
3.273772
1.166418
1.972492
1.839138
1.890121
1.585985
4.578532
3.219657
0.897862
2.638168
1.204116
3.410689
1.570934
1.120205
0.432873
0.971261
1.212201
0.810111
1.730213
1.802148
2.423539
2.855454
3.950191
0.912287
2.123783
1.670461
1.569478
0.826157
0.663761
1.764137
1.387599
2.051886
2.139821
1.330119
3.240579
1.990559
3.939615
2.427516
0.801573
2.780241
3.183496
2.793018
1.844174
1.979870
1.196292
2.209383
1.556826
2.167685
5.347632
2.100340
2.362462
2.171901
1.172150
2.230746
2.000000
0.694255
2.335930
1.505186
1.472296
1.201179
3.987424
1.560184
4.484173
0.479146
4.568334
2.698351
1.350247
1.593683
4.139880
3.921862
1.336354
1.081438
2.004466
1.853405
1.023985
0.633737
0.378950
2.839411
1.167744
1.021379
0.753445
1.924865
4.031882
1.146275
1.946859
0.483168
1.957098
2.209601
2.167052
3.191552
1.556270
3.000803
1.707293
0.661463
1.285154
2.424858
4.531378
2.300894
0.914560
0.979671
1.193401
0.736139
2.012365
3.849606
1.063542
0.394796
0.692223
1.342913
1.181512
2.689432
3.235877
1.848044
0.750439
2.215220
1.181564
3.230704
0.985016
2.684945
2.458121
0.766820
1.404473
2.844561
3.007204
1.950419
0.884471
2.098677
2.319908
2.503063
2.132048
2.890040
1.190171
1.662836
1.595778
1.658135
2.839806
1.089344
1.274210
0.735071
1.828641
2.145585
2.000000
1.846963
1.122416
1.073149
1.762827
3.915329
2.101854
4.677852
2.759707
2.140055
1.239303
2.839492
0.372703
3.087278
2.201250
1.359213
3.536852
0.608897
1.491368
1.784271
0.791592
1.262869
1.825209
3.161700
1.890385
2.664834
0.550101
2.482063
3.882527
3.443199
3.256820
1.540767
3.222104
1.986447
1.613007
0.756046
0.299510
1.924403
3.575112
1.123525
2.157096
1.537197
1.143373
1.393435
3.753080
2.303963
2.043474
0.968907
0.950085
1.733114
1.540324
1.350208
0.197389
0.761040
1.728102
2.605179
2.169884
1.401859
1.735601
2.604194
1.956782
4.169446
2.079614
1.806554
1.662824
4.566501
2.690042
3.046958
1.937827
6.737162
0.870665
3.187286
1.991335
2.209699
1.711571
1.532580
1.881499
2.501697
3.079773
2.420022
2.881451
1.475629
1.302795
1.217519
2.589404
1.679689
3.436597
1.769850
1.538565
4.602674
4.328314
2.846817
1.317518
3.499594
3.218321
1.364954
3.737755
2.440163
2.812263
2.900116
0.670596
4.094167
1.810394
0.563087
3.125863
2.380478
0.554668
2.000000
1.874510
0.793060
1.021599
2.425477
0.833311
2.462755
2.183534
1.762178
0.825192
3.058822
3.700532
2.152780
3.217221
1.663618
0.198710
0.364571
0.740676
1.196968
2.357089
1.486238
0.199495
0.363327
1.687033
1.746870
2.535085
1.880311
1.010287
4.122939
1.937609
3.160807
0.581277
3.708600
0.263327
1.528982
0.653380
3.482872
1.351802
1.919523
3.880582
1.121713
1.157044
3.156966
4.472011
3.246995
1.575003
1.359025
3.595653
4.991659
2.547940
2.009418
0.948918
1.821004
1.677532
1.881199
2.000000
2.027206
5.041341
2.468194
2.232888
2.274303
1.213937
1.939520
1.144938
2.059963
2.264896
1.521020
0.769353
1.356881
1.657928
1.950344
1.735617
1.534409
1.298039
4.027033
2.561761
2.472787
4.804784
1.808264
2.169438
2.023474
0.201842
1.479179
2.024223
1.873424
2.000000
1.302305
0.531768
2.608024
0.586328
3.192135
2.216315
1.434055
3.231032
0.521726
1.084772
2.166342
3.030159
2.818538
1.715500
1.993623
4.097474
0.793344
1.595441
7.911210
2.000000
2.399425
2.052852
1.624462
1.921319
4.893412
2.587379
0.994957
0.210463
2.000000
2.411815
2.000000
1.946528
2.275671
5.161742
2.096226
2.716350
2.593931
6.002548
1.802851
2.636758
2.672316
3.670310
1.282999
0.884957
2.482567
1.182003
1.229127
3.552505
0.896546
1.608890
2.386448
3.063210
1.342617
3.278096
2.659348
4.118217
1.916678
1.908694
1.806361
0.855832
4.341975
1.660415
0.597179
0.717389
1.265175
2.671754
2.303000
1.205653
1.844252
0.976695
2.287995
1.558941
1.153328
2.102489
0.980498
2.681115
2.747829
1.806810
1.695424
2.406789
4.410360
1.684679
2.110929
1.395403
2.950935
1.268439
1.887836
0.395300
1.569979
2.067325
0.871608
1.386313
0.610612
1.880061
1.476932
3.439207
1.818663
1.448322
0.947834
1.838818
0.881172
1.725956
1.213268
2.696841
3.766075
1.175300
1.955863
0.152447
1.425757
2.294910
7.570776
1.451584
0.309805
2.896388
1.407416
0.794068
0.946602
0.962709
1.610584
1.380064
2.098856
2.472275
4.103741
2.744634
1.577746
3.270649
3.504903
0.819348
1.206370
2.846491
3.854334
2.379910
0.621480
2.143749
0.468771
0.288727
1.059769
0.631768
2.606986
2.357895
1.728401
1.949603
1.424585
1.645626
1.601369
0.324935
4.026082
2.003834
1.708426
0.390721
3.253335
1.902848
2.061754
1.808674
0.771273
1.779251
3.947019
2.217480
1.239337
4.743155
3.306764
0.418430
2.064172
1.637104
1.435022
1.002912
4.037377
2.324630
3.212533
0.471482
4.030697
3.269899
1.681076
2.000000
2.015101
1.693644
4.661529
3.721035
3.917403
0.504434
1.990113
4.402887
0.399621
2.921492
3.652806
1.338802
2.862982
0.575812
1.192002
3.693742
2.187487
1.660376
2.046390
0.867077
2.306338
1.008001
0.591300
1.053721
0.837699
2.590538
2.034640
2.461959
1.227169
4.791304
3.371426
0.870340
3.173384
0.926356
1.848679
2.132777
1.555393
1.553670
1.615508
3.402080
1.770686
1.873597
3.407434
2.889823
3.075510
1.468964
0.169509
3.466541
1.565543
2.312277
1.003012
0.992869
2.089667
2.978741
4.165866
1.622306
0.324377
0.727014
2.238115
2.826980
1.637105
2.185782
3.912976
2.928776
3.032916
1.838054
3.477870
2.064227
2.196431
1.523349
1.368088
1.443050
1.659244
1.944759
2.027611
0.855452
2.239267
2.691643
0.298475
6.294493
2.658112
2.000000
1.778603
2.027903
3.014907
3.663607
0.942394
1.380360
0.492573
0.772711
4.398606
1.381535
3.385404
1.300340
0.888425
0.675599
0.498158
1.628957
2.420113
1.442199
2.967350
4.675844
0.748422
2.240197
2.000000
2.736518
2.940238
1.073370
3.457424
0.328632
3.547206
0.897975
1.616612
1.655566
1.370386
2.537669
1.753464
0.921241
5.187650
1.333886
2.596847
1.818582
2.034380
0.320098
1.998459
0.626899
2.293212
2.639333
1.869014
2.753538
2.581728
2.127352
2.879085
1.096964
2.935195
1.624921
0.907186
1.269743
3.176842
5.995126
2.651452
2.982867
0.599746
2.265099
1.881534
5.086489
1.561461
1.700145
0.923745
1.778721
1.079636
1.739464
1.336887
0.922125
0.775072
2.145144
1.391178
6.559923
4.382710
2.765192
2.705417
3.290517
1.680318
1.671298
0.362507
2.001361
1.620408
1.923439
0.873521
1.872860
3.254245
1.637715
1.030044
2.018736
1.981532
1.759078
0.392333
0.873227
3.312504
2.718725
1.486946
3.757237
1.464993
1.243451
2.469447
2.990630
3.246985
0.858170
2.953309
2.603420
3.094909
3.239171
2.299453
3.838997
3.860837
1.539650
5.592302
1.692893
1.815044
0.796692
0.862019
1.903471
0.896921
1.211846
1.725120
1.004871
0.776225
1.534791
1.379735
1.354523
1.173959
2.046566
1.951784
2.687489
1.677373
2.187222
0.867637
2.875870
2.666536
3.980427
2.287491
2.259272
2.617560
1.394680
3.376888
1.358148
2.000000
3.914318
4.887142
1.439177
0.378937
2.575993
1.472450
1.557807
1.384898
2.422252
1.633816
1.042782
0.679763
2.261924
0.919926
1.847398
2.092321
2.250515
0.507176
2.512876
2.058931
1.608126
0.774110
0.645430
0.883984
1.399972
2.276099
1.238938
2.132435
2.350780
3.403394
2.165027
3.005977
1.814628
2.659583
1.282941
1.365870
1.677226
1.594029
1.869676
1.253886
4.049394
0.897782
2.650910
3.062400
3.194381
1.931284
0.924662
1.311315
1.097524
1.691364
1.724899
2.111274
2.420984
1.834693
4.364094
1.094161
0.443553
5.671759
1.535921
1.180864
3.274602
0.498813
0.925474
2.973385
3.142134
0.819466
0.480417
2.344437
2.193374
0.460042
0.504406
4.135089
1.438013
2.698081
2.506262
1.950032
0.849748
1.702221
3.664492
1.137179
3.097635
1.754112
2.621991
1.283844
0.871451
2.655606
4.509967
1.245613
2.482034
1.293450
2.439568
0.192089
1.520090
2.795928
1.938893
0.368255
2.214643
0.975411
1.256595
3.295808
1.172650
3.358682
1.931299
3.340406
3.139502
0.454230
0.636967
0.835691
2.837885
1.541155
0.520650
1.588781
1.800084
1.500421
3.329084
0.690585
2.328639
2.040626
2.000000
1.136045
1.197046
2.925611
1.508386
5.458292
1.904917
0.810512
1.960361
3.153083
1.943735
0.816732
0.877500
2.385062
1.769177
1.110800
2.561083
2.284383
1.917864
1.337169
2.418289
2.563884
2.299266
2.426942
1.098726
1.598811
0.692568
6.623031
0.795092
0.357946
2.057762
1.232962
5.439807
3.273165
2.605115
2.687749
1.109867
6.028046
1.811555
0.767495
1.585855
2.212690
1.807446
0.221519
2.569456
1.254169
2.821291
2.999557
1.533323
1.844680
1.406611
0.902072
0.948916
3.282112
3.208482
2.482466
3.957886
3.924924
2.355059
1.035698
0.987148
0.518158
1.300373
1.265399
1.158484
2.282983
3.566528
1.817765
2.966849
4.260716
2.651010
0.517895
0.171132
3.071206
1.728866
2.248846
2.857414
0.433802
2.255438
2.454437
2.867317
2.369053
2.077803
1.716429
2.083839
1.562209
3.493696
1.678900
2.237807
0.191090
1.352235
2.803777
3.139877
1.526543
2.233338
1.987358
0.917120
2.000000
2.041689
1.527185
2.683553
3.312058
1.404487
2.000000
1.154812
2.012747
1.473226
0.528209
1.015491
1.355958
1.243135
2.949517
0.853153
1.007694
3.198654
0.461551
1.934066
1.720468
2.995577
2.515678
1.023348
2.594697
1.212921
2.894432
2.350954
4.567326
0.601144
3.846995
1.870327
2.076658
0.613221
1.566300
1.576346
1.760567
1.208820
1.596109
1.889316
2.841773
0.856205
2.263055
0.407416
0.245690
0.426454
1.498963
1.949357
0.371432
1.143964
2.253709
2.340569
0.309539
0.944373
2.569673
4.089767
1.698598
1.106078
2.862881
2.070474
2.542408
3.189250
0.267348
2.277421
0.453214
2.283048
1.268145
1.197773
0.898169
2.397907
0.873620
1.287312
0.969701
2.035528
2.848200
1.156716
3.860671
4.910875
1.839675
1.502852
1.845163
1.689424
1.052627
2.440914
2.675629
1.990121
1.212417
0.579494
4.453063
1.284021
2.831926
2.000000
3.170494
1.905850
1.219346
2.429893
2.509797
2.613491
0.719001
0.582155
1.125950
2.755326
1.431010
3.434067
1.603063
1.790881
2.591191
1.385049
1.255487
3.011484
4.637264
0.674463
2.893982
2.078122
2.289263
1.747293
1.127329
2.764687
0.746874
1.390085
2.704344
3.440389
4.351127
3.138506
0.439818
2.205604
2.142646
3.136279
2.020001
1.255604
2.091932
0.507265
1.899807
1.349595
1.226170
4.532685
3.605107
2.328361
0.373724
1.747621
1.867108
1.718965
1.593985
2.046707
0.476087
4.992530
0.865458
1.049319
2.351663
2.037639
1.543206
0.466453
2.345992
0.998539
1.613793
1.137853
2.563798
5.996689
0.169052
1.380994
2.853156
0.433714
0.818353
1.384193
2.761182
1.383273
4.345201
1.345841
3.004890
0.583350
2.497597
1.530959
2.038280
1.779089
2.000000
0.661181
2.045347
1.923928
2.468512
2.062078
1.499284
1.981511
0.937387
3.021674
2.851442
0.303801
1.067438
2.355481
1.535510
2.290676
1.712664
4.481018
2.250798
2.480127
2.398364
3.043380
0.666047
5.301171
1.902380
0.413047
1.710364
1.289752
1.507108
2.941570
1.268064
1.883766
1.745652
3.189655
0.781394
1.693412
1.844076
2.068780
2.067012
2.328602
1.470444
1.088245
2.316593
1.118440
1.098624
1.304945
1.408258
1.917461
1.892224
1.744870
0.404091
0.645543
3.459769
3.309529
1.532056
1.646704
0.500733
2.278723
2.457936
1.086660
1.914731
0.567953
1.156848
2.687693
0.624995
1.719455
1.801855
4.013224
2.666746
2.773845
3.460316
0.553373
1.952513
1.399873
2.127632
0.833711
3.944637
3.849906
2.328762
3.032776
2.568437
3.461042
2.794066
2.795507
4.972390
3.601586
1.512895
1.864802
0.286405
1.036836
0.926074
3.014700
1.452939
1.814004
3.514892
1.267794
1.825367
1.092915
0.469915
0.529263
1.801755
0.750021
2.557114
2.247331
0.442884
0.521427
0.335185
2.999112
3.496680
2.706653
4.257807
2.091345
1.640387
1.856089
1.285239
3.009690
0.674326
0.176992
1.150701
3.048968
3.372304
1.410249
2.020453
4.012645
2.046458
1.996402
0.927777
0.722686
2.567885
2.249765
0.192643
1.293319
1.035960
1.507011
1.509251
0.886535
5.154303
3.316217
4.032297
1.469972
1.639310
1.580923
2.022324
0.852880
1.054407
1.683370
2.900259
2.168894
1.060765
1.949107
1.884910
1.635907
3.061059
0.542603
1.561128
3.014589
2.001857
2.539633
2.641332
0.816883
1.919287
2.043648
0.692409
1.376066
0.198526
1.476727
1.728044
2.133240
4.096022
2.006804
2.945572
1.116837
2.000000
3.033917
2.528508
0.951027
4.034707
1.508657
1.977286
1.643132
1.782737
2.453676
1.875799
1.835546
2.061685
1.835558
1.101263
1.479786
2.000000
1.243309
1.581840
1.685948
0.408662
2.601029
0.989010
0.496280
2.442852
1.094484
2.121662
1.468729
2.259076
1.544728
0.857232
0.655572
3.902524
4.189055
0.357816
0.932306
1.046715
0.619214
1.783750
3.368061
1.792174
3.191747
2.362905
1.148705
2.636804
1.413325
1.239863
1.174386
0.367846
2.031795
1.025874
1.865098
3.265183
1.732576
2.136773
3.897354
1.769923
1.608744
1.957044
1.650190
2.166687
6.111886
3.158766
0.318874
2.594246
2.032684
1.840743
2.995667
3.612952
0.892725
1.770150
1.123145
0.699735
3.219683
2.581035
1.570085
1.279089
1.489240
2.629076
2.000000
3.045346
0.810830
1.990758
1.894116
1.471647
1.262662
2.564072
2.135824
1.197136
0.607842
1.175123
1.575126
1.912356
3.230322
2.062843
1.107110
2.249557
0.495736
1.558248
3.369243
1.324208
2.276793
4.343888
3.310004
0.714986
0.429937
1.952500
0.826469
1.286669
1.459717
4.279171
1.540756
0.559102
1.966306
2.312994
1.904672
2.344767
0.370940
1.850007
1.904931
2.270769
2.018725
1.003481
1.471284
1.563257
2.257040
0.353794
1.391866
0.544102
1.035450
2.861966
1.824083
0.876736
3.130021
2.624046
0.577947
2.462339
1.825297
1.507326
1.592270
2.124239
1.828914
0.393864
1.494845
1.177171
0.755524
1.544076
0.222911
1.875932
4.240287
2.713327
0.945014
2.245076
1.417667
1.938099
1.843173
2.035866
1.636714
2.133149
2.494103
0.600313
1.758340
0.403012
2.397587
1.265070
3.402786
2.026344
1.652313
1.594462
1.899228
1.148841
2.121740
1.819665
0.955390
2.933284
0.708681
2.023160
1.082158
2.275252
0.993651
3.939466
2.416614
2.349392
2.098655
0.738627
2.552640
0.343127
2.888010
4.551651
1.773173
3.020024
1.428808
2.236616
3.849569
4.627333
1.976947
1.968978
1.433805
1.787708
1.009015
1.258818
1.427050
3.148776
1.787298
4.476307
3.128474
1.307457
0.272132
1.738458
3.119066
1.390566
1.252843
1.685057
1.805930
1.903108
2.906320
2.726995
1.475400
0.838865
0.908864
1.499614
2.238039
1.292928
4.018261
3.819993
0.756541
0.432960
1.740114
3.677467
2.230714
1.750224
0.316630
1.679670
1.764778
0.927397
1.749784
2.973062
1.966813
1.300197
2.498042
0.595533
0.908678
2.699628
0.568904
2.880332
0.938944
2.223229
1.590691
1.558319
2.466136
0.640402
2.505702
2.355209
1.536205
1.111893
0.682927
4.701729
1.699615
2.621853
4.803920
3.040097
1.890014
4.996232
1.650747
2.085033
2.877865
1.858438
1.793493
1.730494
0.910346
2.243085
0.546942
1.787213
5.233500
1.224737
0.656103
2.203691
1.922377
1.138791
2.080347
2.262857
1.248037
2.357635
3.733328
0.324442
2.336029
1.824587
1.441357
2.002267
2.269348
3.797036
0.960057
0.619632
1.851474
0.149463
1.576810
0.521564
2.658278
5.386498
1.181471
2.265924
1.509843
1.034032
2.370301
1.815654
4.353205
2.438439
0.413864
1.274211
1.340697
0.963436
0.466745
1.416557
1.787052
1.296953
2.574059
2.000000
1.555389
2.156358
2.327561
3.578296
2.640510
2.863762
0.748441
1.677120
3.369975
5.797705
1.325188
3.332823
6.214663
1.199063
2.651896
0.347371
2.800759
1.129897
1.662467
2.370757
0.853414
0.442997
2.357840
0.725784
2.314370
2.012088
4.000268
2.000000
5.142851
4.336026
1.615918
0.289912
1.600414
0.735114
1.926939
2.235121
1.816241
2.000000
2.303483
1.951070
2.692048
3.948522
0.668485
2.404074
0.982576
2.211450
1.021170
2.658843
2.307034
1.857433
1.447953
1.933375
0.914602
1.456510
2.000000
1.501867
0.444141
2.090462
2.431852
1.033094
1.067744
3.491406
1.447398
2.336964
0.812613
1.484700
2.480159
2.861552
2.547697
0.733161
0.834148
1.085310
1.573125
2.710317
4.160644
1.511821
0.889776
1.827491
1.512344
1.410816
1.873852
5.900285
1.472217
2.423218
1.208138
2.496303
2.239038
1.752395
2.844745
1.876226
1.626152
2.190829
1.807680
0.367889
3.607737
2.122667
1.720277
1.871827
1.328920
0.877305
5.660216
0.555579
2.077681
3.256331
0.698530
0.541887
0.931049
2.775776
0.949905
0.180752
2.444982
0.466711
4.417365
1.092868
0.678400
1.486794
2.122877
1.668993
2.672271
2.533155
4.088945
2.329355
1.728697
2.912409
2.194420
2.716703
1.864042
0.678005
1.300067
1.621059
2.493603
0.917508
0.876605
1.566600
3.745046
2.785178
1.430235
2.575564
2.338715
1.609894
1.706864
1.395976
1.625499
3.978280
1.656364
0.961751
2.000000
0.329291
3.196722
1.950815
2.491107
2.718635
2.704191
0.407934
2.675568
3.858742
2.155036
1.204138
3.123385
3.665257
1.805189
0.971150
0.563250
4.460364
0.920605
1.323341
0.567839
2.193555
1.893837
3.599558
1.303214
1.727114
1.386260
1.229990
3.020963
2.467546
0.622127
3.138664
1.913595
3.305022
2.000000
2.223773
1.105789
1.455746
2.319996
2.727590
1.441665
2.012565
2.000000
1.822022
2.053754
1.497688
2.721807
1.570586
0.525338
1.846158
1.390013
1.825139
4.877866
2.533564
1.177633
2.834793
2.394262
2.372590
1.314440
2.125193
2.044786
4.097393
1.089236
1.971345
2.961374
3.339473
1.868213
1.573947
0.966325
0.692190
2.278765
0.889615
0.798228
2.437633
2.212143
1.220106
3.440007
2.052102
0.981232
4.053873
0.854996
2.053522
0.752494
1.394457
1.396386
1.467891
2.160257
1.719266
1.207417
2.460242
8.589415
1.433331
2.661002
2.225910
2.322501
1.476696
0.442601
1.359708
1.068189
0.260811
3.749270
0.111720
0.787925
0.287325
2.256086
1.015765
4.166585
2.308794
0.308540
1.081548
0.856725
0.350833
1.297090
1.017047
1.569406
1.252591
0.962498
1.436533
2.072039
3.769259
2.936674
3.108678
3.143406
0.488510
1.875209
0.918680
1.628461
0.345845
0.627050
2.667719
1.468276
2.457806
3.951770
1.732407
1.079891
0.697766
0.343767
2.393756
2.136128
2.219307
4.498584
2.747221
1.489757
2.066761
0.516436
0.426386
1.427460
2.076358
1.832038
1.597160
1.771147
0.532136
1.118717
1.587642
0.572358
2.869653
2.769737
2.036992
4.295593
0.141711
2.425954
2.533386
3.067552
2.000000
0.496432
1.265479
2.579262
3.832551
4.210231
1.972622
2.057424
1.721989
0.940968
1.964507
1.037770
0.531151
0.360210
2.000000
2.379910
2.359429
0.938262
0.259936
2.547161
2.253423
2.303271
1.192053
1.908681
0.094994
1.532801
3.179730
1.273002
3.103375
0.663887
3.411817
1.505358
2.794595
2.544729
1.859321
0.644722
0.505709
0.732218
3.943603
2.317777
0.873666
0.792618
2.496125
0.538500
0.651099
1.637300
2.937768
7.056091
1.605308
1.804095
0.438771
2.884240
2.632134
2.596741
2.826197
1.361992
0.587290
2.001358
0.493037
1.293345
0.641161
2.985385
1.618278
2.000000
1.761999
2.202885
2.280027
2.959634
1.650114
7.753057
3.741546
0.846346
3.547125
1.257221
2.875502
2.590915
3.110014
2.890157
0.803275
4.269059
2.709282
2.680494
1.441221
1.478953
5.433707
2.187524
2.526134
0.288421
2.208926
2.787250
2.775024
0.973838
2.794971
1.037354
1.119716
1.726220
1.007175
1.959657
2.549090
3.438450
0.631516
1.133383
1.603925
3.535577
2.022348
0.266980
1.574410
1.865708
2.725334
1.190014
1.545270
3.639536
2.033973
1.534298
4.896470
1.566112
1.216987
3.043326
4.683670
1.997041
0.948714
1.026663
1.196731
4.399904
2.000000
2.873503
2.511951
0.380181
2.791753
2.056832
1.061474
3.236619
2.086687
1.676543
1.132616
5.274578
1.343280
1.754720
0.430962
1.930940
2.014387
2.374870
1.287187
2.261144
1.995179
2.416384
0.662524
1.034228
0.573747
2.921599
2.780226
2.850678
2.032534
2.021031
0.831130
0.451503
1.981419
2.020056
1.047189
4.471798
3.195701
2.629808
2.000000
0.462219
2.002750
1.431208
1.857219
2.579966
1.121006
1.078253
1.961667
1.826711
1.771523
0.240584
2.284227
1.401268
1.176780
4.212316
2.824372
0.728147
2.133745
1.436613
2.544683
2.624797
0.590663
4.411361
1.910631
3.583105
0.976625
1.374502
0.788224
1.614068
0.842019
0.879832
0.911940
1.456688
1.848153
1.883842
4.061566
2.887164
3.973293
3.716031
2.124073
2.380638
2.744589
0.755805
0.775914
1.304253
1.719775
1.817265
0.955827
1.768201
1.067323
1.480806
1.720703
1.046934
2.816784
2.890544
1.717812
2.919317
0.876638
1.811559
4.181829
1.239028
0.767828
1.416408
1.794920
0.939261
2.517937
1.223617
0.264721
1.758119
1.656864
2.618308
1.321205
1.231424
3.429502
2.000000
3.847496
1.883496
1.856610
1.061481
1.588840
4.932344
2.209028
0.338643
0.859556
4.260166
1.167927
1.873550
1.386640
1.399267
0.635027
1.544546
1.718949
1.063104
1.869628
1.432269
0.660445
0.189155
1.927682
0.328096
0.680308
1.930125
1.602480
3.901240
2.188546
0.717359
1.239923
0.378895
4.401250
3.472136
3.733044
0.786168
1.363290
2.161737
1.950567
4.119101
1.068103
2.225351
0.492668
0.825715
1.285056
2.525666
1.544299
1.380915
2.164123
3.662841
0.597293
0.786358
1.539616
1.220021
3.348307
3.143995
1.705568
1.494196
2.042692
2.637162
3.591994
0.740458
1.810442
2.040930
2.473336
2.431854
0.498655
0.822746
1.655760
1.996722
0.296868
0.962309
1.014086
1.065320
2.879633
1.092252
3.796373
2.858986
1.171481
3.643764
0.318085
1.954943
0.438889
1.949198
1.777838
2.072898
0.302780
2.751578
1.624570
3.507970
4.264873
2.049875
2.375461
0.705473
0.440273
3.956549
0.815777
0.671443
1.785643
1.551873
1.847387
1.072284
1.048961
3.364295
1.216583
3.206280
2.000000
2.120769
1.624301
1.697492
0.943574
1.946570
1.449517
0.703536
4.580267
0.842428
2.037735
1.795300
2.015785
0.094018
1.279772
1.236186
1.238056
0.779259
2.356722
1.713262
1.080734
0.482500
2.695182
2.628708
2.000000
3.979119
2.853163
3.951692
2.413051
1.375826
1.724576
1.276971
1.832804
2.032519
1.891355
1.398414
1.237260
1.116604
1.809355
1.443524
2.596209
3.677477
3.178354
2.184391
1.290067
1.985703
0.871487
2.392404
2.060785
2.628199
2.877091
8.429011
1.139348
1.920814
3.328090
1.509314
0.793167
0.213794
2.000000
1.755028
1.554725
4.456628
2.697892
0.593903
2.127278
2.509177
0.737583
2.485113
3.281838
1.847754
1.619261
3.068967
1.856175
0.511066
2.205661
0.374994
2.586509
1.758961
0.338773
0.292580
1.644937
0.980870
2.565899
1.109145
2.318784
3.232622
2.781448
1.222787
1.418106
2.164253
1.387270
2.429186
5.074536
2.761510
5.374840
1.780942
1.158598
2.110825
0.597408
1.919073
1.966273
1.583794
2.000000
0.340847
2.559243
2.121883
1.010186
2.350137
4.824627
6.927239
2.215843
3.409275
2.116714
1.459877
0.316390
3.009861
1.168518
2.000000
3.224225
0.633815
0.596736
1.773761
0.960625
2.000000
2.181078
0.957907
2.214948
3.198407
1.500059
4.804129
1.043293
2.337902
1.661349
1.946929
0.454491
2.460442
2.267642
3.616976
2.254220
1.668834
0.846291
2.482388
1.563855
1.917814
2.983709
3.672895
1.021435
1.322811
1.465919
0.949823
4.949180
0.844806
2.254253
1.225951
1.369621
0.916276
2.000000
2.281749
7.147169
1.754649
1.967661
1.333808
2.214170
0.702450
2.272916
2.676722
2.878494
1.063248
3.266798
4.762655
5.452089
2.258222
4.015675
1.711611
1.672188
0.821232
2.498942
0.531711
1.273696
1.045514
1.685709
3.546113
0.938112
4.938522
3.624011
1.759638
3.429798
3.017614
1.959482
3.419406
3.605054
1.978254
3.337942
1.064898
2.358592
1.264323
1.411968
2.584485
4.702866
2.000000
0.484970
1.260701
4.287573
2.689014
3.661795
1.484990
0.891652
3.190559
1.774807
1.499255
0.432616
1.931949
3.177089
0.531636
1.366365
2.666503
1.807306
2.817362
2.367349
1.911751
1.113012
1.439359
3.210029
2.294777
0.503676
1.881148
2.071044
1.235760
2.038163
2.526591
0.986978
2.000000
1.466299
0.980440
1.782901
0.453658
2.403822
3.222996
1.385754
1.950830
2.818617
0.367997
1.506983
1.737976
1.991105
1.806339
2.589036
2.622495
1.448183
0.686606
2.217935
4.633832
3.498877
3.226747
2.968337
1.372991
1.446751
3.342938
2.025213
1.329140
0.423043
1.358476
2.743352
2.119493
4.924722
0.822428
2.344094
3.734603
1.570771
3.429081
1.017009
2.700684
3.094532
2.515681
4.039099
2.353229
2.318274
2.460019
4.022619
0.700655
3.853830
0.561198
2.236953
0.576970
1.272593
0.629506
3.448529
1.685945
2.690218
2.081533
2.196035
3.982450
4.120960
0.618299
0.762750
1.695237
2.428500
0.292482
2.000000
1.461567
0.691926
1.849363
0.364631
1.858904
2.426594
2.911434
2.043548
1.522983
2.305397
2.607429
3.972896
2.067444
4.145225
1.337002
0.168586
4.444086
1.897650
1.765666
2.353205
3.327276
1.210485
2.527632
1.451163
1.917391
3.398085
0.955285
2.871214
2.658831
2.210254
2.000000
1.504685
2.615183
0.365267
3.189375
2.153172
1.286089
4.643416
1.738619
0.730547
2.329669
1.555670
2.358486
2.082660
1.403889
1.490198
3.308207
2.013410
2.581059
1.188372
2.775286
0.912052
0.302617
1.171977
4.751042
0.947128
2.971843
1.838888
1.069499
3.635785
2.976694
4.127050
1.422057
1.540564
0.524316
3.065775
1.748846
1.597323
2.326425
2.552733
3.757155
1.824536
2.101223
1.707699
7.525784
3.904072
1.881023
0.452905
1.782479
2.224519
1.901668
2.520906
2.889760
4.495243
1.830730
2.293694
2.996169
0.874885
2.095045
2.075465
1.510879
1.804158
3.401968
1.774508
0.442267
1.927757
3.181913
4.522865
1.995560
1.864496
0.752836
4.216241
1.575071
2.222397
3.825653
5.199641
1.076992
3.652294
2.359864
1.493292
2.218572
1.263056
2.098180
1.071308
4.069653
3.221617
0.943231
2.562761
1.322039
0.737098
1.295789
1.554543
2.734877
3.204508
4.227077
3.305725
1.067283
2.000000
2.108155
1.243114
0.510302
2.001595
0.807315
4.943079
3.061662
3.250730
1.437866
0.609064
2.105183
1.284468
2.915160
1.116903
2.367293
1.830647
0.614294
0.767111
1.147741
1.521612
1.501898
1.417229
3.250534
1.821723
1.495806
2.579754
1.719880
0.609572
1.697525
2.584834
0.554014
0.570314
4.284337
5.361540
2.420494
0.479960
2.463343
1.830610
0.340082
1.394470
5.705104
1.251273
1.244276
2.945065
1.679423
0.927075
2.022963
1.813804
3.751328
0.827371
1.255586
3.672197
1.945765
1.350113
1.623849
1.713687
1.704353
3.062757
1.546490
1.369062
2.832094
1.857697
4.126435
1.406846
2.700174
3.944021
3.553825
0.862768
1.920144
1.106373
2.038994
2.707252
1.685894
2.019891
3.232681
2.212056
2.775838
2.610209
1.667225
1.816644
2.157258
1.168542
0.965136
3.133103
3.940039
0.501740
1.526571
0.585518
0.713006
0.629552
2.000000
2.615237
2.241107
2.195272
0.619078
1.496658
2.807566
2.401626
2.995724
1.377104
1.626163
1.270188
1.444661
1.994261
1.588290
1.313528
1.498065
0.790737
2.000000
5.920131
2.571265
0.763626
3.453761
1.220971
3.239327
3.274925
1.233507
0.966472
4.010266
0.389913
3.330154
0.466089
1.524036
2.900589
2.417136
1.476775
1.100647
1.710191
1.580414
1.147632
0.433984
5.820721
1.475414
0.500592
1.376161
2.012765
2.722497
2.055061
0.940727
2.045988
0.647742
1.346553
2.431633
2.000000
3.119247
1.909920
1.423955
0.847971
3.319271
0.721619
1.485584
1.638868
2.924123
0.901900
4.659551
0.481800
0.588348
1.238253
2.190569
3.190909
1.542816
2.744544
0.239485
3.094206
2.445388
1.017829
3.194094
3.038052
0.463988
3.301980
1.810999
0.698918
2.770109
0.322890
1.481399
1.802018
2.220221
0.674026
1.970214
2.152449
2.659846
3.363709
1.352715
1.273651
3.034116
1.785578
0.885309
1.101900
1.385755
1.117944
2.368983
0.511621
3.927904
3.476134
3.679624
0.378826
1.923560
2.799189
1.435464
0.735165
0.573547
0.793962
1.988369
3.149623
2.041180
2.174197
1.294499
1.776449
2.448226
3.359854
1.154897
2.194204
1.401179
1.415347
1.191421
2.091844
0.588428
2.154159
0.343125
0.780762
2.584571
2.814751
2.555878
0.796552
8.536806
2.410283
2.756052
2.000000
3.243037
1.149347
0.376360
1.020811
2.177137
1.676561
1.591729
0.709830
0.476298
1.449533
2.215105
2.053545
1.564137
2.753621
1.961655
1.739763
0.181366
1.084565
0.141542
2.488341
1.989396
2.043451
1.878881
0.439258
2.182030
3.694266
2.220112
2.930713
2.061912
1.444271
0.604394
2.619782
2.388120
0.642475
2.867994
1.305502
2.113074
3.431848
0.315058
3.146731
3.186434
1.541667
2.244828
2.939265
2.000000
2.074867
1.558014
2.211176
0.480021
5.056270
1.700499
2.013647
2.970869
0.503393
1.800967
6.832786
2.000000
1.783177
2.457241
2.869690
1.481716
3.209899
0.645106
2.605805
0.296628
1.942577
3.025062
2.750484
1.581527
1.145222
0.722172
2.278822
1.584839
3.953811
1.577108
1.577746
1.443138
4.297821
1.157151
0.703304
1.669364
0.880555
0.403066
2.075011
0.988178
1.081210
3.289382
1.255297
2.273747
2.460028
0.897761
1.218764
1.889379
3.455344
0.238967
0.990956
1.592394
0.852638
1.117409
2.728457
2.000000
1.350120
0.977850
1.899139
2.839982
2.455946
1.155755
1.620911
0.880648
0.834702
2.903155
1.262085
1.427838
2.632004
2.510591
3.353270
1.504477
3.001757
1.336813
0.962485
2.134665
4.195627
1.735167
3.960222
1.289310
0.524893
1.510777
2.930492
3.216404
0.565720
1.999558
3.132753
2.445421
2.135404
2.884763
1.954525
2.275327
0.617072
1.543193
3.107579
0.882360
0.338899
3.581854
2.059480
1.610321
0.363209
1.487463
0.563091
1.683096
2.609411
1.441338
1.866048
2.425646
2.289075
1.954081
2.033173
3.431511
0.731363
3.014130
2.057852
1.852804
1.775658
2.354636
2.340205
1.268103
2.992695
1.903064
2.946208
1.298105
1.272116
2.496103
2.365270
2.000000
0.567142
1.569288
0.840159
1.606251
1.970427
1.849593
3.385698
1.457340
2.380993
1.098736
2.562749
0.991953
1.262326
1.976154
2.196734
0.771803
1.311820
2.705533
2.781664
0.579367
0.426039
1.885524
1.844188
0.465989
2.509898
1.342334
2.039867
1.108763
1.279122
1.946445
0.291251
1.560001
2.057793
2.161114
1.696702
1.715467
2.651934
2.377574
2.389992
1.351596
0.680564
2.346156
1.792513
1.265525
1.424322
1.609989
2.061784
2.442983
2.000000
1.076900
2.089444
3.158099
0.413279
1.674532
3.280124
1.406680
4.282520
3.631869
0.685220
3.608334
2.089650
2.904939
1.752388
0.428999
1.137197
2.557417
0.529565
0.745357
3.200025
2.863265
4.581943
2.563323
3.071577
1.046610
2.980957
0.714275
2.562387
0.398747
2.696480
0.809695
1.971909
0.485782
0.938777
1.008962
0.812880
2.644522
0.851894
0.728390
2.568626
1.988650
1.597155
0.578144
2.281187
1.691027
4.107996
1.157765
1.641344
2.720948
2.067852
0.672906
2.787567
1.779165
1.910425
1.604683
1.243688
1.603073
2.398257
3.336399
2.185879
0.303811
2.591631
2.097889
1.984287
2.373831
1.734512
2.516997
1.818335
2.625840
1.349142
2.728228
0.816676
3.132372
1.396422
1.453521
2.388640
2.292871
1.643788
0.465722
0.360688
0.508674
0.666074
1.811833
1.144683
1.648460
1.240463
3.060344
1.676724
1.728684
3.934148
2.000000
4.607541
1.800498
1.395185
2.000000
1.344463
0.768570
2.386299
1.115019
4.153141
2.143542
2.187743
0.434452
0.874907
1.768636
1.168397
2.088665
1.093805
2.257406
1.334902
2.015097
1.249628
2.000000
3.323931
0.416343
1.265468
1.586031
1.981396
2.186668
0.476102
1.910142
1.350392
3.907060
2.000000
2.404599
3.312222
1.253070
2.177377
2.834557
2.010872
0.705992
3.533575
0.992939
1.036711
0.859254
1.996761
1.203394
5.599244
2.252997
1.536531
1.399424
4.026838
1.906389
2.741381
1.635046
2.287936
1.134410
2.000000
0.704938
0.613965
2.813998
2.397548
1.056283
0.793805
1.811473
3.823220
1.679914
2.013305
2.036154
1.399669
1.996644
1.110506
1.900867
0.623335
1.390307
0.200473
2.296563
4.564286
2.457304
1.843683
1.842638
1.234264
3.910919
3.364777
2.544115
2.452117
1.777358
1.630922
2.067662
2.903111
1.590144
2.737200
2.000000
2.466960
1.697236
1.021475
1.897660
2.365921
2.002288
5.465855
0.519581
0.827188
0.794939
4.278405
0.663637
2.255934
1.895003
2.017257
0.375173
2.023574
2.423752
2.071413
2.257205
1.568772
1.750452
1.115256
3.299865
2.481959
1.970099
2.004808
0.881303
3.389381
3.975107
1.512747
2.396671
3.931951
2.901223
1.381976
0.925842
1.661124
2.000000
0.542939
1.632010
3.089034
0.714120
1.465757
1.700716
2.261183
3.139236
0.556196
1.798830
0.993150
3.029748
0.923230
0.934164
0.647770
3.574715
1.784516
1.250686
3.284594
3.298486
2.775540
2.984775
1.592120
1.835997
0.649888
1.062473
0.613271
0.384605
0.666241
0.516180
1.498248
1.740572
1.694080
1.853661
1.078127
1.598424
3.873405
1.802629
2.342811
5.324681
3.424891
2.036903
1.255775
2.044956
2.583576
1.203626
3.560615
1.428962
1.054973
2.231112
3.786834
2.773706
1.067280
1.976032
4.752247
2.173714
1.544969
2.550061
2.000000
4.162310
1.841133
2.205239
3.447608
4.526163
1.798240
3.786101
0.489189
3.774351
1.317321
2.102864
4.953919
1.643092
1.656982
2.589169
2.583603
1.607049
0.799176
2.200248
2.464317
3.357292
1.287040
1.587033
2.928905
4.601912
2.267642
2.019321
1.484080
0.821956
2.127548
1.314641
3.840085
2.137432
4.971550
1.677632
0.858232
2.409852
2.000000
1.039934
2.310622
1.444592
2.458513
2.500771
2.024811
0.989066
2.652593
2.802403
3.788906
0.124878
1.091869
1.829841
5.182930
0.752565
1.876828
0.971977
1.052303
1.901032
1.017368
4.278936
1.191837
0.344845
4.158104
2.348109
2.028955
5.179084
2.071954
4.149506
4.842944
0.747382
2.261320
2.232651
1.165418
1.214008
4.597054
4.134063
0.519186
4.014967
3.679829
3.331815
2.041862
3.587075
2.556965
1.794408
1.943358
1.660863
1.934616
0.516496
2.000000
2.464426
0.607264
1.993534
2.262984
3.356327
2.133406
2.698603
1.145868
0.707574
4.058912
2.000000
1.359518
1.664654
0.311134
0.810759
4.765421
4.002223
1.426669
1.765918
1.043603
2.287705
2.000000
1.457235
6.338232
2.439666
2.061632
4.383661
1.450633
1.097490
2.675951
1.122813
2.700693
4.013124
2.354281
2.491795
1.228560
3.091242
2.852837
2.556339
0.455778
2.025545
0.398676
2.000000
2.232947
0.279084
1.537429
1.969207
0.742853
3.124814
2.000000
0.653142
2.198353
0.390705
2.401395
3.341141
1.458870
2.290784
2.294383
0.979130
2.000000
2.000000
1.240704
0.305998
0.636860
1.853913
3.655404
1.934844
1.158647
2.000000
3.231751
4.132311
1.646652
2.607477
1.526419
3.387315
0.528455
2.359245
3.199198
4.164576
3.059767
1.772416
1.002815
1.261938
0.956908
1.390542
1.119062
1.709351
0.915470
1.970404
1.415244
0.821309
1.860771
0.281677
1.260789
1.939971
2.928967
2.756227
1.735502
1.996921
1.424474
1.437342
4.254992
2.108978
9.201898
1.010973
1.711162
1.663061
2.752171
1.711717
1.722750
2.762990
2.001205
2.136241
1.475240
0.836241
2.878418
1.804007
2.188233
2.347116
0.656605
2.000000
3.104991
1.713041
1.788456
4.710349
3.126885
2.196452
3.000777
2.112643
1.171936
2.285049
3.710373
3.931498
1.908718
2.799312
1.369272
1.796965
1.733559
2.092604
4.386028
6.145754
2.508578
2.375825
2.840971
1.382645
1.354931
2.893103
1.472236
2.247674
2.768473
3.525799
1.922024
1.695144
3.404468
1.829562
2.669217
3.550161
2.020909
1.876819
4.429757
1.264468
0.500043
0.796604
2.529332
1.242727
1.843031
1.376866
0.888760
0.477057
0.751156
3.030895
1.236128
2.210162
1.733631
3.468082
0.797124
0.854437
1.088221
3.306214
1.007620
1.264110
1.248688
0.335499
3.192529
2.541431
0.507103
2.930869
2.461705
2.135353
1.956296
2.444912
4.573806
1.951252
0.981290
2.320264
1.819834
0.687458
1.747971
1.296443
2.497823
2.796234
2.105688
1.152697
6.148701
4.115572
1.023457
2.778979
0.586193
1.992622
0.636782
1.117226
1.353738
2.051893
1.870704
1.290167
0.594378
0.114805
1.128051
1.813424
1.305542
2.328831
1.958353
2.000000
0.430881
2.077121
1.441761
0.149470
2.253186
1.397571
2.399520
2.000000
2.326748
1.986249
1.578479
2.033005
1.678167
2.176291
0.785471
0.454326
2.738894
0.522450
2.442035
2.135144
1.141908
0.837062
1.342864
4.340207
1.932018
3.701537
1.150705
2.392337
1.523405
1.602902
0.431973
0.940297
0.793213
0.589318
0.444638
2.855512
3.279841
1.921636
0.994760
2.000000
1.687665
0.946452
1.057602
0.704252
0.854265
3.200724
2.442689
0.479057
1.122934
1.827541
4.401771
1.059691
2.994471
2.993084
4.173053
1.480839
1.530931
0.886642
1.643666
0.356997
2.109178
1.448799
0.988727
2.564289
4.008391
2.083471
2.866249
0.321276
2.398423
2.993154
1.656187
1.878507
1.026518
1.554031
1.243873
2.767902
1.550954
0.500617
0.777910
2.441089
1.342568
2.240319
1.831475
1.432422
1.253195
1.431267
1.393989
0.326859
0.642926
2.581161
0.127310
1.833256
3.655802
1.127714
1.658203
1.192600
1.649656
2.564118
0.740139
2.000000
3.980989
2.118462
3.098229
1.499782
1.875010
0.821235
2.615126
1.827793
3.373426
1.713977
0.332180
2.743129
0.923046
3.535398
3.078383
2.072902
1.231782
4.170355
0.456946
3.619396
1.183052
5.805137
1.573821
0.830201
2.299910
3.024032
1.094604
0.845439
1.586629
4.094501
0.567764
2.546542
1.888156
1.347011
1.824713
1.954702
1.455170
1.326165
1.782304
2.059986
1.599836
1.001174
4.341527
1.677493
2.148164
2.412431
1.412866
1.441659
1.406029
2.561268
2.722697
1.072644
0.767421
2.270315
0.747681
1.575020
1.256543
1.627908
2.059509
3.949060
3.088577
1.808494
1.766625
0.450807
2.222723
5.073059
0.874600
3.962368
3.478338
2.035214
3.232961
2.420964
1.954197
3.358263
3.013279
4.207069
1.557306
2.968354
3.684620
0.790232
1.845224
1.530755
1.541166
3.122192
3.004139
1.773349
1.579368
0.793070
1.977728
1.329856
2.258051
0.483493
2.097439
2.185632
3.672235
1.523072
0.416556
2.564765
2.381151
2.981713
1.183455
1.915854
1.993450
2.451711
2.142081
5.134710
2.154288
0.790030
5.208826
1.943613
1.346969
1.917336
0.546183
0.984815
0.779055
1.232363
0.256103
1.821983
1.979125
1.855421
1.663488
1.799375
0.476310
2.080195
0.415156
1.336858
1.205567
0.591646
1.676924
2.033469
0.397244
1.438941
1.057745
0.992588
0.814629
0.824347
0.372868
1.172579
1.981543
1.474869
1.861920
1.531922
3.070187
2.649898
1.544084
0.469708
1.006171
3.115780
0.621605
1.930675
2.883792
0.684561
1.978919
3.531654
2.109499
2.254168
2.174817
1.767973
2.005667
3.198558
2.767476
2.325461
3.606354
2.680954
0.560720
4.233331
2.169518
0.812071
1.177202
0.577626
2.000000
2.147927
1.416366
1.140724
1.025100
2.423971
2.980173
1.416032
1.517482
1.383131
2.763336
1.853567
1.578075
1.281029
4.069298
2.160730
0.818205
1.197059
1.812525
1.599229
2.817801
2.913309
0.420280
2.403941
4.171236
2.837270
0.837532
0.977932
1.096084
2.000000
2.047577
4.551738
3.260666
3.862994
1.647196
0.587793
0.741415
0.634136
0.295626
0.572285
3.315640
0.652298
1.770543
1.641873
0.810275
0.419384
3.670277
3.258080
3.641344
0.531860
3.159206
1.762418
2.996908
1.358222
3.191246
1.254513
1.487763
3.558057
1.279644
0.257283
1.640613
2.421188
1.690639
3.605045
3.774511
1.627628
2.758649
1.935520
0.543876
1.929237
1.502075
2.630820
0.371857
0.851602
1.404612
1.164482
2.249630
1.278529
1.758791
0.426040
2.662033
1.609579
0.627056
1.317153
3.493752
1.550390
1.161942
1.321350
1.386861
0.742425
3.532935
3.094859
2.202368
1.609805
1.017325
1.401320
2.468005
2.540550
0.864039
0.164584
2.522085
0.409201
1.592090
3.192708
1.485410
1.857028
6.085742
2.071520
3.765414
2.401080
1.583401
2.418102
1.138464
2.305590
2.775683
2.468349
3.092234
1.942645
3.914672
3.230842
2.489505
0.634407
0.983741
2.142335
2.486797
4.174255
0.608090
1.241236
0.782210
1.331309
2.858998
3.116343
1.851632
2.040399
1.873075
1.542143
1.092533
2.678365
1.767809
3.864643
5.572020
1.515113
0.287519
1.591621
0.895801
3.083790
3.723308
1.155530
3.388103
1.339192
1.857153
0.514789
1.633928
3.075339
1.980724
2.493973
3.307349
2.049689
2.355600
1.361176
2.671159
1.953693
1.390759
1.918208
1.470944
0.265767
0.376987
2.220420
5.515122
0.994069
1.195518
2.675033
3.873610
2.630907
0.832561
0.470352
2.153650
1.150439
2.927428
2.999367
1.027224
0.371906
2.463531
2.160284
1.270108
2.856151
0.703379
2.247395
2.339357
1.758823
1.351909
3.125718
0.354616
1.881215
2.175571
1.830601
2.072227
4.784004
1.247143
0.291326
0.198842
1.124123
0.399434
4.371266
2.690100
0.653285
1.479853
2.915126
3.594776
1.541311
1.775232
2.298584
1.713129
2.825502
0.986012
1.301246
2.529944
2.682547
2.801221
1.458346
0.283194
2.321390
1.736621
2.061497
1.372680
0.892786
0.899052
1.347600
3.530081
2.669043
0.933314
0.791923
0.833517
2.897654
1.372000
1.731041
0.584249
3.320908
0.653477
1.538169
1.432669
4.286200
1.681942
2.642482
1.783589
3.028223
0.856033
2.049445
1.024219
1.866872
2.430811
1.992645
1.309515
1.468953
0.902449
1.872599
1.827175
1.987158
4.260067
1.110710
1.586177
1.818045
2.272249
0.777040
0.579688
1.985719
2.066777
2.002399
3.138802
1.819805
0.507475
3.385828
1.703312
1.061285
0.548394
5.164762
3.799194
0.888051
1.762776
1.602147
1.281386
0.877005
1.634604
0.783223
1.576129
0.099053
2.693553
1.743559
1.621708
0.826432
2.488800
2.269722
1.496112
2.074178
1.818096
3.827646
0.851561
0.588142
2.434440
2.307382
2.849778
2.155764
3.008903
2.140754
2.014424
2.172464
1.206361
2.105777
1.467357
2.983621
1.962907
1.961764
0.959225
1.821688
0.419607
3.837556
0.381811
1.600021
1.251382
0.447484
3.774480
0.598907
4.583367
1.143355
2.136762
3.563881
1.707126
4.176422
2.989081
0.678168
2.318379
1.523202
2.407986
1.190431
2.011823
1.902803
0.689801
0.900129
3.883482
3.946540
3.156212
0.696831
2.537344
1.824645
1.234319
2.472009
2.309644
1.659097
2.085612
1.344998
2.708200
0.358046
1.244787
2.975025
1.843885
2.816346
1.390558
0.737828
1.639774
2.000000
4.490310
2.517410
1.860798
0.869753
4.469019
1.363664
3.358956
1.051923
1.479251
1.592389
4.087288
1.469304
2.001748
0.651973
0.229516
1.937487
1.297810
1.565484
2.091601
0.464085
2.222804
2.302009
0.377724
2.649513
0.492035
0.755675
1.175679
3.264022
1.266416
1.307846
0.859858
1.870407
1.348919
2.451959
5.169994
1.001915
2.645882
0.184671
2.293935
2.092336
2.143636
1.570110
1.580693
0.858213
2.166764
3.521559
3.107286
2.642150
2.126748
2.803591
2.312009
0.715517
2.767684
1.151295
1.399816
1.548024
1.873697
2.066726
1.026308
2.696657
1.615721
0.715210
2.618449
2.123016
1.741816
2.853967
2.138890
3.965088
3.031123
0.177992
2.167228
1.313503
1.705019
0.670694
0.444314
3.486360
2.751526
1.737046
0.419265
1.724476
3.003543
2.488468
1.814499
0.522927
3.174559
2.709472
0.515077
1.542550
0.756810
0.304833
1.834688
3.213456
2.104723
2.800481
2.028204
0.926512
3.223566
2.951175
3.229049
2.615957
0.888895
2.159137
1.010708
1.317668
1.468831
2.450139
1.754148
2.940336
1.431385
0.780370
3.143772
2.000000
1.776249
1.799147
2.222616
2.210078
1.720279
1.667077
0.390499
1.717787
0.530930
3.063105
3.698360
0.753267
2.256524
0.701925
0.640093
1.445456
1.867973
1.760326
1.733133
1.752420
0.826219
2.478696
0.621072
0.786252
2.000000
2.176324
2.645142
0.771876
2.277055
1.721548
1.529588
3.775436
4.219885
0.902441
1.668495
1.715964
0.818555
1.312813
5.508103
2.274198
0.984903
1.066208
0.394720
2.021536
1.346292
3.438294
1.630889
1.649799
1.743399
0.826688
6.386824
1.511670
4.819144
2.041596
2.000000
1.174214
0.142118
2.082963
1.994478
2.523980
0.369500
2.740567
0.195255
0.882237
1.648794
0.952433
1.461514
2.441767
3.368495
3.277345
2.220056
2.649386
0.617224
2.344195
1.139107
2.885610
3.967024
0.374658
2.260925
1.121953
1.703437
2.000000
2.506773
2.011022
3.961350
1.785096
2.019389
1.460660
2.512663
3.826028
1.795321
0.338842
1.575537
2.009989
1.239989
2.073719
3.939742
2.814343
1.918486
3.626801
3.018756
2.302412
1.574426
1.855216
3.316622
1.627298
1.780088
2.393034
2.000000
1.262577
1.423340
4.324447
0.602021
0.863325
2.309431
1.615768
0.745040
2.572075
1.780106
0.925022
1.564686
6.224131
1.561392
2.076142
2.555631
0.422115
1.085570
1.073555
1.389301
2.262675
2.383358
1.893319
2.366364
3.774598
1.150656
0.219263
1.092983
2.029930
3.235877
1.966764
1.454363
4.509408
1.826431
1.343649
3.370677
1.596311
1.890836
0.878058
0.662997
2.000000
2.543022
2.000000
1.217141
2.000000
0.535836
0.664484
3.031800
1.688502
1.536624
1.141634
0.399289
0.261430
4.017448
2.175596
3.300823
0.392123
0.383702
0.106677
0.927952
2.729046
3.372905
2.773086
3.486816
0.187249
2.959537
0.899861
3.188665
2.332724
0.978278
1.336515
1.677613
2.859905
1.718953
1.841623
4.003714
3.279057
1.033894
3.300447
2.183344
4.070799
2.332530
0.827647
2.672737
1.405337
2.064919
0.997256
0.898834
2.011511
2.000000
2.953215
1.539239
1.030902
2.970025
2.273284
2.023762
2.481567
3.828874
1.134288
1.067104
2.196398
0.899599
2.526569
1.886599
2.677744
3.074855
3.244720
2.483155
1.010888
2.410879
0.979606
2.344785
0.555713
3.610471
1.965120
1.605861
1.359912
0.733033
2.376152
1.995393
1.024731
1.925158
2.682866
1.746478
3.017989
2.815985
1.122799
1.185496
1.931439
2.294225
2.517914
0.836641
1.552192
2.205821
1.393243
0.618768
2.164686
2.106107
2.323037
1.449382
1.743665
3.367989
2.163367
3.172104
3.333639
1.589327
2.338045
2.354559
2.755477
2.000000
3.123350
3.484093
1.496815
1.865359
2.077949
2.824418
2.030590
1.165702
1.058968
2.872916
0.303436
1.837205
0.439195
0.368081
2.000000
1.842797
4.608223
5.038776
1.462696
2.783434
3.036898
1.827515
0.745530
0.975166
0.496196
3.182887
4.230027
0.478981
1.963745
1.550902
2.048950
2.430128
2.659285
1.696597
5.077836
1.289296
1.139441
2.408092
2.110439
1.011348
0.616615
2.605423
1.313491
2.437615
2.000000
1.586256
1.120868
0.342924
2.386454
0.671459
2.479316
1.990185
1.118940
2.767060
3.661029
3.426723
2.351613
2.625261
2.283987
1.191269
2.186491
2.318718
2.928306
1.116221
2.261961
3.798071
1.509576
2.398909
5.279736
2.687732
2.904479
1.688128
2.470270
2.010051
2.481450
4.513398
1.930914
1.439755
2.574754
2.483497
2.166198
1.477467
0.314205
1.946127
0.785851
1.012401
1.718723
2.333213
0.602067
1.420048
2.664573
1.496194
1.548616
2.904291
2.497466
1.856255
5.030760
1.350833
0.371182
2.625833
1.718869
3.450301
1.938742
0.721551
2.536028
1.092139
2.769435
2.173978
3.252341
0.660777
1.476414
1.983799
0.594651
2.550146
1.666978
2.234568
0.902990
0.276309
3.398595
2.211694
1.517952
2.508348
0.903484
0.786758
2.690428
1.019609
2.781952
2.501096
0.992658
2.465072
2.441687
1.258841
1.634218
3.891420
2.120471
1.554072
1.898898
2.316525
4.395926
1.049817
1.682282
3.415316
1.436364
0.546836
6.078602
1.887393
2.446346
3.057872
2.000000
0.709977
2.853411
2.563877
3.496694
2.265833
2.831711
1.454675
0.466168
0.750515
0.167448
1.853290
2.172563
1.458331
1.852747
4.760510
1.260265
2.000000
3.732994
1.253597
3.013301
0.752543
2.570487
2.592138
2.000000
1.597253
0.537903
1.675810
2.076082
0.143881
0.991073
2.191087
0.185076
0.662642
1.295763
1.833696
3.509502
2.955886
0.446565
1.665177
2.101072
0.560427
1.657277
4.259323
1.352868
1.505245
0.342124
2.000000
2.087369
2.598108
3.060534
4.572560
4.220364
2.285775
2.003679
2.519265
0.681687
1.167025
2.000000
1.398521
6.215307
0.750347
2.918942
0.829572
2.044104
0.931089
3.051828
0.952899
0.842924
1.438620
2.574437
0.728683
1.489481
2.367105
2.004802
0.609905
2.031802
3.112599
2.537639
1.451374
2.357971
1.627097
2.388877
1.294095
0.703703
3.820945
1.010157
0.957343
2.507247
2.680512
2.011273
0.894113
2.527110
1.719396
3.609394
4.395957
3.245165
1.117087
1.273116
2.336780
1.262502
2.871655
1.526528
2.527286
2.090942
3.569963
0.647807
1.898919
1.661376
2.998872
1.382504
6.306565
0.327179
1.451433
2.833270
2.383831
3.023963
0.774251
3.978857
1.521964
2.286701
1.886179
5.391675
3.424129
1.030152
1.195169
1.116542
2.120566
2.805374
3.164665
1.933768
2.017985
1.026987
2.476012
0.595125
3.170969
2.849888
2.534779
2.801662
2.762032
1.724335
4.299915
1.564503
3.351150
1.626088
0.580308
2.933413
2.372599
1.708509
1.287112
1.840442
0.549201
1.923563
1.031650
1.794549
2.002815
2.170229
1.102232
1.542923
1.725652
1.711323
0.418373
2.415783
2.618170
0.582254
2.920987
1.919368
2.817637
4.226936
1.194544
3.019031
1.782529
3.119169
3.868283
1.884195
2.560462
2.610850
1.357228
2.159992
2.666641
4.154207
4.552759
3.880443
1.783628
1.461136
3.766420
0.599885
0.366747
2.605183
3.090591
2.043829
1.283252
3.170306
2.485718
3.497017
1.232260
2.245473
2.239681
1.400807
1.945790
1.972538
0.105012
1.147734
2.159870
1.582042
0.781263
3.977658
1.793128
2.860070
1.365327
2.062641
0.456202
1.953138
2.669390
1.609537
2.560283
2.632778
2.009990
1.052254
1.749626
2.862909
2.387647
1.848248
2.202094
1.628728
0.729291
2.316311
1.441979
2.178705
2.461994
3.293195
1.447402
2.037597
1.181984
4.092875
5.012788
0.949574
1.400227
2.249523
2.000000
1.891922
1.847708
2.489820
2.227515
2.252066
1.654143
1.255821
0.925619
0.662152
1.469986
0.839891
3.727120
2.354115
3.678229
2.254531
1.181419
0.376600
1.550040
1.327146
0.761281
1.272719
3.679078
1.352079
1.545493
5.007436
1.453457
1.948574
3.724977
2.402156
2.762243
1.834411
1.737881
2.199353
4.324574
3.883699
1.425376
0.671872
0.492382
1.653461
1.353370
3.265637
1.176144
1.103425
1.777501
1.219628
0.626334
1.108774
1.533672
1.429698
2.013970
0.975333
3.533571
1.672652
3.603573
0.487021
0.498449
4.099188
1.156521
0.716956
0.885121
1.417468
1.688447
3.000241
0.979221
1.616930
0.345215
2.705772
1.726910
0.180597
0.526551
1.489435
0.938408
2.344230
0.745104
0.823371
2.261567
1.877816
4.587925
2.853692
2.477325
1.598912
1.104043
3.901533
1.024055
0.128437
1.755769
1.466133
1.984266
2.029112
3.308270
1.228289
3.056550
1.093881
2.447771
3.160474
1.488024
1.460749
1.537119
3.403597
2.955742
2.153965
2.481711
1.237601
3.725631
0.550311
0.616329
1.976697
1.813753
1.952989
1.127231
2.794721
2.701415
4.681989
2.180676
1.496393
1.797261
1.873793
1.696364
2.030948
1.191586
2.684476
2.955678
2.002235
1.942502
0.485319
1.295098
2.469027
2.036568
0.702802
2.062724
3.649836
0.526495
2.512820
1.083932
3.464250
2.139967
1.199489
4.484741
3.842337
1.395476
2.515299
2.701871
5.191867
4.062183
1.879426
1.695432
2.510729
1.034500
2.140651
0.726530
0.605983
2.231932
1.973632
2.795946
0.766463
3.729948
1.588235
1.492212
0.953524
0.912937
3.384009
1.820118
1.478152
1.006612
0.553452
2.701499
1.688617
2.974344
1.610768
1.409863
0.531748
3.514869
1.742401
1.258170
2.902786
1.860422
2.425250
0.910152
2.452763
1.748602
0.130785
0.408653
3.276412
1.297323
2.000000
5.383019
0.751411
1.753530
3.266242
2.080537
1.257261
3.145146
2.223566
0.250707
6.464787
2.546056
2.032877
1.337081
3.009178
1.938337
3.090880
0.404227
1.809098
0.614752
2.308634
2.521741
2.044021
1.038071
2.019999
2.117512
1.061568
1.162786
0.567891
1.614231
2.000534
2.153882
3.336895
3.842755
1.025043
1.506159
2.073745
2.898447
0.475566
1.867750
1.831347
2.234471
1.288684
1.911494
0.675615
3.821567
3.279442
0.297173
3.466514
0.251424
4.328011
2.330031
2.828810
2.420995
2.232162
0.849022
2.000000
1.424811
0.140844
1.299663
3.161479
0.353365
3.342415
0.438543
1.439444
0.336827
1.644065
2.001148
1.467397
0.112170
1.779132
4.402837
1.808574
1.932713
0.953792
3.341352
1.729027
1.038065
2.011993
1.146144
3.789803
2.604687
3.125301
0.908397
2.000000
2.888490
3.540200
2.147572
5.210401
2.000000
3.059345
3.145008
1.673027
0.757154
2.187000
3.330311
2.021588
1.440859
0.843749
2.791563
1.885924
0.528600
2.743538
3.082343
0.371307
1.463754
4.334337
2.824001
0.847007
0.091549
0.807331
2.506348
4.872353
12.296677
4.083525
4.524587
2.254111
1.811133
1.380897
0.721237
0.833066
0.847902
1.147451
0.727886
2.825879
1.092893
3.915656
2.088765
1.463878
1.188672
4.304450
1.666821
3.963622
1.492206
1.359629
1.311427
0.321544
2.571488
1.197881
1.435076
1.486452
2.557803
0.663148
1.026727
1.197975
2.094343
1.851460
2.887172
1.068215
3.049424
1.445604
0.877232
1.960680
1.679652
1.516082
1.696028
2.000000
1.571083
2.695111
3.808898
2.257050
1.327351
1.922468
1.244328
1.403776
4.324977
1.042714
1.389510
2.346292
1.167034
2.574754
3.102970
1.007389
2.019359
2.086560
1.831268
0.421171
3.446877
2.971214
2.000000
1.417397
0.979371
2.987269
1.775445
2.147836
3.924380
2.628681
1.177531
5.008312
1.506404
1.726183
2.192862
5.763180
2.761912
2.476599
5.704287
3.257681
1.550117
0.380352
2.359054
2.723290
2.000000
1.649684
3.255856
1.145902
1.186503
0.297861
1.736136
0.729389
0.722557
1.505860
2.371394
5.234371
2.823094
2.338817
0.465116
0.902245
1.809924
0.488199
2.458509
0.620656
0.832852
1.283921
2.163533
1.968607
0.960124
2.253753
2.000000
1.034323
1.770462
0.311531
2.396699
1.527063
0.932783
1.772235
1.655235
1.201818
1.575142
2.544827
1.784334
2.132283
1.963887
2.119795
0.573722
1.441733
3.376632
1.672301
2.026518
2.266957
2.801593
4.673036
1.713975
1.838822
4.909699
0.714066
2.137659
2.346670
3.799419
0.817429
2.483423
1.852326
2.274120
2.338712
1.136105
0.766905
2.039995
0.429323
2.803085
2.334886
1.016813
1.710595
1.499837
2.117755
0.814205
1.257370
2.566890
2.000000
1.649999
1.326129
1.765011
0.929234
1.909251
1.934117
2.098473
1.359252
0.885929
1.970375
1.921419
1.052182
1.963771
1.870797
0.857113
2.638349
5.817076
0.981055
1.897723
2.110351
2.645024
2.446183
0.960871
2.409372
3.086376
2.015412
0.735723
2.606644
3.436925
2.781309
2.135839
1.739031
2.057978
2.818228
0.590203
2.000000
2.021451
0.798908
1.679804
1.889928
1.718133
1.237584
3.653505
4.113224
3.531381
1.417701
1.913678
2.503768
3.490036
1.108555
2.116279
1.428662
1.142061
3.386165
1.875218
2.236586
1.582317
2.194041
3.914443
2.266428
0.491526
1.754713
0.903147
2.168745
3.756641
1.177225
1.996606
0.923697
2.003584
1.952670
3.090580
3.022704
1.184645
1.658102
2.460664
2.358414
2.557492
2.249784
0.982059
0.697957
2.511756
0.808560
1.978550
1.506396
1.952105
1.792302
2.316463
3.125447
3.720368
4.709654
0.637966
1.615603
0.783325
1.161799
3.794385
2.442065
0.530126
2.179658
3.036887
0.712890
2.883600
2.877633
2.533731
1.110834
1.903836
6.012213
1.205348
2.612611
1.628373
4.209111
1.822745
2.003674
2.738568
0.588923
1.414663
2.507916
4.853749
0.445264
2.046510
2.213815
2.843729
2.175823
1.379469
2.819833
0.971349
2.764725
2.073854
0.796107
2.349326
2.305782
1.476520
1.168049
1.419946
0.527904
2.823066
1.365480
1.674407
3.312604
1.710496
1.756370
0.666058
4.283278
0.869995
0.539478
4.011148
0.601136
0.701676
2.989542
2.016649
1.485494
1.583896
0.962223
2.963346
3.218021
1.784840
1.886975
0.531233
0.283503
3.175610
1.946403
4.156143
1.293588
0.578154
1.848870
4.026938
0.708555
2.574718
1.187466
1.026922
2.537914
2.117692
2.379280
3.180901
3.519999
3.274512
1.615912
0.927757
0.408097
0.969753
1.500440
1.911140
0.687501
3.778835
1.623307
2.189076
1.709220
1.597891
0.859073
2.000000
1.825343
2.540035
2.057846
0.868607
1.851171
2.000000
1.313220
2.816725
0.424432
1.786723
1.859716
0.930559
1.267179
2.194435
1.835167
4.031670
1.650986
0.590793
0.697178
2.386577
1.317515
0.995783
2.730237
2.161311
3.988222
4.601635
2.315986
2.077327
1.987075
4.893707
0.922301
3.629588
1.690109
2.353500
0.866721
1.086087
2.000000
1.216520
0.725952
3.715646
1.314985
1.146574
3.860653
2.955503
3.150038
0.327040
1.998354
2.766479
0.369947
2.047444
0.623707
1.687126
2.556258
3.612414
1.915514
1.570315
1.313480
3.958551
0.758586
2.854215
1.798562
0.276511
1.477682
1.729880
1.262992
0.316770
1.987619
3.554959
1.381447
1.655051
1.524934
2.639224
4.300615
2.514851
1.352597
0.727879
1.965042
1.901909
2.542321
2.137123
3.445619
2.643358
2.000000
2.099292
1.572284
3.350637
1.037808
2.172587
4.660361
1.934966
3.219253
1.715437
1.306079
2.451998
1.192365
2.861831
4.329648
2.336155
1.338076
1.393154
1.208422
1.164256
2.387543
0.655702
1.945974
1.417066
1.976106
1.191762
2.721632
4.720249
1.095911
0.663035
2.060363
3.560216
0.630118
2.662703
1.617607
0.503332
2.255935
2.027375
1.966961
2.101729
0.840238
3.571091
1.229807
2.578012
0.713901
0.704938
1.860804
2.999924
2.771559
0.436564
1.288324
3.443684
0.605846
2.287009
2.388037
1.714069
0.859443
0.189348
2.083462
1.789575
0.769495
3.009539
3.357198
4.035415
2.417714
0.556618
1.675087
2.717040
2.630072
2.635142
1.253735
3.706366
0.641922
2.513600
1.736866
0.475303
0.453166
3.399745
2.393589
1.338015
2.817150
1.115932
2.794709
0.680599
3.501929
1.537895
2.590887
2.758613
1.182579
3.396114
2.677218
0.788140
1.954476
1.986171
2.563039
2.510845
0.979497
1.290952
2.815360
0.352373
2.970488
1.724649
1.636358
1.265219
1.261349
3.279074
0.843978
2.680454
2.178463
1.439020
1.764428
1.101391
0.254187
2.134842
2.194791
2.073546
0.448297
1.897155
2.053895
1.708070
1.602634
3.267828
2.584605
2.434216
1.177876
3.105447
0.116808
3.449194
0.769476
0.591768
2.216013
2.054178
0.479311
1.235645
0.587219
1.318369
1.764747
2.490538
1.686896
3.327566
3.149399
3.362404
1.910429
1.986767
4.697851
1.784424
3.111892
0.879880
1.631770
1.621323
2.103790
1.096408
1.293175
2.283184
0.950410
2.000000
4.675799
3.454840
0.491417
3.090019
1.360028
0.384991
1.661634
3.213636
2.802565
0.385232
1.123951
1.002367
2.069067
4.549354
4.844506
1.391018
1.911915
1.678296
3.189241
2.839726
6.160069
2.000000
1.851559
1.167877
2.041969
3.284027
0.772751
1.304056
3.895199
3.114096
3.814374
2.428353
1.167509
2.022452
0.993363
1.228341
1.758839
1.227696
1.655655
0.450634
4.727357
2.941246
0.764987
2.458417
2.422703
2.454486
3.054217
1.126963
2.060198
1.483470
2.746782
1.121566
3.169171
0.402527
1.265900
3.373034
2.100581
1.545204
2.831522
5.167208
1.347729
2.499806
0.910578
1.805443
6.153131
4.562653
0.286206
2.015697
4.123224
1.695984
0.795428
2.000000
2.830466
1.168000
1.902269
3.508555
3.971296
2.000000
3.257969
1.562679
1.012691
2.488013
1.443198
3.225016
0.829692
4.052751
2.218639
4.693039
2.386844
6.012950
2.228192
1.449245
2.283149
0.819134
2.000000
2.144164
0.419328
1.582062
1.693452
0.973632
2.810359
3.535131
3.142026
0.162358
1.692014
0.628000
0.477504
2.382926
3.373448
0.891455
1.382922
1.944241
1.582368
3.511554
2.039379
4.042773
3.704604
1.142401
1.163895
1.562632
2.028381
1.430007
2.650307
0.680094
1.803069
1.679637
2.494774
2.886703
2.130973
1.066221
3.770747
1.712259
1.381291
2.503738
3.591706
0.392668
2.240890
5.507689
1.383649
2.227808
0.882051
1.661791
1.578335
2.605929
0.603420
1.831881
0.784052
2.780106
1.867508
2.158003
1.063775
2.213876
1.578873
0.750248
0.233243
1.341801
2.174142
1.173362
3.592844
3.534403
0.580990
1.561768
1.901932
4.383034
1.847471
1.189830
1.132682
0.647707
1.018128
2.051084
2.000000
3.451641
2.957208
0.637198
2.572290
1.507692
4.254897
3.460974
1.780144
2.644847
2.033193
1.093845
2.638748
3.057617
1.116440
1.931029
1.706520
0.935244
1.669798
1.496642
1.896064
1.490798
2.147352
0.420825
1.961870
0.383861
1.378649
2.519604
2.497167
2.101589
3.152384
1.933902
1.688626
1.228070
4.520850
1.739852
1.503803
2.093209
1.729641
1.868569
1.786138
1.852920
2.162830
2.408562
1.991014
1.952984
1.709512
2.339363
2.020120
1.557232
0.630804
1.805814
0.256680
1.931213
2.936351
3.209479
1.986418
0.619215
1.771908
2.005398
1.424914
0.344246
1.779887
0.717299
3.028085
2.967207
0.984258
0.767551
1.943063
1.573569
2.117535
4.073028
1.207883
2.853646
1.174155
2.436978
3.983686
1.662295
2.701145
2.000000
1.280439
1.548315
3.313602
0.454663
3.958716
2.282496
2.794006
2.013962
2.933248
2.041257
1.668645
4.269917
2.561388
2.272121
1.489858
1.249875
3.304535
1.770798
0.902383
3.196987
1.875313
0.676057
2.276311
1.030902
1.671784
4.495495
2.463434
0.701577
2.839095
2.526231
1.993256
0.926014
1.946398
0.432159
2.143907
0.748430
0.471074
2.727873
1.269578
0.864220
1.088822
1.859320
1.272734
0.550846
1.254191
2.453914
1.628699
2.218422
4.362204
0.243185
3.430134
1.938392
2.398829
1.973603
1.011805
2.085564
1.187828
0.801854
0.317664
1.763629
0.547837
0.575455
0.505264
0.743462
1.298119
2.000000
1.606835
0.939143
1.607007
1.556280
2.977954
1.514740
2.088374
2.277750
1.668822
0.276745
4.488899
1.696237
0.856269
2.154495
2.443937
0.348216
1.262997
2.862487
1.442797
1.711833
0.632407
2.353166
1.175616
1.203461
1.931317
0.762289
1.178309
5.747662
1.515551
0.494711
1.700926
2.422609
1.761531
0.730236
0.891868
1.938046
0.982273
3.583090
4.258409
2.793241
0.966189
1.928467
3.462677
2.425101
1.722168
0.621668
1.096189
0.454090
2.264886
2.461654
0.567555
2.838198
4.657975
4.876513
1.400319
1.393722
2.455709
1.354626
3.569635
0.461908
1.325334
2.187329
1.579648
1.035594
0.385596
0.587950
1.993808
2.308272
1.543186
0.346715
5.901268
3.013051
0.050816
3.336566
0.497219
0.995883
1.411989
1.825296
0.947522
2.005238
0.695514
2.307086
2.978825
1.646568
2.070277
1.273325
3.172091
0.668751
1.977497
0.566811
2.654811
2.271478
2.455678
0.501012
0.772876
0.835807
4.771890
1.172958
0.970658
2.073559
2.541693
2.611391
3.020622
0.967200
2.371478
4.340186
0.245278
1.758522
1.017197
1.486426
1.778359
4.513985
1.190946
1.444237
1.690101
1.417641
1.436065
2.877170
0.581123
2.053227
1.575757
1.297877
1.919917
0.283311
1.615773
1.776770
1.902503
5.555505
0.278112
1.156642
2.498039
2.697787
1.625947
4.742394
2.613224
2.183807
1.261345
0.198428
2.816781
3.329471
2.808984
1.617482
3.196082
2.754653
1.798107
1.716304
0.174885
0.415326
1.831233
3.505829
3.034169
2.409388
0.617335
1.073043
1.662760
2.000000
4.724724
5.555214
0.587211
2.609087
3.869631
7.662320
2.116456
1.242474
2.796405
3.784095
1.585153
1.274379
0.890558
1.304558
1.794544
4.787621
2.386690
1.558890
1.684422
1.367672
0.899409
1.558288
2.813271
0.942721
1.900154
1.732753
1.960539
1.612084
1.645234
2.997719
2.012029
1.748884
1.973379
1.263386
1.567323
1.360128
3.221892
2.542478
4.499022
4.808834
0.787666
1.967752
1.849528
4.299123
2.166176
4.141747
0.283591
0.652608
1.974253
1.948596
0.328652
1.988646
7.968759
1.305225
3.147329
2.445024
1.188859
3.107584
4.799731
2.281153
1.426386
1.607876
2.254748
2.083458
2.818532
2.286967
0.679411
2.574909
3.868510
2.593074
4.522213
1.509898
2.099915
3.227487
2.889063
3.192135
1.881449
1.502800
1.719929
0.640914
0.677813
1.485698
0.732592
0.544767
2.633154
1.354938
1.193723
1.411885
1.288480
2.875942
1.789862
1.093998
1.518034
0.977908
1.465107
1.517276
2.285984
3.339232
2.794595
4.160033
1.491391
0.579225
2.251209
2.669724
2.417972
1.708315
1.272993
1.480171
2.719064
2.000000
1.955439
2.031708
2.579879
0.396260
1.214324
0.652972
0.528953
2.180295
1.662168
1.318491
1.457106
2.910650
2.674818
2.611784
2.336065
0.940095
1.968641
0.756638
1.238962
0.814955
5.037351
0.627242
1.349824
0.540257
2.936585
2.103872
1.179436
1.940079
1.119334
0.607305
0.879214
2.000168
2.486392
2.439270
3.169173
1.588981
0.192175
2.361946
0.894937
2.261379
2.310753
2.923719
2.899152
1.489261
1.077093
2.992834
4.004892
1.959890
5.282404
1.617903
0.844657
1.295060
1.237304
0.692958
1.147432
2.220751
3.540288
2.762345
1.543894
1.677689
0.690268
0.807720
6.419001
0.882066
0.662284
5.214348
1.828578
2.087191
2.186784
2.284675
3.788104
2.604197
5.087844
0.539119
1.348288
2.426260
1.593009
0.300151
1.765682
2.875699
0.108643
3.001992
1.813526
1.005588
2.677530
0.842974
1.452929
2.643813
2.448674
1.522851
2.861732
2.000000
2.094518
1.779780
0.358351
0.981371
2.022246
2.292502
3.597573
2.385830
2.000000
5.244537
4.049851
1.543813
3.478139
2.584670
3.339452
3.019591
1.518871
3.996476
1.908066
2.580985
1.842759
0.645864
4.251157
6.376161
2.077507
1.003957
3.245735
0.912155
1.308960
0.489798
2.072272
0.648808
0.786133
1.385936
0.782168
2.518081
3.817524
1.272094
2.174444
2.808150
2.729196
3.020230
2.245776
2.000000
0.981212
2.268191
1.655873
0.470855
0.509112
0.892223
0.242357
4.199932
0.392267
1.779434
0.412078
0.116209
1.671922
2.826417
1.518340
2.947496
4.625592
1.523046
6.613858
0.645020
0.811307
2.013309
1.970223
1.966692
1.811226
2.917537
2.522606
1.525405
1.708175
3.928833
2.294962
2.940757
2.000000
3.732031
2.530441
2.348735
1.495885
3.234466
1.965507
1.248050
2.755294
2.140782
1.782723
4.110140
3.970627
1.739473
0.350050
2.508823
1.031642
0.323504
2.220224
1.414487
2.409924
2.665750
3.096069
0.778608
3.274377
0.455375
2.511332
3.221158
3.255649
2.504813
3.416983
1.830115
1.149889
0.495397
2.585835
1.408852
2.359154
5.886498
0.587510
2.475232
3.066881
1.689129
2.275561
2.320070
3.365562
1.569713
1.329177
0.830925
1.873277
3.689647
3.663815
0.548261
1.940578
3.438310
1.605709
0.515936
1.451685
1.870380
1.904778
2.699503
2.000000
1.881738
1.557421
2.095313
0.734085
1.482818
1.549607
3.134842
2.269922
1.442865
1.783376
0.864501
5.004547
1.884192
1.345743
0.794410
0.614287
3.773254
1.612589
1.291218
2.238317
2.741054
1.140612
1.457420
1.636869
3.019706
2.075739
1.720167
1.849908
2.785328
3.088384
1.561492
0.929218
3.619219
1.262661
2.586006
1.184420
1.554194
0.765550
2.389848
2.059296
1.693171
1.616907
2.140386
1.062769
2.000000
0.795895
2.000000
1.238171
2.149496
0.807246
2.386549
1.016312
0.917282
1.828506
0.351768
1.600824
1.790947
2.448134
3.319635
3.955934
0.326930
5.559513
2.000000
2.786435
1.117353
2.797823
1.920651
0.645845
1.742686
1.141289
0.282105
0.791436
2.081990
0.787953
1.775172
0.543513
1.780449
2.422834
1.379617
0.567707
0.348014
3.507042
1.133878
1.119438
1.552881
3.110107
1.687601
0.870174
0.773140
0.725247
4.483687
0.730610
4.724629
1.614347
2.782365
0.487602
1.875981
0.727812
3.892720
3.265834
0.551677
1.605556
1.557729
1.665947
2.714314
1.678316
2.436575
1.951235
0.935186
1.656604
1.723162
4.993413
2.394842
0.660203
0.860106
1.635201
2.430020
1.088774
1.909930
1.611832
2.613307
1.740847
3.859898
1.095843
0.873365
0.348287
1.028124
1.017666
2.735370
1.788033
2.042468
0.979412
2.429032
1.229846
1.354277
1.529518
2.723548
2.800800
3.327180
2.108111
2.743850
2.189654
1.804954
2.055295
1.624588
1.649632
1.849521
0.903184
2.590951
1.747480
2.321672
0.533257
0.822574
2.481502
2.485840
2.686617
2.744810
3.222528
2.009707
1.667062
0.684533
2.668341
0.985517
1.252329
1.205608
1.465567
1.373028
5.896249
3.178914
3.029766
5.004373
1.568772
1.661328
3.080667
0.817451
1.656087
1.934780
2.019656
1.670998
0.399506
0.643861
0.826259
1.792685
1.898316
0.979233
4.680739
1.786893
1.649618
1.961138
1.116796
2.139728
0.974808
1.469300
1.166274
2.517020
2.504403
1.563348
5.660190
1.449034
0.853542
2.412155
1.293572
1.580991
2.723411
1.749088
1.107452
2.670929
5.172341
2.384625
3.575323
6.326566
0.524492
0.849656
1.315501
1.724676
1.041667
1.866403
2.000000
0.678266
2.364092
2.215729
2.394300
1.033057
0.902188
0.675846
3.364609
0.690256
3.370412
0.554761
3.885891
2.000000
2.267628
2.561800
2.532289
5.092151
1.990337
2.000000
1.610497
1.430317
0.509695
0.974944
2.726780
0.896301
1.882414
1.553411
2.000000
0.874630
0.784875
1.352032
1.560060
0.358258
4.205134
2.595893
2.014090
4.010877
1.649587
1.276840
2.583270
2.539580
2.259228
2.093614
3.037629
1.530965
3.471393
0.763542
2.665398
1.840139
1.506248
3.039270
2.166410
2.249803
1.293244
0.121191
3.198531
3.165349
1.258629
1.092668
2.805781
0.508223
2.149709
1.165271
2.144854
1.965787
2.542737
1.328401
3.746077
1.689826
1.927093
3.647812
1.896664
3.071403
1.846710
2.759131
0.584976
2.660815
2.924077
0.814499
4.223400
1.719779
1.832993
1.568993
2.010818
1.143230
0.923387
1.787965
1.823087
2.000000
4.059560
2.310617
2.174991
2.682884
0.721464
1.996557
1.999972
1.087602
2.000000
1.271486
1.234864
2.038178
1.548405
2.289501
1.113348
4.526096
4.382892
2.280154
0.942007
1.469612
6.432630
2.440875
3.720914
0.601490
0.711628
2.574514
1.215563
0.790199
3.420364
2.040972
2.556134
0.442275
1.104897
1.321377
2.563219
2.025055
2.402547
0.751001
1.760819
2.000000
1.937737
1.760254
1.246782
2.975943
9.494734
0.633572
2.022405
0.887118
4.186151
4.434696
2.279017
2.535614
2.502640
1.773707
1.911163
0.952538
5.893613
1.379650
1.761185
2.639915
2.493435
1.932884
0.697970
1.541623
1.397976
0.783650
0.787564
1.332499
0.483731
1.046768
2.941808
3.537971
3.383520
0.942885
1.007326
5.894225
0.768242
0.278202
0.281867
1.014991
0.673703
1.848920
0.788641
2.108502
2.052313
0.955823
2.827250
4.350055
3.586932
1.095203
1.502111
2.515630
2.645194
1.493123
0.723262
2.381245
1.818024
1.672413
1.849898
0.624131
1.108091
2.999098
0.849119
0.853527
3.667413
1.732296
1.641472
1.191896
2.311836
3.848357
0.373611
4.388727
2.013225
0.585075
0.769462
1.675961
4.205269
2.373046
2.060993
1.588593
0.651891
3.146750
0.534831
1.550971
0.657182
1.667044
3.093569
2.577355
1.332554
2.843040
0.968991
1.636090
0.660635
1.778460
1.046260
0.527430
1.120411
0.618880
2.713881
3.224588
2.509287
0.964771
1.971833
1.534620
3.441986
0.964687
1.840292
1.142565
2.487104
0.802443
1.540467
6.334607
1.723477
3.338305
3.640575
0.998215
1.610274
0.248853
5.376317
1.498234
1.462672
0.913961
2.000000
2.758259
2.057426
1.147591
3.354103
1.765167
1.070510
0.633214
2.479261
0.417542
3.698400
0.209226
0.129917
1.215558
2.803366
1.757125
1.759070
5.198399
1.586376
4.401484
2.117939
3.163301
2.861255
1.022201
1.149660
0.676378
2.110574
3.658314
0.490196
0.472613
2.426600
1.285646
0.287500
1.343927
1.195158
2.532063
0.453884
2.207984
0.355865
1.623745
0.591562
2.125522
0.298009
3.526580
1.654050
2.249861
0.814250
2.413677
1.990164
0.921604
1.561764
6.361963
2.477982
2.206146
1.689321
0.623945
2.178766
2.280407
1.009999
2.451023
2.635991
1.336284
1.121086
4.049238
4.201412
2.609025
2.136149
0.538562
3.970340
2.319175
1.274530
1.692295
2.225454
1.079882
1.531506
1.948675
1.215183
3.142345
0.543543
1.079917
1.285586
0.663296
1.752120
3.689439
3.013774
0.307093
2.874776
2.553346
2.000000
2.475301
1.332498
0.942999
2.747583
1.234162
3.465526
1.712496
4.742302
1.118971
2.601942
1.303764
1.942749
2.087996
3.050313
2.858355
2.860871
0.665603
6.314254
0.503694
1.945630
2.204878
2.736379
0.743322
0.988446
1.795571
2.646783
2.249332
2.231301
1.010084
2.269352
1.113237
2.919910
2.106054
1.067210
1.685793
3.535423
2.744546
0.955340
2.445364
1.580890
2.345096
3.677736
2.410604
0.688764
1.626948
1.006980
0.921358
0.625492
3.814404
0.424362
1.564816
1.346917
0.658564
4.206752
0.333474
1.345451
2.246862
1.720782
3.844184
1.786101
2.356071
1.602409
1.535863
1.925385
1.666647
0.365933
0.739052
1.531719
6.339856
0.522747
2.002182
2.508236
0.876301
1.457066
0.825410
2.038395
0.632655
1.047992
2.363464
1.813305
1.019483
2.000000
3.153921
2.384766
2.252768
0.735369
1.601343
0.788847
1.395680
0.815271
1.668231
2.088788
2.154848
1.762550
4.132708
0.575165
1.269065
4.078933
1.851516
0.444121
3.795657
1.290202
4.943233
1.848075
1.429738
2.542732
1.603630
2.458257
4.433876
0.734698
2.107179
2.265580
5.059184
2.367252
2.498049
3.468962
3.240607
1.049331
3.129147
2.876706
3.036172
0.610178
1.578674
1.452606
1.124207
3.420533
5.670917
1.335370
2.236774
1.618770
0.722519
2.389197
3.899766
2.290624
4.539709
0.894406
0.922764
1.660948
8.049118
2.195530
0.423683
1.914786
1.929360
2.475943
3.770092
0.499826
2.166723
1.333929
2.683097
1.154382
1.954097
1.817062
0.622489
2.439530
3.524501
3.836387
2.565942
1.129991
2.092833
1.671570
1.799723
2.365802
1.560168
1.219997
1.196246
1.200188
2.071234
1.525815
2.287215
2.136058
1.946249
1.741940
1.824417
1.807602
2.926721
2.000000
3.026862
1.077445
1.322361
3.324140
0.976430
2.178515
1.089974
3.417353
2.111517
2.300903
0.543562
2.018328
2.495155
2.333921
1.897320
1.205665
1.672051
2.197356
2.000000
0.387137
1.762969
1.844647
1.482494
2.000000
1.701418
2.000000
2.000000
2.723937
2.746294
1.199192
2.520236
1.803070
3.150206
2.991953
2.376603
1.643935
0.703191
4.603991
1.504293
2.317375
1.904485
4.061996
2.356408
2.418999
2.443393
1.555477
0.449939
1.443874
1.599252
1.074738
1.231722
1.354015
0.289714
1.418332
2.101440
2.497015
1.844882
0.436685
0.571518
0.583758
1.865583
2.725618
1.361260
4.248599
1.503520
2.470463
2.389215
2.091170
1.854788
0.958934
0.557911
0.787178
2.519948
3.589038
5.800698
3.192485
5.307475
1.053603
1.960453
1.790618
0.844758
1.415943
1.953696
0.312949
2.219508
1.396965
4.136063
1.495335
3.501386
1.003444
1.366212
2.927330
2.041555
1.733213
0.858160
0.793763
0.258249
0.287751
1.890911
3.666137
2.221183
1.635853
5.323817
0.449280
5.108165
1.025026
2.008578
1.683155
2.003625
3.110272
2.968374
0.964485
0.968422
1.614170
3.275730
1.438062
0.600002
1.319002
1.105355
2.125338
3.123138
2.242973
1.596904
1.016862
0.838489
2.652645
0.330232
0.651301
4.101725
2.552019
2.000000
1.881062
2.080973
3.800652
1.490064
0.913836
1.786659
0.929821
1.646643
3.714052
0.808467
1.984981
1.369387
2.000000
1.321870
3.087674
0.468736
1.441998
3.188922
0.365343
1.954750
3.777329
2.678270
2.293831
1.604172
0.525065
1.615919
0.951712
3.215629
1.316128
1.156284
4.236599
2.970303
0.264984
0.233006
1.382646
1.525932
1.708216
3.690039
1.462404
2.251444
0.644045
1.478161
3.214572
1.290686
1.307979
2.597836
1.459184
5.922227
2.961762
2.386175
1.163860
1.952940
2.585191
1.395933
2.672795
3.894593
0.508404
3.315637
0.908478
1.594930
0.591106
2.821005
2.503220
0.226958
0.544779
1.965504
2.328137
1.161807
2.183723
1.966385
0.504616
0.747999
0.476069
5.061337
0.643931
2.001596
4.328578
1.472064
1.781219
3.004075
1.641440
2.355778
0.468126
2.455307
3.105721
1.015458
3.038169
2.228638
1.877500
2.364180
0.692674
3.764258
6.969633
1.345742
3.404688
2.833255
0.711752
0.797857
3.193132
3.014740
4.607893
4.711342
1.214261
3.347774
1.728153
1.965400
0.410107
1.480536
2.572308
2.157926
1.309134
3.225570
4.002831
1.751093
1.423889
1.062352
2.340217
2.000000
2.000000
1.458403
2.189916
1.260216
1.837396
2.629136
1.878508
2.248023
1.319677
1.766543
2.685281
2.125036
4.469617
1.938602
2.074359
2.685997
2.000000
0.787640
3.289363
1.831015
2.191976
2.482413
2.136949
2.263468
0.687978
0.745879
0.352470
2.022849
0.885940
1.827234
0.094900
5.322074
1.354169
1.339798
0.213584
1.600750
1.001993
3.024262
0.748057
2.000000
1.317391
0.923978
2.315871
0.745927
2.279408
1.974756
5.445042
1.139728
1.718960
1.682080
2.746428
3.404060
2.170256
1.685213
0.805907
1.675301
2.233373
2.061577
2.237458
1.788658
1.792882
1.380908
2.649132
1.764064
0.838897
2.175000
2.691686
1.429257
1.744844
2.347724
1.451643
1.710219
5.460997
1.489934
2.203732
1.767869
2.298770
1.542951
0.646310
3.381366
2.313936
2.598908
1.958713
2.368523
2.408722
3.954362
2.429273
0.715261
2.378393
1.852970
2.365732
0.731329
3.623971
2.058817
0.950867
0.632598
0.769119
0.556924
1.801517
1.570398
2.008451
5.112201
0.191307
1.923397
0.965305
2.603793
1.536941
1.365491
0.332950
0.420759
0.894599
1.652241
1.762165
4.724847
1.651176
3.657954
2.825509
0.507608
0.800196
2.332242
2.216525
1.010531
0.561794
1.364552
0.631469
3.123233
3.186311
1.533932
1.655355
2.000000
2.655282
0.453827
1.439053
0.582246
1.548182
2.164102
0.697033
2.790874
1.721922
0.337645
2.897593
0.776399
2.657269
1.030035
2.468657
2.950113
1.685330
0.952620
0.449776
1.761296
2.298007
4.306020
0.827596
0.497999
0.563456
1.612406
0.620537
1.699350
3.448431
4.871445
0.293186
5.331237
2.628960
1.462802
1.395093
2.501277
0.747870
1.577251
2.373057
3.347466
0.929139
2.511955
3.927636
1.155164
1.814031
1.248214
6.182063
2.678929
1.743752
1.358182
2.573792
1.087437
3.677264
2.411886
1.948759
1.806254
1.552827
3.481330
1.934245
3.221711
1.888544
0.934012
2.371176
1.923168
1.727872
1.085097
0.763899
1.136590
3.667381
2.722831
3.181760
2.029258
1.279082
2.562992
2.669894
1.410356
5.047439
1.277505
3.108112
1.956149
1.201391
2.444068
2.507221
0.307534
0.544956
1.423083
3.190156
1.605750
2.901757
3.051809
1.366508
0.936291
2.888936
1.827716
2.732574
0.212142
1.584615
1.474753
0.807666
2.274290
2.060343
2.557949
1.068250
1.189077
0.631874
1.431007
1.046395
2.874613
1.203012
1.267968
2.685409
1.895227
2.303109
2.190383
0.892684
0.952022
2.321226
2.064045
7.107557
1.091113
1.937829
2.534684
1.013458
3.467714
3.824280
2.249612
3.394307
2.015301
2.387358
2.767397
2.915840
3.497524
0.713074
1.910609
1.498315
3.972582
3.879537
1.225259
2.987491
2.241813
1.645631
2.478558
2.025270
3.259643
1.668825
1.964429
1.456832
1.235001
0.632771
1.596304
4.678483
1.402901
0.863942
3.522897
3.548387
1.290917
0.864091
1.946923
1.814323
1.829641
1.576939
2.007986
1.801045
1.961647
2.146986
1.284301
2.469948
2.268102
3.085202
3.418936
2.339439
3.209799
2.505488
2.515424
1.820384
6.018139
1.736534
0.782872
5.063599
1.500515
3.672290
0.653555
2.588152
1.911409
1.249934
1.539014
2.432701
1.523026
1.485500
2.657115
1.310007
1.150436
3.718899
1.676798
2.778383
2.287661
0.998311
0.931814
1.002602
2.706785
4.024309
0.476441
2.109403
3.421321
1.031135
2.181409
2.521370
2.076974
4.780975
1.428109
1.118839
3.622069
1.788596
1.270322
0.546388
1.225848
4.016540
0.756833
4.805886
0.178677
2.715923
3.059088
3.094558
2.019711
2.205059
1.970210
2.271922
3.000295
0.764280
1.593881
0.866578
2.238437
4.037283
0.756095
1.173383
2.679785
3.056556
2.676411
1.909339
2.227295
1.344514
1.728099
1.661918
1.960223
2.953813
1.195265
2.027910
4.029213
0.474086
0.364087
0.928956
1.739670
2.000000
0.574663
1.960486
1.320767
2.172912
0.489667
1.082065
5.408570
3.354668
1.712599
0.425461
3.972838
3.779515
1.451341
0.974734
5.114423
4.059459
1.796988
0.488227
1.920650
2.046338
3.692907
0.845234
1.263341
1.937650
0.138411
2.287266
1.283281
1.820960
1.536924
1.874786
0.780057
1.465051
4.561155
6.530617
1.552379
1.098143
1.582120
1.640820
1.319545
1.709397
1.097803
1.379662
0.660002
0.526558
3.314783
3.158243
1.949098
1.062192
0.533672
2.255371
0.889538
1.886418
2.384978
1.503860
1.346607
2.922655
0.555574
2.000000
2.371507
3.262642
1.459197
1.674311
3.671232
3.112036
3.289729
1.229685
2.000000
1.472510
3.698585
1.936857
2.830214
3.143546
1.185763
2.036866
3.257277
2.117313
1.416064
2.133620
0.493830
4.017807
1.825947
3.374197
3.536288
0.859508
2.147212
1.746142
1.425503
2.144701
1.582375
2.011708
1.849191
4.146693
2.225849
1.423035
0.961819
1.079774
2.867511
0.426321
3.156285
1.361647
2.172038
2.356316
3.226876
2.746538
2.146612
1.615159
1.012173
1.900828
2.197848
1.764716
0.926575
1.863535
1.808473
0.604071
0.505715
3.272326
2.780796
1.986123
1.998984
1.105921
0.779401
2.180436
1.199622
1.971453
0.631795
3.780431
0.446767
3.148127
0.532123
0.520032
6.407265
0.318423
0.251114
1.738183
2.132415
1.331184
1.432466
2.890430
1.701530
4.829059
1.042000
2.000000
2.083273
1.524707
4.145693
1.879159
3.490212
2.535905
5.575557
1.338003
1.435607
2.093601
1.743599
0.986586
0.565824
1.347361
1.034328
2.000000
0.879909
2.042953
1.345972
1.980007
3.732740
2.666633
1.404906
1.185116
1.270742
0.919866
2.691803
0.529002
0.626863
3.324749
2.964107
1.117054
2.112770
1.694358
2.084224
1.318877
2.401580
1.313941
2.641593
1.034441
3.454084
2.178050
3.371364
0.663066
4.027499
1.070513
2.166507
2.887601
1.459512
1.690590
0.448889
1.756696
3.090635
0.739051
2.773189
1.765909
2.962215
2.776810
0.995139
0.307182
1.376036
1.245009
1.085952
2.261834
1.700621
1.325697
1.128446
3.006787
3.035458
0.886301
1.900210
1.235921
1.703151
2.819406
1.971628
1.677701
2.660570
2.087374
2.030926
1.188978
3.022050
2.869892
1.303815
2.654090
2.460264
2.430942
3.161111
2.025606
1.972139
2.436124
0.777124
2.216855
3.928282
1.160905
0.641551
1.066009
2.164800
2.189434
0.337573
2.730321
0.950486
1.220500
2.473510
1.162282
1.246294
2.000000
1.109160
1.906617
0.495439
1.997561
5.853155
2.575245
2.296814
2.051791
1.367151
2.098485
0.981050
0.918193
1.005780
2.346310
4.313707
1.423246
2.884851
3.195775
3.062008
1.031522
2.275558
1.312912
1.240968
4.194964
1.801636
0.853890
2.000000
2.042440
1.532635
1.128953
0.646141
1.635753
1.969701
1.761138
1.641827
2.008248
2.798207
1.744372
2.041067
1.314015
0.756437
1.830037
3.337239
3.437440
3.846137
2.449294
0.466285
2.415410
2.288224
0.689669
1.041740
1.939950
1.611940
3.882065
2.380220
0.596334
1.395469
1.470844
1.385024
2.616420
1.704886
0.868742
2.843602
1.865603
1.241446
1.108197
2.833224
0.798214
0.436308
1.424497
1.660373
2.072694
1.938388
1.857603
2.000000
1.873034
1.071611
2.813435
2.290010
1.013025
0.131780
0.944636
1.783679
1.853795
1.345819
2.311953
1.612475
1.362163
1.394872
1.037185
1.440825
0.535589
1.606524
0.873525
0.418995
1.470751
2.064911
2.058018
1.083534
1.948732
1.121958
0.241989
1.499063
2.173227
0.560618
0.584501
0.982992
1.868965
1.259989
1.501415
0.357935
2.247424
2.027105
0.308077
2.388739
1.987724
2.344687
4.947443
2.167612
0.665473
5.865093
3.402911
2.090706
1.326221
4.181428
0.197027
2.062187
0.976097
2.720321
0.500822
2.277511
3.671891
0.477848
1.099365
1.763814
2.225688
1.082068
1.239066
1.397006
1.484313
2.144130
1.158103
1.980587
1.795617
0.620195
1.832231
2.820426
2.082898
0.257780
0.873412
2.003808
2.902220
1.443009
2.391043
1.297031
2.530257
0.912049
1.041392
0.472204
2.526181
2.809556
0.708956
0.599603
1.451350
1.214604
1.355886
1.774972
1.682374
2.957934
1.282030
0.393673
3.715670
2.808482
1.278519
2.564591
1.723528
2.104003
2.897959
2.441724
2.142176
1.695730
1.420417
2.911580
2.319496
4.693227
0.727358
1.174541
1.351977
3.879365
4.128390
0.493705
2.849279
1.264374
2.146333
3.506039
3.999804
3.104122
0.374202
0.513585
0.308543
3.780663
1.988684
1.216906
2.372629
2.146318
1.846075
1.270713
0.610729
1.144524
1.237845
3.292207
2.798604
3.975973
1.413657
3.429241
1.630520
2.387684
3.824149
0.641106
1.736518
2.269475
1.720683
3.133532
1.458486
2.607116
2.710355
0.593046
0.786241
2.225903
1.570527
3.522893
4.406575
3.416100
1.907911
1.861366
2.290604
0.534905
0.560881
1.889967
1.285913
1.152281
1.194516
1.841684
1.758235
1.603511
0.781729
0.332264
1.513156
0.714402
1.752079
2.379601
1.657051
2.663757
2.433825
2.044465
2.849093
3.683276
1.512247
3.343903
1.841113
0.947460
2.224450
0.609357
0.570904
1.125414
0.397851
1.658084
1.421869
1.742587
2.375618
3.983218
0.890609
0.438868
2.544554
2.401838
3.772080
1.433966
1.069988
2.167008
2.000000
1.911391
2.492714
2.321288
5.626743
1.972125
3.085059
1.476066
3.200032
2.908609
0.487984
2.791905
1.470711
2.375501
2.052449
4.655180
3.099030
2.728166
1.691096
1.965488
0.665602
1.897281
4.305287
2.811174
1.654799
2.658845
2.287707
1.072229
1.884419
1.521628
3.617764
1.197884
1.916101
1.484515
3.515797
2.068718
1.722374
2.485820
1.409468
0.456305
2.244046
1.644718
2.991051
2.570580
1.052215
2.441081
3.336073
3.232504
0.779675
1.348814
1.941594
1.497216
3.074418
0.708487
2.177881
1.713108
6.088081
1.302173
1.449064
0.130228
3.169141
0.438586
3.412462
0.937515
2.191541
1.384189
3.112504
2.099466
0.880367
1.286530
1.560485
0.738053
1.569358
2.684179
1.643035
6.352034
1.766880
0.597020
1.606966
3.113317
2.531701
1.686877
2.040633
2.176503
1.251040
7.215614
3.008613
3.389271
0.737393
2.000000
2.168145
0.137289
2.436526
1.979876
3.357645
3.971214
1.843007
1.847440
2.522820
2.660668
2.404948
2.118686
1.504641
2.084735
0.319160
2.441101
0.471044
2.014279
3.938130
4.317938
0.890144
1.398796
5.669080
1.936612
4.018720
2.000000
3.646933
1.892170
2.036357
3.509376
2.137755
1.355461
1.609479
3.788800
0.974317
1.727532
1.756695
1.731558
0.724603
4.725661
1.082405
3.397713
2.922065
1.664465
2.024991
2.279310
2.534279
1.670058
2.010285
1.170630
1.598209
2.803636
0.913662
2.358423
3.057961
2.686049
1.405789
1.245669
2.759363
1.746670
2.189022
1.484815
1.826312
1.342018
2.584720
1.521128
3.640476
0.636935
0.539205
2.527210
1.425081
2.336116
0.646656
4.239572
1.851295
1.564370
3.416269
2.680237
1.672259
1.518691
2.884507
4.326945
4.782225
1.342016
1.124947
1.677924
0.861186
2.388657
5.094891
1.920252
2.000000
0.289610
1.016905
2.595577
1.625208
1.147267
2.235823
2.871461
1.563037
1.756076
2.468880
1.611052
1.863558
2.544064
1.704019
1.956408
1.476795
1.856486
2.995923
0.391247
1.874681
0.188713
0.955984
2.283607
2.161636
1.554230
1.523718
1.565098
2.198845
0.816781
1.247830
2.195657
1.439307
1.016843
1.946630
0.804538
2.252468
1.170783
1.127898
3.626776
0.684583
5.712986
1.558809
2.864002
2.442306
1.463170
1.297492
1.715541
3.728244
1.278769
0.384311
0.856031
2.080124
0.451882
1.712234
1.234535
3.004400
0.831949
5.087885
0.654476
1.105324
3.476975
1.063135
1.643196
3.101140
0.678137
2.000000
3.923362
2.006471
2.800254
1.764935
2.811498
1.346552
1.547459
1.585722
1.236475
1.058213
2.505475
1.029510
0.296117
3.061763
1.414106
3.250149
1.051884
3.895588
1.062656
2.099750
2.272076
3.252985
2.088917
1.787696
0.701871
1.320819
2.616100
2.615424
1.002253
1.396667
1.940665
3.938898
2.020852
1.592562
1.469113
3.113241
2.646489
2.056859
1.428986
2.783035
0.637213
1.577776
0.982771
1.362556
2.183830
2.704031
1.665191
2.000000
3.139119
2.878495
3.272038
1.664928
1.508014
2.119117
3.193393
3.372684
1.223605
1.382726
0.658432
2.050194
1.858436
0.993026
1.550894
0.934965
1.340030
2.000000
2.017127
1.586663
1.174421
3.285683
2.153345
1.849468
1.843130
1.861230
2.497871
0.468438
0.725149
2.220729
0.970491
2.282871
0.710423
1.994469
1.971129
1.123907
1.422378
3.540601
1.823078
0.846791
2.000000
2.539022
1.497630
1.564995
0.729941
2.121938
1.809942
1.255168
1.666712
0.361601
1.939566
2.592931
2.837693
0.372070
1.544741
4.253356
1.239351
0.955357
2.012197
2.156569
3.825520
2.177356
0.180412
1.584288
3.256464
2.000000
0.502197
2.969288
1.859173
2.556781
1.932284
0.352679
3.017000
2.238469
2.000601
2.096213
0.992076
5.561768
1.083931
3.555005
1.403734
0.447202
1.834778
1.810004
1.532630
2.320567
0.600891
0.592927
1.994412
3.772913
2.000000
0.862424
2.012609
0.877575
3.040956
2.292517
2.272780
1.514826
2.201801
1.288222
1.512203
3.153152
2.915035
1.699528
2.429103
0.271756
2.722478
0.944504
1.862689
1.344642
2.063086
2.364995
2.481933
2.002156
2.493058
1.507164
3.360286
1.762995
1.736091
2.211587
1.676540
1.991127
3.472042
1.562885
0.957300
0.877262
4.994089
3.023746
2.840743
0.544380
2.637091
2.251355
2.667506
0.582136
1.472595
1.894626
2.574647
0.351167
2.000000
4.369535
1.434002
0.791574
2.362536
1.668431
2.522762
0.773411
1.987271
1.172540
3.231055
3.425109
3.527267
1.167883
1.049204
1.720425
1.382419
2.965072
2.645561
2.879478
0.661955
3.433754
0.460254
2.054230
2.168496
1.461441
4.002577
0.856989
1.652619
2.974256
2.078295
2.121072
0.750989
2.406139
1.815425
2.016530
2.684286
1.301895
4.380311
1.759776
6.227154
2.465807
1.561540
4.498386
0.742413
1.897478
1.650493
1.648224
4.286369
3.118196
1.722404
2.429883
2.053967
2.172681
1.274763
0.750753
1.426359
1.912960
2.238794
2.304270
3.230050
2.000712
0.724985
1.911613
2.910262
1.079664
1.852474
1.470184
2.377606
0.774589
0.540991
2.141314
0.510780
1.885915
2.535476
4.399712
1.247584
2.164756
0.684051
1.590061
3.448403
1.474647
0.377513
1.768257
0.590731
3.251429
1.443762
0.921686
1.401691
1.961035
0.521293
4.668717
0.715223
3.190364
2.116882
0.916125
1.141753
1.356242
1.248415
1.228958
2.478201
1.863399
3.307707
3.641683
1.450984
2.896486
1.538870
2.933296
6.231551
4.846286
2.973502
0.337840
1.619124
2.202443
1.285393
0.816625
2.302942
2.350300
0.861114
1.876337
3.035420
0.828953
1.642551
1.741752
2.374183
2.776061
2.377492
1.969393
0.799619
2.535263
1.904307
1.986800
1.699820
3.505915
1.125059
3.616425
0.616517
1.916327
2.436920
2.493087
2.000000
2.933975
1.574281
1.816306
2.221196
2.260707
3.273105
1.490108
2.763870
3.202536
5.441020
1.714947
0.676214
1.254446
1.211991
1.247409
0.410184
1.783948
0.659359
0.536307
1.781625
3.210935
2.282976
1.710910
3.495918
1.413502
1.095333
1.938530
0.158482
3.350126
3.408417
2.336599
1.017376
4.142341
2.289704
2.341469
0.500493
0.970521
1.246436
1.901941
3.541310
2.291723
2.000000
2.622551
1.401866
1.273171
4.209349
1.243251
1.255983
3.625262
1.653723
1.235480
1.988933
2.109527
2.818677
0.708091
0.732605
1.798649
2.000000
2.128537
0.367057
2.503950
2.155707
1.445450
0.937551
2.384769
0.454948
5.040590
1.340750
4.825925
1.482380
0.670918
2.151377
1.414164
1.820581
2.739001
1.398571
0.503153
2.146464
1.177980
2.322726
0.123823
1.405800
1.640844
2.779272
1.195202
4.923367
3.172676
1.333636
1.850505
2.069333
0.523472
0.461880
2.000000
1.832434
0.167197
1.440020
2.530581
2.188602
2.000000
1.871506
1.378118
0.923072
2.000000
1.137331
2.311400
2.911874
2.487128
3.871725
1.558189
2.893330
2.724443
2.175640
2.917519
2.904470
1.549607
1.307624
1.956916
3.498354
1.539014
1.848530
0.745029
1.567084
2.376887
3.024040
2.547301
1.094998
1.663438
3.096241
1.814043
2.000000
4.536158
1.508329
1.369127
2.980516
1.510691
1.628256
3.625290
2.482501
1.538513
2.091468
5.992583
0.957566
4.125154
2.141977
2.061377
3.877633
2.571063
1.648446
1.964932
2.943179
0.703113
1.487233
2.304693
2.305563
1.471183
3.324227
0.726451
2.568508
3.077599
3.677533
1.250150
1.326767
1.925328
1.705331
1.498516
0.568031
1.799140
1.483455
1.119248
0.692703
3.827546
1.844388
2.464464
1.085570
2.764554
2.996820
1.785842
1.431512
0.201766
0.461273
2.732704
1.309292
1.876985
2.980250
3.565247
1.230868
0.900528
1.861454
2.243830
1.784262
2.714111
0.369110
2.673990
2.603635
1.043147
1.985097
0.948834
2.150913
1.884841
1.838303
2.365628
1.689164
3.414870
1.733606
3.455909
0.750754
1.631334
1.557549
5.166286
2.072742
0.668000
2.114351
1.531608
2.542816
1.245067
3.557483
1.097580
1.066247
3.024601
2.948190
1.831130
4.879560
1.874096
0.259726
1.489765
0.708505
2.071920
1.446499
1.735579
2.612153
1.064219
1.760029
4.472466
2.176655
0.789360
2.000000
0.570524
3.380538
2.000000
2.178696
0.660332
1.747816
0.183486
3.278703
4.820463
1.063903
3.129120
2.618549
0.371758
0.823151
0.411652
2.433614
2.000000
1.822682
1.751249
1.977317
3.791248
1.418684
2.988364
2.592128
1.147244
0.628754
1.428315
1.043697
1.909651
0.407269
4.178816
0.654821
0.556910
1.997203
1.642503
2.212618
1.061211
1.586322
1.126208
0.485640
1.724429
2.461065
2.408888
4.068929
2.000000
3.176376
2.021678
1.807635
3.681335
2.726406
5.663656
1.112002
1.517903
1.345769
2.793428
1.974285
0.321621
3.190277
1.558308
0.507077
3.390829
1.200325
1.572437
3.104778
1.942669
3.289609
2.282913
1.099478
2.594696
0.760047
2.202288
1.657828
1.448650
2.569714
4.382078
1.758907
5.105762
1.260083
2.225449
3.103628
0.772406
4.387671
4.576177
1.469969
0.447148
3.396722
1.955217
0.948679
1.358804
4.083255
0.656297
3.631623
1.577550
2.651399
2.000000
5.326100
3.176003
4.472353
1.828808
2.578232
1.915991
4.102387
2.140081
1.675285
1.080354
1.699865
1.490927
2.099342
4.096460
0.892272
1.390223
1.925218
0.264970
1.759381
2.480631
0.812785
0.131385
2.864661
2.068764
1.582186
3.179743
2.135214
2.319932
1.612733
1.047571
0.792569
1.415095
4.325994
1.093635
1.927075
1.673614
1.869574
2.154945
1.451537
2.400937
1.525056
0.554198
1.666133
2.053110
1.719298
2.327333
1.679790
1.498192
3.217611
2.236354
2.638144
1.693394
0.909026
1.942579
1.690113
5.238709
1.680196
2.000000
0.866723
2.110751
4.564883
0.580006
2.501354
1.067253
1.374035
1.762089
0.973683
1.449693
2.394512
1.805422
1.404736
2.510594
1.662851
2.601510
1.852157
4.218474
3.895640
3.665758
1.551978
1.327371
3.081408
1.845263
2.479101
2.992632
2.000000
3.276743
4.118995
1.286776
1.877780
0.901915
1.960529
4.487576
1.271633
0.801507
1.123521
0.648013
1.840798
2.108646
2.425941
1.896317
2.630572
1.830073
2.159204
2.753590
1.850945
4.825033
2.196178
3.669368
3.583637
2.902683
1.763808
1.541624
2.475976
1.032687
0.995374
1.868758
3.895434
2.812166
2.406299
1.329149
1.309252
5.179521
2.481707
2.362256
3.265342
2.961374
1.835801
2.188823
2.161409
3.018948
1.193914
1.725221
0.389828
3.454671
3.197550
0.873747
2.754342
1.659285
1.086522
2.714875
2.802144
1.215705
0.363458
1.325428
2.247303
1.969280
1.996820
1.786663
2.973217
1.931963
2.853208
1.851143
0.803413
1.556744
3.917031
1.587547
3.173993
1.520172
2.016651
3.027408
3.221725
1.540675
0.804907
1.984780
1.701081
1.229732
2.287270
0.515857
1.337332
1.887915
2.188008
5.079650
2.000000
2.555346
1.483113
3.544795
1.852325
2.463890
2.646449
1.067104
1.887536
4.973021
0.843073
3.023295
2.635098
1.322498
2.313090
1.503886
3.930289
2.387659
1.869506
0.673274
1.008626
2.107376
2.396291
1.065397
1.533915
1.790722
2.383934
1.513396
0.809118
1.291995
0.442970
1.373526
2.027118
1.175523
1.169067
1.522434
2.959642
0.482888
4.390142
1.534195
2.159544
0.131042
1.006205
1.828087
2.000000
1.177775
2.621764
1.013805
3.577508
2.476628
1.603737
1.855734
0.761500
2.004324
2.368072
0.698130
0.805491
0.302131
1.891860
3.113657
1.517830
2.339665
1.056038
1.916611
1.971316
1.350995
2.521783
3.073380
1.922432
1.737017
4.828053
0.746047
2.283274
0.123912
1.180303
0.724797
0.278319
3.505837
2.287692
2.092186
1.358058
0.994444
2.803809
2.504828
1.120991
4.547961
4.194888
1.060692
3.978393
0.822372
1.290078
1.299564
1.508930
3.005795
1.919509
1.471070
0.335406
1.909201
0.993252
2.008134
2.265059
0.146370
1.627307
0.607015
2.643040
0.952461
1.619093
4.810126
2.625921
2.014110
1.469549
1.909047
1.546868
2.212530
2.391429
3.165599
3.894380
2.559779
2.696120
0.925322
1.192073
0.788159
0.957757
1.831551
2.788226
2.169104
0.995453
0.689968
2.000000
1.629922
1.649308
1.319424
3.912827
0.483006
1.060087
0.382579
1.270535
2.003351
1.094172
2.452260
3.042376
0.699150
2.503844
2.090606
1.395946
2.341058
1.970884
1.642478
2.463105
0.374702
1.300661
2.238907
1.547830
1.671069
1.696653
3.205796
3.277970
1.675891
0.803878
1.028647
2.633256
0.499578
2.000000
2.240981
4.349929
2.252180
0.462261
2.241994
2.553316
3.724617
1.245633
1.103096
1.531156
0.651132
1.062869
2.155139
3.701168
2.879787
0.491720
1.450011
1.280662
1.629298
0.845278
2.106271
2.182296
1.980863
2.312298
4.238876
2.409069
1.628425
1.550430
3.248974
2.661889
2.699908
0.303448
1.276537
1.929042
1.194246
2.990452
4.434833
3.704217
0.817975
1.957213
1.662362
2.647692
4.689437
0.318213
0.844424
1.308345
0.419075
2.220762
2.186182
4.183256
4.393863
1.400239
1.893340
0.508842
1.104603
1.795326
1.184114
0.113967
1.579715
5.032856
1.655011
2.884885
0.790432
2.199937
3.166070
1.079964
3.068221
0.671388
1.772540
4.028258
2.650479
2.201113
9.701570
1.346190
1.019019
1.876409
0.918152
0.643908
4.178566
0.528196
3.085600
4.637030
2.248667
0.224506
2.415680
1.418332
3.630051
3.165756
2.036178
1.767966
0.813001
3.500778
1.632883
1.913232
1.768702
2.511580
1.555927
1.284435
1.770901
2.929546
1.771647
3.935835
1.724426
3.940051
3.837841
0.681626
4.073459
1.368182
2.212493
1.255152
2.443877
0.876005
0.534381
1.413761
1.431361
4.389333
3.606825
1.581673
1.382812
1.950381
2.191490
3.065878
2.288727
3.565719
5.269650
4.803458
2.822280
0.490078
1.410793
3.174614
2.239681
0.565964
0.669209
0.546179
0.741317
0.593158
1.901605
2.090387
2.387140
1.937269
2.292980
2.593409
3.026139
1.005499
1.796894
1.079912
2.369112
1.318210
3.472413
2.302263
2.031200
1.231708
1.065434
2.359603
3.075625
1.738219
1.441994
1.003683
2.203252
1.356385
0.567432
1.536197
0.583538
1.498326
1.911669
0.687316
3.327291
0.801752
3.142947
2.998902
1.827190
1.725627
1.462418
2.944838
4.655392
1.999784
1.114868
3.018995
0.697399
0.653527
3.954606
0.546293
3.512204
0.962871
1.198839
2.126967
2.176181
1.813883
1.615640
4.454504
0.764862
2.221260
1.416471
2.284334
0.464619
1.879639
1.830269
1.285949
2.476842
2.000000
2.397946
1.394671
2.000000
1.405472
2.622464
3.112463
2.049858
1.623571
3.603318
3.502802
0.607010
2.239572
1.010767
0.852822
3.524639
1.677454
1.025455
2.166630
1.980369
2.065323
3.138851
1.162207
3.357921
2.238690
2.619351
1.664294
1.222610
0.710423
1.691721
2.221985
4.907876
4.323610
1.765190
1.637506
2.743975
2.057363
3.587032
1.311121
0.342748
2.998102
2.875543
1.139548
1.874069
4.006959
3.220668
1.265465
3.672153
2.000000
2.420507
2.096090
3.169243
2.548129
1.863822
2.682626
1.066247
1.003506
2.818404
2.000000
1.399065
1.936749
2.237834
0.457063
2.503274
1.075971
3.180532
0.385636
0.985649
1.336396
2.537791
1.879286
2.630082
0.997785
1.417691
2.483253
2.897582
0.581453
1.506877
2.378024
4.131215
0.506760
1.673343
5.396420
2.248783
1.179637
2.019506
1.926985
2.385064
2.395214
1.781916
3.749902
2.000000
3.844355
2.526298
2.943150
2.284386
1.355228
3.459020
2.530685
2.023320
5.439478
2.180737
2.336489
2.843917
0.969543
1.851601
1.953238
1.397864
2.473723
0.963925
1.692093
1.359169
0.793842
2.707987
2.835475
1.924023
0.301027
3.404815
2.000000
2.762159
2.603382
0.382533
0.671286
2.935573
1.324237
1.147908
2.795309
2.257580
2.420853
1.864000
0.636082
1.125490
0.699836
0.146038
1.151003
3.052704
0.919064
1.800393
3.942634
1.135909
1.690854
1.388336
0.899135
2.780963
2.430953
2.169622
2.613345
2.193543
2.328105
0.939396
2.097937
1.950717
0.883506
0.857193
1.661703
2.391692
1.181157
2.065599
1.981244
0.838159
1.812278
2.680685
1.351362
0.352142
0.979231
2.253200
5.687372
2.019139
1.218820
2.319242
3.839445
1.409699
1.284582
1.943943
1.393972
2.049331
2.571356
1.983143
1.379375
1.268270
0.938537
1.751155
0.604619
1.464481
0.855724
2.048146
2.728561
1.533600
1.371048
2.194825
0.484488
0.179019
1.612057
1.990681
2.432693
0.834943
1.855853
2.556733
1.285292
2.000000
1.255822
1.109564
2.947777
1.581985
2.171812
1.855731
1.925550
1.160581
2.203622
2.776324
2.203649
1.071607
2.440076
3.024473
1.361009
1.310729
1.559547
0.781365
1.050053
2.533372
1.404575
2.473777
2.822167
2.208838
2.873764
0.828729
2.968210
1.780127
2.373775
2.000000
1.776072
2.367658
2.043690
1.439806
1.161789
3.874360
2.090335
1.917948
2.626797
2.511030
2.212401
3.256262
3.453007
2.463602
1.430261
2.538196
1.334613
1.675836
1.947368
1.697985
0.684505
2.559475
3.443861
1.050372
1.741995
2.989566
1.613519
1.377005
2.000000
0.429868
1.764837
2.667212
1.727192
2.649680
1.401342
1.960467
3.045861
2.437973
0.633608
0.997491
2.540417
3.147507
2.281849
3.447354
1.881528
2.584026
3.607373
2.610091
1.731128
1.979971
1.973114
1.842947
1.860891
0.692044
1.361778
0.583935
3.227873
2.399380
1.660084
1.195665
2.812164
2.573382
2.000000
1.828500
0.511023
0.285682
2.891039
1.008545
1.547208
3.450804
2.099214
4.690959
3.110659
1.823490
0.612463
0.838804
2.000000
2.323705
2.699352
0.538788
2.228988
3.479383
1.525190
1.018399
4.637062
2.801527
4.141217
4.673578
0.780294
1.736610
0.298178
1.629880
0.663687
2.112660
1.349911
2.642401
1.748695
0.972278
4.171114
1.371006
2.373101
3.717770
2.260979
0.750067
1.220848
2.000000
0.766836
1.475745
1.724928
0.227232
1.554449
2.289324
1.450747
2.555507
1.608039
1.694697
1.416566
1.461523
0.514426
1.973648
2.824665
1.275435
3.084641
2.587798
0.420422
2.425523
2.026063
0.516707
0.523547
0.365437
2.583733
2.864046
0.733007
1.245869
1.370118
4.349354
3.100529
1.574852
2.784750
1.956988
1.166333
1.693086
2.159438
1.875777
0.869112
1.639071
1.242991
2.630569
1.686459
0.720256
1.029476
1.730717
3.352668
1.370870
5.374274
2.456839
1.571226
1.612047
5.570523
2.062535
0.965580
2.602482
2.811502
2.029322
2.176019
1.970550
1.663762
2.324208
2.937210
4.190351
2.556560
0.814438
0.547516
1.892916
1.239114
1.500265
2.952729
0.756316
2.000000
3.980529
2.437398
1.399147
0.512366
1.948940
1.142760
2.210915
2.064982
1.987849
1.447297
0.466752
0.681594
2.316298
0.665345
1.821014
1.276827
4.325376
1.339579
0.854376
1.223459
4.567600
1.382333
1.708729
2.886805
1.393827
4.604034
0.706796
1.990079
1.897205
2.446368
0.899944
1.882228
1.116117
2.058123
3.372663
1.978376
2.234952
0.740440
1.739156
1.302039
5.132477
1.800044
3.487336
1.049409
0.713390
3.215003
1.681386
1.675184
3.835011
4.374449
2.684620
2.521745
1.217187
1.605851
3.244504
1.051061
3.050754
4.415226
1.201528
1.248468
3.700172
2.729388
0.669035
2.087102
1.763706
3.837972
1.606155
4.907430
3.010787
0.778019
1.243999
5.350879
3.509926
3.900311
2.207909
1.294051
5.001746
0.779916
1.522346
3.482142
3.142164
1.686676
1.129295
2.530719
3.035464
3.689959
3.373662
3.829912
0.462655
1.551366
3.159572
4.040171
1.709138
2.270363
2.422418
1.031749
3.586734
1.189404
1.255186
3.846899
1.875253
2.261185
1.658033
3.111208
1.838355
0.733545
2.204095
0.898680
0.731375
1.475893
2.023041
0.218728
1.306476
1.294948
2.062074
1.495859
4.781257
2.419634
3.765581
2.317017
0.646585
0.770157
2.021539
1.857766
0.405332
0.903241
1.965927
0.460955
1.080023
0.176993
1.838131
0.592360
1.832780
2.179055
4.740214
1.559085
0.773198
0.142561
1.097729
1.964352
0.927393
2.371748
0.862938
0.697691
1.962614
1.220654
2.106655
2.000000
1.924240
0.975124
2.920611
2.859179
2.900650
2.196836
1.022808
1.970775
4.568800
0.339120
5.786777
3.204199
1.274833
0.784316
0.849986
1.053154
1.014855
2.458250
0.581001
3.173186
1.482921
2.799289
3.099087
5.289867
3.368703
1.523639
3.891382
2.223352
3.057214
4.012425
0.831818
1.998089
3.263319
2.461176
1.027936
1.121365
2.038038
1.867340
2.792581
4.656358
4.206356
2.677513
6.735628
1.509188
2.087662
3.170973
3.117569
2.360253
2.100515
2.220646
2.430480
3.033969
1.629041
1.972846
1.751360
4.236010
2.742887
2.000000
4.546879
2.021443
2.378155
2.669282
3.505639
0.465057
2.663725
3.510232
4.525064
4.051827
1.691634
2.440420
3.075186
0.406805
1.994342
3.760059
2.556124
1.750179
1.335324
3.621187
4.325176
1.729398
0.601133
2.056338
7.630109
2.367195
1.756280
3.049231
0.949536
2.015789
1.228891
3.686203
2.461127
0.963986
2.277920
2.000000
0.833734
1.896176
1.368893
3.132059
2.734765
0.765718
3.525775
0.787954
2.087397
1.059078
0.679724
3.423354
2.834817
1.819872
4.328238
1.910541
2.783800
0.574219
2.896348
2.479567
0.499886
0.303103
1.571572
0.891941
4.872877
2.000000
2.000000
0.871525
0.969238
1.795206
2.065533
3.600895
3.103852
1.627675
0.253520
2.113154
0.772920
1.844536
0.151450
1.373159
1.325607
0.985091
1.804729
0.930310
1.462700
2.724056
3.185030
2.000000
0.541575
2.608707
1.629901
0.937183
1.941102
1.235822
0.614591
0.963134
1.529155
1.921562
2.926445
1.039428
4.128341
0.709975
1.525506
2.000000
1.963840
2.000000
1.034677
0.982018
1.919654
1.963807
1.524387
2.000000
0.805592
1.753729
1.566080
2.735931
2.236088
3.303480
1.174909
2.443116
1.554666
1.063086
2.000000
1.292615
0.667078
2.665475
1.189077
0.919553
4.647602
1.045624
2.559206
5.345035
2.142222
2.000000
3.365567
1.720443
1.787441
3.894158
1.707674
1.977847
1.918809
1.964804
1.820118
0.992182
2.917000
1.943250
8.077266
2.627847
2.974867
3.594695
0.289051
3.808049
0.963620
1.154541
2.067491
1.695191
0.597574
2.819682
0.574621
1.658718
1.360308
1.376019
1.719288
0.845194
1.537297
4.257067
3.557375
2.000000
0.642733
2.063824
1.085674
3.561475
2.678186
1.675506
1.439216
3.001932
5.021232
0.548313
1.976476
2.062735
0.885120
1.591111
2.800501
1.989331
3.230907
2.240494
2.000000
2.149240
2.211529
2.607194
0.306259
2.407949
0.910121
0.971251
4.203447
2.262016
2.773787
1.377908
2.375538
1.591209
1.461164
2.816789
1.414555
3.886016
2.172944
3.447469
2.336362
3.134073
3.573529
2.713553
2.172306
0.498640
2.127079
2.175595
1.790760
1.875794
1.933265
2.610432
4.980139
2.503675
1.707233
2.000000
0.627403
1.878302
2.907768
1.437381
4.005198
4.668937
3.596648
0.476621
3.705050
2.143086
1.776859
1.437180
1.341853
0.855818
1.135800
1.344524
6.957924
1.312754
3.453753
2.930004
0.493587
0.999155
2.534605
1.417738
2.128422
0.644566
0.257745
2.700534
1.824074
1.591719
3.531078
1.180825
2.523360
1.842429
2.491080
1.612712
2.455220
2.075895
1.524285
1.788898
1.800726
3.740625
1.575022
2.511537
1.394284
2.592775
0.836093
4.426805
3.507844
0.499114
2.572242
4.720993
1.434110
1.024594
1.533349
1.833750
1.295513
1.195055
3.517339
0.706606
1.434137
1.003965
1.256274
2.001135
3.151915
2.663275
3.331259
1.927095
2.440562
2.519089
2.000000
0.304074
1.310909
4.312607
1.289624
3.043804
1.748414
2.418630
2.288739
1.321170
2.344321
1.467513
1.868993
1.608056
2.000000
0.579965
1.058746
2.298028
4.377005
0.561153
1.351402
3.606338
2.091383
1.698011
1.047097
2.814049
2.208737
1.323040
1.043155
0.468954
1.659339
1.130784
1.044535
2.166685
2.097149
0.705859
2.141555
1.857104
2.640635
2.179936
1.984730
3.553599
2.284470
1.244079
1.126340
1.785655
1.567986
2.115671
0.301541
2.713918
4.841468
2.680059
2.161135
2.212703
2.644405
2.683371
2.527339
2.000000
1.165360
1.929752
1.005660
2.966792
0.435600
0.407801
0.234459
1.762016
3.440562
2.547417
1.979975
1.872476
1.422546
2.094827
0.753235
1.428800
2.865781
2.892784
1.374885
0.979141
1.196704
2.797344
4.471663
1.535422
1.030281
1.417795
1.390346
0.937987
2.878568
1.710489
3.419189
3.556123
3.596140
2.329277
2.126171
2.175840
1.518311
0.809370
0.702854
2.429085
0.630436
4.155666
1.595500
1.682347
2.000000
1.473198
1.052658
2.250492
2.207156
2.017959
1.579538
1.219851
0.415592
4.883036
2.746792
4.971628
1.637501
0.399624
0.922743
1.447209
1.963271
2.236058
2.507438
0.395375
2.241349
2.902395
1.767120
2.085761
0.710062
2.831280
1.944211
2.303282
2.265571
2.198234
2.000000
1.983172
1.374151
1.180698
1.542947
1.368070
3.068414
2.999148
1.260298
2.629161
2.979882
2.008930
1.164315
2.905974
0.182790
0.209983
1.127314
1.749560
1.846830
1.002399
2.339575
2.595001
1.481880
2.280898
3.825917
0.707892
2.330138
1.405249
1.741017
2.571527
1.848532
2.693029
1.639512
2.902875
1.730719
3.520466
1.497432
3.925560
0.543252
2.098430
1.739992
3.055631
3.082700
2.793173
1.827194
2.053383
0.556982
1.401053
0.756649
3.501062
1.626351
1.820561
1.063992
1.739781
1.252898
1.617479
2.248308
0.504482
1.195732
1.706526
2.129482
3.257377
3.449462
0.887892
3.592334
2.520813
1.646247
1.374899
1.259562
3.218988
1.426918
4.479710
1.048027
0.144290
2.308767
2.716829
2.393596
2.302299
1.885594
2.054958
2.173549
3.844782
1.912716
1.900120
1.766019
1.692497
1.960028
0.511300
1.955663
0.790455
1.486382
0.701614
1.607719
1.665822
0.722209
1.333274
2.916764
2.778564
3.721912
2.007992
1.488791
1.647838
0.581512
5.144109
2.674664
1.176613
1.975832
0.875503
1.252287
1.805841
1.530972
1.949948
1.615133
1.658186
1.564258
3.283490
2.191751
1.510301
1.764185
1.371681
2.757061
3.391448
1.842960
1.495169
5.733964
0.127981
0.731333
0.666907
0.953139
1.646681
2.483997
1.615476
1.798082
2.740354
1.832029
1.145955
1.327514
1.279150
0.561930
2.111496
1.264041
2.572722
2.379524
0.463690
3.688307
3.156025
2.504424
1.880088
2.644936
1.960775
2.086771
2.130116
1.587912
2.920503
1.229878
1.994035
2.878189
2.534860
3.916071
1.262553
3.135034
1.755746
3.964246
2.657261
3.066255
3.339648
1.453584
2.535173
0.603964
2.758379
0.747292
2.529009
1.310515
1.907724
1.378431
1.499030
4.023674
2.104183
2.310986
2.674457
3.567755
1.844678
1.945976
2.035665
1.785891
2.000000
2.254476
1.759679
2.000000
3.621487
3.716722
2.347379
1.247871
2.020969
2.717577
3.002295
2.240639
1.817290
1.384095
2.034623
2.812101
1.700686
2.478023
1.642998
3.712553
1.126572
1.431200
0.753390
0.964188
1.453528
3.653380
1.730423
2.684325
0.560360
3.509418
2.100336
4.825417
2.093817
2.468547
1.234971
1.768259
1.838006
4.816208
2.410558
5.241176
0.687452
1.864549
2.507927
2.329189
2.340883
2.480891
2.647315
2.592637
1.443021
1.708884
0.576125
1.534678
1.695989
1.742465
1.412368
1.749461
3.142614
1.509345
0.623659
2.859782
2.814810
1.928265
2.469168
2.537975
2.037635
1.366918
0.759686
2.042250
2.499090
1.187461
2.274321
3.400580
0.918758
1.882410
2.103979
0.999047
1.341785
1.725681
0.282278
4.859422
0.697290
1.237056
3.348075
1.057672
2.334489
1.388823
0.517554
0.320985
2.000000
2.316526
1.746514
2.921214
2.548447
1.050189
0.518622
1.548448
5.038493
1.729912
1.508770
1.351919
0.335343
2.019697
4.725648
2.485687
3.085340
0.305128
2.732256
1.411283
0.980494
2.854152
1.448370
1.672318
1.380435
1.252528
2.109905
0.600672
2.000000
3.234462
1.331781
2.197322
2.101266
2.310438
1.954098
2.264283
0.516759
2.184777
0.923255
1.791713
3.097998
2.000000
1.791443
1.600478
1.220924
3.537830
2.437689
0.624383
2.304471
2.365713
2.681005
2.348372
2.532209
2.470654
3.613221
0.529565
0.922340
2.592982
0.993571
2.242867
1.977708
1.472112
2.238384
2.429323
0.647872
2.355992
2.161586
2.217974
0.613558
1.643315
2.950002
2.029517
2.030979
1.644259
1.146840
2.830672
2.940122
1.206367
3.741901
3.196414
1.297891
0.882106
2.120596
1.569799
2.336492
1.117265
1.857300
1.711093
3.050491
1.107841
1.869665
4.950374
1.156217
0.585708
3.153958
0.852876
4.998489
0.566211
0.470902
2.957336
1.338207
0.817592
1.270986
4.315960
4.920981
0.875678
0.656990
1.678192
1.428141
1.189626
1.118696
2.637296
1.304558
3.421195
2.330309
0.476517
1.344174
2.308091
0.261181
3.378918
2.195862
0.557215
4.555074
0.461060
0.244682
2.223638
1.237512
0.502593
3.314729
2.260123
1.726295
3.299005
0.311571
2.265597
2.300691
1.219005
1.672045
4.143773
2.697896
2.537696
3.236904
0.188867
0.488355
0.874436
1.983061
3.891854
1.577856
2.737293
2.237751
1.029387
2.343855
2.282483
1.224555
1.156929
0.848033
1.422409
1.358769
0.726293
1.092811
2.578268
2.100067
2.302744
3.385041
1.472561
0.777869
1.594685
2.393826
1.835556
3.134360
2.144457
1.737329
3.229670
1.356526
1.352980
3.351145
1.568947
0.812558
3.066166
1.563279
0.818652
0.614225
2.957041
1.128672
1.411756
3.388955
1.052638
4.339468
0.258506
2.765086
1.451112
0.667851
1.721175
2.000000
5.086305
0.807175
3.079255
1.906673
2.368508
2.146052
2.007484
1.522137
1.826817
4.934736
1.943563
2.336562
2.355808
1.065822
0.924632
0.615642
2.760987
2.772623
1.230647
2.070743
1.666882
1.714410
2.536327
5.287975
3.544730
1.239923
3.414185
0.600760
1.389575
1.470083
1.131109
2.777216
1.800026
3.277364
1.830127
1.337069
1.462197
0.411571
5.151494
1.986299
3.054011
2.613317
2.000000
3.845836
2.448569
1.445284
1.893426
1.498551
0.256430
1.454487
2.909477
2.163536
3.546151
1.106449
1.251705
2.410255
5.486826
2.116930
0.645221
2.737372
1.709586
1.959872
1.037151
1.925552
2.613639
2.343086
2.670593
1.868123
2.011351
1.418984
2.789205
3.410599
3.078415
1.646473
1.614558
1.084442
0.328685
1.136374
2.032162
2.169007
0.705787
1.750736
1.858299
2.153313
2.010721
2.452721
3.498929
2.383807
1.721538
1.868734
2.206542
2.319469
1.260559
2.529526
1.670508
0.461067
0.705435
0.886861
0.169052
2.196354
2.381821
1.699575
2.000000
0.464771
2.988605
2.816007
1.550683
0.782277
1.893187
3.964684
3.814693
2.014556
2.722739
3.170588
2.555725
2.232528
2.795949
0.440309
2.236843
1.501743
0.700647
2.037980
0.504200
0.771689
3.706404
0.268072
3.314674
2.880593
0.943726
0.942652
1.382592
2.000000
1.483300
1.471465
1.851867
2.057115
3.055889
0.220757
3.370580
1.525006
3.539392
0.886431
2.124256
0.674344
1.811378
4.033953
1.145249
2.000000
0.442466
0.741555
2.708850
4.819782
2.013332
2.432449
2.170157
4.894923
3.384597
1.576528
0.238058
2.483629
2.211318
2.534699
0.332496
2.895573
1.821448
1.473754
2.420978
1.370083
3.001742
3.019205
1.772520
0.278912
0.363492
2.214741
0.365427
3.261404
0.903016
2.403771
1.581813
0.482655
3.673799
3.493871
1.953066
1.993168
0.347535
2.078590
1.969208
1.349917
1.285809
1.003635
1.841816
2.042413
1.265791
0.900490
1.594398
1.819664
1.424970
0.999487
3.192614
6.196496
2.127148
1.729133
2.138913
2.401853
2.876475
2.240110
1.751722
1.379140
2.975734
1.829780
1.802603
1.765861
3.780656
0.747862
2.904664
3.200534
0.510129
1.835526
2.774945
3.561738
1.345029
2.495848
1.766034
3.115339
1.108310
2.007613
2.306144
1.462285
1.868327
2.007570
1.008504
1.657550
2.727906
0.638988
1.447905
1.491893
3.437893
2.265903
2.027951
0.417360
2.317856
1.309964
0.898799
1.908671
1.166503
2.310316
2.461076
3.987405
1.609657
4.188606
2.504467
2.533111
0.887614
1.499383
1.840302
2.750235
0.580513
2.223165
2.948403
2.837334
0.896766
2.477020
1.734647
0.477201
1.811449
0.351232
1.303627
2.471593
2.319876
2.608993
0.993753
4.199542
1.991280
0.065984
1.279100
0.743197
1.927077
3.701227
0.803453
2.234295
2.288113
2.700727
0.664822
2.858633
1.696472
3.025536
2.368768
1.626729
2.000000
1.303405
2.682162
2.048959
1.859462
2.492256
1.568023
1.888247
1.665674
2.919823
1.531744
1.974874
1.185406
1.464010
0.320154
2.498857
1.806535
0.218806
3.175705
2.210205
2.017436
2.568080
2.176438
2.426525
1.026425
1.522146
1.905361
1.330279
1.795445
4.102241
2.143677
0.857632
4.171231
1.618657
0.894251
0.131521
0.909659
2.516496
2.242633
0.738877
1.631164
1.867437
0.266808
3.103190
1.813693
2.151019
2.868773
0.724444
2.625539
1.835293
0.476914
1.333342
1.185000
2.097956
0.488858
2.088917
1.106823
2.557049
1.022707
3.509308
0.161481
1.187996
3.701828
2.046264
0.673090
1.159566
3.407253
1.580515
1.001397
1.418176
0.443032
7.161496
2.814001
1.914472
1.197044
2.233402
0.390197
2.109766
4.851320
2.446972
1.962663
0.179262
2.102449
1.613267
1.159763
2.348602
2.023283
2.889086
1.394447
2.188767
1.942569
0.829385
1.640064
2.708708
3.737661
0.709925
3.972527
1.769180
0.397758
1.245807
0.784568
2.175432
1.394547
0.184039
1.532285
1.604391
1.890500
1.001548
1.679753
0.569172
1.226023
2.623468
0.810766
3.370813
2.902089
1.438426
2.467989
1.580093
1.245434
0.554392
0.347490
1.698590
0.749907
2.335668
1.457611
1.995453
1.697795
2.543060
0.517979
1.910172
0.453447
3.380656
0.689911
1.060090
2.508300
2.142637
1.080666
1.760018
0.331597
0.383210
1.914342
2.073000
2.127948
1.959976
2.499531
4.046945
1.543286
0.638213
2.076149
1.792879
0.616540
0.558692
2.098833
1.634189
3.877784
6.076326
2.000000
1.563198
0.456117
1.939089
1.494082
2.454109
2.440992
2.059208
4.267118
2.698399
3.683458
1.555544
1.870060
1.488695
0.745545
2.727732
1.898836
0.514699
1.182515
1.370847
2.921449
1.599921
1.750276
1.495395
2.118232
1.191630
1.826409
1.174207
5.874136
2.555563
2.520499
1.493266
1.935640
0.956128
1.069917
3.496094
3.353380
5.640469
2.218901
2.243630
1.657938
1.646393
3.229483
1.041936
3.487158
2.644648
0.578612
2.517404
4.062444
0.321110
3.115175
2.486356
0.707764
3.942398
1.459210
1.359101
1.170072
0.180887
1.100957
2.758474
3.356189
0.484670
2.183653
0.591083
1.649194
2.302790
2.249347
1.483606
2.087342
0.353129
3.014525
1.982595
4.058388
3.466038
2.039065
1.241882
2.433379
1.511968
0.619623
0.764359
3.280837
2.860254
1.524861
1.389006
1.874591
1.070222
0.468116
3.039869
2.025496
1.333923
0.496199
2.615468
1.450616
1.371456
1.884637
1.514697
2.664722
3.419687
1.517931
1.363249
3.495047
2.000000
0.238416
3.121417
2.541991
3.451398
1.933152
2.026349
3.606064
2.891319
1.956563
4.683304
1.249317
0.412416
2.820110
0.338346
1.609516
2.114748
1.537830
1.210577
2.036099
1.442506
1.854858
2.472291
1.916102
3.616153
0.821769
0.193742
1.809614
2.872283
2.477538
2.204047
1.756554
0.167658
1.758610
2.446054
0.425720
0.731686
0.780676
2.138035
1.867556
2.576849
0.973317
1.436070
2.159730
1.278445
2.552833
3.038861
1.513247
0.987419
1.888595
1.400875
1.884395
2.703421
0.796125
1.890854
2.871867
0.931893
2.742199
1.881877
2.002207
1.626029
1.445226
2.109805
2.041266
1.576901
1.256134
1.176942
2.039318
2.021533
1.923875
3.108494
1.779875
2.699777
1.515982
2.176831
2.383171
1.910206
0.648514
2.471802
4.546996
1.759632
1.223011
1.073276
1.928739
3.689343
1.365888
1.771051
1.142503
1.825988
2.373700
2.148888
1.986973
2.073115
2.000000
0.689828
1.094944
1.428912
1.576640
3.673578
1.576471
2.709760
2.503140
2.539747
0.762414
2.912823
3.318451
2.678279
0.509328
3.077372
3.258692
0.800645
1.547619
2.188857
1.051328
0.791692
0.979652
1.081881
3.217124
3.018498
1.268983
1.383219
0.889346
2.194570
1.567737
0.924395
2.161806
0.850821
0.605415
3.222397
3.730230
2.948989
1.851444
2.049437
1.504311
1.658852
3.824245
3.292150
1.998130
0.661223
4.345853
1.718410
2.901677
1.301215
2.055640
2.072567
0.904159
1.859555
0.798136
2.994925
4.319288
2.084199
1.552769
0.815372
2.000000
3.592835
3.174559
2.578774
1.956821
1.016449
0.938852
2.016468
1.854037
1.577693
1.712601
0.642327
1.772519
1.059999
2.722266
4.233020
2.250669
1.514802
2.888498
1.083749
3.251822
1.193353
1.260616
2.247223
0.754590
2.183681
2.568264
2.231502
0.968998
0.758388
1.645648
2.618137
1.726979
1.740585
4.408861
4.652154
3.504867
1.780317
0.459826
2.000000
2.636979
1.501292
2.356067
1.738320
1.380702
0.962884
1.698816
3.213081
2.434850
2.455835
3.180815
3.218139
1.245065
2.769133
0.991458
1.527908
2.926398
4.937936
0.521919
2.360313
2.097241
2.040537
2.100290
1.331767
3.821008
3.071558
1.427749
1.866294
2.459172
1.478238
2.212620
0.785218
2.718393
1.636925
1.409505
1.051774
1.985643
2.253522
2.958048
2.009984
1.675377
2.310900
3.055668
2.375284
1.180812
1.861751
1.120314
6.607471
2.361692
1.931429
2.064721
2.109700
1.568898
1.207592
2.666689
1.871049
2.864150
0.882759
1.542652
0.989241
1.093003
3.630964
2.955484
1.039913
1.220376
0.756093
0.962971
2.822469
4.043018
2.460689
1.789551
2.000000
2.965580
0.545606
2.260466
3.630628
2.920978
1.583058
2.095730
1.140597
1.181031
0.508131
2.076780
2.278026
0.533225
2.095328
3.430507
1.321489
2.000000
2.641821
2.449837
1.792488
1.566094
2.600070
2.341576
2.687458
0.706918
2.016481
2.496372
2.386783
1.778473
0.987519
4.007173
0.379652
2.371920
1.572302
4.734556
0.417831
3.172892
2.428150
2.500276
0.698018
4.057463
3.093193
1.188371
1.548354
1.361114
1.064505
2.393130
1.791751
2.871681
1.882668
2.293261
1.781902
4.330560
1.586286
0.905708
4.237899
2.590430
2.000000
1.038360
1.172870
1.856540
2.159306
0.562622
5.991367
1.951832
0.638058
0.571179
2.610648
0.314050
1.950363
0.375860
3.470723
1.261320
2.234742
1.775462
0.926676
2.377565
0.602997
1.698778
1.862902
0.845828
0.642306
1.280361
3.396640
1.405604
1.651400
2.828820
2.439299
2.737019
2.013793
4.475880
1.310529
2.229647
1.894614
0.434761
1.247624
0.853354
0.249231
3.567670
0.988330
1.656775
1.429928
2.159688
1.657988
1.053439
0.324559
1.400120
0.305545
1.793385
1.419170
0.551227
2.711882
0.530182
1.268576
0.842450
4.032267
2.000000
3.612562
1.187366
1.805981
1.456498
3.228143
2.721279
0.738964
1.928441
1.082906
0.940341
1.754901
0.895178
5.665327
2.286316
2.228129
1.746273
1.143026
1.901155
1.367202
0.499757
3.485993
1.634111
0.918832
1.733883
4.018804
1.897588
0.722183
2.665878
2.957202
0.559076
2.586864
1.248655
2.427656
1.663581
2.000000
0.962972
0.950086
3.407373
0.741513
1.589875
2.438089
3.070984
0.381061
1.343395
2.528443
4.433942
2.975056
1.216200
0.774604
2.000000
0.301128
3.313393
2.892897
2.000000
0.663267
0.676963
0.672192
2.449409
1.979712
2.048382
3.456880
2.723792
1.006272
0.818380
0.494713
2.612558
1.089776
0.784801
1.749968
2.876121
3.622849
1.640466
3.339929
0.985433
0.689504
0.654800
2.256536
2.624251
1.061341
1.375155
2.087440
4.627562
3.652856
0.707271
5.663219
3.179898
3.015651
0.834790
0.995206
1.436851
1.504187
1.881348
2.727355
2.605437
3.123554
2.387174
3.524411
0.303285
2.102916
2.000000
1.793563
1.700000
1.413547
1.860100
0.909226
3.427090
4.551042
0.453831
3.481707
4.148206
0.542071
2.865202
0.655368
2.833897
2.214305
0.602597
0.832577
2.000000
3.632584
4.116474
2.794005
3.894928
3.001305
0.939923
2.901448
1.710892
0.870371
1.125493
0.709870
1.728829
3.319047
1.085581
2.818957
1.388149
1.708683
2.423970
0.824208
1.142525
5.404918
2.000000
0.255437
2.000000
1.116385
3.323634
1.338683
1.472105
1.477203
1.771890
1.816704
0.607193
1.638282
4.201963
1.677851
0.316627
0.621977
1.683722
2.957618
2.015099
2.737068
0.285734
3.231649
0.216950
1.634617
1.418444
0.269903
4.328514
1.575986
2.411233
0.533218
2.335510
2.991547
1.502465
2.865537
0.234316
2.115739
1.066651
0.581928
1.123460
0.644633
4.641584
1.335138
1.794841
2.051354
2.026731
0.753552
1.349964
3.017053
3.396124
5.387777
3.323947
2.423575
0.482056
1.179909
2.066352
1.729568
2.000000
2.000449
3.033829
4.425627
3.027351
2.671229
2.427885
1.619914
4.149977
0.665629
0.688115
4.630526
1.500960
2.236033
4.132134
6.220408
2.465189
2.075987
3.688103
1.186925
1.068941
0.333745
3.869248
3.152041
0.702262
1.526582
2.021323
1.957921
2.077029
0.832929
1.252167
0.992069
0.481155
1.500530
4.999615
1.675403
1.151918
2.118455
4.918317
2.159440
1.275997
0.726657
4.411047
2.834747
1.053245
3.079732
1.444460
2.645832
3.913918
2.357205
1.889126
1.789776
3.389121
5.823633
1.430216
4.407752
4.185135
1.691586
3.216799
2.252209
2.149578
0.637573
1.969028
1.452803
2.093011
1.976230
6.975978
1.671935
0.599763
2.000000
1.548445
2.207452
3.078715
2.162065
2.839300
2.051565
2.300426
1.723765
1.873755
3.331685
3.559273
1.794104
4.501833
1.876099
1.500843
1.684662
1.366283
3.552619
2.628712
1.901612
1.339007
2.332736
2.085582
2.116689
2.411053
1.770732
0.482426
4.532869
1.872743
2.589142
1.634510
1.840724
1.350332
0.609629
1.139568
1.681857
1.744146
2.660087
1.763313
2.631081
3.028102
4.118179
4.205370
0.842324
1.154067
2.042789
0.769399
0.852711
0.621773
1.910056
1.823927
2.165264
0.512124
1.222518
1.145622
5.082842
3.854325
0.741141
2.269984
1.576932
3.417707
1.491686
3.774208
0.611042
1.043322
2.830364
1.819128
1.078774
1.845945
1.884419
1.713230
2.474449
1.734441
1.702950
1.613537
1.227677
0.560207
0.812949
3.888075
0.178321
1.589166
2.121036
2.761461
2.339956
1.540569
1.710843
0.771812
2.761876
1.883625
1.014626
2.399826
1.004948
1.961266
1.105255
2.581330
2.584927
2.050319
2.000000
0.868613
1.754602
1.969259
2.204349
2.266468
0.765982
2.000000
3.839996
2.105954
1.076515
4.102098
2.348134
2.309559
2.434743
0.679597
0.336040
3.063088
2.887895
2.130059
5.144539
2.933604
1.555454
2.152106
1.564105
1.408977
0.907470
1.894240
1.993381
0.410459
1.744357
5.346760
1.780565
2.778032
5.366426
3.739904
1.606209
2.859508
2.839689
3.643770
0.488611
1.895344
2.183636
1.085540
0.964971
0.613979
2.543670
2.474745
2.628084
3.324262
1.892477
2.276396
5.941055
2.757132
0.544198
0.575580
1.922884
3.758946
1.426234
1.959911
3.084583
0.979284
2.813328
2.211033
1.669647
1.027850
3.142855
1.970897
1.290197
1.081388
1.655796
2.000000
1.849993
2.116405
1.672040
0.836841
1.135120
2.132123
1.127454
2.825568
1.650996
1.457211
4.821184
1.810514
1.293703
1.766577
4.017995
2.455849
0.284762
0.734720
0.961547
2.728536
1.160677
2.063024
1.452180
1.608860
0.601122
2.350420
2.556784
2.915509
0.818272
1.411042
2.622996
1.070243
2.000000
2.799901
0.913616
2.059772
0.659802
1.701833
2.176347
3.892095
1.400439
4.892566
1.989669
1.794871
0.824986
0.886622
1.770762
1.292877
3.840147
3.135790
1.318433
1.296391
0.496553
1.506337
1.223374
0.437619
1.600606
0.826553
1.348501
2.505596
1.347737
2.000000
1.660324
3.110310
1.175323
3.916770
2.085740
1.405491
1.271377
2.680881
0.867040
2.805570
1.971511
2.121937
1.316853
1.363157
1.761177
1.748021
2.303186
3.420456
1.891357
2.757545
2.614020
0.282429
1.534799
0.320078
0.692553
3.541327
2.238423
4.561410
3.823694
1.059096
2.954390
1.493888
1.197164
2.353527
0.906271
1.787739
0.991215
1.828954
0.941892
3.339127
2.059792
1.072922
2.491824
1.390184
1.612442
5.245430
0.451760
0.818633
2.418443
3.141060
2.685866
1.772150
2.727008
1.797556
0.694660
0.567604
2.000000
2.194107
1.785210
1.957369
1.341091
2.500298
2.732016
2.190187
0.543963
1.594767
1.601119
0.979765
1.655428
3.524813
1.652049
2.924692
2.053272
2.000000
0.589157
1.820635
0.289062
0.294523
4.710814
0.551351
0.341643
2.660655
1.550970
1.614017
3.133290
1.998059
1.089543
2.162626
1.732781
0.835563
2.000000
2.464792
1.705049
2.511955
1.727364
3.819367
2.914829
0.573976
1.352926
2.367263
1.893896
0.488075
1.591665
1.887774
0.227391
2.124763
3.202254
1.916738
1.910651
2.989002
1.285821
1.455610
3.244408
2.482573
1.151332
1.062342
0.938548
1.308697
1.224775
1.342320
2.088276
2.000000
1.325823
2.105262
2.529640
0.234249
0.902309
1.469356
0.443954
1.558680
0.360498
1.445974
0.580292
5.986605
3.262313
0.729003
2.775775
1.873636
1.467044
1.474665
1.960390
1.673113
2.725287
1.146278
2.139723
2.573678
2.522948
3.599964
2.103057
0.720670
0.495243
1.479216
0.441509
3.796422
1.577818
2.498207
3.630856
2.072375
2.000000
2.027993
0.708117
1.626231
3.367396
1.037553
2.674824
5.543883
0.145890
1.697593
0.670587
3.365620
1.230543
2.447100
1.191276
0.603658
4.390378
0.247785
0.266021
1.280409
2.177961
1.130649
1.354254
1.223857
0.917311
2.917381
1.211952
2.274077
0.793314
0.819383
4.015210
0.772954
2.429694
0.732114
1.329174
2.559533
2.000000
1.450723
1.621354
3.445246
1.705487
2.554094
2.000000
0.772998
1.798696
2.921653
2.359668
1.598367
0.599314
0.206472
0.815610
0.697691
1.810983
2.020678
2.530485
2.309888
2.670669
1.660670
2.310814
3.937887
3.158005
2.161053
1.154473
1.912681
2.000000
1.512251
1.654996
0.275268
1.974858
3.351490
2.249104
2.924155
2.678056
1.091573
2.272039
1.356144
1.429051
1.981125
1.529437
1.290567
3.953922
2.521315
0.312484
4.857076
4.602385
0.916262
3.095537
1.343555
3.406042
2.669244
3.548110
1.681756
0.938086
2.643218
0.395468
1.712712
1.046975
1.636683
1.045796
0.879092
1.971686
1.720457
1.793286
1.012055
1.603373
2.709780
0.836835
0.710496
1.470330
2.078882
2.000000
3.894054
2.604185
3.641965
3.746905
0.361246
0.960451
1.683258
1.967120
3.692755
0.705172
2.140988
1.885651
1.407420
1.402464
1.663329
1.053940
2.065599
2.147119
1.342736
1.144991
2.927497
0.823237
2.489009
0.383466
2.659252
1.928509
2.076149
0.483251
0.471181
0.824351
1.336408
2.745996
1.937062
0.918069
1.384517
2.709946
2.800711
1.766031
0.529249
0.638436
1.881661
1.701944
0.429766
0.692410
3.317528
0.804201
2.252932
0.786993
2.000000
1.436184
2.157067
0.421530
2.695995
0.836612
1.951749
0.446050
0.429881
1.025303
1.892004
1.062124
2.144019
4.859926
1.563293
0.743297
2.123947
1.357606
2.444060
1.623408
1.107225
2.899812
1.488917
1.113534
2.559779
1.429797
1.545668
0.817822
0.679870
2.000000
2.477849
5.686721
2.000000
2.056798
1.566740
1.360646
2.954309
3.696579
2.373529
2.906292
3.742706
1.597531
2.514656
1.856040
1.066225
0.532138
3.095354
1.925792
1.631824
0.630332
1.162785
1.143031
3.533144
2.489344
3.274219
1.962496
0.874691
0.270026
1.900108
0.998432
3.582923
2.000000
0.701201
2.046957
1.790375
5.013001
0.948686
2.953010
1.993830
2.000000
2.039333
2.722751
0.665248
1.877504
5.606506
2.707549
1.196697
2.837380
1.489108
2.611847
0.641915
3.431420
2.403886
0.988425
3.917576
2.217757
0.940640
0.256097
2.251388
1.335337
3.741450
2.324883
2.793487
2.288078
1.656929
5.865544
1.500472
2.245578
1.132671
0.698292
2.642388
0.398590
0.783374
1.764186
0.904853
1.581784
2.031817
0.626608
0.168551
1.236023
0.937190
0.574361
4.521287
1.388978
2.471118
2.810177
1.696140
0.957083
1.746718
0.955099
2.778888
0.662360
4.020586
1.287987
0.175666
3.151773
1.737113
2.205236
0.783665
2.007451
2.395754
1.140105
1.926726
3.121540
1.359555
1.912728
2.232419
2.175654
1.186324
1.537707
1.337388
2.876261
1.099180
1.447826
2.422254
1.900229
1.361600
0.116519
2.028033
2.639602
2.239186
2.720132
0.950383
1.943624
1.594953
3.781840
1.790134
1.637277
0.571734
1.583637
1.964179
2.098004
2.458693
1.073542
1.937992
2.471927
2.126887
1.111880
2.871927
2.826606
2.161310
2.241698
1.270828
4.100788
3.322469
1.992792
2.000000
0.893680
2.988232
1.905321
2.062559
1.893684
1.288658
0.586708
1.602654
1.443033
0.494270
1.132946
1.229788
3.737233
2.132871
0.988973
1.825988
1.722714
2.802645
2.183010
0.896436
1.188431
0.947095
1.966820
1.646375
2.000000
5.545927
0.528987
2.838555
6.153174
1.315499
0.423861
1.726171
2.000000
2.262632
2.105197
1.282719
3.823708
1.003069
2.637955
0.380058
0.442491
0.691747
0.573289
2.101636
1.164788
0.332278
2.000000
4.060553
2.168078
1.959254
2.050986
0.845986
1.590693
1.740562
1.252200
0.694539
4.989275
0.128280
1.569170
0.449927
1.436470
3.078792
1.905256
1.812842
0.812373
2.563025
3.346810
2.402169
0.632246
2.097576
2.868134
1.437436
2.090105
1.701491
0.957905
1.617201
1.627762
1.944297
1.731728
1.413607
1.109011
1.729670
1.565752
1.455375
1.135726
1.693012
2.490566
5.220004
2.498163
0.914299
4.872820
2.549120
1.548730
1.119582
2.334239
0.677454
0.763915
5.723171
2.604058
0.610696
2.048020
1.811130
3.239778
1.111469
3.038069
2.377348
2.080116
2.817486
1.052082
1.322827
1.279889
1.697312
1.661987
2.996607
1.888959
2.124895
1.746310
1.975672
2.582242
2.288877
4.685349
2.858276
0.320423
1.484802
2.697496
2.264759
1.375609
2.792445
2.295881
2.306535
2.251625
1.315461
1.857249
4.847854
1.777519
4.263390
0.993455
0.597746
2.306489
1.803314
1.676316
3.020549
2.210073
1.776003
1.700803
2.163354
2.089875
1.595156
3.611969
1.139021
0.739819
2.005342
0.812398
1.939391
0.591875
1.711719
2.514815
2.000000
3.303330
2.718143
1.927819
0.353979
1.370434
2.692767
3.241336
2.059864
2.117689
0.736747
0.588914
3.141937
3.255662
3.471708
1.806097
0.447164
2.182147
1.880779
1.850710
1.751265
2.009877
1.672864
0.911675
4.205194
0.547068
1.169690
0.921804
3.653098
2.448929
3.018596
3.699329
1.574757
1.671115
0.136550
5.025475
0.779211
1.509157
2.460353
3.234528
1.168639
1.945385
1.485688
0.569400
1.154434
1.969030
3.530427
1.418538
0.088481
1.528638
3.089222
1.531837
3.293795
3.095014
2.000000
2.230467
0.257631
2.690834
2.000000
1.854244
3.144258
1.490735
2.067844
2.352518
2.650445
1.439628
2.778790
1.968269
4.280046
2.166215
1.874660
3.318847
0.632900
4.033723
2.110309
4.334953
1.248215
2.698475
1.347857
1.914774
1.771714
2.985958
3.375370
2.537098
1.150242
1.359686
2.407234
2.445578
3.905259
3.235986
1.119519
1.023879
0.824770
2.268042
3.962286
2.000000
1.548675
0.330820
1.568886
1.705907
0.950791
1.125242
1.621479
2.797801
1.045346
1.663796
1.439618
1.727211
2.856872
1.375907
3.307914
2.460978
1.755556
1.311357
1.748430
1.021100
3.254708
1.942376
1.373295
0.693297
2.217297
2.916844
4.817755
1.852689
0.529655
1.506419
1.866642
1.542698
4.604759
0.844921
0.227504
3.196969
1.432705
1.638419
2.097844
0.616131
0.182682
4.266800
4.343316
3.367219
1.617967
1.904734
0.816053
2.823040
3.367008
1.947899
0.736069
0.694860
1.469601
1.720589
1.011612
2.683620
3.257620
2.557973
1.339032
1.184609
0.597407
3.228883
1.331918
3.337956
2.084590
1.510465
0.892420
2.370332
2.828976
4.884073
1.110198
4.152605
1.265106
0.867750
2.647968
4.122715
3.166803
1.982151
2.166171
2.026143
0.941637
0.485851
1.342684
0.365031
1.194456
1.780859
0.792003
1.934960
2.111496
1.836982
4.299107
2.079239
0.714478
3.692820
0.367767
1.143121
2.883157
2.878392
0.881241
2.161945
2.135014
2.037926
1.237723
0.604455
0.561829
2.813341
1.973776
1.424407
1.222219
1.316524
4.125442
1.821167
4.782656
1.878439
2.024088
1.552401
1.662531
1.970221
0.834355
1.708015
1.668917
0.393272
2.094548
1.017239
3.282337
1.480725
2.000000
1.474949
2.018858
1.796946
1.578706
1.666283
1.586704
3.212523
0.528750
1.889436
1.999961
1.634339
6.083575
1.483900
1.523848
1.916768
0.957088
2.615636
1.634481
3.859882
3.631696
1.435383
1.457397
0.423325
2.000000
0.756635
1.636206
1.005533
1.982865
1.021214
0.801803
2.015160
2.626312
1.353534
4.793822
1.698702
4.585726
2.237801
3.090242
1.605476
3.897536
1.304531
3.613100
0.443444
3.487636
3.475049
3.446128
2.561535
6.218670
3.908684
3.140896
1.337779
1.303074
1.281627
1.309451
0.692890
1.346234
3.327218
2.965878
1.514832
1.295792
2.002550
3.419545
3.552338
1.780697
3.434756
4.651793
1.919850
2.159883
1.807158
2.289719
1.342790
0.424377
3.555199
1.249363
1.879019
2.989698
0.886029
2.221040
6.411180
1.467060
0.435521
0.850675
2.689555
3.472294
3.198550
1.988724
1.905349
0.381560
1.725513
1.786641
2.225317
1.143669
0.508096
2.453694
1.460465
6.436127
1.115433
2.253989
0.310320
1.947228
1.027223
1.040222
1.197008
4.245972
1.576808
1.041395
1.920317
2.271592
1.741270
2.876665
1.454542
3.072612
0.897897
4.093119
2.272015
4.119529
0.488404
0.831651
1.737260
4.727818
1.844067
2.460501
1.880128
1.432947
1.264727
1.760949
2.232443
1.683421
1.728068
2.072320
0.414712
1.630060
4.287230
1.679902
1.805895
3.383700
2.075986
1.755336
2.592673
1.346457
2.083276
1.224646
0.843672
2.343793
2.000000
2.000000
2.349147
2.667713
0.999068
1.491397
2.013792
1.196697
1.344034
0.352975
1.802644
4.304370
1.181346
3.701154
1.631482
2.630031
1.473274
1.723014
2.653211
0.391686
2.382533
0.803893
2.409090
0.937529
0.912360
0.759568
1.744727
0.851758
3.565129
1.833520
1.835141
1.239732
2.000956
1.578991
0.588480
2.000000
1.203176
4.156328
1.646138
1.251126
2.324434
2.023942
3.932178
2.732302
4.567862
3.358064
2.417667
1.353986
0.196096
1.609485
1.483569
1.102088
2.098146
2.383225
2.019102
2.194448
1.266712
1.795510
0.933463
0.887030
6.617488
4.174695
1.283121
0.781049
1.771290
2.215773
2.059091
1.812551
2.468333
1.256754
3.604536
1.050855
3.816982
4.400347
2.328348
0.468571
1.091268
1.628926
3.207803
3.981534
1.535375
2.258365
1.370715
1.674543
1.807835
0.952353
1.723957
2.903230
3.792252
1.811707
0.498232
3.514584
2.156136
3.306368
1.299303
1.294845
2.482770
2.000000
5.517730
3.447119
3.124776
1.883510
1.094097
3.058588
2.389161
1.337248
1.285573
2.000000
2.052779
2.229713
0.665963
0.739459
1.495942
3.514223
3.318328
2.985305
2.957113
2.008258
3.274153
0.862230
2.000000
4.672417
1.095589
1.733313
1.479496
1.078589
4.217261
2.782939
1.596402
4.026293
4.114546
2.018543
2.210566
1.433128
1.313305
1.728404
2.532080
1.002691
0.748678
2.589479
0.965376
0.826660
2.117239
1.346194
4.113925
2.342632
1.787414
2.724227
2.180700
2.248844
1.721820
3.942506
2.000000
1.255886
1.313940
1.116200
1.619404
2.832814
4.612392
2.327538
1.035818
2.241274
1.352460
3.727345
1.660127
2.700636
1.541088
0.632517
0.760704
2.512628
1.772443
1.130403
1.649842
2.551195
0.976818
1.949203
5.838073
0.779163
1.580325
2.000000
2.121008
3.321023
3.425038
1.000888
0.477675
1.649882
1.372204
2.082215
3.677210
1.807372
2.404850
2.402528
2.240112
0.799180
3.614352
1.614982
2.227357
2.000000
1.454799
1.657038
2.616774
1.789910
1.341331
2.088044
3.447302
1.845781
0.912150
1.260913
2.116121
0.803022
2.578216
2.640463
2.323821
2.195666
2.297521
2.695410
6.688153
1.334236
2.277616
1.433602
1.240252
3.139633
2.377041
0.744808
0.900556
0.925089
1.638330
2.393992
2.142762
0.772926
0.576740
2.083894
2.998170
0.472906
0.276848
0.788408
0.993864
2.790787
1.373164
1.724674
0.355148
0.800475
1.734366
1.695518
2.152654
1.454171
2.117671
0.540260
4.652287
2.034857
1.298849
0.306955
2.346598
3.096644
0.911793
2.190136
0.740879
5.934891
0.890381
3.060046
2.388448
1.293580
2.127941
1.039348
1.649532
0.928619
0.250530
1.525691
2.571869
1.436278
2.817478
2.283428
0.258871
1.149321
4.607157
3.543823
1.247747
2.150124
1.271713
1.319470
2.215688
1.413149
2.295790
3.449511
0.682919
1.937903
3.414392
1.563006
2.980937
1.299350
3.748039
0.387784
2.264896
1.305947
1.839258
2.780056
0.391590
1.069876
2.720151
1.813714
2.913381
3.662762
1.772781
1.462923
2.342140
0.470109
1.728392
3.527705
2.205308
1.271768
2.014813
3.273868
3.011560
0.998929
3.400512
0.622025
0.939418
0.457686
1.462074
1.582581
0.307453
4.059018
1.798760
4.727961
1.703729
3.980212
0.975810
2.216146
2.789823
3.452928
2.370749
0.695643
1.923863
2.096761
1.724506
2.820804
4.284862
4.817631
1.905058
3.494132
2.245830
0.444292
4.439854
1.002632
1.108192
0.673056
1.931219
1.699603
1.674120
0.433346
1.638341
2.178167
1.874662
1.921913
1.955738
2.389509
3.929477
1.331649
2.541121
1.370887
1.765119
0.923666
1.801153
1.649722
1.913232
3.251242
2.000000
0.436530
3.241621
1.951674
1.310720
0.827719
2.856240
2.000000
1.765435
2.500474
2.185391
2.493458
4.494252
2.202772
1.768884
0.857532
4.257150
1.611122
1.938020
0.421372
2.316732
2.322678
1.996518
1.716094
0.580173
4.213325
4.711039
0.312292
0.912044
3.721072
0.726424
1.638335
2.658208
1.556196
1.569652
2.812510
2.583470
0.224015
1.139365
1.956944
1.058040
0.886910
1.292988
1.399629
4.271974
1.996320
2.297518
1.664132
0.532854
2.155757
2.407232
2.891788
2.264243
0.720696
1.230711
1.507905
1.367328
0.973998
0.890605
1.419821
3.691409
3.033700
1.021060
0.660106
0.899399
2.806419
2.368678
4.250984
1.221754
1.855793
0.057656
5.467602
1.668980
2.757170
1.735484
2.654001
2.165770
2.208535
2.653385
0.860651
6.230292
1.176903
1.597781
4.868359
1.932153
4.535363
3.398566
1.974671
3.076818
1.355618
1.511027
2.569543
1.373253
1.016267
2.000000
0.322796
1.540015
1.425529
2.273483
1.164837
5.362145
0.930059
2.859684
2.680126
2.688953
2.527696
1.374989
3.326286
3.383639
2.000000
6.148460
3.224876
4.935978
1.443177
1.312856
2.498556
2.758041
1.261730
5.934421
1.092701
1.831734
3.267539
2.032779
0.826310
2.188838
1.795025
2.000000
1.422660
1.803092
1.430474
2.315675
2.327050
3.900261
2.000000
0.797600
2.174983
1.791533
2.262840
0.420240
4.582393
2.236946
1.444141
2.382288
3.730485
1.057132
3.867012
3.443246
2.449163
0.452617
0.720496
7.005088
2.774128
4.192826
1.344429
1.855157
2.291939
0.937247
1.875099
1.439398
1.493458
3.324401
2.415087
1.261932
0.634598
1.707337
3.187854
2.079656
3.458683
1.291002
2.142474
3.029360
0.598425
3.786285
2.296693
0.726115
1.973294
2.000801
1.286670
2.680265
1.874673
3.798481
4.603043
3.062574
2.187022
1.386881
2.000000
1.213838
1.896184
1.715464
2.430519
0.904167
2.719483
2.062919
0.290337
2.878908
1.683337
1.104504
1.199350
0.563149
1.143925
3.332958
2.449499
1.827136
2.000000
4.611765
0.625336
2.128204
2.892073
2.239401
0.697761
2.915064
2.025359
2.219164
1.550775
4.937912
1.224668
1.066055
0.839417
1.439392
1.638402
3.732868
1.608837
3.783140
3.232657
1.124722
4.013763
1.253646
1.091523
2.511626
1.930626
0.725661
2.000000
1.971963
4.290108
1.909535
1.215180
2.896091
2.659293
1.732298
1.339119
1.909509
2.068277
1.723036
2.061029
1.311046
2.183012
4.776988
2.165038
1.381517
1.362343
2.000000
1.407485
1.434647
3.061517
2.649988
0.875436
1.215213
2.770195
1.819001
1.990537
2.622525
2.305001
2.248518
0.882654
1.288049
1.919953
2.910157
1.767634
1.281056
2.164488
3.797028
4.791856
1.232935
1.337441
0.508966
0.660427
0.761456
0.824853
1.589804
2.218120
2.230808
1.598673
1.828098
1.800553
0.926702
1.068023
2.646342
0.631098
2.738010
2.110016
1.737373
2.147125
0.386274
1.473758
0.858990
1.006016
2.356452
2.132550
1.646920
2.347403
2.552324
0.989600
1.929146
2.000000
1.008824
1.162654
0.649552
3.529868
1.647285
2.000000
0.609822
1.351023
2.040996
1.891111
0.886521
0.519625
2.669448
2.990536
2.772629
0.933735
1.421888
1.378337
2.626023
1.819566
0.655878
0.346082
0.764877
1.312405
1.564208
1.799706
0.449969
3.349010
5.025241
1.226842
3.328080
2.078591
3.028022
0.463621
2.488311
1.025495
1.880977
0.455991
0.589974
2.404033
1.454818
1.605312
1.051350
2.490812
2.128424
2.919836
2.626932
0.221392
2.132833
1.398804
1.855065
2.632671
2.705853
2.641308
2.491427
2.614639
2.811222
3.218216
0.397324
2.000000
0.301847
1.989985
2.293840
1.817663
1.620504
2.265399
2.879972
1.977536
2.058165
3.621514
1.714366
2.139182
1.374768
1.256703
1.283301
4.024270
0.582665
0.403087
0.785645
0.829189
3.203620
2.056119
1.043989
1.170005
4.647789
4.593081
1.785273
2.560232
0.563440
1.287068
1.994483
2.595249
1.462201
1.272051
1.165988
3.806558
2.109620
2.653191
1.230647
2.664385
0.844791
0.813148
1.983922
1.424427
1.020625
0.639921
3.778450
1.706123
1.961977
1.831822
1.565630
0.633599
3.472340
3.778190
5.979855
1.918637
2.523562
0.525107
0.857700
1.926494
2.234869
0.889965
3.513578
1.443317
2.362140
3.470756
3.427974
1.276704
2.614496
0.644773
2.891439
1.607093
1.526666
2.083567
2.019925
1.334063
2.448679
1.151649
1.497098
1.683475
0.550216
1.350113
1.623191
2.367105
0.584819
2.124167
0.661858
1.234679
2.012164
2.814272
3.151674
2.665121
3.633487
2.142910
0.689800
4.708469
1.299409
2.344410
1.179085
2.301232
1.091839
2.095660
1.667853
3.282882
2.758117
1.226485
1.813722
0.578843
0.642574
0.543786
0.358627
2.121037
1.893371
0.642080
0.642343
4.310814
1.204836
1.493749
0.818297
2.883404
1.150402
2.769122
3.784008
1.968063
1.146173
5.638472
5.013145
1.618971
1.733770
3.104009
3.294171
0.681479
0.821692
2.899579
0.228559
1.706627
1.657161
2.160811
3.963940
2.650182
1.273588
1.242267
2.142297
2.768252
4.917829
3.493702
2.000000
2.000000
0.922477
0.992938
1.891849
2.337982
1.987539
2.448912
1.619302
1.914119
1.826755
3.590547
2.112657
3.186691
0.940256
3.185566
1.503381
0.822702
6.415679
4.111767
2.620147
0.724419
0.854102
4.619699
3.109035
1.349813
2.000000
2.705446
0.738246
0.506692
2.209657
1.356034
2.292159
0.287378
1.705189
0.471003
1.824515
0.927248
1.334452
0.490862
0.570971
2.232997
0.936602
1.780344
0.259296
3.062143
2.349480
1.325589
1.832124
1.827236
2.069212
1.376252
3.578523
2.000000
0.295423
1.966143
1.427274
1.934372
1.884529
1.923885
1.670510
2.127722
2.422322
0.500280
3.720740
1.678563
2.779599
6.022792
1.213300
2.000000
2.000000
1.050786
3.159817
0.843202
2.158039
4.598579
1.683238
2.703305
2.368042
0.801026
2.525035
0.816804
1.316351
0.705088
3.223506
1.951804
0.622012
2.040111
1.928399
3.673012
1.124528
1.762821
0.781491
0.601500
1.590601
2.317677
4.305859
2.514858
1.152504
2.547779
2.667025
2.104756
1.436422
1.151971
1.336748
1.423713
2.374357
0.692798
1.543877
3.834830
2.241650
1.857405
2.000000
2.082206
0.306579
3.117028
2.062240
0.771888
2.085384
3.001795
1.207152
0.990267
0.969424
2.522576
2.045769
1.575193
0.364584
2.813728
4.038934
4.259402
0.885224
0.633334
1.889017
2.417712
2.998685
1.103812
1.316728
1.969288
1.827878
2.400914
3.805577
2.350104
3.823299
2.666598
2.387228
0.378833
1.136868
3.024859
2.012558
3.251611
1.026135
2.164083
0.112876
1.086680
1.997453
0.993470
1.885139
3.978685
4.330499
4.668177
0.842504
1.723137
0.139384
1.976586
2.332048
1.149301
1.741757
0.449592
1.786091
2.022742
1.554082
1.761281
2.786215
1.618183
3.982596
2.048609
1.959909
2.065967
0.882888
1.930730
0.316128
1.817598
1.619355
2.705663
3.894149
2.002472
2.161598
1.800324
1.362786
3.310729
4.861416
1.377353
0.361519
0.707783
2.000000
3.334698
2.644195
0.759942
2.958562
2.165404
3.798316
0.630411
2.682239
2.352785
2.373358
2.277176
1.752375
2.130037
0.988596
0.894565
2.564595
1.908650
1.926743
2.110084
2.329626
0.325314
2.000000
1.188249
2.362695
1.506035
1.329433
2.000000
0.457448
1.516231
3.896206
1.868883
2.653033
2.175511
2.706352
2.202801
4.705564
0.840870
1.875293
2.024288
0.429382
3.524023
1.442959
1.841756
2.154671
2.858459
2.477740
0.901502
1.198829
1.980149
3.257138
1.278957
3.841374
1.648156
2.913482
0.329126
2.996069
2.039066
0.243218
2.942323
2.120761
2.000000
1.098310
2.926712
1.735724
0.838699
2.000000
3.002334
0.908771
0.985403
1.727255
2.838861
1.603903
1.786469
3.621556
3.590387
1.833637
0.530860
2.811501
1.159395
0.933253
2.134645
1.745652
0.785950
1.507966
1.236841
2.002155
1.550556
0.583902
1.805623
4.509395
2.953356
0.687038
4.629910
2.337157
2.905961
2.719832
4.273277
1.144785
2.202950
1.306242
0.712979
1.983125
1.072438
2.000000
1.565035
0.595646
1.959582
2.069133
1.869959
1.547899
3.166209
4.524381
1.293760
1.323787
2.000000
1.443416
2.008080
1.676805
3.664738
2.163484
1.064837
1.614037
2.487073
1.039671
4.370831
1.921116
2.410645
3.684724
2.264194
1.760357
1.778479
2.000000
1.662833
3.367697
1.258335
1.614258
3.064138
1.745855
2.000000
2.916937
2.473684
1.068898
1.783623
2.512292
2.055744
0.865122
0.754264
0.462550
1.619133
0.709423
6.546836
1.484276
3.581994
2.097920
1.724315
0.694234
1.445939
3.372886
0.354040
2.204509
5.388522
0.691327
2.159243
1.653175
2.254148
0.243090
1.543221
3.746336
1.903780
2.645246
2.484650
1.172259
1.144564
2.895853
3.441330
2.955460
3.130210
3.617307
1.610308
1.619531
2.412710
1.854614
2.803031
1.225804
0.378381
1.648264
1.039785
1.256588
0.853522
2.467964
3.315323
1.149542
0.278681
2.592732
3.633778
1.958820
2.000000
0.442244
2.321039
0.641223
0.919129
0.648144
2.067261
0.600414
1.919955
1.101874
3.100817
2.087991
3.670383
2.961966
0.871242
5.012364
2.040012
0.903428
1.827985
0.885819
1.942826
3.393881
5.946331
1.787900
1.776567
1.569076
0.969243
2.545820
2.191090
0.860573
2.211170
3.588200
2.094570
2.058488
2.474741
3.921814
2.497154
0.944597
0.710458
1.178711
3.392887
0.283918
1.524597
2.601669
0.229643
2.998064
1.295501
3.262067
4.367294
2.000000
3.006768
1.873815
0.745859
1.942064
2.000000
1.255351
1.061349
2.567422
1.847502
1.879691
2.690677
1.562409
1.945518
1.151836
3.204812
2.085737
1.789715
2.460442
3.635698
3.673358
0.704283
4.305596
1.911091
2.570527
5.718971
2.762891
6.651704
3.754377
2.002766
2.065020
3.162345
2.279762
2.945868
2.099433
3.067649
0.828928
2.710985
0.573276
4.803868
3.760163
1.917859
1.823125
1.106545
0.440623
1.852611
1.730905
0.188510
1.347957
3.639754
1.845058
2.666504
1.373717
1.324832
1.824921
1.061688
0.677423
1.734375
1.269482
1.362126
2.541267
1.935669
2.638871
1.803231
1.094848
3.035719
1.633780
1.614190
2.881964
2.635822
2.000000
0.979938
2.199501
2.091810
2.080991
1.356108
0.341156
0.674319
1.476985
2.981929
1.560671
3.499884
1.868745
2.658164
1.281978
0.514735
2.436076
0.779993
2.199985
2.000000
4.083055
1.525810
1.970310
1.040039
3.386125
1.641982
1.564450
2.048203
1.618389
2.000000
2.206286
2.458014
2.593416
3.245968
0.461708
1.685455
1.045711
2.189118
3.724065
2.637878
1.299060
2.206572
1.655789
0.597374
0.653923
3.690690
1.949777
2.000000
2.281940
0.810745
2.243955
2.628556
1.820063
2.000000
2.335687
1.868015
1.680896
1.595577
5.448834
2.000000
1.823758
3.807544
1.561280
0.697333
4.264003
2.655783
1.686070
2.145645
3.040209
1.730798
1.005927
1.059737
2.367128
0.628496
0.973057
2.285764
1.892953
2.007999
1.664806
0.773526
7.002983
2.456070
1.970205
2.672495
0.973269
0.584459
1.671370
1.832146
0.752954
1.772710
2.777437
2.002096
2.704293
1.842993
2.455824
2.693645
3.498716
0.518504
5.843773
0.865517
1.849176
2.077990
1.801132
1.205957
1.007133
3.064396
1.785257
2.476590
0.903751
4.560136
0.631868
1.040554
3.471440
0.922062
1.801526
0.440316
0.532322
1.536407
0.109202
1.946945
1.757337
2.281419
1.921877
0.655872
1.996948
1.778119
4.001987
1.979947
0.756693
1.158718
0.728134
2.143598
0.705035
2.399608
4.293734
2.753100
3.203657
1.181932
0.872286
3.843767
2.723467
2.030101
1.115163
1.461695
3.534941
3.577716
0.903824
3.705179
1.053368
2.250747
1.548204
3.192579
2.000000
4.364230
2.374911
2.765713
1.791780
1.049361
0.806130
2.226507
2.379702
2.084061
1.168051
2.723138
3.081467
1.015141
1.948067
0.541327
2.439373
1.605472
1.749750
4.128951
1.797825
3.278119
1.801612
1.794899
2.912219
1.930752
1.126825
2.495254
2.003426
2.950455
2.358932
1.844278
2.183903
2.451421
3.799063
1.777683
3.073094
2.431267
3.068371
1.806873
1.922508
1.111281
1.613178
2.213449
1.756983
1.306532
4.035770
0.902552
2.698017
1.296947
1.650253
2.739322
1.298475
2.175761
1.223975
1.233701
4.446463
1.604259
1.242405
1.002225
2.305534
2.186437
2.000000
1.471527
1.562581
3.416118
1.959562
2.438279
1.076671
2.431536
2.832332
2.034685
1.143288
0.351370
0.712586
3.054157
1.543033
1.566609
1.147327
0.315939
0.538229
3.468704
1.256493
1.864211
0.212904
1.985835
1.727943
1.593915
3.140964
1.120848
0.716659
1.783132
1.092172
1.197777
1.731057
2.141194
1.764426
0.355835
2.057940
3.696704
1.877450
2.679106
1.765143
2.138310
0.778264
0.855505
0.433228
0.164822
2.583780
0.922917
1.687537
2.235126
2.000000
0.097279
2.667671
5.352380
0.482581
1.079446
0.866392
2.413033
1.414672
1.738227
2.039170
1.922351
3.337638
0.554189
1.863656
1.986989
1.395860
1.908746
2.814607
1.765975
0.464719
0.856746
1.653291
0.734408
2.242516
3.515708
2.531309
3.192883
2.607767
2.784872
1.403591
1.497614
0.943428
6.256792
2.000000
2.497383
2.409843
1.821579
2.083248
3.350513
2.278909
1.883021
1.270780
0.866322
0.536185
3.177666
2.946547
0.628637
1.619455
2.378145
2.859766
3.384318
0.892760
1.745245
2.585774
2.003988
3.147787
0.536679
2.752875
1.627113
2.763825
1.715011
2.351793
3.461095
0.445839
0.912681
1.750236
1.223082
0.909510
2.210232
1.744542
2.427803
2.797429
3.302530
2.677338
2.186474
1.560060
2.834789
1.634478
1.011449
1.304585
3.161887
1.289931
1.059355
3.614434
2.761529
2.000000
0.476881
1.485019
3.412309
2.000000
2.022458
2.391267
3.083968
1.923267
2.522130
2.389957
2.617074
0.628898
2.679947
1.158209
2.918022
0.770717
3.603097
2.390673
1.500019
1.483645
2.515406
1.942519
1.145293
0.444956
3.335804
1.546936
0.409620
2.198545
1.455479
0.441355
1.461434
2.492551
1.959214
7.002824
0.774402
2.696504
1.504183
0.579689
1.440827
1.686020
2.393062
2.003864
0.282034
0.475541
0.972034
1.713108
2.579295
3.138823
2.000000
2.041470
0.871193
3.378135
0.669572
3.475511
1.356660
1.750751
1.303750
2.103831
1.721397
1.266289
1.460003
1.140373
1.801852
3.042519
3.008396
1.574678
4.508175
2.369398
0.684617
2.053371
1.902496
2.160039
2.037275
0.701729
2.598705
1.809796
1.017628
2.000000
1.438635
0.964478
1.406555
2.431036
4.657212
1.478012
3.487086
4.068846
1.414253
1.197922
3.269618
1.261405
0.763235
0.886275
1.810189
0.508903
1.708492
2.903800
2.451554
0.890802
2.822027
1.523066
4.734011
2.402760
4.640339
3.167793
3.124559
0.698017
1.330731
6.037268
1.606421
0.674625
2.001640
3.642400
1.504823
1.669546
6.159149
1.874610
1.380150
1.356666
0.163883
3.070053
1.134455
0.729725
1.994655
2.000000
1.771290
2.967661
2.795617
1.403288
1.924745
2.084912
0.496840
1.313238
1.902803
0.844501
2.661766
0.426280
1.188767
2.228408
1.040895
1.604037
0.401484
5.488344
1.376049
0.533308
1.548736
1.684750
2.878293
2.000000
1.466674
1.892145
1.282811
2.000000
2.933440
0.992250
1.865306
1.539045
3.391830
1.849195
1.281930
2.124593
0.476748
2.000000
1.413676
0.891569
3.647084
1.955183
1.306022
3.383787
2.691901
1.685554
2.000000
1.551428
2.592727
2.239275
1.799389
1.291617
1.797911
1.984713
2.948123
2.448239
1.127729
5.617609
4.462353
3.242558
1.600173
2.378713
0.960219
3.869892
1.883337
2.409583
0.535306
2.000000
0.854530
1.750383
1.265259
4.345854
2.620246
1.879854
0.248465
4.015594
1.737104
2.878249
2.358534
2.662153
0.826349
2.406360
4.602870
1.384831
3.241930
2.328486
1.520343
1.987987
1.939668
0.752861
0.943139
1.045382
0.409097
2.802328
1.855322
1.975897
2.490257
2.035374
1.600704
1.677364
1.493400
6.263536
2.080287
1.990092
0.444552
1.555983
1.411518
1.667842
2.830626
0.460144
3.494292
2.310210
2.000000
1.056737
3.208943
1.240838
1.560283
1.948638
2.051885
1.260231
2.000000
3.610843
1.925013
4.923770
2.179600
3.266695
1.102867
3.881422
1.693644
1.881064
1.327864
2.434473
1.182775
0.201515
2.000000
0.854228
0.494423
1.532620
4.012622
2.271624
2.000000
2.839506
1.094004
3.827069
2.857289
2.694160
2.727242
4.460763
4.247062
2.176159
1.842629
1.323595
1.797324
0.272154
2.401774
2.649541
1.558235
5.353521
1.925134
3.630480
6.096167
1.396190
2.277909
5.587975
1.074523
1.495193
2.510218
1.605994
0.824408
2.445820
1.605812
1.869417
0.863326
0.683093
1.981599
3.084667
2.295421
2.333755
0.842925
0.234239
1.577817
0.615039
5.930026
2.471582
2.552499
0.653353
1.133873
1.626754
1.960767
2.200155
4.324121
5.505367
1.438852
2.068258
2.077874
1.892107
1.418963
1.027433
1.759408
2.113742
1.582395
3.180855
0.479661
1.568954
2.224195
3.014738
2.473190
0.705816
1.706238
1.629239
1.848002
2.309377
1.341825
2.136233
1.537081
1.624691
1.514121
3.380951
1.673850
3.911053
3.973017
2.389920
1.598291
2.206329
2.493022
1.926603
3.687400
2.988662
1.911812
2.344814
1.303524
2.942462
2.111957
0.809864
3.250664
1.734509
0.651553
1.675835
2.810523
0.852149
1.826425
1.308393
3.132935
4.091176
1.194968
2.741309
1.366149
3.039768
1.899981
3.340245
0.693838
1.515851
1.794434
1.974351
2.382359
0.863387
2.678594
1.572239
3.321376
2.849122
2.000000
1.637591
2.724225
0.899640
1.541575
0.699198
2.299815
1.991202
0.498142
1.339454
1.139511
1.134259
2.314137
2.843177
0.407898
3.088248
1.424011
2.719558
4.427991
2.531373
2.978816
1.500076
1.392233
2.617287
3.010065
0.352083
1.390349
0.440571
2.511973
3.947960
2.954602
0.656381
2.741688
1.641823
2.320484
2.785249
0.686039
1.579654
1.227935
1.926411
0.668700
1.872194
3.061235
1.756520
0.608467
2.286588
1.677819
1.848330
0.275372
1.857546
2.957896
1.164922
3.507812
1.689903
2.182293
0.501234
2.180628
2.201999
2.479058
1.802706
1.821039
0.630042
2.286093
0.509685
1.114025
1.465344
1.111521
2.249052
2.392063
1.996941
3.015363
2.616991
1.898612
2.633499
2.163652
1.904659
0.507090
1.348746
1.597878
4.069802
2.153421
4.419217
3.074185
2.546539
1.868658
1.518721
2.000000
2.490435
2.073586
1.185419
2.160813
0.767971
1.670150
1.916624
1.939809
1.259214
1.271941
3.031324
0.361673
4.027465
1.947928
2.016520
2.082498
4.671752
1.783614
1.787739
2.147878
2.008735
2.512466
2.895559
1.809505
0.733910
1.141783
2.656274
3.371880
2.677302
1.922879
3.140063
2.785377
0.254148
0.562795
1.651175
1.569242
1.428236
1.746444
2.910064
2.316658
2.218713
1.775315
0.292567
1.944438
6.828545
2.230447
2.096596
1.194752
0.953486
2.709610
2.691439
0.726742
2.908940
3.016912
0.448938
1.121153
1.614673
3.147464
3.935962
1.138346
0.934464
2.243846
1.970796
2.557757
1.592888
1.738892
3.502146
1.589571
2.004517
2.778960
1.138454
1.683986
0.290339
0.920346
0.259920
1.347521
0.860251
1.600948
2.118655
3.308345
1.185277
2.136836
1.982100
2.168321
1.450137
0.154851
1.992658
0.848377
0.582565
2.463988
1.518237
2.234019
3.964032
0.485434
0.783887
3.780530
0.308903
3.133069
0.624171
0.796665
2.916129
1.023661
2.112567
1.981267
0.875423
1.722700
0.656582
1.941288
3.974065
0.722680
2.069580
1.735708
2.399480
2.668301
4.078420
5.678958
2.733585
1.729210
2.558402
0.549930
3.414052
2.650427
5.045285
0.478078
1.467110
1.940831
1.037758
0.923097
0.753555
2.000000
1.172466
3.002271
2.422916
2.529733
0.171392
3.541810
3.061686
1.755252
3.859223
0.651757
0.952590
1.506842
0.433685
0.896355
2.549612
4.693975
1.034401
1.118098
0.357030
1.407620
1.372414
2.489588
0.467806
2.060006
2.082270
2.799394
2.456922
2.317103
1.104843
0.380148
1.292653
2.196720
0.593152
2.039163
3.224054
0.966250
3.240535
0.852557
1.695074
1.540594
3.383374
1.049488
1.324311
2.683543
0.449088
0.776113
2.305009
2.374759
2.176115
2.693957
1.403888
2.745502
1.404969
1.022925
1.819188
1.331497
2.677101
2.939296
2.152590
1.948271
2.380621
3.497892
0.972570
1.341597
2.000000
2.156404
1.344209
1.449049
1.686166
0.961120
3.372762
2.191491
0.733545
4.189130
2.085296
1.106982
1.846609
1.438102
3.603716
1.588837
1.788420
1.313851
4.345833
5.979780
0.416552
3.547297
0.463038
0.885233
2.352194
0.355297
0.595292
1.606942
1.628044
0.430297
1.517993
2.121619
0.424702
0.599070
1.521827
1.082338
1.813939
1.863185
3.469151
0.756582
1.543651
1.148485
1.682970
2.763793
1.184555
3.319461
2.124930
2.856588
1.922958
3.207709
2.443241
2.118785
0.230434
1.407635
2.404560
1.030007
0.253893
1.872393
1.690749
2.302131
1.402473
2.881155
1.409936
0.347849
2.829526
0.658194
2.000000
1.695930
1.426489
1.703203
2.073521
3.034140
6.973922
2.724411
0.308057
1.816342
1.806307
1.912584
0.843785
1.216025
3.210747
1.733925
1.808827
1.776327
2.989712
2.000000
1.635800
0.387694
1.829236
1.818658
1.756325
1.503127
1.081511
1.208006
3.086131
2.073670
1.124448
2.701373
2.000000
1.243207
4.222335
1.897273
0.487456
1.551399
0.408549
1.471877
1.820764
1.281757
0.325351
2.480516
1.886699
2.533671
1.563343
0.469552
1.002029
1.671723
1.904580
4.067075
1.085101
1.492581
0.668511
0.456741
1.044413
0.501569
2.081054
4.385905
0.446938
1.083665
2.000000
2.339484
1.055128
2.501841
2.155699
3.421517
2.906236
0.867476
0.554980
2.980023
1.718646
1.954856
4.140327
3.424248
0.838927
1.910881
2.391348
1.513584
1.835803
0.758728
0.285959
3.154289
0.621936
0.918232
1.296554
1.079195
3.077631
0.282080
3.534795
1.979081
0.388812
0.783515
1.186910
1.749168
1.601670
2.365863
1.076774
2.799623
1.070654
6.504746
2.042907
0.954406
2.007222
1.451188
0.638480
0.338893
0.928253
0.316861
2.065216
2.702816
1.672997
1.018095
0.423936
0.178214
4.262387
0.530030
1.578322
1.933919
1.362943
1.527771
0.242995
2.667954
1.647043
1.443211
0.806567
0.987338
1.402965
0.718447
1.051279
0.677401
0.862662
1.152847
1.745830
0.993371
2.389256
2.000000
1.947785
2.537045
1.428712
1.741385
3.186143
3.770437
1.801023
1.662830
3.014349
0.784910
2.077463
3.742028
1.791308
1.364201
1.434798
4.135467
0.795090
4.623820
0.954782
1.884489
1.573977
1.453677
2.000000
3.107860
0.603530
2.000000
2.452719
0.754639
2.945516
1.717930
1.459053
1.421672
1.267973
1.168214
3.696287
2.291787
1.061588
1.104901
0.878769
1.538222
1.578985
0.257019
2.000000
1.151925
1.835195
1.679492
2.599686
2.807129
1.068164
0.592432
0.690355
3.424480
2.625455
1.885351
0.692109
3.822652
1.430764
2.058025
0.724857
4.470811
0.252441
0.914493
3.328390
2.325125
2.408411
2.523188
2.315950
2.816322
0.521445
2.944560
0.473524
0.385140
4.536479
2.173412
3.344394
2.166487
1.554834
1.647790
3.011931
2.628301
0.629632
1.365084
1.464473
1.083598
1.965267
1.909496
1.883969
1.813121
1.954859
1.627850
0.395219
1.639452
1.989453
1.562608
2.864735
3.246598
3.239109
2.021633
3.987209
1.845326
1.122001
1.880170
0.291471
3.488618
2.768080
2.360175
2.271803
0.521395
2.477762
2.182837
1.843733
1.767648
2.403916
4.018284
2.101432
1.583108
1.854270
2.000000
0.868282
5.300273
2.346447
1.485960
2.190458
1.379855
1.289873
2.006095
2.811480
3.566787
2.065444
1.832380
4.166474
1.095342
1.422004
1.500897
1.311077
1.575544
2.524141
4.491185
1.670138
0.419408
3.276095
1.714490
1.038878
0.209464
0.892629
2.410010
1.025365
4.445566
2.014711
3.908057
0.812158
0.895819
1.159561
3.450327
2.130738
2.516269
1.568267
2.903376
2.013279
2.582347
0.839618
3.219349
0.866233
1.790087
0.356408
1.536034
2.000000
1.258421
2.351728
0.536666
1.960741
1.456688
2.000000
0.944110
5.555402
3.650269
4.371451
1.321819
1.460348
2.029212
3.168755
1.853095
2.395515
0.621684
0.651070
2.777688
0.620230
4.260462
1.353974
1.353152
2.316380
1.233950
2.076091
1.745924
2.784666
2.190847
4.629004
1.306600
6.329983
0.930093
0.583390
4.381561
1.670608
1.763170
1.265218
3.559147
0.894508
0.953134
1.497075
2.717764
2.959923
0.794150
2.512249
1.895781
0.671565
0.686748
0.583086
1.779693
2.937278
1.989721
2.725029
0.577775
4.942769
1.090230
1.691138
2.935112
2.238988
3.417920
1.379976
1.238712
2.653443
0.130988
2.362420
1.475424
3.098565
1.350237
2.007266
2.000000
1.625356
1.699240
0.460773
0.782115
2.406394
1.653880
1.848514
0.677244
2.351403
1.579655
1.875891
2.211025
1.263845
2.442918
2.000000
3.507290
2.450525
2.031739
4.237057
1.077684
0.450723
2.245141
1.917666
2.051738
1.675699
0.623122
0.762173
2.654718
5.526395
1.951114
0.637255
0.990339
2.653557
2.244906
0.703415
1.307830
0.651528
4.097778
2.408931
2.965003
0.867365
3.272277
2.621135
2.709142
3.204708
2.291252
1.447924
0.419831
2.369591
0.930998
1.495524
1.971870
2.221722
1.406280
1.566385
2.176393
2.068204
2.425119
1.350841
1.638455
2.153207
1.954501
4.136732
2.900163
0.579666
1.867483
1.311835
1.621228
0.507013
2.176915
2.386471
2.278240
4.025805
2.135867
0.990282
2.048438
1.028938
2.505335
3.799172
1.860500
2.017008
0.924864
2.317722
2.000000
2.862162
3.731933
1.346039
0.678576
2.338383
4.532383
0.209704
2.105509
2.285252
2.945721
2.638802
1.800354
1.716980
2.135659
1.638486
0.627210
2.457698
1.361056
1.617776
3.445411
1.520742
2.451144
0.989464
3.156087
2.000000
0.898294
1.095793
3.909878
1.862599
2.424093
1.863241
1.526546
2.260475
3.924807
2.101266
3.597825
2.460277
1.259184
1.720597
2.000000
1.739360
1.110419
1.385654
1.199502
2.393672
2.462965
0.865195
1.946716
2.958309
1.642403
2.352473
2.043476
1.350571
0.892024
0.424617
1.809293
1.585292
1.459682
1.826520
1.289274
6.030102
1.452966
1.546671
4.765384
1.045834
5.044822
1.166768
0.791223
2.538846
2.340623
2.892340
2.519380
0.395020
2.853811
1.884761
0.733031
1.101340
3.000655
4.344942
0.415207
2.003916
0.817623
1.873517
0.861596
2.807961
0.295235
0.463584
1.369425
1.362908
1.420959
1.353133
10.981816
1.027387
3.297468
1.771400
1.588425
3.821660
1.447751
2.278528
0.875278
3.245721
2.230299
2.841822
2.000000
1.088039
1.764908
2.211732
0.568256
0.695105
3.044776
2.614207
1.411723
3.104123
0.599169
1.728124
1.492506
1.257258
1.110940
2.144747
1.767227
0.859601
2.941170
1.566091
2.707601
2.696616
1.281482
1.622579
0.846988
0.542528
1.128628
2.911205
2.201512
0.515706
0.550325
2.000000
1.612141
2.000000
1.318719
2.404758
1.522381
1.477220
1.011040
2.360963
2.177978
0.634910
0.667519
4.064758
1.439544
0.276382
1.688260
0.492405
1.631170
0.406743
2.073322
0.669316
2.472456
1.448599
1.430745
2.265710
2.823237
0.742485
1.479386
0.774291
0.754340
0.691533
1.833143
1.541601
1.326537
2.774533
2.074855
2.413359
3.980960
1.703914
2.986482
4.503776
2.375337
1.658687
2.491241
1.455197
2.152802
3.143136
0.273978
2.261705
1.614619
1.297616
0.591920
2.217773
2.055205
3.697626
1.236479
2.259375
2.000000
1.365066
1.334701
1.048751
1.346480
0.318729
4.254446
0.074596
2.406273
6.807065
1.495793
1.073146
2.000000
1.507532
0.319274
0.997615
4.346191
5.183732
2.400988
2.898891
2.591007
3.629750
2.469644
2.778560
1.795215
1.378183
1.799420
1.624730
2.133987
2.000000
1.880921
1.781909
1.930190
3.335012
0.917207
1.922572
0.533560
3.337886
1.247793
1.787590
1.867827
3.651437
1.328313
2.577651
2.120260
2.624327
1.703562
2.718433
1.244314
1.213866
1.209034
1.456347
3.715140
1.613232
2.620424
3.341136
2.913080
1.647698
2.473880
1.550849
2.313919
3.077378
1.421817
1.924444
0.554811
0.803177
1.912445
1.743091
2.877177
2.613149
2.059469
2.290070
1.926775
2.047285
1.375891
2.580268
0.942340
2.235244
1.580118
2.334183
2.158497
1.365400
4.196521
2.666528
4.256097
3.060117
0.261950
1.919057
1.826154
2.657545
0.432689
1.150974
2.470540
3.926195
0.294089
3.304476
2.092108
0.743380
1.160558
1.730848
0.774069
5.474372
3.366108
1.002131
0.559992
2.378276
2.295511
0.795607
1.269391
2.755510
2.580595
1.624308
0.790273
2.593767
1.523108
2.432292
0.864686
4.580042
3.734551
2.820004
1.243104
0.929786
1.998816
0.996217
1.120765
2.845589
0.345887
1.653660
2.341264
0.516374
1.198440
1.745551
0.646021
0.171096
1.480354
3.740199
0.980673
4.302298
2.570718
2.035106
2.808668
2.840849
4.100149
1.705920
1.589443
2.000000
0.439285
0.898573
2.098957
3.813232
1.826821
1.305679
4.440700
0.214691
3.129864
0.972422
2.415814
2.127405
5.120846
2.534427
2.970611
3.192455
0.588993
2.651266
2.714374
0.762581
2.000000
3.029739
0.674730
1.983957
1.142601
2.131329
1.942809
0.670016
1.829991
1.914114
1.964407
1.829588
0.363295
1.721135
4.286421
1.611959
1.162332
1.948177
2.681514
2.224141
0.505366
4.505832
1.487376
1.600353
1.820140
1.622973
1.572452
2.073826
1.501207
2.150984
0.671808
1.561603
1.104360
1.030174
2.507376
3.143730
2.000000
1.969495
1.466220
2.314242
4.870512
4.298665
1.661617
2.160796
1.830499
3.951562
1.915719
4.541780
0.834580
1.233775
3.336005
2.093831
1.653872
1.309244
4.884472
1.446229
0.129350
1.069511
2.000000
3.729051
2.562751
0.215163
0.546661
0.996770
0.494605
1.564100
2.610571
1.947171
0.368229
1.431270
2.358528
3.059908
3.621626
0.335608
0.474683
3.851243
0.705360
1.558664
4.642599
2.387816
1.625593
3.097114
0.519274
1.568280
3.428630
0.833466
2.184625
0.310924
0.667821
4.463734
0.455318
4.795344
2.500963
0.325408
1.459096
1.965166
1.777283
0.758309
0.678178
1.325938
1.406730
3.179347
2.499236
0.822099
0.726442
1.450123
2.782189
0.566144
1.169328
0.761140
2.672086
1.736749
2.000000
2.379554
3.251134
3.349602
0.170872
1.150580
1.136612
3.881380
2.375489
1.923107
2.897231
2.455237
0.958754
2.390834
1.691975
0.993122
0.810209
1.539018
1.505843
1.365879
3.711792
1.683574
1.126406
3.324576
0.869705
5.674973
0.616136
5.992063
0.656952
2.042638
2.203595
1.269310
1.148736
1.031579
1.486756
3.028792
0.411869
1.822114
2.901026
4.308381
1.535637
2.668778
1.439832
1.665391
2.504441
2.078584
1.270232
3.396590
0.289699
1.882666
1.133057
0.955444
1.943175
1.759041
1.103147
2.850438
1.331619
2.984739
1.015274
2.254939
2.042997
4.840611
1.978805
2.000000
1.445383
2.000000
1.846161
1.364013
0.547245
1.540888
1.909714
2.120718
0.798114
1.661965
3.115669
0.562157
1.049977
1.292822
0.815478
2.281812
3.524413
1.838247
3.585752
2.953610
1.698474
3.608808
0.716104
1.211024
1.174258
2.000000
1.999751
2.115991
1.075470
0.739870
0.570195
1.934957
2.000000
0.974071
0.757617
0.971478
1.466058
3.641466
2.940502
0.561897
2.195328
1.700802
2.507474
0.498245
1.234998
0.706229
1.801324
0.792277
1.361873
3.601149
2.675839
2.178357
1.552028
2.342742
1.436417
2.209291
1.409463
1.192168
0.337525
2.081142
1.755534
1.168913
1.534042
0.860248
1.132636
0.522825
1.737555
1.935922
3.078445
1.414317
0.790701
1.300146
1.707399
2.871084
2.347097
0.683222
1.133261
0.876988
2.524304
1.037651
2.077954
2.691981
0.588198
1.801950
1.974253
4.888685
1.386795
2.678001
2.000000
3.311198
1.799152
2.288208
2.745750
1.600158
1.309910
1.017722
1.943455
2.480192
2.000000
2.031180
1.390786
2.062507
1.887590
2.252779
1.385680
2.938104
0.609265
1.082751
1.384677
2.012132
2.048625
1.601514
1.857252
4.359309
1.934537
0.906673
0.228853
1.395140
3.971760
0.739810
1.962462
1.458969
4.051865
1.346731
3.213017
1.654479
3.085151
3.385665
2.040177
2.398187
0.539006
2.285046
1.030616
0.847865
1.649451
0.720271
0.452419
1.222644
4.891603
1.965010
4.560477
1.824821
1.154621
2.381183
1.805987
3.888581
2.222971
2.041859
2.929179
2.515237
1.648986
0.766955
2.299155
1.208369
2.186288
2.098703
1.900344
1.089226
0.554407
0.292577
2.716331
2.517921
2.156678
1.925951
1.782191
1.788169
1.797881
1.661366
3.013658
1.773093
2.532670
3.011034
2.212779
2.087940
1.873660
2.377867
3.174969
2.006773
2.765639
2.247591
0.538920
2.523814
0.756926
1.993702
1.512255
2.184840
2.119530
3.699060
1.969326
0.900030
1.172618
2.174147
0.283993
2.000000
1.880244
0.874408
1.224975
0.728514
2.000000
0.684175
4.442191
2.348452
1.560784
0.810502
1.547170
0.798590
2.881658
2.967273
1.809368
2.000000
2.333848
1.936265
2.059518
0.330809
2.881873
1.650711
3.404488
1.173520
3.157498
2.474905
2.488754
2.080105
2.747048
2.216022
0.423431
2.607034
0.940930
2.936697
0.537036
2.000000
2.299858
1.437757
2.822798
2.395697
1.714087
0.328133
1.134899
2.970374
0.600484
2.000000
1.746614
3.032111
2.343679
2.349182
0.520733
3.290527
1.153051
1.421271
1.542726
3.234246
2.016376
3.378045
2.016283
2.600368
2.328249
1.088330
1.426943
2.175651
2.061716
2.395424
1.242347
0.706572
2.491550
1.870033
2.067610
2.816996
1.834172
1.679697
2.765423
2.585663
1.921200
1.984916
0.980507
1.112671
2.916038
1.584686
1.030810
2.094761
1.264842
0.641827
2.135226
2.247887
1.669312
1.007415
0.991236
2.298939
0.871914
0.663780
1.097270
1.779994
1.430288
2.341435
1.821869
2.842103
0.368734
1.846341
2.733676
0.833046
1.861759
1.553301
3.574309
1.603675
2.436712
1.044340
2.621919
1.263906
2.852735
1.819313
3.385024
1.978342
1.752085
0.696656
0.835502
1.777420
1.935212
3.068120
1.508352
5.128156
0.848926
0.385810
1.700971
0.964688
1.053738
1.230394
3.283060
0.936608
0.728760
0.380088
1.784907
3.745388
1.706217
4.594995
1.797455
2.058026
0.642948
1.070777
1.052751
2.548386
2.578585
1.462386
1.122772
3.240805
1.272660
1.248323
2.389534
3.168281
2.148981
3.094100
0.389803
1.724304
0.685616
1.995394
2.271634
4.109381
1.227989
0.718384
1.730350
0.933687
0.675689
3.645803
1.105049
0.546380
0.998918
1.324839
2.000000
2.000000
2.351843
2.763409
1.110459
1.536578
2.316703
1.785061
0.820214
2.120095
2.071816
2.318227
4.759128
1.829130
0.353501
2.078928
2.382891
1.999500
0.701932
1.722308
1.899217
0.271968
3.624968
1.083955
2.633350
2.331189
1.257005
0.226010
0.899505
1.394728
6.312707
2.000000
0.465163
2.256034
2.000000
3.014583
1.838888
2.000000
0.501137
0.697020
1.550856
2.347184
1.676475
2.840884
1.842448
6.365522
1.397501
2.383330
1.791035
0.970190
3.146816
1.248661
2.516431
1.929904
2.897240
0.403243
2.179447
1.359490
2.237189
0.742305
2.973608
1.731521
1.960603
1.695465
1.584082
2.768262
1.064205
1.733339
2.180479
2.167806
1.699207
3.638314
0.645904
0.868175
3.145145
0.989042
3.215203
1.913539
3.323894
2.415691
1.470906
0.833430
3.066374
2.876665
4.341959
0.470158
0.091709
1.838599
2.575994
2.671335
1.104586
0.472936
0.926943
0.351069
2.104705
1.088156
1.187178
1.335303
1.606209
2.130818
2.216736
3.439566
1.101651
1.753912
0.939041
1.521116
2.166476
1.869504
4.431029
2.603353
4.613654
2.103947
1.990924
2.562136
1.368341
0.659058
0.646902
1.056923
0.683225
0.388466
0.349030
2.444592
1.453500
0.841644
1.122434
1.101037
3.165477
1.926950
0.276771
3.494148
0.382105
2.497823
1.809649
1.852291
0.603190
1.528322
1.456991
2.055657
2.768203
2.568409
2.498890
0.822269
2.263771
1.687467
1.054188
0.888687
0.948908
1.496482
2.822428
3.570174
2.281734
4.144962
1.119142
0.612179
7.221060
1.996420
2.357725
1.881454
3.772804
1.994292
1.597322
1.666719
2.119788
2.970581
2.447600
3.430588
1.811939
3.980491
1.145295
0.291119
2.000000
1.321517
2.253402
0.721900
2.051165
1.445188
3.279680
3.425512
1.467678
4.105194
2.110894
1.222808
2.867432
1.446127
0.980302
1.440187
4.809664
5.259896
0.957413
2.083553
1.972928
2.487702
0.268814
1.868676
3.373988
3.938629
1.783390
1.278471
0.918963
1.273627
1.249007
0.727804
2.965422
0.189918
1.441713
1.884317
2.580106
2.792681
0.222092
2.189127
0.778320
1.659440
2.978138
1.402168
0.529264
2.738845
3.374525
2.195680
3.262937
1.214671
0.650196
1.985463
3.614942
2.000000
1.069359
2.365824
1.744063
3.677513
0.954621
4.037197
0.954359
0.733173
4.762180
2.069373
1.351009
1.856972
1.637867
0.811540
2.104619
1.629136
3.319297
0.852033
0.804140
0.986734
0.323901
3.956915
2.707691
1.550422
1.677315
1.166190
2.000000
1.756495
1.452883
4.897479
3.616897
2.290279
0.626868
2.671094
0.514348
4.879770
1.927031
0.956421
2.000000
4.779060
1.687261
1.104464
3.782310
2.222211
0.663469
2.162988
2.839499
2.775147
0.443124
2.000000
1.944450
0.278568
1.070107
2.609688
1.902311
3.588607
1.814237
0.541031
3.293573
3.939957
2.117944
5.492498
1.534643
0.677537
2.926892
3.632039
0.667789
1.180651
0.412875
0.902506
1.740613
1.391907
1.765135
1.708712
4.685577
2.582325
1.676651
3.117659
3.899832
2.000000
1.515379
1.182128
2.514770
0.365336
1.787604
1.263107
3.696587
4.459692
1.584844
5.133722
1.662605
4.458429
0.845705
2.017445
1.578565
2.000000
0.857589
0.880293
2.282438
2.279758
1.867034
0.724000
1.239634
1.489998
0.921642
1.862910
2.398063
2.810593
1.001034
1.632798
2.139812
2.136225
1.317417
0.312219
1.011081
2.460330
2.491937
2.299318
1.747175
0.364350
1.192962
3.800714
4.444984
3.613765
1.153064
1.629483
1.775624
2.059133
2.113356
1.404129
2.000000
1.873248
1.582414
1.860515
0.615378
1.934271
0.515686
4.167724
1.427082
1.599890
2.668514
0.514221
1.243370
2.202392
0.694849
0.824337
1.839842
3.123660
2.759177
1.649773
2.852472
1.178112
0.970811
2.795347
0.789983
0.963185
2.650009
2.000000
0.959322
3.132104
2.051319
6.261670
1.888815
2.576601
1.254641
1.532405
0.248831
1.946033
1.475877
1.348572
2.529316
1.333458
1.757950
2.281957
0.862972
1.144996
2.000000
2.126498
2.273695
2.191918
1.440572
1.321176
0.560471
1.678058
1.721805
0.925870
1.772446
1.446124
2.814936
0.992106
0.661420
1.543179
2.002285
1.109377
1.432243
1.536904
4.838032
1.269394
1.550873
3.547634
0.734175
2.251260
1.616845
1.543425
0.723725
2.987510
1.132445
0.279066
2.074579
3.958842
2.000000
0.888314
3.086035
0.709964
0.966904
1.523194
1.056293
1.841991
2.000000
2.407176
1.204518
0.988562
0.266203
1.177022
3.182729
2.563780
1.232837
0.947967
3.198397
2.777862
1.777646
2.010598
2.000000
1.504639
1.122252
1.109631
2.444194
3.492942
2.223856
6.511331
4.518882
0.706000
1.591326
2.934913
4.459960
1.417612
3.326787
0.808748
0.673478
2.802614
1.260631
3.167514
2.517377
2.535055
1.177804
4.823189
0.451785
1.499724
0.774998
0.661712
2.000000
1.926062
2.176347
1.318556
1.301816
2.208447
2.530608
2.240005
2.423441
1.200805
2.216578
1.597754
2.155380
0.741268
3.618227
5.198493
1.144820
2.006456
1.942500
1.318267
2.091828
1.308683
3.270894
4.534293
1.015001
1.546257
1.472152
1.680437
6.199417
2.196971
2.990901
1.196327
0.628696
3.036636
1.583667
2.550446
1.131258
1.581969
3.481914
1.173112
0.672854
0.320475
0.443409
5.077613
1.961742
1.645403
1.520858
3.250599
2.331252
2.279062
2.957494
2.357820
1.760449
1.040167
2.373904
3.414626
1.782048
1.369086
0.647182
2.307306
3.017068
1.266592
2.291706
3.172822
1.703821
2.678719
1.796008
1.042416
1.017698
2.565212
2.360398
2.494078
1.785194
1.578224
5.173950
0.309021
1.742080
2.263835
2.064955
0.601018
2.421212
1.493802
0.858565
3.706729
1.905961
0.322175
2.164500
1.605399
2.603237
3.346532
2.525107
0.759769
1.485239
0.980745
1.083994
0.298029
1.439639
2.591949
0.361925
3.508834
3.058927
1.538449
1.984146
1.786259
2.687372
0.611065
1.297061
0.932529
2.142303
0.836826
2.066127
0.421678
1.207924
0.709838
2.277207
0.518088
3.205950
0.767130
0.987861
2.109742
2.228545
1.045661
1.031413
2.671542
4.060712
1.642453
2.310649
1.410711
0.982244
1.709996
0.488431
1.688155
1.833736
3.094087
2.143603
1.145544
1.590275
2.000000
0.834070
2.276343
2.273045
0.332331
1.604958
1.931445
2.000000
3.833945
3.467006
2.408585
1.231869
0.216638
2.259426
0.888002
2.980372
1.089669
0.887435
1.782320
4.833697
3.891585
0.584013
0.550794
4.902231
0.237346
1.325010
4.059956
1.272481
1.392254
1.765812
4.726295
4.372618
2.886191
3.033308
2.000000
1.444596
2.104155
0.420386
4.126073
0.787138
1.757705
1.800966
1.200659
2.000000
1.723683
0.581644
2.426948
0.867896
2.230386
0.942500
3.154829
4.125666
0.526710
1.554346
0.467293
1.749697
0.391807
3.471256
1.016420
1.326258
2.733878
3.151138
1.939439
3.309418
1.073572
1.796890
3.037296
1.125307
0.289354
1.370319
3.718582
2.000000
0.604650
2.119884
2.865558
0.668229
1.149864
1.604764
0.674586
0.706611
0.497623
1.371714
0.269392
0.991002
1.621402
3.127521
2.608613
2.777984
1.372692
4.207770
1.753357
2.153840
0.952963
2.172207
1.880783
0.961683
2.566371
1.194421
3.916525
1.465194
0.529712
0.671170
2.599520
1.813782
0.937159
0.782080
2.000000
2.506825
5.207487
2.995156
2.133426
0.616514
3.070701
1.922729
1.575056
2.000000
2.771085
3.280502
2.876665
0.815478
5.862079
2.000000
1.477137
1.096400
3.071284
1.852913
3.373374
6.251697
1.282043
1.056471
1.719223
3.684244
1.167362
3.003807
3.347542
1.674832
2.328888
1.672902
2.305106
1.811296
0.443321
2.311815
0.947306
2.080104
2.839588
1.042349
0.490182
2.049088
0.700991
3.066427
1.609774
0.797330
1.119576
2.139701
4.425102
1.206540
0.876125
1.688654
0.415797
1.282211
2.725545
1.318837
1.470078
1.616005
3.548840
2.057450
1.950921
1.994902
1.403081
3.497429
3.655092
2.046354
2.053688
1.833729
0.431299
2.719027
1.050056
1.107821
2.153164
1.088113
0.524465
3.459780
1.928483
2.000000
3.023415
4.003224
2.877027
0.584953
0.306652
6.264117
2.113902
3.620703
2.606087
1.605194
1.740728
2.414586
1.679896
1.834898
1.734009
2.620308
3.599725
2.443296
2.736005
0.316308
4.881950
1.879413
0.832532
0.493363
3.556198
2.215404
3.615779
3.557979
3.534814
0.950146
6.070245
3.684064
2.000000
0.857815
1.356366
2.414667
1.686674
3.811542
2.397258
0.937861
1.777496
2.677119
1.598836
2.529503
1.357897
2.587368
1.427390
2.378540
2.905075
2.123458
3.279520
1.718896
0.839020
0.527866
0.674399
4.000245
1.903635
4.335779
3.630582
1.656594
3.216007
2.022640
2.010865
2.019525
1.363194
3.916469
3.002903
3.536205
1.587684
3.325587
0.525369
0.993136
1.243832
0.475405
0.295859
3.608550
5.172769
1.221948
1.342094
2.242334
2.311977
1.640251
1.396186
2.702593
1.622970
1.069680
1.332003
2.428866
2.313486
1.227042
1.827959
3.035705
3.438039
3.044669
3.676342
1.892328
1.557156
0.891149
0.542388
0.647489
2.226896
2.628376
1.945255
1.575446
2.000000
1.229404
1.320035
2.000000
0.897093
0.652994
0.963954
0.818263
2.457846
2.514232
1.420863
1.595278
0.843872
1.498642
3.054802
0.088681
1.208242
1.615716
0.674249
4.719758
2.504541
1.696075
2.707667
1.595634
1.401998
1.979499
0.378326
1.208554
2.681149
2.614836
1.049621
2.051579
1.432243
2.148271
1.037191
1.597132
1.810061
3.799239
1.159790
1.930121
0.806034
1.953914
2.000000
2.210440
3.070553
2.118802
2.242795
1.396842
4.129199
0.914643
2.847558
1.539478
2.478656
2.350923
1.589971
1.438576
1.702419
1.145455
2.361005
3.298821
2.120712
0.340721
4.414001
2.893188
1.084658
1.308503
1.335107
1.228877
2.796684
1.838410
6.376172
2.855145
2.470304
2.889181
1.010030
1.621240
0.432314
2.093622
0.749374
2.217920
1.428567
1.333691
1.612935
2.033748
1.270863
1.886477
1.902108
2.000000
2.725201
1.157493
0.826716
2.092407
1.484805
1.514786
1.583570
1.636752
1.873045
3.658051
3.355767
1.905019
1.253920
2.353486
1.788626
1.420663
1.316909
1.062120
1.959595
4.087710
2.839959
1.149694
1.110967
1.272279
1.615819
1.223737
1.864776
0.997993
0.966247
2.000771
1.149514
1.804088
2.268620
2.275321
0.722062
2.265758
1.077619
0.327915
0.858733
1.226155
2.076759
3.861429
2.098109
3.426723
1.425750
1.113992
1.992819
2.419909
1.326661
1.593497
1.716833
3.916265
1.283541
0.709002
0.888103
2.000000
1.197514
0.579941
1.158468
1.768899
3.041083
1.355375
1.419103
2.833267
1.190219
0.531279
1.851108
3.013871
1.700087
2.098623
0.265109
0.681870
1.741698
1.323087
0.733225
4.638599
1.819721
0.657973
0.893701
2.321173
2.705070
1.985326
0.892960
2.514299
2.008198
1.397528
1.262889
2.609272
2.210162
4.374942
2.128196
0.148059
2.000000
2.269266
1.391342
0.396981
1.374171
3.104767
0.642741
2.000000
1.847055
1.690949
1.713274
0.207486
2.008455
1.157975
2.917611
1.418217
3.070677
1.605214
1.455653
2.151253
2.182662
1.223795
0.562898
1.286498
0.878113
1.992356
0.893771
0.438558
0.638015
2.104312
0.639443
0.622805
0.812583
3.293751
1.745522
1.071073
2.948066
2.277535
1.429419
2.693290
1.086233
2.863768
0.799438
1.723161
1.159169
0.421594
1.000796
1.435922
1.786014
1.402897
0.708777
1.817931
0.347246
2.189366
1.105914
2.590943
2.000000
0.964011
0.741458
1.302216
1.080844
1.419594
2.043874
1.571365
2.749838
3.319938
3.301239
0.564077
5.267236
2.018837
0.977444
2.000000
0.408553
3.378942
1.586341
2.864274
3.332377
2.360996
0.344665
0.801692
1.585457
3.689488
1.207279
2.773695
2.292214
2.005730
2.971958
0.534980
1.483390
3.653775
2.235329
1.862405
1.922907
2.288282
3.598563
3.018248
1.457640
2.192281
1.071658
1.788167
3.004680
2.091754
2.460159
2.006464
0.760762
3.045516
1.784340
0.618832
1.027093
3.279582
1.136346
1.719161
1.263572
1.696109
2.525545
1.570422
1.390695
1.730008
1.262673
2.307586
2.726371
2.898359
3.183110
1.341792
0.839228
1.284307
1.641596
1.402016
3.413728
1.800152
1.915376
2.076998
1.894954
0.352872
0.223776
6.734830
0.568492
5.718626
1.072271
2.034883
1.503245
5.483187
1.802784
2.535992
0.646759
2.320346
0.801357
1.137462
1.376443
2.000000
1.744196
1.752774
3.476088
2.000000
1.732669
2.511022
2.000000
1.506066
1.587948
2.059864
1.287845
2.385915
3.814412
1.338312
1.844404
4.291880
1.381779
1.854215
3.166948
2.217746
2.911448
0.889944
1.532449
0.815696
1.669889
3.084670
0.525677
0.428069
1.268010
1.259243
3.902566
0.933506
0.626993
1.730559
1.519237
1.006925
1.908561
2.442909
1.139481
5.247269
2.469535
1.175367
2.483277
0.732381
1.601448
1.288596
1.413231
0.916609
0.323154
0.082873
1.802932
2.012348
3.059489
1.832277
1.871604
1.421527
1.140668
2.779046
0.981072
3.163616
2.082844
4.979570
2.605295
0.684131
2.185494
0.273131
3.687084
2.461736
1.687574
1.904151
1.984708
2.310464
0.860476
1.081085
0.166802
2.713769
1.692535
0.489089
3.046642
1.716517
1.453920
1.651816
2.140213
1.133455
2.000000
1.034788
0.934723
4.013386
3.643269
3.093264
3.137941
1.742472
0.745207
0.492068
2.000000
1.239311
1.404619
2.000000
0.987338
2.261241
1.746875
1.299422
1.762459
2.740622
2.000000
2.000000
2.666379
1.680078
3.189195
1.664952
1.372285
0.427138
1.986806
2.240283
2.327514
1.052409
2.000000
1.985811
1.617411
1.661923
0.872293
3.213022
2.355331
2.000510
1.069603
2.947206
1.792784
4.227923
1.547735
2.000000
0.752398
1.884506
2.729335
1.835119
2.150208
2.410424
0.872085
1.828153
2.052933
1.984474
2.644438
2.464384
2.120728
1.369156
1.322402
1.526557
2.863770
1.310401
1.280746
2.970108
2.172060
2.161768
2.994456
2.099161
0.443995
1.394382
2.700819
3.333247
2.000000
2.743399
0.697745
2.054898
1.417229
4.788010
1.626180
2.891579
0.712540
0.355996
1.573233
5.487761
0.538030
1.712400
3.515053
0.196661
3.177183
1.264661
2.020504
0.479733
3.116332
3.371734
2.878914
1.957276
1.742130
1.157849
0.644627
4.191068
0.638754
0.981044
3.180794
2.299047
0.234203
1.264265
3.477288
1.779483
0.681972
0.675533
2.429284
3.439503
1.351674
2.554606
2.709234
1.842009
2.945971
0.575276
4.278055
1.970581
1.065338
3.645895
2.384752
2.615987
1.218353
0.832304
1.298529
2.259699
1.201069
3.408714
0.783737
0.833954
0.440484
1.981344
0.760682
2.079779
2.356333
1.415275
3.091947
3.867526
1.229554
2.734244
3.235926
4.828034
0.586965
2.784801
2.125089
1.672189
4.638967
0.615431
5.164527
1.081300
2.847635
2.458261
1.586342
1.724926
2.956712
1.414080
4.009051
2.145146
2.235182
1.555514
1.320884
0.787936
2.195887
0.277373
1.287553
1.372492
1.472254
0.804177
1.941173
1.231876
3.655839
0.990556
2.936705
1.365611
0.768411
0.915605
3.574524
3.262425
2.756981
3.204175
0.843288
1.348782
3.559851
1.860650
1.313154
0.572611
0.080136
2.000000
2.496333
0.659390
2.039883
2.079695
2.000000
1.196282
1.999587
1.278849
0.954614
0.965512
4.836382
3.187658
2.516408
1.302784
1.409063
2.420198
0.915460
2.538476
0.672530
0.732692
0.458323
3.513761
1.516728
2.669533
3.484965
2.663008
1.204944
4.197811
2.716673
0.694557
3.308152
1.372658
4.732754
1.480116
2.054512
2.878754
0.731113
2.678238
0.217968
4.797360
2.985342
1.788618
2.380570
1.019462
3.396988
2.675122
1.262013
0.386615
2.587361
0.835676
1.412372
1.678588
2.324812
0.677069
0.904409
0.544027
2.351455
1.736234
0.811370
0.633939
3.155201
2.754740
3.539982
2.703275
0.893595
2.549717
2.260721
1.940656
2.353657
2.895623
1.771395
1.967594
1.465858
1.152906
1.072560
1.463333
1.865030
2.111534
2.746049
3.075938
2.078952
0.571530
1.421046
1.269451
2.692413
1.668160
2.921700
1.873137
2.228394
0.776793
2.031549
2.341465
2.456008
1.732481
2.664686
1.709504
4.169646
2.964324
2.591645
1.788769
1.071511
0.333807
1.551543
0.713564
2.672638
1.614590
3.533628
1.666830
0.898104
2.251029
2.623971
4.226019
3.128920
1.231077
1.137216
1.540232
1.585717
3.002428
2.568266
3.725972
2.740971
3.691003
3.352805
2.000000
1.662127
0.899030
1.282428
2.681250
2.314267
6.585901
0.816378
0.589953
8.544747
2.033354
1.149108
2.029126
1.818037
1.434141
1.996712
0.898570
0.844449
1.018876
1.146705
2.010253
1.993299
3.536132
1.747303
1.737936
1.449094
0.417477
1.003521
1.257835
0.779325
2.364958
5.602247
2.351541
3.037911
2.526839
2.788785
3.534384
5.228518
1.895485
4.550359
1.953824
2.639925
2.308920
1.512508
1.195224
1.718801
1.367032
3.103075
1.530650
1.616003
2.000000
1.191965
3.031022
2.000818
7.834548
2.110310
1.678689
3.262737
1.108765
1.938845
0.073239
1.627187
0.625977
1.734847
3.483848
2.389813
4.526166
1.589059
0.977909
0.773325
1.341300
4.673573
2.000000
4.049224
1.619573
1.396362
2.063774
2.000000
2.413069
1.988343
2.000000
0.856675
2.433830
4.685256
1.686585
0.921750
2.540766
2.124745
1.116123
1.232076
1.641709
0.463325
9.339842
1.465838
1.480923
0.659371
3.769328
2.237456
1.853436
3.620830
4.122635
1.350190
1.853798
1.510321
1.874448
1.367327
2.000000
3.503522
1.874264
1.791617
4.587349
2.549338
1.946610
0.590690
0.948292
1.958002
3.386210
1.813226
0.973868
2.037728
1.685878
2.316040
2.000000
3.833570
0.852877
0.959382
0.487495
2.020554
0.960422
2.389182
4.028548
1.108173
2.000000
3.136964
1.393848
1.595372
2.956363
1.954724
2.725128
1.988390
1.098100
3.456814
1.354693
1.229712
1.368220
1.200207
2.703943
0.410510
2.341031
4.160605
2.130433
2.129946
0.515851
3.654301
0.791068
0.876681
1.879088
0.614068
2.609140
2.000000
1.137832
1.536566
1.864560
1.555979
2.000000
5.275041
2.000000
2.322902
3.659038
3.102683
3.268300
1.834766
1.169937
1.851931
1.801329
2.010761
2.569909
2.373048
0.300016
1.323043
2.413602
0.249895
1.571333
1.826774
1.602128
1.514700
3.252377
3.862512
4.009414
2.336689
2.829018
0.554729
2.534698
2.445146
2.270373
2.096367
2.000000
2.000000
2.751463
2.426978
2.232325
0.863509
1.994879
2.734833
1.905450
2.696724
0.707933
3.281954
0.670350
0.561945
1.866564
0.759174
1.896666
0.661261
2.043576
1.201268
3.469624
0.555964
0.714364
3.970175
2.658307
1.848992
0.859491
0.366652
0.324780
1.672745
3.368522
3.086508
2.302941
2.082990
0.200209
0.899856
2.075143
0.455938
0.275870
2.574279
0.812132
0.992709
1.959890
0.685865
3.022735
3.267153
2.155017
2.000000
0.826888
1.688720
5.752232
2.000000
4.668043
1.873867
5.137514
0.891745
2.041569
2.041363
0.458802
2.000000
1.931727
1.708171
0.414668
2.996712
1.399991
2.161809
2.010572
1.007883
1.863985
3.663804
0.722814
4.334048
1.997762
2.578430
1.606233
2.888461
1.836474
2.047641
1.885895
1.799705
1.151628
1.845680
2.505514
1.736197
3.501091
1.393458
1.744072
1.584573
1.631663
1.786276
1.208863
3.323561
3.519969
1.173508
2.865457
0.696527
2.514564
2.157792
0.731372
1.877214
2.931236
10.069252
2.609543
1.648279
2.216662
0.902011
3.979468
1.628688
0.316763
5.387419
2.558653
3.115679
2.000000
0.824320
1.577213
1.309097
2.000000
1.988500
2.224028
0.769446
1.101440
1.660237
0.599511
5.807307
2.015605
2.042381
1.897971
1.138239
2.018119
2.567384
1.603801
1.865407
0.540924
1.781579
2.340141
0.928430
1.825371
3.407472
0.328809
3.007514
2.606688
3.046494
4.233888
0.273850
1.933464
0.494245
1.546416
2.811049
1.460556
2.480515
4.529059
1.232175
1.918145
3.575000
2.422852
3.925153
1.096677
2.119044
1.943844
2.162837
1.573739
0.818091
3.130512
0.657504
2.000000
3.055928
4.267895
1.046098
1.388654
2.000000
2.003829
1.813586
1.856027
2.000000
0.570379
3.544936
2.970648
0.538861
0.380493
3.682477
0.693784
2.000000
5.390737
1.551134
2.389347
3.215693
0.642778
1.779467
1.709551
0.588239
1.182196
3.612835
0.813330
1.645785
2.971488
3.190074
2.351097
1.563941
1.683524
1.949374
3.548147
1.242103
0.959223
0.684423
1.919064
1.726640
1.837163
1.840488
2.349235
2.634409
2.115421
2.680773
3.627713
2.093975
3.171046
2.453451
1.731543
1.567668
1.215900
1.582763
0.735985
1.012716
2.541279
2.049730
1.739028
2.879550
0.985479
1.346573
1.995280
3.018519
2.000000
3.853418
3.347838
2.065997
1.576476
2.208596
2.371920
4.011623
5.932386
0.921358
3.328425
2.218392
1.395606
2.219089
0.784092
3.137270
2.156864
0.290251
1.272063
1.597064
1.222942
2.000000
2.162986
1.859739
0.087003
1.793344
1.368191
1.802055
2.000000
0.458511
3.278273
2.154692
2.729689
3.182850
1.232199
1.572065
2.783545
4.772353
2.838008
2.000000
2.227573
2.000000
2.355522
0.704420
1.929475
1.241598
1.301521
2.146817
3.376422
1.950547
2.502723
1.626111
2.000000
1.532187
2.531764
1.032399
4.446018
3.102228
0.713713
3.643249
2.000000
1.475718
2.755349
1.100286
2.389377
2.000000
2.516017
2.583277
1.210772
1.404990
3.059634
1.998044
0.518163
1.531126
2.977658
2.151111
2.000000
0.393766
3.469187
2.936817
2.812498
0.892346
0.911420
1.988791
1.155804
1.524743
1.876861
2.028656
0.476746
1.810025
1.269735
1.298522
0.150385
0.373573
0.839425
1.961902
2.234817
1.275715
2.646779
1.768296
2.562375
1.229262
1.609536
2.551898
2.024654
3.089994
2.168141
5.486046
0.620053
1.808733
0.315781
1.066554
4.128117
0.792750
1.968080
1.211486
3.395517
3.371737
4.205667
1.953451
2.768683
0.647031
0.854138
3.132802
1.956630
3.265529
0.327873
1.684117
1.426495
1.596320
2.010724
0.254779
1.776713
1.170802
1.395198
3.330701
1.520480
0.386479
2.781800
2.305421
2.007084
1.650947
2.408394
0.331441
1.971559
2.021072
2.861326
0.939103
0.276487
7.875832
3.884192
1.730503
1.834639
1.121601
1.307137
4.388983
1.807028
3.412031
0.955985
1.040213
0.398770
1.162067
2.266933
0.235202
2.074543
0.653690
1.700593
2.346638
1.655955
0.647841
1.279113
1.061678
2.308995
1.727895
0.893454
1.511275
1.856072
1.228416
1.249609
1.048565
2.273573
1.550315
1.829465
0.468945
2.382464
2.238863
3.338126
1.135857
1.919989
1.201050
2.079065
2.661174
2.132902
3.928194
6.158120
2.477709
1.126155
2.874765
2.577374
1.664177
2.873757
1.610011
1.797008
2.608358
1.716805
1.724452
1.901487
0.377748
3.263642
1.409609
1.373616
3.423826
0.645315
0.790756
0.340512
1.637297
3.008559
0.558734
2.000000
4.314387
1.460124
1.281410
2.497386
2.496605
1.332623
1.628502
1.104800
1.791875
1.523691
2.289836
2.019211
1.706906
0.882340
1.670808
0.589441
2.048599
3.661391
2.082653
2.108646
1.902764
2.407899
1.905811
3.522770
1.348817
1.794019
0.540086
2.641098
2.283344
2.166597
3.383293
2.000000
1.706921
2.685177
0.731887
2.002737
3.099427
0.439351
2.072031
1.421254
1.540165
3.906290
1.445206
3.517918
1.897543
1.440243
0.910392
1.007969
0.709985
1.247280
0.614723
1.665517
4.050541
2.145036
1.194890
1.783691
1.676835
2.493364
1.988479
2.509167
2.741756
1.937082
2.000000
1.486657
3.120142
1.519314
3.480511
1.524213
1.765818
0.825220
2.276546
1.472185
0.663023
3.198797
2.896892
1.963001
1.338617
0.571184
0.378066
0.687650
0.368543
1.473067
0.398900
1.944068
1.737940
2.225419
2.180022
1.411261
1.486661
3.686057
1.929999
1.941993
1.471502
1.420997
6.148810
2.042593
2.245785
0.362241
1.996319
4.433071
1.115678
2.934847
2.159199
3.282788
0.900631
2.234415
2.310256
1.651661
2.639292
2.041950
1.509991
2.050552
2.802938
2.549110
1.887432
0.587929
1.251934
2.300755
1.270679
0.909051
0.276618
0.731158
1.839261
4.360066
2.000000
1.011650
0.441629
2.713336
2.009312
3.689294
3.204706
1.906113
1.033713
0.624164
2.571908
1.406964
2.574159
2.296773
2.000000
1.623575
2.296754
2.556505
1.333992
1.377843
2.000000
1.922277
4.034791
2.429837
2.866535
2.105869
2.548376
0.537199
2.241221
4.870946
1.681711
2.721510
0.339750
1.606693
1.075255
1.382673
1.110635
3.976932
3.595384
1.445481
1.328797
3.158905
1.619291
1.282292
2.000000
2.926516
0.415545
0.997171
2.000000
1.758286
2.226757
0.912222
3.353432
1.860768
3.825182
2.268738
1.650423
1.745038
4.214128
2.000000
3.586072
1.110402
1.469023
2.000000
3.598357
1.847755
4.866979
2.252403
0.176000
1.456607
1.703279
2.045409
1.496831
2.000000
1.811544
1.843246
3.081788
2.304317
0.876095
1.296791
2.000000
1.251926
1.982675
1.884294
1.292460
2.978161
2.096971
1.322336
3.092008
1.482412
3.271725
1.977854
1.792023
0.521229
2.191933
3.164582
3.258951
2.389852
0.543391
1.437130
0.707652
3.886444
0.732790
1.372054
1.296783
2.825663
0.564971
1.085995
1.759889
2.082171
1.403351
2.499559
2.725572
0.459471
0.630126
1.837450
0.696068
1.770166
0.502924
3.339663
1.639696
3.663260
1.578584
2.000000
2.038177
1.001069
1.472514
1.664133
1.765488
0.578903
2.049565
0.567599
0.642339
2.344577
1.264946
1.400107
2.839563
1.772976
1.324474
2.609027
0.739504
3.734788
0.720414
0.426349
1.374858
1.694610
3.227070
0.408591
1.865463
2.797214
2.572177
1.388445
0.770257
1.835689
2.888400
1.803174
2.158381
1.968663
2.866241
3.656829
1.702809
1.923016
1.346281
3.460040
4.092641
0.511124
1.486730
2.158362
3.058218
2.556389
1.542307
1.997707
2.755434
3.317551
0.922595
1.591715
2.314803
1.713426
1.839049
1.806004
1.682878
1.067108
2.511421
2.555912
0.479237
3.283484
2.592043
3.681034
1.413851
1.965856
2.932511
1.346713
0.372174
0.743817
1.643476
2.023250
1.403945
4.058008
2.139807
3.850265
1.380346
3.864847
1.488099
2.439447
2.786753
1.569790
3.570820
1.958182
1.498781
2.286499
2.234523
2.000000
2.161720
1.734484
1.467887
4.576143
3.409796
0.697334
2.728816
1.259507
2.659316
3.313256
3.959337
2.735842
3.426105
0.343345
2.478687
2.006044
2.000000
1.015794
0.466240
1.200056
3.727031
1.738552
2.130345
1.310646
3.856998
2.361056
3.026990
1.008031
2.292172
0.307734
0.360032
1.857374
4.234155
0.874541
3.958082
2.975754
2.840335
3.497267
1.163838
0.396405
2.362753
0.510218
2.374341
3.428406
0.412028
1.980221
2.013111
2.678263
1.876458
1.468339
0.730571
3.610257
2.033922
2.515145
2.398949
2.177145
2.364231
0.795754
2.630332
0.557356
2.322105
2.263127
1.611218
2.026272
1.946748
1.339715
2.965915
3.396507
3.065216
1.542601
1.759633
0.410887
0.244648
1.210185
0.359815
2.524780
3.222596
2.304569
0.830900
1.644323
1.867215
2.900390
2.127618
2.321590
2.642581
2.144233
1.790461
3.569841
4.850835
1.231193
1.743810
1.799931
0.637948
1.877832
2.880910
1.040412
1.643812
2.281556
1.290277
2.716060
0.448045
3.259179
1.605639
2.627328
1.315730
0.893755
2.264011
5.532560
1.443346
1.889309
1.041481
1.777716
0.899549
1.214416
1.372649
2.827977
2.197285
1.249543
1.780134
1.609084
3.004219
3.718417
1.527027
1.758006
0.551242
0.446817
1.418800
5.324676
1.600729
1.023720
1.468472
6.745665
1.521779
2.412990
1.620978
2.259789
1.297570
2.056221
2.840620
2.301901
0.295182
0.543804
1.262083
3.545665
3.265825
1.721203
1.758525
0.601903
2.314375
1.762669
1.537980
1.186006
1.745634
1.179868
1.388799
0.647280
1.075693
2.724455
0.813628
3.010236
0.920412
3.662225
2.000000
1.809422
3.495581
2.244217
1.279945
2.958012
2.431162
2.000000
1.965857
2.370776
2.499980
4.239323
3.566094
0.999587
2.295736
2.265313
1.563731
1.425064
0.697751
1.390499
1.461306
3.203236
1.464337
2.056760
2.146431
1.268478
0.373356
2.132598
1.419428
0.390493
2.818124
1.202273
4.175486
5.839316
2.330451
1.657452
0.956541
2.162981
1.025362
4.826053
2.715132
0.297599
1.582953
1.488466
4.977544
2.915483
1.609221
3.168136
2.566843
0.630386
1.432589
6.238124
3.994453
1.553958
2.131881
2.521861
4.188118
0.811802
2.303364
2.365251
1.993925
1.936238
0.758939
2.508695
1.318450
0.892844
2.404715
1.764765
3.492979
4.284961
0.478567
5.665162
3.135679
0.538332
3.095221
0.602780
2.079301
1.263176
5.003884
1.500751
2.243577
1.511336
0.699270
1.030828
1.254203
1.586687
3.169146
2.117400
2.238957
1.528968
1.575758
2.593073
1.683886
1.922221
1.742101
3.624717
4.946978
1.172829
1.035247
1.701058
2.318553
3.526017
0.677875
2.153572
0.873299
0.681474
3.421064
0.463890
1.794780
2.433681
2.228913
1.469229
1.832485
0.504267
1.692630
2.477026
0.549250
0.192290
1.123883
1.863596
1.215730
1.588589
2.174176
1.129649
1.955767
0.748325
1.815813
3.896133
3.114213
2.599458
0.696019
1.761811
2.403791
1.545083
0.393086
1.255702
2.547856
1.334339
1.580265
1.730036
2.449050
1.776603
3.038835
1.827575
2.688769
0.427764
2.280822
0.534754
4.030383
2.543207
1.358430
6.843869
2.888221
2.838439
3.761492
2.520170
3.133985
1.852466
3.474920
1.541432
1.299966
2.588734
2.850499
0.205042
4.371200
0.931454
3.025022
2.535810
1.376440
1.193079
2.659059
1.883333
1.066741
2.875361
2.141499
1.943535
2.155895
1.090540
3.064965
0.558299
1.701149
0.716495
1.710820
0.563928
1.790100
2.091650
1.410075
3.383559
2.000000
2.855510
1.361162
1.298913
3.196212
0.598101
2.000000
2.190342
2.004961
2.036465
2.885575
1.474278
2.406323
0.974511
0.922150
1.378825
1.792137
0.392100
1.173311
1.702802
2.827400
0.638748
0.801692
0.619672
1.635337
3.574489
1.445866
2.126722
0.494711
2.002039
4.303708
0.893085
1.181476
0.389727
2.118069
1.401041
2.602387
0.416848
0.300424
2.240849
0.663023
3.292270
1.782075
3.901289
1.406033
2.212750
2.786427
0.577354
3.153367
2.352805
2.732388
0.538620
1.264216
1.072674
1.358460
1.370820
4.244743
2.000000
2.167650
1.847489
1.057397
4.960534
1.276416
2.925276
3.539789
2.339762
3.003679
0.439978
0.801527
1.404763
2.418534
1.583717
2.000000
0.857194
1.664151
4.157762
2.053082
2.323808
1.818517
3.615444
0.650156
5.407845
2.978776
2.354387
2.903605
1.803642
4.530663
2.337064
1.661959
3.426267
1.456556
0.981328
0.611174
0.800337
0.391135
1.245738
1.307945
0.614197
2.065740
1.861691
2.617602
1.175943
1.527369
1.736899
0.687462
1.775116
0.424447
1.279112
1.564710
2.444728
1.523978
2.292787
0.904023
1.909813
1.398079
4.922026
2.829316
0.297405
2.181094
3.404876
1.838989
1.894037
0.394320
1.979972
1.187115
1.832343
1.717021
1.710456
1.574207
1.242156
0.788277
1.487284
4.352784
2.359196
1.943987
1.507889
0.545960
2.811798
3.302999
1.647593
2.352916
2.104505
3.878143
1.096041
3.725435
5.432941
1.672870
1.369030
2.351712
1.533825
3.208800
2.466769
1.967678
0.806971
4.248588
0.648715
1.473538
2.321873
1.289050
2.247667
3.650690
2.253577
0.813300
0.500813
0.900853
1.541247
4.291780
3.175446
0.834632
1.823670
1.120499
0.532283
1.831315
1.468107
2.848665
1.774953
4.089288
3.052553
2.174762
0.792423
2.689996
1.292473
2.000000
1.620535
1.472156
2.007329
0.633234
1.083249
1.905680
1.111384
4.288741
1.403314
0.991830
4.565986
3.600290
1.903305
2.000000
2.305689
1.474096
2.796512
0.340622
2.075824
2.788978
2.776050
1.829758
0.391828
2.000000
0.303046
1.358763
3.321938
2.556441
2.552315
0.819599
2.511301
1.843354
0.707210
0.770569
0.364162
1.789959
1.446304
2.523894
1.017115
1.088159
1.414802
2.689452
1.003513
1.490537
0.982345
1.673403
2.080017
2.407498
1.574533
4.253430
1.316965
1.375473
1.647678
3.593642
0.389275
3.853487
1.965125
4.150444
1.520799
1.434289
0.677531
0.991890
0.214923
2.341626
1.982775
3.259254
1.217304
3.248670
1.974743
1.874547
3.655702
2.085329
2.580101
4.216527
2.220557
0.863371
0.953078
7.227625
2.860351
2.000000
1.284895
2.605127
3.105966
2.826553
0.681048
1.416898
4.532481
2.648066
3.220275
4.726147
2.116609
0.366666
1.269866
2.000000
1.860576
0.890965
1.079669
3.146537
0.689630
2.210427
1.895995
2.933790
1.018080
1.721165
0.794802
0.540531
2.695992
1.241255
4.284619
0.761019
3.132904
2.996970
2.117359
2.576837
3.781214
2.150678
2.233895
0.780278
1.837756
2.270596
1.603788
2.822307
0.869930
1.536422
0.670960
2.081440
3.852774
1.882158
3.191095
2.000000
1.548135
2.000000
2.668680
2.474256
2.266520
1.735074
1.405365
2.000000
0.375378
2.000000
1.190994
1.419652
0.278415
1.863548
0.344338
1.220734
3.308741
0.315534
3.290194
2.716418
2.522341
0.713232
0.818534
2.000000
0.767600
2.614895
0.772960
4.214078
2.038213
0.722780
2.330251
1.719224
2.311132
2.816488
2.976281
1.625185
1.781736
1.295015
1.509403
2.185093
2.000000
1.096942
0.955742
0.737834
3.423468
1.437961
3.311145
1.815315
1.984625
3.388566
1.660053
0.753547
0.928099
3.501981
2.327916
1.522394
1.016602
2.002682
2.125855
1.253566
1.864411
1.202752
1.646362
4.786476
1.290435
1.825590
0.952435
2.071127
1.965492
2.152374
2.070877
1.003671
2.541594
1.376811
0.642187
2.147898
0.936382
1.265458
3.785043
2.014624
4.777633
1.485711
1.602093
0.864480
0.715045
1.530903
1.833113
1.763650
1.370083
3.084738
1.459027
2.450588
2.347566
1.330331
0.609786
2.916098
0.927633
0.412766
2.317150
1.125432
1.689978
0.900911
1.420404
0.431269
2.414846
1.252576
3.712150
3.552381
1.397518
1.480633
2.079003
1.011357
2.076697
0.836204
1.554266
1.080184
1.258056
2.567894
0.457751
2.356982
1.826133
2.599915
0.896491
2.000000
3.003401
2.301561
0.390035
3.347317
1.884916
1.755026
1.925714
2.028144
3.252093
3.874493
2.000000
2.003868
1.096335
2.097097
2.074502
1.448909
2.532009
1.353980
0.615912
2.142216
3.325751
2.430851
1.416423
3.341991
7.591291
5.186461
1.525642
3.013712
1.494164
2.945280
1.731789
0.594627
3.190766
3.152847
2.805410
1.756898
0.847291
1.779631
1.758062
2.496260
1.947153
0.971843
3.411234
2.319869
0.683759
0.985523
1.571388
2.012251
1.045132
1.944756
2.485576
1.026534
1.812242
0.879595
0.822708
3.732690
1.567387
1.140341
1.431877
1.357937
2.844133
1.966937
0.838520
4.222867
2.465115
2.754490
2.499609
1.869169
1.200310
1.372666
1.702132
2.640877
1.228973
0.892398
0.676189
5.007017
1.028674
1.176202
1.358566
1.621081
3.656052
2.577866
2.730659
2.000000
2.173489
2.800708
5.903860
2.747884
1.409504
3.609794
2.641839
2.934457
0.659876
0.677946
1.223755
0.695697
2.013527
2.641719
1.539558
0.305286
2.057517
1.078392
1.911591
2.868221
2.000000
0.772288
3.080564
3.097376
1.460757
2.273546
1.972182
0.650190
3.140748
2.426191
3.713830
3.496249
1.627326
4.060731
2.614637
1.558562
2.109714
0.570770
2.000000
1.387812
2.000000
0.628047
1.794710
2.628665
3.316572
0.846805
0.478306
2.344972
1.926030
3.223843
1.445089
1.890598
3.412299
1.557871
2.466079
2.640342
2.000000
1.101829
2.944710
4.634058
2.241693
4.569513
1.534711
1.420241
1.528134
1.051365
1.198418
1.715606
0.409933
1.984283
2.920166
0.907195
2.110672
1.136220
2.841511
2.219054
0.460689
1.423604
0.509722
0.541905
2.419216
1.788258
3.826162
2.999749
0.392846
1.318729
1.272015
2.116395
0.506892
1.579927
1.427237
3.112310
0.781565
2.198767
5.911183
3.375876
1.966952
0.484679
3.787974
4.351030
0.985330
1.908647
0.896681
3.210627
1.091869
1.558985
1.629903
0.739917
1.956401
2.284372
2.456935
1.544074
3.931383
6.557201
0.563262
0.663622
1.061680
2.963135
1.242706
2.066004
2.031076
0.597666
0.649928
0.409114
1.213087
0.812177
2.775602
2.536190
1.605994
0.430390
1.616253
2.000000
2.125206
1.814859
0.647383
0.950744
2.155613
2.169315
2.818610
1.406598
1.554964
2.813334
1.709120
1.327230
2.000000
1.675900
1.437823
1.010666
1.485508
2.114149
3.875970
1.208209
1.613327
1.941900
2.679412
2.356336
2.940061
3.009329
3.504354
2.000000
1.562906
1.197412
0.523350
1.469629
0.765195
3.067452
0.746580
1.360689
1.493085
1.577967
1.804134
2.222361
1.704463
1.759077
2.038960
1.192376
2.496722
1.934904
1.830934
2.264199
0.495204
0.859445
1.048339
2.192079
0.742378
2.018152
0.439692
2.346609
0.320411
3.440036
2.035194
2.000000
2.339780
3.768982
1.928071
2.000000
2.998247
1.421476
2.232871
0.773596
1.951061
2.000000
2.193355
1.825021
2.249918
3.375718
2.478724
2.383878
2.698320
1.802965
0.577941
4.588136
2.000000
2.787144
3.348368
2.741802
0.857576
1.806229
1.279312
2.967779
1.549348
1.537894
1.001778
1.709666
2.026920
3.210827
1.674476
2.477711
1.694611
2.556100
2.979989
2.821236
3.303048
1.634310
3.281518
0.762186
2.318518
0.960827
2.982812
4.430166
0.768945
4.286982
0.721978
1.470606
0.820594
2.357531
1.442239
2.521946
2.673814
0.344056
3.683815
1.731152
2.842672
2.821378
1.561491
2.410986
1.253781
2.885901
2.000000
0.991073
3.513580
2.215412
3.645270
1.944287
1.568158
3.789394
2.840551
0.722868
1.598600
0.559439
1.030679
0.234287
2.339248
0.240458
1.111176
3.611633
2.000000
0.802524
0.500327
2.444757
1.787117
0.638051
0.278189
1.578108
0.196536
0.973819
0.604968
1.484010
3.199785
2.096026
1.173889
0.501666
0.365144
2.839573
2.091931
2.297005
2.134687
1.849991
1.302195
0.784016
1.583369
0.972560
0.180968
1.487786
0.775650
1.078848
3.372903
3.057567
2.375530
2.000000
1.930673
2.382661
3.418277
2.642410
2.147339
2.000000
2.027718
2.223684
5.091491
2.287519
1.233252
1.630974
0.213919
2.601956
2.000000
1.830124
2.019421
1.572250
0.244858
1.464595
1.852877
1.853693
1.863608
0.950675
0.307886
6.332218
2.000000
2.682090
1.290527
2.000000
2.631814
1.876682
2.421533
1.377296
2.033976
3.082800
0.971818
2.618221
2.596239
1.852329
5.039214
4.075248
1.946657
1.764372
1.052140
1.595567
1.208643
2.151071
2.938569
1.886119
1.996853
1.805823
2.360267
1.424295
2.000000
1.980610
2.783584
1.534247
2.034606
2.245791
0.312744
4.175153
2.179690
0.680958
0.316075
4.274809
1.138313
1.439288
3.005001
3.877141
2.846780
1.034643
1.511195
2.031208
2.000000
3.307158
2.139320
0.507947
1.349829
1.366331
1.522437
1.934234
2.362558
2.646371
2.530852
2.197170
1.815626
1.597862
2.000000
1.440033
1.707854
1.739187
1.829414
2.733533
1.900142
2.242916
2.000000
3.870534
3.095444
2.326439
0.582933
2.581062
2.924312
2.280903
0.826958
2.708561
3.313958
1.532764
1.113701
1.915388
3.700357
7.105954
1.965121
1.664246
4.037261
1.654000
1.255791
2.210353
2.048476
1.388679
3.906691
0.622948
2.572087
1.315811
0.828245
1.058784
0.813511
2.390677
3.881340
2.653538
3.727975
0.607159
1.710261
3.235792
0.934048
1.583452
3.020022
0.972553
3.150309
0.338947
2.576845
2.636920
1.641336
2.319601
1.480495
3.109185
2.000000
4.481741
2.058848
0.693456
3.263220
1.884580
2.557294
3.186644
0.559656
1.954167
3.753165
1.873910
1.714056
2.197527
2.414907
1.615185
3.087237
1.501401
1.392911
2.823837
2.724350
0.688527
2.883187
3.980159
2.630351
2.768606
1.235477
1.880869
0.358079
1.948928
2.000000
2.739736
2.621421
1.366075
2.513252
2.457191
1.704257
1.244943
2.567602
2.462858
1.958080
4.140152
2.000000
2.250394
0.429812
1.359708
3.413669
1.974294
5.633840
1.705994
1.646930
0.623554
4.593319
1.591343
0.894703
2.147416
3.551125
3.966171
2.048130
2.759225
2.780605
2.301822
1.845276
4.898898
1.114651
1.603865
2.922946
1.891375
1.137093
2.619524
2.219609
5.200794
3.166076
2.157637
1.154513
1.938673
7.287067
1.612578
2.132012
2.000000
0.657265
1.226599
0.684844
1.989518
4.016084
2.967837
3.401400
1.435316
2.225008
3.444617
0.898304
1.697135
3.054712
1.898816
0.664493
4.363777
1.601730
2.016351
4.534797
1.406735
1.284700
0.477269
0.931649
2.519986
1.142454
2.468824
2.319991
1.621422
5.537479
2.103895
1.494917
0.975129
3.069629
1.771331
3.102751
1.253667
4.679410
0.779363
2.619316
1.904377
3.209594
3.065446
3.434318
2.167984
2.530974
1.171201
2.204045
4.246820
3.001459
1.326780
2.502371
3.220067
2.105532
2.800474
2.047811
4.068521
1.621310
1.668444
3.356148
1.046715
2.129584
2.390221
4.720232
1.732488
0.963248
3.480255
1.201410
1.765951
2.429790
0.785118
2.087940
1.312721
3.659420
1.858790
1.020932
1.522630
3.579860
2.193548
0.523483
1.184596
3.685553
0.343969
0.677938
1.406338
5.876412
1.532831
3.389794
2.378007
2.661698
2.883789
0.759930
1.937354
3.385689
3.809562
4.811915
2.412201
0.546202
2.075658
3.508257
2.617868
1.300227
2.625826
2.000000
4.541440
0.939908
2.252116
0.449202
3.592464
1.933616
2.540334
0.924100
1.407386
1.527856
2.757516
0.652190
1.830200
3.306390
2.278280
2.033615
1.902207
0.380809
1.849418
1.404807
2.820947
1.894686
0.402940
0.735273
4.448689
2.661382
1.282539
1.578838
3.544399
1.708202
2.404911
1.342188
0.573972
3.656193
1.887332
1.236565
1.727064
0.807275
4.285741
1.233743
1.278270
1.093685
4.227939
1.931172
2.325229
2.056465
1.385800
2.946695
4.430697
2.646184
2.175311
4.014407
1.644013
1.183386
4.298046
1.296206
3.166598
2.011893
2.632442
1.323171
2.996556
2.720107
2.000000
0.936169
0.855353
1.387207
0.862892
0.991926
2.434952
0.282024
2.000000
1.534001
2.000000
3.454247
2.000000
1.797850
1.692748
0.559175
2.280178
1.282630
1.853478
0.876158
2.604399
2.131487
3.155727
1.800500
2.974349
3.360461
2.536733
1.661856
2.241084
3.190974
2.392610
1.150288
2.000000
1.583357
2.014954
1.347098
0.825369
1.288346
1.250163
1.210280
1.686315
2.165255
3.459622
1.990217
2.762251
1.872232
7.404709
2.197634
2.709458
0.153986
1.732101
2.328245
1.500336
1.774971
1.722985
2.008935
1.999921
1.617454
2.000000
0.566520
2.604495
5.289933
1.527852
2.332254
1.851404
3.831053
1.565474
2.005025
7.731295
2.674531
2.250041
2.136137
1.751491
2.837647
2.858877
1.575820
1.892439
1.862976
3.744352
1.762560
2.064332
2.019953
3.788841
1.003302
4.663918
1.260582
1.857354
2.824128
0.857449
1.693704
2.867089
2.973593
0.710031
1.455876
1.804926
2.641330
1.581321
2.539550
0.532791
1.190432
2.003654
1.655364
1.873613
0.390353
3.849724
1.240998
1.278074
0.917456
1.667750
0.947861
1.686268
2.095850
7.096801
0.145621
0.163460
3.049497
0.444305
1.017249
2.127584
3.269998
2.000000
0.839564
1.550492
1.934738
0.623052
2.618608
1.962258
1.290941
2.042941
1.536121
4.867603
1.251206
2.084366
1.391512
4.081122
3.755703
1.810076
7.160199
0.715317
0.463860
2.254734
1.988814
1.198597
3.472478
0.687492
1.348137
1.510397
2.447002
1.968728
0.940241
1.813920
2.106291
1.671989
2.873586
1.908504
0.594269
1.565591
1.818648
1.859048
0.841377
1.439485
0.365009
1.317383
2.004862
1.757412
2.397525
3.741924
1.040529
1.824490
1.909570
2.472803
2.029612
0.527796
1.945101
0.717595
1.137668
2.017288
2.019034
2.854180
0.132151
0.755178
1.348956
3.116818
2.036529
1.657571
3.971614
3.297264
0.899553
4.083526
0.969092
0.708239
2.736344
2.022125
2.000000
1.398900
2.529056
2.475721
0.664609
1.081433
2.498415
0.803224
1.085234
1.999345
2.749290
2.888567
0.603323
2.740377
0.703460
3.819363
2.063699
0.826052
0.318781
2.501510
1.944970
1.943337
2.291324
0.435443
0.233743
1.238560
0.771330
2.607038
1.391621
1.824036
2.033223
3.183204
1.333498
1.262063
0.902334
1.449360
2.282587
1.995008
2.710382
2.895899
2.053651
1.944011
2.292329
2.235423
3.103053
2.366733
4.610495
0.791952
2.744059
2.943073
0.722309
0.579977
0.918266
1.202271
2.604539
1.128172
1.092593
2.172400
2.917020
0.762578
2.000000
2.779688
1.934899
1.008163
1.277362
3.471185
2.000000
1.424331
2.412713
2.902176
2.124125
0.937733
2.247990
1.850989
3.342617
1.744815
1.789030
1.929023
1.952879
1.179518
2.441003
1.342006
1.286021
0.185884
1.520790
1.657545
1.368645
4.254767
0.992401
1.301295
0.715952
1.843962
2.015756
1.898506
2.857574
3.090104
1.351651
2.244822
2.404340
1.519682
2.000000
4.432514
2.344494
1.751899
2.401129
1.494177
3.438293
3.198193
2.125378
2.133972
1.697916
0.778084
2.826378
1.100365
2.235286
0.525681
3.510526
0.589534
2.000000
0.120608
0.990667
2.208643
2.000000
2.160267
1.444266
0.894122
1.812138
2.168151
0.989350
0.726928
1.879945
3.741506
3.299137
1.778168
6.184572
2.186743
0.861579
0.209859
2.149878
0.372685
2.843589
3.321461
0.905566
5.447050
1.491565
1.466979
2.893443
2.242288
1.423725
1.788122
2.416739
2.825069
1.230396
1.411469
0.643932
1.647434
1.510004
1.724739
1.165127
1.268153
1.855979
2.093355
2.000000
2.000000
2.230834
1.914278
1.440866
1.065232
2.096816
2.000000
2.022047
1.606938
1.080996
2.063536
2.101671
2.759610
1.851859
0.811766
1.296685
1.653452
0.568936
3.709121
3.373156
1.116348
0.647676
2.438429
3.176341
1.924255
0.651504
1.035228
0.926553
0.160963
0.659605
1.380758
0.888927
0.835923
2.100877
1.789376
1.908383
1.073099
1.292944
0.377183
1.024160
2.236624
2.472479
0.471021
4.299726
2.745428
2.458876
1.849834
4.042261
0.658105
2.845223
2.581618
1.729428
2.399407
1.843446
2.209286
1.222929
2.361093
2.320677
2.000000
1.699793
0.383953
0.582572
3.453239
3.629783
1.654861
2.521030
2.912891
2.785882
1.938714
1.697282
1.742263
0.727374
1.454514
1.147298
2.203394
2.093808
2.801697
0.346103
1.877112
1.867532
4.011109
2.609118
2.282662
1.131012
5.542598
2.591784
1.389633
2.964135
0.478650
5.782878
1.459893
2.225184
2.175637
0.781808
2.010708
3.679318
1.712251
0.271901
1.368163
3.176142
2.902754
1.941842
2.530485
2.836640
2.819447
0.852418
2.313544
2.323272
1.852806
0.315097
3.075636
2.593251
1.229360
1.955165
2.830953
2.202837
0.815671
0.240738
1.705762
1.754808
2.201659
2.868340
1.413973
1.146860
2.754454
1.904010
1.173676
1.837012
0.973530
4.069404
2.509613
1.762703
1.776578
1.872573
0.835044
2.248437
1.831963
0.978766
1.785088
1.751003
1.130360
2.505057
2.132949
2.088412
2.138619
3.318688
0.590476
2.351618
3.857400
1.667892
1.485242
3.435888
0.816162
2.599362
3.533121
2.089137
1.787459
1.479629
0.259097
3.460549
1.208804
3.144384
0.713268
0.604155
2.792036
3.008393
2.773467
4.680614
2.000000
1.848638
1.902799
2.826548
1.309641
1.218224
0.868359
1.705420
1.477761
0.565847
2.228960
2.027261
3.430671
2.628835
1.225785
3.003185
0.225118
2.340073
2.069937
0.612678
0.707680
2.023968
1.817903
1.175713
1.182990
1.825691
2.080368
3.075325
2.361379
2.544997
0.718276
1.906655
3.058860
1.291943
1.988777
0.516222
2.821291
1.848574
1.753178
1.311728
6.949773
2.746651
2.146412
2.676307
1.495373
2.864321
3.738309
0.592148
3.558625
1.785980
1.845701
2.349822
2.318039
2.295165
7.381371
2.611599
1.579484
0.812593
2.372904
3.082169
3.149050
2.485298
1.047322
0.849187
3.640950
2.069602
0.992087
1.948647
1.596500
0.377331
0.672510
1.810841
2.725850
4.413137
0.396349
1.742139
0.415773
1.495081
0.720672
1.082553
1.603383
2.721694
2.249381
1.127939
1.871619
1.764184
0.448950
0.740562
3.532049
2.229813
2.136172
1.138903
6.286885
2.368392
1.455031
1.382546
2.701340
1.350870
0.375856
1.206042
1.771847
1.301377
0.359382
1.795952
1.412668
2.281320
1.619846
0.494020
1.272708
1.819128
2.891108
0.381277
0.708850
2.150354
1.304681
3.372015
2.020001
1.948686
2.169645
2.011125
0.327445
2.567384
1.208138
2.366716
1.943172
1.283636
1.080592
4.726384
1.056521
2.599660
2.829704
1.741044
2.006548
2.782718
2.429022
1.816642
1.943792
1.527641
1.656250
2.010717
2.229391
3.370162
0.682652
0.312793
3.324394
2.465996
2.000000
2.164322
1.906782
1.493516
2.350486
1.915922
2.359225
1.911187
1.593396
1.171455
0.399796
2.368022
3.376923
2.000000
2.753788
1.752598
0.447641
1.801543
0.759540
0.778061
3.166656
1.437403
1.143365
3.210868
0.920490
2.200635
1.821358
1.985606
2.802021
4.779646
2.792086
1.436482
0.962786
2.000000
3.566077
1.480515
2.559695
2.869562
2.753130
1.553430
1.901012
1.975972
0.479991
2.318262
4.339709
2.204876
1.992587
2.569695
1.217719
1.516444
1.945840
3.711214
0.402204
3.874949
1.159930
0.665844
1.518395
2.455339
2.662497
0.496474
0.743426
1.021414
1.115328
1.430971
1.210925
2.000000
1.740231
1.105891
0.566191
2.329274
2.682051
3.406728
1.637270
1.636922
1.102018
3.161256
2.662279
4.358421
2.839187
1.705785
2.068011
1.492965
3.578755
2.968242
3.250109
3.428237
0.857551
1.642431
3.866627
2.983420
3.075598
1.678922
1.930906
1.289629
1.183676
0.295228
0.647195
1.700370
2.000000
2.090454
1.584386
4.096664
2.378808
0.731796
2.247446
1.809281
1.950268
2.509861
2.007252
1.363122
2.000000
2.860925
1.634525
1.938785
0.820067
1.185106
4.536208
3.121831
0.595123
0.880802
2.728374
0.871729
0.256078
1.211714
1.875330
1.216287
3.727370
2.644144
1.598564
1.221807
2.651763
1.825385
2.731986
1.569615
3.397733
1.982976
1.318147
2.904831
4.302852
3.493169
3.249524
1.551186
1.798563
3.350126
2.220263
1.681410
4.406332
2.735234
2.338909
2.000000
1.578053
2.032842
2.000000
1.545402
2.656039
3.486619
1.382613
3.882576
2.204184
2.701906
2.498912
0.872421
0.694365
1.399439
2.054114
1.953987
0.636705
1.727733
2.000000
2.069685
2.838023
0.198514
2.396899
0.993256
3.705394
3.529245
1.087611
1.012603
2.000000
2.267369
2.000000
1.426800
1.949692
2.263732
1.550897
0.264796
2.403465
1.491817
6.191939
1.295889
2.040125
0.426999
0.879339
1.535268
2.206270
2.323240
1.680483
1.875609
2.784256
2.640215
2.068473
2.057387
2.050747
0.841232
2.377716
2.332300
1.953496
1.083620
6.055488
2.956674
1.354005
2.799873
1.743885
1.142773
1.414658
1.970103
1.727831
1.169984
1.451267
1.665541
1.451162
2.836714
0.562515
1.638900
1.581306
2.000000
2.699690
6.023252
2.265539
1.110857
2.788840
0.888676
0.839391
2.112449
3.310449
1.279501
0.938266
3.904624
3.336120
2.543472
1.822309
2.203916
1.167189
0.704572
1.090608
2.672444
7.216776
1.956082
2.055991
2.469489
2.368623
2.228204
2.602559
1.784489
0.801159
0.557380
2.063520
2.281386
2.000000
1.566932
2.157087
0.899461
3.965864
3.049621
3.599080
1.080565
2.641589
0.480421
3.959312
1.750295
0.968767
0.855348
2.936424
2.292566
1.556609
0.770207
0.727839
2.980263
1.751340
2.075261
1.462456
1.479972
2.361817
1.887884
0.090691
2.380060
2.239229
2.000000
1.694722
1.508319
0.395573
0.996002
0.479453
2.277631
2.717447
3.709381
2.315165
3.600696
1.677714
0.374861
1.100564
1.457074
2.000000
1.178147
1.444969
0.528063
0.560866
1.331686
1.476044
2.121037
2.761328
2.680086
2.635022
2.000000
1.251380
0.698897
1.536742
1.525321
0.658986
0.429156
0.944122
1.454707
2.124628
0.274432
2.064341
1.966015
1.701791
1.786227
2.652305
2.646372
2.348807
5.207526
2.325488
1.550654
2.163904
2.391612
1.449403
2.000000
2.540835
3.702681
1.380400
2.050444
1.679022
2.315790
0.652770
1.196454
0.591850
1.860863
3.092745
4.045053
1.963151
2.000000
0.632442
2.635050
0.987865
1.180245
1.068365
2.458513
2.011136
1.205352
1.134340
0.600327
1.364596
1.368628
0.911752
1.169816
2.519733
2.050858
0.376002
1.734966
4.271655
5.016957
1.107912
1.287871
2.044451
1.775695
3.123568
1.965312
2.754468
1.193069
2.760517
2.248669
2.151659
1.415235
1.475640
2.664833
3.384348
4.820983
3.030639
1.549425
3.077116
3.874436
2.297477
0.284049
0.579728
3.121261
2.230357
2.376948
0.702302
1.111155
6.217836
0.578624
0.178352
1.675500
2.173298
1.897020
1.769733
0.995543
2.097812
1.574372
1.665392
4.626605
2.332264
1.566362
0.369767
2.285937
1.561198
1.559173
2.250473
1.618320
2.614423
1.337696
1.268610
2.116463
1.189730
2.655719
0.674525
1.462161
1.793773
0.531848
2.278507
1.303604
2.112206
2.908097
0.156692
2.000000
2.000000
1.608722
1.995034
2.000000
1.861815
0.934297
2.200738
2.203050
4.456487
2.376511
0.997464
3.143960
2.506798
1.302507
0.333392
1.695966
1.841538
1.458828
2.675618
0.189916
2.356409
0.141472
2.526209
2.883860
1.935791
2.114714
6.038044
1.797324
1.330601
1.382059
0.372843
2.039092
2.108952
2.290965
3.976405
2.023923
2.065694
0.706020
3.901491
2.046003
2.740393
0.496116
3.150389
1.646170
1.890649
1.316088
1.726899
2.327041
0.701306
2.827967
5.431204
3.552118
2.445543
2.445518
3.025474
1.368282
1.529065
3.479505
2.451136
1.698787
1.221128
2.894083
2.426198
1.841806
2.238645
1.574833
3.697492
2.718688
1.092604
2.242775
0.345796
4.058144
2.000000
2.000000
0.967272
2.268557
2.308136
2.192908
1.032572
1.592238
1.860747
2.078359
3.553168
0.809034
1.212788
2.000000
2.887382
5.106263
3.523631
0.905967
2.405244
0.977547
1.573838
1.462577
2.000000
1.012947
2.227117
1.505220
1.918792
2.122621
3.922172
1.652463
1.724688
1.515197
3.860958
1.262831
3.417021
1.038640
3.977438
4.396757
1.191143
4.042947
1.854370
2.543258
0.746806
2.827648
2.107298
4.700572
1.655154
2.000000
2.113706
2.237144
3.104768
1.622283
2.577029
0.840890
0.263466
4.352845
1.704073
5.501222
2.769888
2.757965
2.140084
0.811043
3.212019
0.632639
1.750228
3.453918
3.231620
2.730679
1.594610
0.958691
1.429002
0.797308
2.386698
3.287471
0.933931
2.035413
0.405250
3.542273
2.437894
1.931252
2.373658
0.949351
1.896689
2.500252
0.434921
2.194585
0.837345
2.870124
0.882157
1.845182
1.083710
0.441439
2.347021
3.732430
2.000000
1.660991
3.552418
2.067600
2.000000
1.357707
0.898888
1.633570
3.416633
1.652073
1.922043
2.946217
3.245556
1.417220
2.517745
2.120976
1.499364
2.000000
5.304936
1.818066
2.580032
3.892516
0.852672
3.244567
3.148642
1.067327
1.120682
2.000000
2.000000
2.473475
1.484407
0.312305
1.951624
0.958351
2.000000
3.671669
2.181462
1.984154
0.837987
3.179846
2.800986
3.120710
1.614545
1.857480
0.800188
0.539697
2.471459
2.385012
1.749082
3.443503
2.361548
0.492000
4.829778
5.205158
3.152179
2.821976
1.020305
2.021483
1.597959
1.747609
0.506438
2.265929
2.098133
3.098164
1.233961
0.549415
2.962227
0.821378
0.152603
2.338818
4.099935
2.204594
0.965000
2.635098
3.366158
1.468560
2.000000
1.577152
1.495233
2.134490
2.991455
3.983255
2.773806
0.447773
1.174366
2.000000
1.571176
0.256275
3.170831
0.306122
0.938791
2.546278
1.402061
2.469053
1.417004
1.151302
0.199208
3.417434
0.474634
1.244627
2.885308
2.503997
1.362653
1.588175
2.838689
2.000000
1.038700
1.683864
0.895364
2.247137
3.646107
2.976711
2.617757
1.705183
2.682766
0.975996
1.631320
0.760674
3.144245
4.819268
1.273486
0.938747
4.118486
2.000000
0.904905
2.056817
1.727539
2.534498
1.086656
1.899936
2.087298
2.000000
1.075258
3.314630
3.937440
0.946287
1.561275
0.510326
2.792406
1.359756
2.562127
1.259588
1.442594
0.568897
4.181267
1.449086
0.674866
2.090030
2.000000
2.710149
1.716567
2.679461
4.885668
1.779180
1.995244
0.998546
4.592310
0.836827
1.929458
3.608442
1.020738
1.888111
1.592065
0.845991
2.633498
2.192426
2.894145
3.172361
2.946309
0.515091
2.808329
1.574054
4.698033
2.220570
3.271369
3.011978
0.822577
2.426709
2.045734
2.000000
3.222145
0.307950
2.042979
1.564243
1.658435
1.668041
0.978366
1.194856
1.939811
0.146900
1.241931
2.420964
2.030234
1.908899
1.947150
2.631496
0.816177
1.252392
1.621073
4.338806
1.963597
1.835126
1.471764
1.437384
1.798911
2.146126
4.003753
0.423091
1.302352
2.400995
3.084632
0.438296
1.035812
1.913852
0.754113
1.616150
2.289614
0.385674
2.094459
1.147319
3.637077
1.583068
2.302279
2.150926
1.817935
0.676756
0.622579
3.253485
1.468368
3.198272
2.421277
1.097225
0.933976
0.733614
3.050753
0.785359
0.901185
6.502132
2.000000
2.984673
2.772405
1.076846
2.259886
4.135670
3.792882
3.233051
1.835809
0.619859
1.109238
1.487623
1.785784
2.000000
4.193434
0.741324
0.917510
1.389418
2.318513
2.551131
0.482340
2.404797
0.587081
4.557091
1.650924
1.269245
3.074236
3.543987
2.000000
1.145904
4.637282
2.876272
1.887115
1.351887
1.396747
2.700498
1.694605
1.803501
0.788383
1.499488
2.534108
1.410674
0.729702
3.937720
0.563856
0.824769
2.759906
1.350765
1.486542
2.529672
1.668452
1.985722
4.427130
0.812221
2.000000
1.843982
3.650390
5.581232
1.686230
0.903690
1.533662
1.952348
1.819810
1.868698
2.209916
1.961702
2.990634
0.562409
1.698332
1.211504
3.082041
0.620047
4.029874
5.986518
0.859806
0.863891
5.286913
1.981599
1.440264
6.464524
2.096428
2.048585
2.049562
2.690464
0.101084
1.868473
2.771984
0.523207
0.623617
2.555680
2.027432
0.791817
4.380139
0.807200
1.101003
1.716575
0.411158
1.867670
1.958858
1.071298
1.635701
0.937430
1.027244
0.488099
1.823760
2.034774
2.900498
3.521186
2.000000
2.057279
3.371107
1.883728
2.669662
1.177032
0.663648
2.000000
0.961138
1.775383
0.936618
2.106402
0.682833
2.206682
2.892778
3.001484
2.343693
2.000000
1.747117
2.283885
1.749728
1.541994
0.854588
1.138838
0.669353
1.358040
0.956153
1.718609
0.781420
1.358888
1.807914
2.214184
1.730405
3.274083
1.602255
2.649349
1.987640
1.249362
1.481550
0.292055
2.647357
1.047913
0.318642
2.137726
1.699870
0.574947
5.628529
1.008579
2.553026
0.347691
1.342968
1.974332
1.894841
0.724091
1.200503
2.785770
0.154725
2.546804
2.986502
2.041720
3.303956
0.918894
1.657824
1.650693
2.423725
3.429989
0.697978
3.481381
3.098418
2.983875
0.509393
4.197834
0.505344
2.000000
2.236195
0.800507
4.180368
1.887622
0.863548
2.352056
2.167074
1.660311
2.010905
3.258694
1.295471
2.863723
0.989034
1.669045
4.371361
1.616240
0.649067
5.077347
0.524562
2.000000
1.228624
1.630520
2.010356
2.976062
1.558465
1.514459
2.560061
2.085274
1.810541
1.963762
2.015344
1.791146
4.880373
2.000000
1.269113
0.874641
2.678113
0.957230
3.549594
0.670397
0.686632
1.510986
2.588760
2.336186
1.304867
1.625602
5.835337
3.206835
2.466879
3.037997
0.523692
3.018030
1.915965
3.453989
3.486674
0.559391
0.989141
2.000000
5.095469
2.111939
2.066495
0.596428
2.733798
1.808122
3.345029
2.010180
3.356563
2.028783
0.967116
2.799981
3.727072
2.013975
2.260365
3.101802
1.484795
2.000000
0.697599
3.550006
5.636600
1.192412
4.003556
3.833127
2.446468
5.628933
1.133658
1.715512
0.623454
0.341431
2.006485
0.491601
2.387897
2.000000
2.501802
2.630139
1.814550
1.420508
2.333859
1.527219
3.435254
2.951563
5.424566
2.242751
2.000000
1.684248
2.881436
2.607654
2.156316
0.579210
2.640526
0.307164
4.581970
2.190179
2.046963
2.721181
2.434006
2.619092
1.443386
2.335321
1.064980
2.498021
1.116081
0.785639
2.664247
0.698563
1.545779
1.078834
2.371169
2.137157
0.845313
1.350991
1.679217
2.624051
2.436395
1.562914
3.050197
1.968165
2.227656
2.216720
2.000000
1.237479
1.740817
1.487640
0.479754
2.516396
1.066833
1.241079
4.855691
0.773229
2.287903
1.149675
0.969210
0.877085
0.626804
1.616252
1.531471
2.236326
3.866896
3.479956
3.346877
2.322661
3.328127
2.532240
5.171881
1.723193
1.687760
1.685720
0.644802
1.490900
1.450093
0.616270
0.288763
3.159156
2.820242
5.370686
1.399818
2.064427
1.164664
3.418884
0.976975
2.378567
1.300376
2.010629
1.810717
4.707861
2.745109
1.372264
1.450300
1.868672
1.633808
3.962032
0.367956
2.056214
2.938144
2.000000
0.881900
1.428175
2.000000
2.925034
0.213108
0.814109
3.979253
1.333468
1.669813
0.518114
2.647106
0.417859
1.536756
0.332562
0.488325
1.921596
0.482707
4.643985
2.589187
2.046686
2.543501
0.454773
2.826137
0.457651
0.281183
5.646703
1.848817
2.929596
3.963932
0.443549
3.237283
2.919909
1.830719
1.208049
3.235824
1.919651
2.590594
1.920692
0.589344
3.866428
0.129595
3.318071
1.270548
1.764547
1.565633
4.742910
1.944786
1.708580
2.552931
0.464851
2.141960
1.393221
3.289865
2.066489
1.095398
4.650150
1.414394
1.486310
4.031060
2.217881
2.324195
1.623872
1.678275
1.328019
0.695503
1.040463
2.161683
3.380797
0.505979
1.456267
0.584758
2.052796
0.708207
1.369173
2.028314
1.012538
3.553504
4.109747
2.072881
2.165140
0.308870
0.261550
2.001280
1.935571
1.143392
0.596491
1.675159
2.000000
4.046104
0.807430
1.483539
1.925825
5.001490
2.197044
2.590160
3.229757
2.995283
2.114842
1.521084
2.154692
1.257577
5.539128
1.725479
0.670172
0.850473
1.905162
3.223911
1.804391
0.886669
1.022756
1.225016
3.840923
0.699545
2.000000
0.731654
1.935567
0.851630
1.212398
3.571034
2.277268
1.940014
3.138576
1.409386
0.884024
1.225826
1.600860
3.839273
1.623571
5.010377
2.746932
3.269796
0.929729
1.857114
0.745808
2.136634
0.739471
0.637273
3.642457
2.874943
1.487372
0.562013
1.187707
1.010044
1.005352
0.973888
2.025908
0.716437
1.645751
1.280305
0.904566
2.908495
1.269486
0.438850
1.094998
1.930973
0.481897
2.142378
2.000000
2.208548
0.629028
2.478224
2.500638
2.000000
0.765148
0.513986
0.517151
2.677695
2.944838
2.137349
1.966523
4.134530
3.308686
2.166025
2.701956
0.685697
1.196865
0.741224
1.668082
1.306325
2.003738
1.619731
0.853621
0.671363
0.866855
1.890497
2.158826
1.479412
1.670534
0.711548
0.379360
1.553338
2.000000
2.062747
3.421025
1.490451
1.593668
3.020067
1.192266
2.057973
2.000000
1.342084
0.423865
1.187114
2.000000
3.407656
3.913174
3.282154
3.888573
0.459466
2.359745
0.692079
1.703392
1.440577
2.308901
1.360463
2.316868
1.963107
2.274963
2.072221
2.574333
1.396063
0.846058
1.926084
3.089384
1.810465
2.088449
4.096179
0.745968
1.908409
0.745530
1.456637
1.685007
1.890544
2.200131
1.839939
1.662280
1.277233
2.463043
3.215465
0.675902
1.293745
2.630625
0.452851
1.067495
2.959539
2.016869
1.551680
1.656494
2.464130
2.955769
1.189017
1.143081
3.641889
3.541536
2.976745
0.987722
0.196898
4.336380
1.993260
2.044921
0.902138
1.217703
2.134881
2.366883
3.505917
2.794662
5.353284
2.257859
1.848546
0.331801
1.796625
2.065612
2.591568
2.392215
0.548153
1.964439
2.116059
1.619054
1.334746
3.211051
1.464269
2.000000
2.639266
0.314042
3.055015
2.203530
3.525880
1.351608
3.723942
2.305467
1.658350
2.477341
1.695996
1.720245
1.366921
2.440659
2.291717
1.279158
2.353803
2.416955
0.861286
2.622197
1.397077
1.718908
1.696021
1.072173
2.418954
1.500334
0.705642
1.649601
0.342808
0.820714
2.000000
1.486797
1.079235
0.926935
1.163275
1.611380
2.231470
2.361761
1.556646
1.320429
2.344574
1.886504
1.145949
1.506144
1.786773
0.852992
0.518440
1.691078
1.393076
0.768912
1.356721
0.134709
2.901351
2.164668
1.994506
2.350127
4.993842
2.792608
6.227530
2.375467
1.737527
2.367183
1.802093
2.851744
1.284968
1.313402
2.332171
1.596105
1.631879
1.897887
6.589450
1.840591
0.553414
0.823754
1.984468
2.012799
2.443041
1.984917
4.114777
1.633659
1.372189
1.838758
0.870077
2.134973
3.213844
1.443612
1.539339
1.967347
1.035897
0.558039
1.891308
0.497947
2.321898
2.458498
2.306256
2.370528
2.176794
4.720753
1.945526
1.486665
0.756958
1.395516
4.011552
1.935478
2.000000
1.235181
1.571110
0.861579
2.418982
0.868571
3.385318
1.141427
2.017585
1.701805
2.242449
2.079268
1.206517
2.000000
1.235503
1.275933
0.827897
0.387368
1.626903
4.057149
2.056752
2.602453
2.165105
2.040401
1.293392
2.870187
1.590691
3.008525
2.259802
0.657354
1.089586
1.059904
2.498302
2.866069
0.801356
2.212489
1.755774
4.954772
2.587892
2.870931
0.685992
1.253530
1.309848
2.693429
1.373094
0.696383
1.989914
1.406268
4.558444
2.000000
0.976337
3.767361
3.098535
2.713441
2.279127
3.597887
3.085711
1.851256
1.318191
3.174549
0.954703
1.777270
0.425929
1.919231
0.939065
0.742671
1.884355
0.590498
1.614642
2.374374
2.600798
1.316800
2.306695
1.429060
0.989048
2.000000
0.897436
1.908150
0.903581
0.944879
2.273830
1.922775
2.313367
2.000000
2.522034
2.068220
1.742512
1.340233
1.142067
2.096352
1.373732
2.270277
4.576549
0.912226
2.927745
1.167582
0.548226
1.539023
0.675894
2.142524
4.990687
3.060872
2.000000
2.053905
2.365762
3.862018
0.536277
0.686414
0.214307
1.483951
1.327665
3.181660
2.133708
2.155159
3.153402
1.592035
1.807541
1.835809
2.086247
0.228525
2.000000
2.225192
1.383215
2.901448
1.217457
0.594395
2.419101
1.964163
1.128439
3.050774
2.101817
2.090987
4.063222
1.823943
3.475313
1.258898
3.495253
1.801009
0.281955
2.426968
0.282041
0.787372
2.370322
2.640777
0.730073
2.594591
2.061407
7.359545
0.282502
3.212931
1.808732
1.898622
3.964617
1.088953
1.518113
1.746659
2.601254
1.233296
3.657542
1.596530
1.402382
0.701880
2.184667
0.443582
2.891485
1.442476
2.247801
3.101035
0.641605
0.618759
2.583730
1.193207
0.860383
0.168800
1.263831
1.452381
1.113127
1.477785
2.004716
2.174176
4.395922
3.112088
1.612368
5.982851
1.707184
2.275540
0.807606
2.382379
3.460599
2.243250
3.340088
3.960365
0.764777
1.061496
0.532974
1.396448
2.528277
1.322826
3.841910
3.013614
1.406339
1.898298
1.910489
1.237307
1.790969
2.106521
0.933482
2.031125
1.696678
1.571181
2.326854
2.139174
6.096900
3.121137
3.311845
1.278152
2.927314
2.000000
0.639015
0.751625
2.190535
3.881936
3.222404
2.338080
1.784392
0.921717
2.793269
1.218055
1.649743
1.827565
1.769718
2.000000
2.035589
4.285779
3.652184
0.335535
2.627157
0.609390
1.752053
1.826131
2.001471
0.803481
1.284939
2.208858
3.002649
1.822961
2.201478
2.000000
5.793134
2.141805
1.854909
1.209250
1.336623
0.840306
0.485088
3.556207
4.686952
2.192955
0.580292
1.413025
0.555878
1.551633
2.192912
1.341925
0.222216
1.593037
1.591431
1.317007
1.154983
1.086394
2.439790
3.908899
0.608200
1.797700
1.778187
1.968089
1.651910
4.233410
1.992130
4.697551
0.712685
1.238609
2.060848
2.852107
1.346338
0.915364
0.972346
1.919387
2.349030
2.840115
2.166205
3.396932
1.660173
1.859792
1.529219
2.866883
3.597760
0.796202
3.109822
3.013556
0.678015
1.556226
3.309250
2.701504
1.910223
1.574010
2.742398
1.157847
3.149182
1.788835
2.674823
3.348402
2.066530
1.556891
1.130564
2.750324
0.791166
2.259188
2.338024
1.624391
2.736830
2.693601
1.697200
0.835805
2.560127
4.702087
0.475810
1.129701
1.859302
0.765551
1.532937
1.340296
1.162038
1.497350
0.560916
2.000000
0.323579
3.557569
2.787074
2.000000
0.595649
2.945544
4.538781
2.000000
1.260291
1.860629
1.661737
1.890272
1.984344
3.014705
0.343422
1.399866
3.248224
1.760971
1.667781
2.291439
4.581241
2.402304
1.537854
0.696981
2.000000
3.259229
3.587036
1.135796
0.515804
3.267979
3.016471
3.231679
1.315656
5.531368
3.587856
1.266290
2.000000
2.049580
2.120426
1.502834
0.921790
1.861658
2.136559
2.207292
0.970793
2.269605
1.695865
1.148007
1.792433
2.408862
2.057036
0.129019
2.000000
3.017509
3.403774
1.985250
1.107107
2.842730
0.871545
0.621960
0.699101
1.774097
4.087137
3.651587
3.849935
1.916376
1.419396
3.387443
1.984957
1.709808
2.693334
1.708728
4.009180
1.244782
1.855140
3.756852
1.905641
3.459014
2.958432
5.082622
1.689018
1.321525
1.651138
1.573367
3.116709
2.666600
0.891443
2.000000
2.147879
4.577159
0.662135
3.902451
0.586004
2.000000
1.487798
0.958774
1.957141
1.555120
3.238531
1.640801
0.699197
4.832014
0.977764
2.000000
1.635324
2.181651
1.796383
0.296914
2.948142
5.247349
2.000000
3.457838
1.752824
1.667680
2.229068
0.987191
3.793216
1.406791
2.022829
0.501287
1.691185
0.978227
3.710507
3.257951
1.912090
1.955683
1.213082
1.917146
1.613642
2.332410
0.725005
2.010979
2.372538
6.507882
3.984631
3.858241
2.660138
4.103782
0.882953
0.415620
2.834906
0.671644
1.709377
0.852038
1.107511
1.911860
3.329890
3.192706
2.000000
2.020902
2.456468
1.773644
0.695603
1.805094
2.357017
2.694142
1.859362
5.263844
0.539677
2.000000
2.361073
1.260061
1.024277
3.524095
1.711733
1.779078
1.875666
2.000000
2.000000
3.444729
2.000000
3.229120
1.863925
1.750726
0.684143
1.691071
0.532655
2.261501
2.120611
1.748976
2.547900
2.830364
0.746996
2.672438
2.878718
2.005229
1.701731
2.129106
2.313871
1.797977
1.321287
2.073907
3.564410
3.942929
1.243368
0.984873
1.200912
1.513208
1.796769
1.569468
3.596417
1.336087
2.191298
1.063407
2.477556
1.576106
2.000000
2.286679
2.211691
1.505250
1.342155
3.291682
2.610482
1.805555
1.818793
2.406380
4.072818
0.832357
3.366952
3.958155
2.275969
0.429017
0.648029
1.174391
3.137846
2.539665
2.770685
2.491130
0.108841
1.358407
2.000000
3.386907
0.802283
2.742835
1.173834
3.417142
2.118694
1.943188
2.000000
1.568541
1.346380
0.819487
2.577236
4.613667
2.639425
2.882735
3.018829
2.253043
1.476826
2.069721
2.334465
2.107982
1.964372
2.775272
2.833050
2.973948
6.496597
2.000000
0.816473
1.237679
1.370694
1.226368
1.498215
0.880228
4.063086
1.318781
0.937253
6.513953
2.866946
2.793825
2.000000
4.521013
1.257038
2.438191
2.940869
0.895824
2.260014
1.833133
2.664720
0.647368
3.332543
1.502586
1.848248
2.144370
1.590031
2.076782
1.192698
1.359038
2.642521
1.843225
0.983586
1.715468
1.648525
1.395023
2.087914
1.930078
3.150979
2.636309
0.779574
2.337214
1.810319
2.558062
1.907125
2.215045
2.362124
2.148673
0.614748
2.126525
0.419660
0.793699
1.631886
2.611732
0.964060
1.483694
1.170195
1.813297
1.016701
1.173928
1.590549
1.675981
1.661193
1.690719
1.643988
0.996201
1.856297
2.233883
2.037572
0.701960
0.651943
0.980262
4.157960
2.332535
1.808123
2.835553
3.424855
3.063320
0.946706
2.727920
1.581435
1.916248
1.953305
4.968742
2.679775
1.853993
0.996171
2.833845
1.760800
1.196590
2.176682
2.640834
1.506552
1.483668
0.430797
1.245098
0.742925
2.729821
1.188404
1.826861
2.475241
4.510132
0.926893
2.248850
1.838470
1.125159
3.047159
3.094032
0.798199
0.764730
0.427658
0.956569
3.254907
3.419433
0.679964
2.381126
2.972116
2.423983
1.993394
1.451253
4.220399
2.000000
2.000000
1.399696
2.153379
1.256111
2.045984
1.912468
1.363321
1.338339
3.497194
0.357899
1.913155
0.779790
2.113554
0.754015
5.447848
2.147756
6.952830
2.539986
0.817388
2.611485
2.549526
2.077964
0.826164
0.628524
1.087067
2.232557
1.624230
2.039098
1.837660
0.452193
1.746533
0.693107
5.643517
1.685280
2.382623
1.307863
0.784935
0.256544
1.237433
1.968330
1.574297
3.244331
0.646212
1.767198
2.299984
3.922484
0.416293
2.782452
5.788585
1.195850
1.643731
0.721178
6.027717
2.341522
6.431559
1.318246
1.748575
0.668070
1.660378
3.461035
3.617370
5.368668
1.346710
1.836491
3.112746
0.664494
1.569167
1.248802
2.061164
1.314623
1.756953
4.321795
1.943417
2.167928
4.773632
2.296044
2.743755
4.597663
1.422385
0.634018
1.962989
1.444626
2.142714
1.067183
1.392878
0.727959
2.000000
4.181814
0.636481
2.608405
1.771027
1.391130
4.614604
0.962883
4.648038
1.230619
1.946807
1.295764
4.115527
1.214137
4.481580
2.000000
1.934569
1.580443
1.636505
5.271810
2.449503
0.681363
0.671821
2.951183
4.317357
2.000000
2.033291
1.042182
1.883453
1.330039
1.373118
3.190822
3.216043
2.463180
1.735662
3.643167
2.444858
2.631681
1.088935
2.969745
2.797285
2.001258
1.726361
2.000000
1.581441
2.863516
0.782154
1.246272
1.951885
1.749849
2.315643
1.598664
1.272021
3.846507
2.766139
1.318698
0.883158
4.024334
1.619787
3.751158
0.578975
0.380004
2.382483
1.834378
1.533113
1.915884
2.079369
2.089890
1.189921
0.337333
2.386618
3.044396
2.404423
1.578966
1.301050
4.351566
0.383407
1.378823
1.675179
0.324586
3.752945
0.452566
3.344968
1.620586
0.836847
1.868611
2.215661
0.035670
4.258227
2.468795
0.698579
2.000000
0.461621
4.440014
2.000000
1.678533
1.987126
1.947969
0.541534
0.381199
2.707146
1.333307
1.482504
1.858877
1.768086
1.437351
6.576424
4.328934
1.135678
4.531244
4.254190
1.387295
6.226722
4.363397
2.933246
2.622120
4.197071
1.945708
1.925953
1.735210
2.208765
1.690122
2.448429
1.866479
3.177098
1.523205
4.109675
0.730889
2.836155
3.492030
3.495163
2.129054
0.356419
3.249424
1.915333
6.094701
0.998249
1.575862
1.083385
0.965396
2.000000
2.242577
2.089510
2.409409
2.052748
1.090506
3.356025
1.089583
2.710953
4.021763
0.711601
1.382864
3.369611
2.049740
0.998488
0.565018
1.459434
0.471978
4.401916
2.514438
0.843766
4.868906
1.718029
0.323428
0.319818
1.269707
2.667679
3.780872
2.876216
2.005570
1.187210
2.570809
1.464899
0.593489
0.165885
1.351491
0.869763
0.655869
2.977112
0.700926
0.480721
0.942631
3.231033
0.932910
1.319966
3.097095
0.524134
0.344086
2.502658
2.302130
1.775415
2.578674
3.655680
3.064633
2.109763
2.111828
1.886471
0.105039
0.955640
2.385854
2.000000
1.257959
1.199773
0.431790
1.720762
1.598483
2.193003
0.926205
1.754757
1.377182
1.179543
0.715118
1.243440
1.490548
2.646434
2.025090
2.382523
2.820057
1.988477
3.965624
1.143985
2.286418
1.096975
0.306604
0.428584
0.676322
1.941575
1.158177
2.254705
1.790473
1.889115
0.090055
1.658974
2.977016
0.649890
1.108475
1.410602
2.246741
2.468103
1.730905
0.852590
2.000000
1.322915
2.280920
3.286254
0.653986
0.800836
1.900635
0.326481
1.904015
0.771634
4.011025
1.491114
0.955731
1.120862
2.942621
2.383687
2.000000
3.008115
3.285251
4.965468
2.998335
1.277950
1.349146
0.472102
1.655348
3.474227
2.096648
2.013567
3.884660
2.000000
0.506098
3.188727
2.422563
1.146607
0.985467
2.452924
1.591797
0.506255
0.611224
2.000000
2.248677
2.515032
2.487276
2.374296
2.000000
0.771100
5.190738
2.065478
1.044217
1.724402
2.358468
2.676088
1.509255
2.000000
3.124016
1.177793
3.749182
0.621563
3.611509
3.600538
4.370718
3.867382
2.766988
2.541503
1.760064
3.639375
0.210309
2.868057
1.288689
2.522992
2.004651
3.498125
2.467942
0.621770
1.628954
3.927257
2.414324
1.728357
0.710834
0.634628
1.235644
3.271584
1.949477
1.202497
5.852571
3.655739
0.999684
0.536434
0.181683
2.105681
0.666761
0.679396
0.989943
3.464835
1.623862
1.926684
2.440721
2.840721
1.085975
2.612823
3.069433
3.282875
1.834278
3.669096
4.327055
0.369936
0.711543
2.898347
2.895335
0.779400
0.754875
0.950660
3.619898
1.853101
1.309305
1.168028
1.682045
2.216066
2.311764
3.029307
1.987858
3.120826
0.353458
1.576033
1.160477
3.421927
2.180187
1.227576
1.232805
1.282625
3.543561
0.979709
2.626995
0.353797
1.145534
1.023621
1.111722
3.065691
2.914296
1.792550
1.207041
0.767625
1.205850
2.000297
1.639819
1.169438
0.667176
2.700445
2.102176
1.773775
1.738955
1.471610
0.504533
2.605049
2.184299
1.270825
5.486423
0.356750
2.402621
1.135952
3.580771
2.367512
0.986608
2.682857
3.195986
1.442001
1.920406
2.000000
2.005189
4.648470
3.565275
3.117301
1.687578
2.119038
1.467043
3.492933
0.122292
2.286604
2.147914
2.480655
1.845016
0.533793
1.016334
1.885696
5.601561
1.533063
1.089104
2.021242
2.000000
2.478941
1.264235
2.222762
1.885936
1.448046
1.004059
0.275154
3.303061
5.024276
1.888353
1.559543
6.809449
0.495175
1.767519
2.270621
4.293046
2.034160
1.637805
1.779418
2.340360
1.779111
2.341270
2.250591
3.267117
3.138123
1.549431
2.892056
1.450395
1.535217
3.226213
3.645838
2.165091
2.000000
0.791798
1.782093
0.263659
2.969036
1.804931
1.228310
7.041505
1.531310
2.519525
2.649070
0.701371
1.565977
2.235745
4.307820
0.116142
0.669010
2.144205
2.336527
1.604997
0.821682
1.426513
1.279838
0.320411
1.355031
2.438300
2.355500
1.712388
3.186891
0.900077
2.639249
1.566713
3.043599
2.271991
1.133494
1.340101
2.000000
1.946475
7.943275
1.272210
1.453992
1.137668
3.864488
1.324538
2.795069
1.821042
2.769474
2.090420
1.303455
0.655689
2.000000
1.560405
1.280437
3.164619
2.893170
2.702056
1.211179
2.022657
1.517733
0.882271
2.107854
6.525480
3.562912
1.583069
2.944322
0.827195
1.879050
1.913482
2.301604
1.753837
1.428540
1.100862
3.280796
3.613225
2.177865
0.830859
1.350414
2.696153
1.592373
3.824847
1.303677
5.099718
0.891519
1.659147
1.273726
2.196081
1.888294
3.286848
2.000000
0.925829
4.269261
1.799610
3.845002
1.933928
2.082018
4.499702
2.173258
2.011024
3.094933
1.135638
2.000000
1.254608
1.845200
2.739376
3.070165
2.148708
3.669957
2.408850
0.277615
0.463239
1.456278
1.676069
1.506055
1.369227
1.834061
1.341386
2.304209
2.077699
0.574713
4.099810
0.402472
2.404487
1.620206
2.392504
1.918429
3.115373
1.356653
1.378856
2.836045
1.768227
2.337278
2.057133
2.000000
1.791446
2.000000
2.110146
2.888806
0.980507
2.364998
3.179609
0.788048
2.000000
0.865282
2.929220
4.707164
2.693690
1.590628
0.671023
1.097405
1.900855
3.581565
0.609213
4.850976
3.935824
3.559892
2.228159
3.114329
1.814128
2.653800
1.944828
3.120278
3.047793
1.397307
3.087668
1.843754
4.254673
3.330088
2.130718
3.003485
3.014241
1.196270
4.549433
2.855216
0.536927
2.424738
1.244555
0.896877
1.672366
2.281685
1.875290
3.509631
3.899898
4.239050
7.014397
2.174496
1.495105
0.327439
1.286791
0.958650
2.815258
2.161639
0.533690
2.038191
2.298411
1.882506
1.889798
1.456912
2.360388
2.763897
1.456147
2.687177
2.179289
0.751945
4.230491
1.912924
1.936129
0.805851
1.864484
1.388471
3.839146
3.784126
0.593578
2.328485
1.822716
2.666978
2.953656
1.461460
1.806251
2.305134
0.554781
3.277387
5.096366
3.002871
1.548349
0.645761
2.438977
1.585601
1.778342
2.064544
2.310713
1.081582
5.122585
1.979031
3.187696
2.333683
0.236197
2.000000
2.656275
2.085978
1.464035
2.000000
0.725114
2.230408
1.704686
2.987567
2.372906
2.066292
1.943283
1.756955
2.841640
1.403014
0.519123
1.620395
0.116860
5.140250
2.765822
0.468726
2.508986
1.314393
1.264263
0.586890
2.637157
2.268934
1.142958
1.294700
2.038634
5.170407
1.919778
0.918695
3.538847
2.117857
0.523180
4.420104
1.849024
4.205387
2.542874
0.953978
2.711508
1.597590
1.584295
5.361854
4.275857
1.693883
2.825506
3.879523
3.526873
2.713473
2.035896
2.000000
2.904110
3.135357
2.238138
0.581943
0.535325
1.949378
3.537281
1.371628
0.960254
0.784697
0.629526
0.720676
3.188085
3.027281
3.076789
1.558028
2.000000
1.495294
2.780052
2.000000
0.718366
1.323590
2.346874
2.394496
2.435516
3.642542
3.125551
0.837703
2.146405
4.128724
0.609824
3.625167
2.251196
0.289324
0.532360
2.798854
1.624966
2.029700
1.098059
2.009907
1.525843
1.658212
1.316623
1.224408
2.000000
1.976397
5.984897
1.965675
2.265271
1.786067
1.325575
1.514379
1.255593
1.685841
2.775272
1.913411
2.608892
0.625400
2.098739
1.819118
2.281638
2.200414
3.427961
2.390629
2.747688
1.215028
1.230461
1.758233
1.601283
2.000000
1.562195
1.772234
2.934439
1.520058
0.150865
2.324683
1.766306
0.930653
1.968561
5.696747
1.343683
1.050289
0.964100
1.948800
1.372587
1.263325
1.759323
0.759047
1.122877
2.140189
3.712328
1.978692
2.354218
5.398690
0.324789
1.822175
2.628547
2.019982
3.322686
1.715654
3.610485
5.098725
1.172518
2.030158
1.167117
0.847559
1.375663
1.829008
1.857602
5.680385
5.793989
3.783775
1.965510
0.722750
2.139405
4.667059
4.138082
2.600925
3.391543
2.618052
2.062715
1.408541
2.623454
1.051421
0.208412
2.387555
2.023211
3.388338
0.581959
0.987915
1.425956
0.950876
0.449438
1.673362
1.296841
3.861223
1.175150
1.061798
1.397169
0.916929
1.592441
7.622970
2.167171
4.100657
1.601099
1.626994
2.055540
1.309046
2.000000
2.000000
5.061715
2.761120
2.786307
1.576892
2.000000
1.607461
1.826297
1.737920
3.100108
2.341550
2.986760
2.041528
2.132255
1.620451
3.883227
0.580023
2.000000
3.250390
0.662043
7.442107
1.872444
2.885821
0.609556
2.505593
2.608848
0.536556
1.950189
2.952646
2.442305
2.190586
2.823513
3.375876
1.706044
3.811800
1.201038
2.846301
0.496063
3.032692
0.420394
2.000000
0.759103
2.969674
0.769555
0.596026
0.940825
0.543233
0.416634
1.788320
3.224721
2.715728
2.231378
1.992402
2.512527
0.785665
1.393452
0.960992
1.676014
1.227602
1.449482
2.300071
2.000000
1.674933
1.395690
1.893312
1.704640
2.009425
2.285535
1.957588
1.339594
2.000000
2.152961
1.526667
0.970293
2.233626
1.737469
2.083666
2.041281
2.581889
1.814832
2.719454
0.571117
2.091483
1.680759
1.214072
1.128561
0.981512
1.100907
0.351543
2.000000
3.658599
2.847734
1.080666
3.894663
1.033593
4.719410
0.226806
2.916886
1.878208
1.746012
1.385614
2.000000
0.574756
1.608542
0.882105
2.674797
4.225116
0.710497
1.995364
1.360491
1.693595
2.442940
3.476590
2.000000
1.976750
2.622773
0.878176
2.523299
3.472772
2.000000
2.439130
3.507303
2.241289
3.333820
2.222275
0.998086
0.784437
3.192505
1.730117
0.278316
2.663064
1.124426
1.730711
1.742386
1.452852
2.000000
1.315732
1.240782
0.586044
1.081372
4.260333
2.000000
2.294536
2.007439
2.901437
3.219597
1.986411
1.847581
1.676415
2.053301
1.956184
6.128047
2.217452
2.496900
6.006056
1.694696
2.000000
0.605015
4.977307
2.701822
2.031809
1.489678
1.915621
1.664827
1.402347
2.112798
0.955433
0.908324
1.988138
3.249648
2.915058
1.097512
1.467561
1.672529
1.952484
0.624283
1.459463
1.237449
2.674502
1.320674
2.883172
3.147936
1.114639
0.859503
5.582860
3.902662
2.071151
1.555629
1.971964
1.912749
1.382907
2.000000
0.557706
2.831639
1.390828
2.639234
3.221988
1.201272
1.652822
2.337064
1.705441
2.000000
2.738227
2.068745
2.000000
0.959665
2.002019
5.473895
1.529045
4.359226
2.990126
0.451752
0.371263
1.608288
2.199723
2.078947
1.057897
3.078374
4.356833
1.501861
1.882419
1.932449
1.581806
2.042714
3.845365
1.086022
7.559877
2.830566
3.295558
0.686825
2.804305
1.473704
1.582648
1.554253
2.338801
0.865636
1.872957
1.244324
2.408500
1.997127
3.642036
3.137894
3.274693
2.790456
1.502555
0.913126
0.616621
1.113798
1.845529
0.762624
1.635542
4.719794
1.020532
1.521123
0.685370
1.823172
1.832735
1.944216
1.734586
1.881124
1.520092
1.969962
1.887119
0.761839
1.889638
1.696498
0.898700
2.213914
2.310686
0.516793
2.420087
2.027146
0.765151
2.749514
0.486356
2.919028
2.536446
1.491555
2.832419
1.737999
2.320217
2.324594
4.620502
4.091112
1.415493
4.888604
2.373111
2.001104
4.040940
2.426749
3.096305
0.867502
2.399434
2.675471
1.194818
0.265289
1.723671
0.988712
2.858340
1.240741
0.139815
1.610347
2.093331
1.663605
3.073755
2.263587
2.000000
3.954464
1.560453
2.838354
0.755835
0.143244
2.611096
1.983743
1.929100
3.257513
3.394685
0.624748
2.246521
2.611481
2.733281
1.985867
2.675706
0.909066
3.553752
2.763140
1.818979
3.619292
1.565895
0.999069
0.778875
4.713986
4.171352
1.070027
2.000000
1.912771
2.300044
1.862163
0.981824
1.256126
2.027096
2.123852
1.643007
2.509762
1.683265
1.466108
0.689026
3.851219
3.267461
0.485965
1.933235
1.430182
3.134835
1.126849
3.495110
2.288466
0.183377
0.331806
1.680554
1.913404
0.790443
1.367012
1.097967
1.635516
2.599780
1.910454
2.908545
1.963658
3.569613
4.525231
1.686105
0.970205
2.555037
1.289171
7.204508
2.074566
0.661349
1.641164
2.027007
1.371222
2.228952
1.273567
2.000000
1.168119
3.282506
2.177424
0.951847
0.903418
2.366584
7.671994
0.226031
1.154854
1.838506
1.762695
1.070925
1.520585
1.882590
1.530075
2.433505
1.641033
1.998545
2.947218
2.027165
1.351156
0.711606
0.180862
1.754208
1.148032
3.173893
2.606246
1.941493
1.375582
1.358121
0.866334
2.000000
3.552115
3.194912
2.112903
0.951904
1.947295
0.294211
1.180189
1.118276
3.415790
2.330861
2.000000
2.518324
1.628843
1.759291
3.495618
2.088058
1.312459
2.038969
0.446373
1.798602
1.544927
1.015742
0.803747
2.401955
3.861329
2.037443
2.060114
3.632582
1.193152
1.668778
2.976100
3.712491
0.608836
0.394622
1.169207
2.449798
1.961847
2.386449
1.640514
4.089473
4.218879
1.855648
2.184565
1.476941
2.141690
2.127402
1.826260
2.078401
2.423781
2.152676
1.089240
1.798158
1.902131
2.595573
1.682961
2.269489
2.207882
2.935514
2.943252
1.067549
2.797129
1.609938
1.935309
4.283788
2.000000
1.788737
0.501436
3.777484
1.009387
1.903443
2.785535
3.788591
1.158165
2.918308
0.660505
2.756406
0.919777
3.190235
1.734080
4.162796
3.216840
0.270124
3.564892
2.156979
1.037288
1.423448
2.000000
3.568333
0.504346
2.851835
1.920752
1.323221
2.577374
1.280633
4.400265
1.646009
0.702268
2.610276
1.365103
1.566740
2.855176
2.124196
2.000000
2.434959
2.687194
4.082985
7.488864
3.038481
0.261968
2.830191
2.527580
0.688478
0.504052
2.653362
1.530697
2.000000
1.880636
4.655473
2.434883
1.041989
3.783010
0.797027
5.931315
0.797473
1.265993
1.599669
0.287534
2.829812
2.000000
2.720998
1.563125
2.593851
1.936088
1.072445
4.561136
1.874122
2.252065
0.472547
2.011112
1.901576
2.493671
2.000000
1.661966
0.911823
0.558773
0.303671
0.864565
2.513296
0.956812
4.756804
1.980278
1.806363
2.049790
2.174267
3.414053
2.000000
2.505828
2.163808
2.000000
1.933502
1.514870
0.905315
2.600749
0.603774
1.751359
0.921849
2.207877
2.075237
2.827597
0.141035
1.395597
4.262519
1.037341
0.954810
1.054872
0.772069
4.073389
0.349962
5.336560
1.665616
2.933908
2.739654
2.990240
1.777289
2.968316
1.525937
1.959304
1.974816
0.621357
1.809722
2.709642
1.068139
1.929068
1.075880
1.749344
2.828933
2.000000
2.929770
2.201472
2.369910
1.939941
1.874154
2.873655
1.777490
2.000000
1.985358
1.561993
1.914782
1.802019
2.091002
0.184525
1.030526
2.934135
2.000000
2.122344
3.551763
2.130879
1.671836
0.611636
2.170003
0.836720
2.182921
2.615409
1.909718
1.318692
1.854005
1.605076
3.347940
2.269577
4.715432
0.797857
0.492879
1.697813
1.051568
2.542666
1.367175
2.000000
1.735700
4.261956
1.477255
0.656967
0.628145
3.277175
2.778574
1.978197
1.899488
1.586103
2.348137
0.291852
0.382974
0.960552
2.399712
2.328257
2.493647
2.115908
1.143628
4.715261
1.925156
3.372622
1.144075
0.397295
4.105044
2.189149
0.752514
0.932556
1.163176
2.489539
4.002986
1.503249
3.434510
0.776029
2.823279
2.615901
1.514233
1.846290
3.018297
1.279877
0.942138
1.779971
2.033303
2.242083
1.584041
0.264399
2.000000
1.760016
1.370669
1.323604
0.927366
3.002317
2.000000
2.008571
1.865913
3.771933
1.603810
2.065006
2.620229
0.749972
1.934610
1.049806
2.330401
1.818828
4.005250
2.811561
1.994403
1.238364
0.325893
2.000000
1.465475
3.081460
1.795038
1.489002
0.645491
2.425544
2.011743
0.672628
5.377047
1.116760
1.705305
1.722934
0.990607
0.392422
3.382190
3.371562
2.012877
2.435863
1.593672
2.076161
0.412372
3.068314
2.837878
4.664484
3.449288
5.831542
1.822774
0.717647
2.000000
1.057124
5.618729
0.960248
3.619406
2.000000
2.283386
1.329851
0.469118
1.093637
2.309430
2.112527
2.776315
2.361284
1.264249
2.907666
1.269507
2.421696
1.952408
2.416338
1.756868
1.450780
2.977839
2.534382
1.300925
2.973099
1.887197
2.211282
2.368495
2.099269
3.716292
2.266373
0.502759
3.453643
0.381213
2.029796
1.059324
0.455497
0.634709
1.818960
1.807495
1.960741
1.739260
1.955714
2.658863
2.086921
3.561553
1.913847
1.311764
0.698099
2.106909
4.360133
0.954278
2.958439
1.087228
4.001912
0.543912
1.819695
2.565246
3.360091
1.615205
1.308231
4.512062
0.852089
4.305415
1.426410
2.235928
2.802154
0.357437
1.653817
1.456156
0.382836
6.455230
1.958906
3.840885
2.945666
2.504903
1.825942
1.468865
2.194483
1.793163
2.933457
1.971159
0.831629
2.000000
1.372723
3.196915
1.432626
1.457589
1.418712
1.254474
0.675973
0.346351
1.885515
2.551529
3.193535
1.804434
2.169981
1.710301
1.928695
2.565229
0.714414
0.896852
1.422427
3.135875
1.322731
2.052395
2.852360
0.640663
2.057240
3.113528
1.669268
1.625046
0.534538
2.546764
0.727313
3.196920
3.060117
0.843133
3.768971
1.445465
1.916032
2.000000
1.888674
2.353977
0.197493
0.808978
3.176071
0.492731
2.000000
1.103547
1.910067
4.007074
0.953285
0.749605
4.056025
1.951368
1.809726
3.317769
1.203598
3.261162
1.987174
2.660233
0.131575
1.239558
2.000000
0.566307
1.190366
1.631147
1.616617
5.133055
0.785132
3.968183
1.503067
1.906507
1.073821
2.266789
5.405594
1.748450
1.186625
0.599719
1.640565
1.697747
3.080444
1.343722
2.000000
1.966434
4.001320
1.563885
0.535317
0.670366
1.557040
1.997653
3.638302
0.283391
1.010218
2.927740
1.102749
1.924522
0.597735
4.304489
0.354998
1.648069
1.401953
1.984316
1.923298
1.638302
6.025339
1.672213
0.559536
4.678394
1.629927
4.433424
0.988424
2.712531
2.458507
2.000000
0.855181
0.797617
2.000000
1.834652
2.000000
1.104458
0.363743
2.677285
0.836443
2.000000
0.957728
1.849076
1.574555
2.000000
1.847069
1.060969
2.524912
1.680772
0.552806
1.192429
2.772444
1.269451
1.172044
0.643097
0.876007
1.074156
1.875848
0.833443
2.094707
2.629555
1.098193
2.745707
1.576586
0.347911
3.510790
0.818032
1.969909
2.855630
0.306505
2.786503
3.832695
0.850006
3.651148
1.612849
1.865669
0.845062
6.962542
2.156445
2.782529
0.754105
1.287370
0.885474
1.987046
1.878726
0.489256
1.154538
2.000000
2.015253
2.825887
3.744994
3.741318
2.307108
0.408027
2.663100
0.933101
1.304120
5.157150
1.997635
2.951179
1.964489
0.643248
1.687833
2.397842
3.063608
1.243025
2.661760
2.220115
2.447677
0.874040
2.744742
2.351378
1.686404
1.608798
2.600672
1.821495
0.616605
2.778589
1.378687
1.613857
0.984770
0.395889
1.268057
0.340671
1.473540
1.791095
0.599887
1.686638
1.385736
0.917422
0.448848
1.670689
1.627783
2.598942
1.286328
2.492714
1.891222
1.227125
2.000000
2.356555
0.725704
2.882747
1.451212
2.050884
1.434409
2.005865
1.372148
1.370530
2.475806
1.802210
2.000000
3.631618
2.093139
1.603672
1.528707
0.850409
1.692867
3.636698
1.283577
0.920828
2.521316
2.104426
4.449928
2.000000
3.354280
1.721922
3.646118
0.689657
2.280127
2.427869
0.530766
2.020080
2.405551
5.047619
2.028914
1.991317
2.104660
1.332402
2.128602
1.389491
2.638502
1.281060
2.593153
4.259516
1.970227
0.631027
4.221673
3.597561
3.835266
2.105920
0.440890
1.958470
1.769176
1.512500
1.143922
1.160091
1.563632
0.348116
1.662235
1.041670
2.079252
2.322621
5.098170
1.452811
1.434767
1.753602
2.721828
3.323588
1.062742
3.890765
2.000000
1.833082
2.874319
2.000000
2.261140
0.702262
2.000000
2.891507
1.806475
2.354578
3.371591
1.320208
2.959468
1.697078
1.848697
3.352639
1.921828
0.820924
1.602729
2.246507
2.903942
1.165052
4.421744
2.222511
3.898916
3.452425
0.442180
0.452147
3.475999
2.000000
5.148299
1.448164
2.473729
2.583200
1.816479
1.908815
2.000000
0.924620
1.808010
3.309471
2.114578
0.575411
2.512933
2.450300
1.289854
1.782055
0.311451
0.533628
1.839088
1.633735
1.649623
2.000000
1.011236
1.920547
3.532401
2.592009
5.467662
2.000000
0.838390
1.638763
2.406603
2.975904
2.000000
3.717021
0.461630
3.199570
1.870368
0.309205
3.058528
2.000000
2.383751
1.065208
2.204481
1.949189
3.962028
1.016213
2.151884
3.062618
2.310040
1.973187
2.423080
2.537147
1.878179
1.452548
2.065879
2.692251
1.173694
2.902058
2.056171
2.181426
2.490896
3.087356
4.861488
1.320094
3.437942
1.674516
1.605410
2.328023
3.357774
0.824200
2.190877
1.238444
2.000000
1.943387
1.599222
2.105017
2.990556
0.741253
1.841988
3.367095
1.991134
1.728050
1.955894
1.687434
2.293626
1.482139
1.667900
1.842962
3.729035
2.771628
1.984395
2.094221
1.919668
3.102747
2.828995
2.095445
1.566447
1.236313
1.892812
2.382478
2.178383
2.181235
1.020434
3.729680
0.779847
2.634000
1.779055
1.902367
3.569056
3.679703
2.460106
2.000000
4.246970
1.404931
1.542547
1.372778
1.147156
2.896050
3.772037
1.844916
0.647043
1.949042
1.407252
1.059270
2.584287
2.394725
2.361616
2.770592
1.480931
2.009763
2.061308
3.130147
1.046553
7.390338
1.767971
1.698078
2.721979
0.125150
1.463605
6.134181
2.275290
2.609040
0.444301
1.117648
1.305786
2.350867
2.926567
0.845492
1.079077
1.604080
1.971609
2.000000
0.923610
0.757479
2.669785
2.345031
1.558329
2.148742
1.560960
2.767361
2.000000
1.574668
2.288326
2.000000
2.000000
2.287704
2.868102
2.106458
2.279579
2.745565
2.000000
3.077513
1.716020
1.884451
1.781852
1.825929
1.737777
1.778260
2.945610
1.186293
0.388087
2.563169
3.224082
0.978907
3.741137
1.447009
0.199259
1.618297
1.684762
4.454129
2.250167
1.767344
0.718244
0.648997
2.534946
2.000000
1.897025
5.016665
1.745101
2.507041
1.792932
0.783273
4.951382
3.656368
2.228204
2.574351
2.853579
1.561181
1.131759
2.254797
3.453426
6.386197
1.230630
1.101219
2.538016
1.725811
1.728826
1.227717
1.940877
2.904495
2.397219
1.875539
2.844900
3.928066
5.214293
1.100832
3.720413
2.697189
1.799343
3.111542
2.825977
0.627370
2.612627
2.124630
2.000000
2.087278
0.267319
6.587061
2.988207
1.395124
0.631728
2.473372
0.560540
2.325256
3.574338
0.210782
1.379416
1.809541
3.755248
0.776686
0.651761
1.854172
0.374521
0.571926
1.342460
1.568034
4.906336
0.957162
2.886019
2.789112
1.333294
4.840136
1.288101
2.000000
1.177391
2.129365
0.987685
3.107826
0.141965
1.008882
1.868944
2.232300
2.000000
1.099765
3.091759
4.293458
1.926388
1.577608
2.275833
2.497950
3.020957
1.816732
0.540400
4.021070
1.744801
1.730181
0.893687
2.228843
2.055686
3.032871
2.761660
1.099389
0.966453
4.070058
2.842484
1.406295
0.417001
1.082077
3.281361
0.772444
1.893596
1.749289
1.125126
1.370232
1.397093
1.911714
2.269271
1.933813
2.317071
1.379211
2.844691
1.997072
1.921764
1.516920
3.417202
1.706758
1.944567
0.468835
2.091840
1.283718
3.664056
1.794445
2.091996
1.967680
2.596153
0.913896
4.179091
4.348710
1.589232
1.473658
3.488251
1.610474
2.373671
7.553943
1.422639
1.125432
1.974515
1.379204
5.612722
4.381138
2.006332
2.094481
0.641019
1.489629
2.181672
1.840820
0.946395
0.886201
3.085158
3.388159
1.749912
0.992488
2.244236
0.445976
1.854281
1.689186
0.586201
1.736910
1.929952
1.913162
2.000000
1.629237
2.000000
2.000000
0.999587
2.034746
0.995606
0.722955
1.060702
1.245742
2.000000
4.163506
0.516774
2.459013
2.579889
1.550129
2.400571
1.763009
2.894521
1.314463
0.770583
1.664451
2.461113
2.289660
3.324767
2.000000
2.685312
1.459837
0.867406
1.597918
2.830108
3.361965
0.989118
2.054640
1.572196
2.097059
3.604295
5.122371
1.406286
1.838348
1.401993
3.658786
4.749004
2.155236
1.648522
3.302674
1.952997
2.887690
1.856685
1.201954
3.294331
2.482941
0.422237
2.206653
0.625099
3.666033
2.834720
2.082255
1.965215
0.561276
2.126204
0.741380
2.635998
2.126613
1.657588
0.945836
1.009410
2.409026
0.521038
1.687589
1.144294
1.520149
2.104388
2.321373
2.029855
1.418147
1.833680
1.608241
3.330136
1.337580
0.719307
2.038466
0.440998
3.743713
0.940500
0.694745
4.027761
1.983239
2.135628
4.608575
0.643395
3.050931
3.074578
0.560272
3.025580
1.228981
2.000000
2.391280
4.414937
2.806815
1.907639
0.570726
5.131468
3.560696
2.041251
2.739087
2.657065
0.426064
2.781825
1.462296
1.494381
1.289093
1.904590
2.476816
2.000000
1.550461
1.138975
1.383081
0.534970
1.914459
3.079451
2.889338
0.759274
0.779682
1.638719
1.097550
2.715856
2.571669
2.271117
3.745016
2.771344
2.489943
1.638865
2.083246
2.560931
0.788021
3.233949
1.680199
1.276034
1.394303
0.318036
0.824096
1.874481
2.428430
2.089362
2.260181
2.143589
2.676387
2.041230
1.778771
2.311103
2.744291
2.114586
3.464885
1.654133
4.054908
3.014147
1.517673
1.370878
1.193453
3.705040
1.492938
1.631932
1.392769
3.562449
0.812722
2.255502
2.000000
2.037255
0.916548
1.860755
1.853846
4.369873
1.992836
0.461173
2.050643
3.312433
2.140760
2.679522
1.683692
1.164817
1.901160
2.368824
1.495575
2.260663
1.614044
1.032261
1.211681
3.878835
1.448297
0.765497
0.677439
0.315697
2.470369
0.607909
4.006348
1.569765
2.371603
0.758220
0.376712
3.401513
1.049993
1.709806
2.000000
1.017964
2.289998
2.121344
2.413929
1.634379
0.906139
3.462853
2.114058
2.101170
1.511803
1.703092
2.331902
5.903619
1.625235
2.525157
2.614994
2.000000
2.507240
2.868020
2.335053
1.604350
0.363998
1.009503
1.610503
2.443089
0.456668
4.617410
2.036565
2.688550
3.364992
2.339881
2.000000
5.648245
1.597355
5.083804
0.679482
2.377754
3.713150
3.201314
2.062292
2.774632
0.951265
2.069963
0.459277
2.119008
0.996380
2.601837
1.784978
2.444075
2.285074
3.118220
1.072143
1.772228
3.027067
0.493284
2.000000
2.116955
0.775422
1.247788
2.732452
2.234094
1.663652
1.585347
3.117877
2.031817
2.048423
2.000000
4.106813
2.821990
3.824885
2.816315
2.513430
1.551473
3.235567
1.701018
3.911976
1.996797
0.470307
4.013818
0.926430
4.054284
3.301461
1.866002
4.684817
0.846624
2.000000
0.747972
1.264762
2.000000
4.357806
1.697482
2.098384
2.586193
2.928928
2.174873
1.194414
1.384447
0.651882
3.136611
3.386992
1.060964
2.863046
2.532909
2.101811
3.611824
2.000000
3.205840
2.515203
1.815230
0.563468
3.242624
1.919927
2.416378
7.352643
0.850311
1.324261
2.572797
4.052500
0.429338
0.916558
2.000000
1.748881
0.678778
3.702756
2.132499
1.655826
0.971027
1.289326
1.735496
0.751348
1.626432
0.645583
0.536841
2.246513
0.767314
2.293668
0.920673
1.409238
4.859814
3.396196
1.855763
1.036031
2.896530
1.551538
2.359098
1.240945
0.751839
1.669930
1.852075
1.751260
2.000000
0.486212
2.495444
0.691841
0.909281
3.365452
1.784794
0.934733
1.817526
1.904984
2.020283
2.377424
0.174742
1.425395
1.885341
2.272647
0.359116
0.667760
1.942291
2.776004
2.184463
3.688909
1.623186
2.535387
1.978905
0.341859
1.374309
2.000000
1.695788
1.733874
0.406648
2.996818
2.000000
2.572572
2.602611
1.796310
2.590322
3.613916
1.357715
1.556878
5.049509
2.338829
3.378027
2.387370
2.382716
1.752388
2.021960
0.935297
1.426036
0.117392
1.674853
0.211566
1.221632
2.700570
1.862218
1.717709
1.990734
2.510689
1.635123
2.198359
3.373281
2.952054
3.238119
0.591419
3.670425
2.473335
2.508105
0.551708
2.183179
0.802039
4.211432
0.786773
2.637411
1.346908
1.958614
2.004864
0.835454
2.734519
2.676899
1.681647
5.737970
2.060933
2.221143
2.583840
1.828737
2.000000
0.726123
1.530008
5.153998
0.467696
3.706179
0.496158
4.966107
2.835510
2.894591
2.000000
2.103323
2.026831
2.545220
2.887204
3.115723
1.996690
2.174924
0.754097
2.110729
1.892213
0.608549
2.381905
0.750187
2.563671
2.000000
0.584979
1.987818
0.533633
0.510979
1.048214
0.809442
2.921491
1.498027
2.632511
1.228897
1.866144
0.649503
2.076804
2.086083
2.388878
0.522508
2.000000
0.621944
3.238732
0.319699
1.398241
1.933525
2.879010
4.021349
1.523318
0.277757
0.154481
4.178932
2.588826
1.251299
0.549172
0.541678
0.343730
1.662249
2.496825
1.258414
0.982944
1.803416
1.571274
1.146229
2.605617
2.616728
4.059141
1.277900
2.656324
3.137840
3.687474
2.510979
0.853914
2.613878
2.442658
0.791339
2.185592
2.482908
0.885193
1.708390
1.571537
2.004295
2.348096
2.292565
1.322400
2.128524
1.533137
2.116956
1.921505
0.415768
1.900504
2.494416
0.914864
1.762239
1.122673
2.048591
1.070627
2.012290
0.608935
0.662089
0.681166
1.881539
3.211760
3.684422
1.707700
4.982231
3.213963
0.365107
2.907655
1.873062
0.165319
1.866004
2.084376
2.983394
2.915644
5.429768
3.775950
3.728648
2.000000
0.357224
1.096018
2.268063
1.350834
0.851658
1.091537
1.336770
1.915807
0.267808
0.828637
0.784094
1.725340
2.680352
2.498494
4.704398
2.851774
0.675045
2.574942
2.582499
3.451067
0.249346
2.917257
3.100168
2.772269
2.000000
2.416743
1.851991
2.000000
1.085848
2.095941
3.585453
0.608434
2.416360
2.000000
2.495752
0.393213
2.456748
4.518784
2.366745
2.383691
1.276711
4.373631
2.000000
5.455516
2.489893
0.905048
1.113131
0.464205
0.342955
2.026378
2.644781
1.877183
1.058191
2.402626
1.179985
2.261656
2.062071
3.105744
3.858315
2.272386
1.817298
2.140891
1.237051
1.157389
0.471441
0.979758
1.426735
2.067839
4.796849
0.866660
2.253980
5.927158
0.660066
0.950159
2.352535
2.761723
2.285514
2.000000
1.438130
0.664596
1.756790
0.989154
2.137346
0.315136
2.005316
2.833022
2.483964
1.449772
2.226847
1.077436
2.000000
1.476620
3.873704
2.066834
2.086858
3.507717
1.740686
1.769916
2.303433
1.219171
1.186788
1.270830
2.670150
0.719780
4.439929
3.034315
3.843332
2.280670
3.222433
1.976062
2.298875
1.987260
2.690463
1.335246
2.000000
1.934689
3.172401
3.578744
1.236999
0.326390
3.165756
1.547494
1.309248
1.276408
2.292672
1.724017
1.331128
2.140005
0.688500
0.508426
2.427050
0.586388
1.147059
2.099518
1.157483
2.116097
2.174231
2.198982
0.278596
2.460318
1.461315
0.342635
0.818980
3.254948
4.687418
3.031436
1.915668
1.121133
4.071939
3.128534
2.068586
2.000000
2.584277
1.205807
3.156085
0.376251
2.084835
3.763606
2.592520
2.000000
0.644437
1.505966
2.119400
3.038995
0.415312
4.201508
2.520043
1.966709
1.501074
1.445363
1.084717
0.695995
1.305060
1.429873
1.542120
1.985355
2.624171
2.612527
1.590537
2.219086
1.162764
7.044324
1.867635
1.322991
0.955294
1.782181
1.410891
3.433767
2.595353
4.712407
0.925228
1.454712
3.290133
4.238238
2.229778
0.738211
3.272517
2.651446
3.427822
2.851053
1.824324
2.283396
0.882899
2.557426
0.746924
1.739243
1.749932
0.968540
1.499921
2.000000
4.202925
1.755087
1.301597
0.733055
3.097501
0.473563
2.266023
2.603958
0.400024
0.694502
2.564454
0.654758
2.410761
0.670418
1.272424
1.897279
4.215360
6.424522
0.747328
0.543133
1.706071
2.000000
0.617210
1.855783
3.149292
2.588413
1.625776
1.759793
3.661794
0.428972
2.197569
1.373739
2.082983
3.125601
3.028759
3.668211
1.854834
3.474498
2.023992
4.002713
3.077264
1.543012
1.535959
3.985083
0.342247
2.445951
2.896508
2.664921
1.848026
1.936724
4.920517
5.216314
4.084669
1.487893
2.446648
2.160993
3.943933
3.091217
1.969175
0.821291
2.108622
1.630745
2.000000
1.853608
3.580813
1.741164
1.975976
1.585861
3.646930
0.385614
2.048257
4.366788
0.833565
2.042923
1.482410
2.418772
1.515008
3.010855
0.950978
1.849474
2.890220
1.050190
1.844682
2.285769
1.107029
1.385536
2.218060
7.283850
2.000000
2.001952
2.650468
2.149292
1.352932
2.378003
2.000000
1.191609
2.103180
1.119744
2.559628
1.584965
1.694557
0.497042
1.018762
1.853648
2.248391
0.308476
1.815167
1.262290
1.372179
2.340453
3.063351
6.871097
1.788352
2.774113
0.320733
2.342423
2.721436
1.411516
1.423105
1.976890
2.763801
1.262122
2.443055
1.239537
2.094887
2.218850
3.740808
0.198328
1.865532
2.415761
1.078520
0.721274
2.000000
2.506202
2.462333
2.883014
1.848084
2.035768
2.722944
3.173301
3.022193
3.822602
2.000000
1.464866
1.334781
3.881920
3.181625
1.393236
1.060470
0.367070
1.711954
2.414772
0.385445
1.579336
1.796870
4.311961
2.847574
2.000000
3.032216
4.072047
3.843392
0.946342
1.105765
0.752901
1.199538
2.403559
2.148762
2.164436
3.455925
1.570208
3.944629
1.089652
4.220798
1.058422
2.000000
3.432959
2.201711
0.466111
0.836116
0.820568
1.388544
1.404861
7.300875
1.350941
1.562775
1.555799
2.390471
2.403556
2.187125
2.000000
2.165563
1.567008
1.871067
4.071433
2.174863
1.952108
4.213717
2.000000
2.546013
2.450480
1.667085
0.943422
3.836602
0.790486
2.281791
0.754914
0.875872
1.875553
1.398595
1.293779
2.010634
1.632135
2.845270
0.680785
2.296258
3.142324
2.195675
0.254616
0.730381
2.272782
1.577224
1.665124
1.834122
0.230962
1.579644
2.000000
3.669355
1.706575
4.789527
0.125267
2.087882
1.582708
2.000000
0.310617
1.802850
1.277408
1.539000
1.164620
2.253923
1.883424
1.803872
0.628936
1.786524
3.156639
0.476937
1.048473
3.631389
1.517170
1.101443
0.422298
0.474928
3.132586
3.978544
1.519315
3.428905
1.626099
2.022815
1.231222
2.318193
3.545703
3.090598
1.984410
2.512033
3.868157
1.406923
0.168681
1.474630
0.564458
4.397136
2.340332
1.120905
3.424619
0.833306
1.230420
3.191763
1.894340
1.821522
2.571917
4.103009
1.565108
1.908058
0.980179
1.892774
1.853614
1.987034
0.506866
1.918506
3.780779
0.511662
0.427054
2.263563
1.859629
1.981064
2.133377
2.224992
2.887741
4.231058
2.796352
2.295715
0.524159
0.653798
4.067480
2.802512
4.506509
1.450752
0.528679
2.394253
1.491509
3.576092
1.293827
2.158948
0.321255
3.244023
0.667537
2.440184
2.564651
4.069630
1.231119
0.979732
3.875929
4.310352
1.589731
2.758148
2.163985
4.582336
3.174735
2.395750
1.515639
1.484597
0.685841
2.000000
3.100117
3.949359
2.388930
5.625634
0.286382
1.841072
0.483584
2.113735
3.578429
1.171764
0.267212
1.797266
0.231861
1.982295
2.400077
1.830685
1.244671
1.237006
2.479522
1.957916
2.221294
0.299784
0.819626
0.778293
3.637151
1.414406
2.623375
2.683205
0.993549
1.327051
0.542980
2.245038
3.861220
4.160277
2.018326
0.881318
1.680338
0.414084
1.468750
0.925148
1.458156
1.426827
1.918352
1.964203
1.918505
1.417043
4.269876
0.619004
3.429516
1.445694
2.000000
4.712043
0.674942
3.503420
1.742732
3.513201
2.279876
0.490411
0.204995
1.359061
0.791535
0.377253
2.000000
1.078080
0.713509
1.772982
1.773987
1.043074
2.352377
2.129570
1.863210
2.073090
0.450499
3.908681
1.050441
2.000000
3.093047
3.227403
2.675644
1.529226
1.582157
2.757831
2.842705
1.033619
1.539743
1.071147
1.431329
3.637002
4.407016
1.199587
1.652402
3.257313
3.506190
1.500095
3.854311
2.710680
0.593409
1.281509
2.000000
2.549537
2.244042
0.707355
0.697399
1.967951
3.937624
2.072346
0.883035
3.454304
1.190120
4.028152
3.935976
1.864769
1.449266
1.701779
2.429487
1.924648
2.018173
0.523954
5.075542
1.304018
1.671952
0.299235
2.006617
0.527395
6.719503
1.488811
1.531141
1.085692
1.784188
1.888232
0.573110
0.341738
1.307736
0.830267
2.409165
1.418086
3.177806
0.616504
1.460956
2.429718
1.286999
0.822000
2.109345
3.115035
1.582093
4.988134
1.420962
1.985772
1.791584
1.609807
2.400110
1.298873
1.611081
1.767362
0.562261
3.304343
2.339418
0.489325
1.451004
3.932224
0.336676
0.775275
1.460665
2.227932
1.874787
1.841982
1.720119
1.706383
1.092631
2.467281
1.221593
1.449916
1.221257
2.000000
3.638970
0.565677
1.997841
0.897455
2.000000
3.070920
2.499144
4.291523
1.742102
2.388743
3.173366
3.011792
3.944795
2.000000
1.475130
2.326767
1.251635
1.023773
1.295998
1.678443
0.871798
4.398092
1.455179
3.447368
2.524898
2.055977
5.185936
2.253783
1.158953
3.498775
2.014991
1.329437
0.874976
2.815097
2.838548
2.882638
1.277796
2.621124
2.000000
3.430738
1.233002
2.007852
1.674992
2.954290
0.783201
1.524180
2.067465
2.000000
1.764258
2.086644
2.027613
2.092937
2.827895
2.041489
0.805718
2.850336
7.092588
1.728300
2.264102
2.094810
2.122089
1.070722
1.826909
2.425420
2.012727
1.445515
2.482450
2.201814
0.438505
2.897617
1.744287
4.192748
0.734371
1.762513
1.774029
0.590528
4.882842
6.877283
2.000000
0.205581
2.659933
4.190036
1.632084
0.952681
0.832168
1.453853
1.070707
2.702322
0.500763
4.994537
2.202701
1.398268
2.305931
2.000000
2.000000
2.469296
4.995893
6.430554
1.931944
0.606623
1.912940
1.276478
1.263517
3.666713
2.681333
1.356424
6.918927
1.551144
1.539336
1.884452
1.474237
2.879813
1.825781
2.049261
1.596279
0.776733
1.249976
2.172194
2.360172
1.015709
2.138810
1.360301
2.046754
0.538308
5.668203
1.778902
2.564159
2.552497
1.860555
1.964808
1.249710
1.480714
0.676476
4.230811
1.177752
2.000000
2.487076
2.419909
2.000000
1.151124
0.475226
0.780094
0.816712
1.801090
3.092155
3.969025
2.225049
1.248478
3.978623
1.058491
0.765827
0.738089
1.890760
1.470558
1.741364
3.490314
1.790598
2.396969
1.274301
0.823803
2.497574
4.144109
1.692060
2.235758
0.485788
1.587105
0.924039
2.022438
1.772549
2.276245
2.752994
2.519016
1.009585
1.455221
0.613433
2.663842
0.453402
0.888491
2.827400
2.000000
1.391875
0.596628
6.025020
4.471522
2.508871
0.540395
2.681375
2.730628
1.376645
2.182023
1.377503
1.893556
1.628198
2.000000
2.048308
1.301948
0.937369
1.811283
2.390754
0.654734
2.752305
5.609379
2.045073
1.286842
0.290104
2.278385
2.163388
1.217850
3.658106
3.465797
1.255894
2.252946
1.116940
1.770967
2.000000
2.329206
1.871670
2.000000
2.295636
0.366745
1.229104
1.405581
2.188561
2.521527
0.799927
3.656626
1.894793
1.077743
2.364218
1.584322
1.986390
1.738512
0.351996
1.383508
3.388423
0.407259
1.402036
3.102273
3.128817
2.059077
1.266328
2.842887
1.882295
0.356654
3.368378
0.836759
1.716927
0.592912
2.716670
0.688871
1.950631
2.000000
0.304981
1.238313
1.641828
0.796746
1.752245
1.840194
0.716377
3.477737
1.186092
0.713242
2.353153
1.890025
1.095987
0.648579
1.611691
2.000000
1.647255
1.346642
1.417571
0.983526
2.616084
2.625962
0.963075
2.297233
0.870814
1.896485
3.018435
3.348848
1.885862
2.947902
3.186894
1.799858
2.244114
4.287051
1.283544
1.671567
1.957543
1.172104
0.494277
1.933687
2.642520
2.194741
0.449096
1.466964
2.000000
1.373289
1.636284
2.791998
2.176500
2.308042
1.624323
2.449590
1.965696
1.451701
2.848314
1.293196
1.691040
2.158247
1.030746
1.154279
1.998197
2.142903
6.295562
1.732477
1.941410
1.872877
2.008852
4.086800
2.529050
1.380742
0.546737
4.783812
2.178058
2.474256
4.267935
2.227155
1.544459
1.289231
1.335541
1.777803
1.510670
4.754603
3.459411
2.249017
2.315384
2.911712
1.039497
2.459017
0.532486
3.227854
0.726945
2.000000
2.490635
1.372828
5.030412
2.265471
3.228857
0.584079
3.330922
3.096221
1.078088
0.593310
0.650363
1.346847
2.430582
2.555604
1.027158
1.607374
1.828676
3.228372
2.555756
1.477949
0.820761
3.158086
0.980965
1.632521
0.702591
1.088086
3.060030
2.578857
0.624195
3.558483
0.419905
1.039363
0.479581
2.772419
2.787595
0.456037
3.538066
3.523299
2.932818
0.742316
2.238351
1.727157
0.986427
3.375178
2.313474
0.581254
0.745369
5.741308
3.730682
2.236972
3.863805
2.271942
1.541541
2.920113
3.606329
1.776758
0.773414
1.180583
4.437669
2.920482
1.269508
3.268529
3.267459
5.473291
3.149575
2.035676
1.472812
1.994076
0.371959
1.516676
1.129532
1.910692
1.039757
1.881896
0.202798
1.744208
2.340128
2.386945
1.219590
2.000000
1.128402
2.844419
0.398150
2.457834
2.697107
2.489220
2.407279
3.908071
1.325599
0.476349
1.807859
1.161937
2.348672
2.000000
1.597571
0.889969
2.085009
5.777545
2.586602
2.000000
1.816432
0.877132
0.643664
0.243877
2.032825
2.000000
2.000000
0.488526
1.616399
4.639300
4.624300
3.443737
3.546179
2.000000
1.821503
1.103542
1.330255
1.709642
3.310089
2.874018
2.592534
0.555865
1.049276
1.743569
1.737101
2.171041
0.622181
0.997710
1.680185
2.554708
1.031146
0.648211
1.896794
1.343422
2.141488
0.857358
1.994489
2.394160
1.327044
1.063982
1.233483
0.993757
1.778341
1.824544
1.775109
1.812088
2.035074
2.192810
3.573615
2.840858
1.075048
2.312186
1.777847
2.618082
0.743446
1.375966
1.428239
1.961198
2.000000
0.830639
0.897367
1.299204
2.839144
1.022551
2.173953
2.101294
2.000000
3.445351
1.905060
1.334996
2.918804
2.709623
2.686941
4.473875
2.974096
4.195356
1.190583
2.000000
1.775917
2.009392
2.000000
0.571120
1.040647
2.113519
1.953832
0.548782
0.368622
1.894573
2.443854
1.808310
2.884546
0.784694
0.826765
1.537156
2.032978
1.360451
1.480889
1.874888
0.686493
1.715371
2.000000
2.126680
2.008400
1.719108
0.660987
2.000000
0.899082
3.558746
1.132688
1.337582
1.419959
2.000000
0.465358
1.163906
4.244454
2.223917
5.661138
2.183772
3.489855
0.898285
2.906326
0.562387
2.797920
6.501101
2.558927
2.034315
2.454662
4.326166
1.318152
2.779987
0.374347
2.528939
2.099744
0.717038
2.065528
0.667111
1.082317
1.630942
0.563631
2.969984
2.014438
2.073223
0.680524
1.339703
1.286972
1.027642
3.320740
2.868676
2.640475
1.097427
0.989597
5.249369
4.023923
0.771328
1.578194
0.751350
0.352180
2.696359
2.439649
1.456590
1.723680
2.795547
1.410762
2.390030
2.436186
2.368695
3.530149
2.490049
1.963828
1.595710
2.000000
6.958772
1.984381
1.930031
2.218274
1.178922
1.424454
2.715316
2.914753
1.226947
1.943454
2.792311
0.698550
4.722319
3.577246
1.487598
2.000000
2.023158
1.734873
2.732029
1.416566
3.576284
1.260010
5.122746
3.624264
3.051773
2.277060
1.433568
1.889448
1.670985
0.892847
1.948122
3.029373
1.830829
0.725546
1.417824
3.110039
1.418001
0.638976
1.930948
1.968902
0.788440
1.461242
3.524848
1.040157
1.818721
2.025934
0.672357
3.464696
3.407068
1.834280
2.927407
1.082022
2.000000
3.018556
0.461786
2.643300
0.917425
1.913579
2.713516
1.036472
2.039085
1.361012
2.379089
0.415765
2.874882
2.282657
1.333122
1.601489
7.340287
1.515550
2.384909
1.962770
1.824603
0.517887
3.003200
3.029883
2.004668
1.360062
2.000000
4.578879
2.857921
2.082461
1.788744
2.169965
2.473634
2.000000
0.694589
0.387489
2.447022
1.996461
4.852406
2.564295
1.157070
2.568120
1.470506
0.324855
2.429759
1.125823
1.938200
1.894125
2.146698
1.449783
1.678919
1.034963
0.583835
0.649893
1.802552
1.963702
3.484968
1.809654
1.403160
1.040397
1.541152
0.815437
2.217454
1.085195
0.649374
3.768065
1.471899
1.795290
1.366149
1.887150
3.481245
0.763797
5.287137
1.902041
0.724843
2.166069
0.367440
3.391963
1.365732
4.308808
0.172849
1.302334
3.509561
1.828161
3.076086
0.932512
0.689256
0.974177
2.531862
2.406419
0.381462
2.031664
2.429156
1.657382
2.354899
2.000000
3.222064
2.470672
2.129289
0.966908
0.610105
1.650196
1.784460
1.462461
5.361681
2.284833
0.959382
1.172393
1.815063
1.813268
3.803622
2.933506
4.658117
0.539062
2.093136
1.907329
3.958650
2.272219
2.537418
1.691716
3.631467
0.816785
0.998885
0.504754
1.558643
1.871213
3.810765
3.198123
2.947484
2.243059
1.497468
3.827572
2.187394
1.497918
2.358703
3.697198
0.926068
3.628068
4.136292
2.231528
3.154647
1.984723
0.558331
2.751460
1.950276
3.640926
1.386290
1.306648
2.320735
0.637143
0.785187
2.057602
1.832921
2.809281
0.603087
1.682769
0.335996
0.836694
1.836618
3.703583
0.953488
1.516329
4.827032
1.903877
1.581941
0.817522
1.275784
0.875436
2.210016
2.328690
0.642393
5.322682
2.912107
1.323331
0.790189
1.292159
4.473494
0.857697
1.828629
1.389088
1.394834
2.416377
3.378044
0.704256
2.371561
2.000000
1.579366
5.083148
2.362331
2.901891
3.768948
2.505782
1.941390
1.958938
1.661066
2.717862
1.348489
0.793655
2.431463
0.895070
1.611514
1.305309
2.587329
3.477091
2.932317
1.006769
2.338523
1.412520
2.494977
4.496004
2.000000
2.865128
4.120752
2.570397
1.519597
1.779987
2.009390
2.986295
1.944626
1.929225
2.305416
1.767051
2.735252
1.828341
1.385676
0.493698
1.530619
1.178182
0.627989
2.687078
2.747716
2.101206
0.734933
1.263218
2.308988
0.493106
3.851831
5.308967
2.296530
2.428954
2.000000
1.665586
1.489812
1.183849
2.484517
0.611503
2.572620
3.121312
2.000000
2.514839
1.685969
2.028351
2.131484
2.216935
0.321697
2.000283
2.000000
2.000000
1.650475
2.642260
3.257329
3.398791
1.662825
1.915384
1.104993
1.162269
2.192773
1.779459
1.157268
3.390303
2.071924
3.774000
0.756918
0.508446
2.000000
1.720888
0.117253
1.008809
1.437620
0.852957
1.718761
1.322334
1.110153
2.000000
2.034238
2.321889
2.947925
1.971377
1.788912
0.490847
2.059146
3.094653
1.122698
2.835945
1.744927
0.649879
2.358914
1.736261
2.000000
0.570979
1.660896
0.602329
1.895870
2.015024
2.370557
1.339954
4.178176
1.864531
0.693538
1.776370
2.161011
0.394344
1.096992
1.394764
0.677987
1.474422
1.523831
2.044816
2.650504
1.688218
1.360785
3.038535
2.984380
1.763228
3.727829
1.218442
3.081146
2.564172
1.064729
2.825868
2.000000
1.316698
2.195966
2.671132
0.812157
1.927867
1.800071
4.293379
0.847393
5.111405
2.272490
1.608132
1.963791
2.000000
2.226329
2.567736
1.659307
1.629547
1.439979
0.671567
1.004596
2.239748
2.476401
2.307359
0.775879
2.957732
0.672227
2.270946
0.349636
0.947629
0.789150
1.069475
0.931256
1.333747
4.150480
2.725334
1.688990
4.147465
3.389339
3.189556
2.933432
1.214854
1.256854
0.824574
2.432421
2.004015
0.334998
2.905114
1.707483
1.337155
3.478626
0.668738
4.176053
3.221671
2.467197
2.933243
1.722275
1.694225
2.424421
1.012799
1.446964
2.000000
0.935858
2.995446
2.701692
3.218324
2.273525
1.935426
1.920378
2.626204
2.000000
3.349467
0.844477
1.160094
4.005947
0.950724
2.343297
3.071587
1.131436
1.125884
1.804557
2.571868
0.814705
2.881167
2.162602
0.313088
1.938288
1.701661
1.435600
2.286536
0.502354
2.148139
2.000000
3.021208
2.657043
2.079241
3.972478
3.215843
0.355648
1.589880
2.000000
4.430449
1.943396
1.708066
0.693283
3.586472
1.405519
1.773489
0.963313
2.158654
1.797619
1.575696
2.105452
2.441247
0.426814
2.544425
1.286242
2.242991
2.000000
2.869496
0.687735
2.000000
1.626801
1.444262
2.471086
2.000000
1.778681
4.652239
0.857243
1.760558
2.767876
1.778086
4.484039
1.442430
0.796502
0.688931
2.174008
0.966819
1.903771
2.079649
1.563173
2.479819
1.361453
3.441390
1.422510
0.552283
1.894472
2.275990
1.996448
1.152625
2.405372
2.999300
1.045273
2.042745
2.000000
1.650495
2.000000
1.616921
2.651511
3.768300
0.562545
3.835191
2.045527
1.185552
1.690873
2.000000
2.029555
1.893993
2.132204
0.798434
2.335256
3.626992
1.380501
1.607353
1.734601
2.000000
2.335518
1.078826
3.556018
1.708473
2.155022
1.717880
2.437871
0.721484
2.090744
1.193889
0.700991
5.644560
0.633497
1.271733
1.714641
1.862781
3.583097
1.310992
1.429434
1.819363
1.575258
1.891802
2.014635
1.886526
0.173377
1.392914
1.940651
2.495097
1.425941
1.196577
1.371647
4.987967
4.195764
2.235751
2.088731
0.565272
2.000000
2.432933
0.834307
0.861013
1.473991
3.562718
0.394164
1.832908
2.136575
0.259541
0.946636
1.221324
2.274384
2.276569
2.391267
1.334690
1.373698
1.025158
1.456170
2.390191
1.837159
1.945321
2.214164
2.000000
2.328693
0.142865
2.374775
1.068477
1.527809
5.078064
3.175191
1.780333
1.155855
2.161840
0.488312
1.835735
1.825327
0.526226
2.088755
1.205094
0.345472
3.027880
1.742429
2.389043
0.599921
1.448154
2.000000
1.817839
6.279549
1.789528
1.435695
1.660281
2.277454
1.235500
0.701767
1.897644
5.043037
0.962571
1.111678
2.487834
1.684121
2.286811
2.236044
1.543771
2.409661
2.001727
2.118614
1.702514
1.748608
1.822429
2.025471
0.689987
1.498626
1.979010
0.606164
2.154788
1.206367
2.246033
2.000000
3.123943
1.878007
2.000000
2.000000
1.198106
3.261614
2.162436
1.705620
1.279862
2.240851
1.080668
1.325480
4.215875
1.916740
1.511247
4.463228
0.762139
2.525198
3.127383
2.713762
1.253238
2.364215
1.021020
1.220365
2.538982
1.317262
2.489765
0.827223
1.498094
4.421992
3.839616
2.618349
0.634968
1.158995
2.028800
3.898359
2.000000
2.919309
2.975615
0.767195
0.938021
3.005660
0.391105
1.611052
3.611314
2.000000
0.851332
2.120233
2.258463
1.496514
2.726893
5.686179
1.652399
0.982472
2.540832
0.989971
0.903174
2.593135
0.668784
2.673398
0.923044
3.820117
2.257751
1.909867
1.701638
2.849651
0.684512
1.104068
0.560074
1.797599
2.000000
3.273147
2.178475
1.038047
3.327992
2.176155
2.535612
3.579594
0.589708
0.924504
2.079544
2.434956
2.571351
1.814602
1.064749
3.116644
1.341565
0.982231
0.854783
1.734181
2.934861
0.816751
3.665812
5.362305
0.959585
1.181551
1.262674
1.169309
1.902031
1.279147
3.500948
2.844154
3.697848
3.653767
1.392725
1.671056
1.249790
2.190956
1.973382
0.744191
0.538363
0.764014
0.767459
1.465067
3.400838
2.199321
3.226797
1.208898
1.977491
0.782103
2.213403
0.812390
2.446544
0.466557
0.982260
2.183972
2.533250
2.019013
1.787799
1.113084
0.807492
1.648816
0.880863
1.389991
2.000000
0.365832
3.264573
0.555848
1.808950
1.528749
2.212047
1.558199
1.303905
2.574528
1.170929
2.012766
2.000000
1.632514
2.012633
2.654302
5.361411
3.494051
1.401857
2.788553
1.052313
2.233835
2.402836
5.363935
2.490311
1.277900
1.415066
0.768737
6.369417
0.717994
2.000000
0.803326
1.462017
2.396505
1.928599
0.656107
1.173723
1.876314
1.983133
1.696648
1.454262
1.536847
1.600859
1.959593
0.495769
1.881802
1.276587
3.169422
2.238864
1.086628
4.292414
0.367610
1.634526
4.096312
2.000000
2.393103
0.487848
2.000000
0.743544
0.840982
1.780846
1.381183
1.921632
1.927220
1.134329
4.482876
4.338906
2.403733
3.276286
1.453212
2.694185
0.970319
0.322162
0.559910
2.064886
2.045627
0.444623
2.010033
1.283330
3.766223
1.889835
3.018738
3.591121
1.145782
2.000000
3.342541
0.947347
2.768274
1.959549
1.260664
2.247391
1.812217
2.516560
2.478609
2.000000
1.708326
2.303532
1.743254
2.017329
2.048172
2.788015
1.839700
3.043878
1.594500
1.019438
1.266651
1.621836
2.708279
1.811392
0.731063
0.984818
1.026329
0.888603
1.258324
3.223477
2.206231
2.032468
1.884986
2.337308
2.699955
1.656184
4.038049
2.012516
1.389329
2.344995
3.094473
0.998512
2.000000
3.105838
1.641012
0.802110
2.000000
2.514423
1.373073
1.541358
0.779093
1.577069
2.100635
4.545582
1.921830
1.679825
1.729543
2.538838
2.018237
1.330622
2.060335
1.020206
2.617673
3.154633
4.049028
1.337235
2.457339
1.660250
3.244489
1.352186
3.573505
1.034030
1.380924
2.096190
1.614881
2.329005
1.842343
7.103530
0.515474
2.000000
1.776341
3.442006
0.360718
1.375183
1.992159
0.754302
1.980571
1.569311
4.391131
0.779265
0.711100
1.486881
1.747175
0.952357
1.024521
3.904735
1.807903
3.522454
5.475006
4.924695
5.239462
0.964602
3.154354
1.808388
2.203697
3.305923
1.417236
2.312536
0.249397
2.923349
2.432714
3.539559
1.838762
2.511688
0.288065
1.172331
2.792745
2.871988
0.742337
2.855781
2.403698
1.240893
1.083721
1.914992
0.769427
1.360425
1.494523
1.961230
1.702056
1.783221
2.205646
3.149978
2.052419
3.356950
3.355914
2.909186
0.287291
1.699271
1.887855
0.707296
1.880765
0.905021
1.749937
1.841468
4.246331
2.530865
2.262349
2.350317
0.985919
3.604488
3.461030
1.805373
0.289476
2.692119
1.205219
3.467422
4.325976
1.613299
2.193297
1.605079
3.073040
1.842938
0.287644
3.402779
2.950058
2.575858
4.793413
3.487419
1.220495
1.062924
1.458432
1.151404
0.677312
2.000000
1.170558
1.589364
1.133155
0.692381
0.355717
2.938964
2.121472
2.210058
1.923569
3.624691
3.014465
2.057365
2.518323
1.999095
3.222161
1.054577
2.428460
1.696338
0.573017
2.569885
3.320673
1.515877
1.957436
1.559786
0.947922
1.060895
1.658792
0.967882
2.343416
1.718275
2.796538
2.868877
1.685761
2.729195
4.040007
1.381538
3.930956
3.506533
4.568148
1.876070
0.531817
1.217829
2.391425
2.154568
1.070813
2.202021
0.912531
0.367844
1.326366
0.347607
2.324561
1.378332
1.465933
1.950059
1.490602
1.078810
2.302964
1.426885
1.046151
1.194424
2.000000
1.163338
0.941968
1.570544
1.432084
1.855816
2.004326
0.612887
4.311302
1.978906
3.878278
1.792975
1.825357
0.238145
3.714170
3.324312
1.251014
1.062353
4.260562
0.971152
2.423486
1.084580
2.475210
2.396460
2.018761
3.109223
1.719922
0.409255
3.719664
0.586792
1.402872
1.923270
1.399913
3.181882
3.176140
2.644922
3.894730
1.395743
5.903855
0.319159
2.091646
1.156810
2.030859
3.205373
1.649081
2.250558
1.210215
5.322948
1.901928
1.012940
0.625246
0.619516
1.130505
0.158333
4.878068
3.287151
3.013396
0.432052
2.000000
0.958996
1.591046
1.695154
5.028973
2.039629
1.059437
7.314639
2.034464
0.796784
2.209538
2.545082
2.893750
1.479498
1.238319
3.722084
3.004893
1.808236
1.419827
1.808272
1.244837
2.133837
1.318168
4.555661
0.725458
0.218340
0.295316
2.631608
0.782498
2.006734
2.361238
2.377192
1.024559
2.744817
2.233491
1.455517
1.523773
2.399352
0.558491
0.205207
1.588190
1.444025
2.307201
1.929472
0.433225
2.000000
0.900992
2.768525
1.832293
2.745293
4.198153
1.349036
1.778066
0.509337
0.743602
2.523523
3.576074
1.600170
1.933812
1.158548
0.605272
5.631940
1.888347
2.125629
1.160181
2.000000
0.620163
6.596924
0.577187
2.670304
3.362668
2.474669
1.278867
4.764871
2.953173
0.389561
2.474255
1.039626
0.935912
2.778773
1.475983
1.465110
1.391684
3.062106
2.055108
2.000000
1.375860
3.470040
1.420115
1.215130
2.000000
1.502391
1.735165
2.336145
0.784732
2.000103
0.586095
1.296700
2.351740
3.211465
2.000000
1.771759
1.268969
0.311384
1.337552
3.736383
1.629945
1.150907
1.352201
3.453138
1.874961
3.531767
0.669137
2.000000
3.019377
0.797360
2.579777
2.326871
1.160499
2.000000
3.207608
2.319360
0.825672
1.862927
2.076914
1.432909
2.479225
2.238316
4.551991
1.781743
3.134223
1.793246
7.111691
2.840354
1.643963
2.086123
1.543295
0.470926
0.767713
2.288272
0.580584
0.586259
2.059354
2.000000
1.946657
1.929865
0.820371
2.000000
1.207784
3.736890
2.000000
3.343467
3.297080
1.164034
1.416204
0.646000
1.946603
2.772075
1.137498
3.446210
3.482942
2.072388
1.119512
1.958950
3.973544
1.422183
0.400452
2.343448
0.964457
2.086154
1.561248
0.544279
3.164158
1.912606
2.434373
1.168717
2.231458
0.618409
1.760631
3.321692
1.176854
2.149344
2.000000
1.361484
1.917793
2.826896
3.725229
1.351030
1.767095
2.227338
3.706278
3.336987
0.801990
0.590570
1.905213
2.741119
1.021678
1.756898
1.750351
3.656396
2.286884
1.810933
1.544955
1.992277
2.103190
2.047529
0.797845
1.276670
3.577946
0.989627
2.757236
0.766298
2.430650
1.499192
2.671641
1.351024
1.739041
1.824260
1.843845
0.942081
0.907695
2.764940
3.138964
4.103589
1.093881
1.830510
1.851819
1.954433
2.000000
1.791158
2.585623
2.000000
2.000000
1.961900
2.268054
1.972662
0.709105
2.897018
2.000000
1.902029
2.444345
0.460157
1.846949
1.838698
2.767837
1.594949
0.650005
1.196791
2.759624
2.099914
0.709532
1.929578
2.864190
2.996447
2.153956
0.233119
2.472068
2.274635
3.498908
6.491176
0.848025
3.492903
2.093017
2.798125
6.226267
0.244127
2.844056
3.196036
2.899177
1.640051
1.696419
1.067647
0.146505
1.734150
2.156835
1.922291
2.226454
0.718996
0.498933
2.477964
2.027495
1.605033
3.461220
2.536593
1.813177
0.833612
1.386606
0.820756
1.706731
3.558475
3.820744
0.501789
1.618013
3.538424
1.465525
2.228981
5.966619
4.084016
1.395760
2.403975
2.918931
2.760708
1.107929
5.398089
3.622373
1.165227
4.106771
1.233879
2.430097
4.562771
2.050782
1.004012
1.506252
2.171427
2.251807
0.402088
1.934576
2.744056
0.641118
1.605839
2.216118
0.461666
2.395070
1.239005
1.242049
3.593798
1.552904
1.461267
4.219449
0.488099
2.044441
3.596344
3.386966
2.106294
4.100180
2.704742
2.820214
1.870171
1.101812
2.552060
1.752852
1.372618
1.861469
3.542601
2.000000
1.563171
2.044641
1.867205
1.963240
2.163563
1.096841
0.788688
2.167217
0.806752
0.612419
2.005250
1.314201
3.464568
2.087996
3.100547
1.361655
1.613626
1.782914
2.003067
2.426228
5.003768
1.536791
1.112760
3.751884
2.043188
2.000000
2.591208
1.742948
0.472903
1.047105
1.973065
2.203163
1.732981
1.922818
0.564810
2.095282
2.885071
3.008927
0.606801
1.763769
0.399337
4.130663
0.895583
1.875679
2.545978
2.258124
0.987487
2.452883
1.843623
1.490282
0.589167
1.951816
0.555689
1.337230
2.528645
0.398812
0.363392
1.559234
2.169116
1.038749
3.096127
3.491836
2.244857
2.608405
1.197505
3.462058
0.624204
2.329668
2.138435
1.443685
2.471126
0.823565
2.513553
1.255640
2.594582
1.493878
1.127435
0.134845
1.347325
2.164245
2.000000
2.006387
0.933772
1.721663
2.559842
2.418545
1.615129
0.245497
1.633667
2.000000
3.058968
0.551011
1.777722
0.810669
1.690112
1.781145
5.724239
6.703626
1.542828
2.654748
1.960026
2.625029
2.791714
2.026196
1.178659
3.437146
3.680735
1.614848
1.494683
2.018947
2.013300
2.247791
4.869863
2.000000
4.849195
2.044759
0.774185
0.789216
1.405695
2.119012
2.059997
0.512867
4.408070
5.205878
1.750548
0.657272
0.964125
1.442613
2.000000
2.082291
1.469962
0.921950
1.258484
0.904569
2.000000
0.871233
1.591573
1.290379
0.411459
1.160180
1.901590
4.026923
2.595694
1.384877
1.781741
1.033713
2.000000
2.294117
2.666670
1.664241
2.394276
0.464148
1.450578
1.084301
1.405290
0.468940
1.506836
0.349176
1.744916
2.712021
1.198039
2.000000
1.047417
1.733651
1.543788
4.163004
0.956706
2.559632
1.255153
1.296063
1.816748
2.102970
2.000000
1.637494
1.975071
1.655751
2.000000
1.164938
2.659338
4.762797
1.982611
3.315597
2.000000
1.320691
2.170682
1.657716
4.434302
0.926779
2.852388
4.946067
0.558527
0.675669
3.186931
4.042884
1.690757
2.549923
1.468860
1.777872
2.240799
1.873124
1.718514
2.000000
1.808114
1.930859
1.967477
0.363648
2.733283
2.386495
1.024755
1.318933
0.881271
1.457276
1.037735
0.534969
0.593387
0.871796
0.791344
2.166640
2.000000
0.928944
2.532255
0.796904
3.511807
5.842918
2.001966
4.352307
2.186166
3.149244
2.235470
2.000000
1.746239
2.000000
1.885088
4.677169
2.020944
0.338647
1.492719
3.538036
1.699277
2.000000
0.606799
1.569956
2.349042
4.278736
0.978823
3.612392
0.662251
2.468239
3.439292
2.027157
1.528740
2.111443
2.060402
0.909917
3.368097
2.062016
0.888611
2.006570
1.951411
1.907445
1.067722
0.906679
1.746867
2.000000
1.856306
1.435624
1.438426
3.727485
2.347452
2.614506
2.130755
2.957452
2.205579
1.515304
1.649564
0.692682
1.510978
2.536240
1.942141
1.506034
1.906216
3.139505
2.817898
1.751859
2.190667
1.646981
2.307571
1.503461
2.861349
2.294941
0.552217
1.320874
2.271262
2.616638
2.298343
1.961632
2.000000
3.033026
1.350539
3.271184
0.971479
0.811331
0.556562
0.849261
2.000000
2.233630
0.428474
3.043077
0.786904
0.408292
1.412877
3.991621
2.964471
1.052320
3.189119
2.841310
2.031415
1.405675
0.778894
0.856665
0.543006
1.893417
1.215648
3.825203
2.385475
2.755621
2.618132
5.490253
2.054800
0.931671
3.394722
1.144818
2.542945
2.814953
0.509019
4.414635
2.228025
0.509255
1.131165
1.524040
3.330535
1.285148
2.232065
1.590740
2.235268
1.580569
0.530517
2.322181
1.193375
1.297220
2.078156
2.549582
2.683610
1.544339
2.956105
0.676195
1.515499
2.877832
1.195786
4.882045
0.635315
2.997984
3.926967
4.840297
3.568137
0.594132
1.689068
2.016941
3.266241
4.681170
0.347107
1.000553
2.146425
0.351805
1.159634
1.879504
0.559338
5.669704
1.118930
1.051207
1.409620
0.385236
2.730133
2.021995
5.966733
3.720500
0.479848
3.226628
2.413753
1.613276
1.868073
1.905423
1.223336
2.456084
2.599105
2.271904
2.471333
1.891749
3.128079
1.336353
2.724438
3.486467
2.396099
1.704725
1.891925
1.332255
1.365036
2.196097
1.757645
4.113247
1.815620
4.696873
1.306491
2.564620
0.646291
2.276346
1.999550
0.673093
0.429552
1.207853
1.108832
2.844775
0.788902
0.946988
1.281724
0.391723
2.978275
0.482512
0.560084
3.026654
2.000000
1.602441
1.383179
1.928071
0.785627
2.448637
2.671432
1.655729
0.798371
1.531401
1.844084
4.105586
1.742254
1.252997
1.664854
0.839960
0.968475
1.845595
2.034433
1.853651
1.839582
1.966533
1.931155
2.091176
1.598750
2.068778
1.787874
1.554440
2.992954
3.294797
0.573594
2.066498
0.492540
0.521622
1.030673
1.044803
0.771325
2.387458
0.876845
1.295632
2.226759
1.568503
4.205576
1.215144
2.858316
1.538423
1.674053
0.891399
1.933154
3.607751
2.000000
2.501998
1.659785
4.723032
1.415174
2.000000
0.856508
4.244696
0.960708
3.550592
2.000000
2.010964
1.913287
3.059082
0.996269
2.168119
1.596570
0.680831
2.538277
1.514565
1.612537
1.972046
1.304976
1.729662
2.095561
1.740058
2.033095
2.988665
3.522906
1.712220
1.933986
1.829544
1.270547
2.000000
2.002068
3.698380
1.309389
1.907762
0.102718
4.967569
2.441335
3.084318
2.056351
1.873420
1.852141
0.737218
1.991270
2.634640
2.364724
2.785658
2.560087
2.000000
1.066589
1.167795
1.234154
2.094196
0.712889
2.998296
2.000000
3.257909
4.336138
2.066162
2.796396
2.960140
3.829291
2.000000
2.016182
0.254642
2.249279
3.097330
2.941552
0.951465
2.752185
1.622899
2.498103
4.026372
2.118856
1.079284
0.929256
1.377023
2.372773
2.478918
2.936424
2.033700
0.565385
0.597087
0.991975
1.855418
0.934736
2.486544
1.821883
3.399556
2.165725
1.981517
1.743861
3.132479
4.979716
2.074391
1.401178
2.526789
2.722223
4.609612
2.000000
2.000000
1.229951
1.823966
2.000000
0.795818
1.862714
2.293739
1.877650
1.088568
1.636956
1.228624
2.937125
1.170971
0.528629
1.757705
1.405026
2.639871
2.057821
3.281947
2.692139
1.461859
2.000000
2.000000
4.333601
4.650564
2.869877
4.060435
4.768802
3.466125
2.222962
2.251419
2.141353
1.504482
2.157112
2.000000
2.870965
1.847869
1.732986
2.426921
2.907664
0.263869
1.056529
0.894814
3.175529
2.383193
2.719393
2.103139
4.460007
0.557089
1.533635
1.923897
1.638826
1.614136
2.933758
2.450147
4.169067
1.846593
2.621700
4.184010
4.239715
0.231373
1.229686
1.837976
3.167316
2.571987
1.643295
1.215471
2.455796
1.331597
4.373775
1.875248
2.352041
2.117528
2.850281
2.999134
1.438724
4.283335
1.865759
0.801227
1.972319
1.983115
3.354859
1.321495
1.103901
2.394912
1.616951
1.578934
1.572810
1.681122
2.000000
1.415678
2.374619
2.153670
0.322380
1.718712
2.648022
1.065962
0.459544
2.391981
0.486170
0.570384
2.968037
1.118525
2.820284
2.269842
2.796022
3.606210
0.901870
1.024211
1.987116
1.741891
1.857359
1.817176
0.457087
0.825826
1.453411
0.851804
0.828380
0.512511
1.225649
5.381443
1.923427
1.064008
0.668391
0.311019
2.593780
1.614239
0.546373
1.155610
1.878536
1.834388
2.197607
2.273781
1.752188
2.039604
4.061927
1.281129
2.527440
2.303732
3.015523
4.432153
2.618954
0.786096
1.656026
0.646481
2.448789
2.241852
0.847279
1.037401
1.458659
1.744550
1.748076
3.329058
2.294465
2.415849
2.794657
2.060561
2.104686
1.056564
1.096305
2.600122
4.832293
1.311905
2.827332
1.189767
1.395919
2.940551
2.294922
0.577086
2.967687
2.857250
4.396250
1.572067
4.311931
2.324276
3.690136
3.140515
2.123518
2.000000
1.706967
1.077976
1.795346
3.122309
0.935311
0.626460
3.290644
0.891370
1.846713
5.821468
1.509762
2.884319
3.853671
1.926010
2.250452
3.182827
2.510413
2.825254
0.796784
3.764218
1.062023
2.053743
1.456791
0.952577
0.354952
2.923420
1.682988
1.789722
1.220434
1.937239
2.153742
3.173391
1.078488
1.011823
2.195104
2.262669
2.222733
0.672709
1.974198
0.913355
2.000000
5.250623
2.130255
1.775112
1.004034
0.728606
1.695699
3.826255
2.000000
0.203962
3.273890
3.139665
2.431944
2.000000
2.784726
1.019346
0.974686
0.892029
0.374425
2.110196
1.575307
1.577084
0.692649
2.868895
1.722444
2.973514
0.374900
2.000000
3.301396
0.418871
0.551928
1.737126
0.587075
2.000000
3.369673
0.363888
3.089679
1.794881
1.157761
1.012215
2.356088
0.872329
2.366326
1.609113
0.887664
0.608441
2.932953
1.374915
2.000000
2.785651
1.819687
0.748757
3.556302
0.127308
3.052182
1.248451
1.809177
2.973359
4.732903
2.415342
2.139338
1.825330
3.292340
3.745582
0.849152
2.000000
1.810244
2.785053
0.877009
1.612644
1.388308
0.753399
1.102320
4.022228
2.737813
1.158618
1.503707
1.075196
2.672544
0.886499
1.364406
0.422299
1.883903
0.523505
3.255097
2.162121
2.550774
1.938946
4.044015
0.484884
0.988404
1.616384
3.451758
0.855977
2.079394
0.187368
0.560952
1.683431
2.407823
2.614821
6.397083
0.887956
4.164116
1.331777
1.745959
1.447917
6.912451
2.742685
1.343438
0.272070
0.941125
1.814420
2.492124
2.283676
1.620447
2.571912
2.262737
1.468269
2.032745
2.750683
2.000000
0.811860
2.670219
0.433975
1.065762
2.093234
0.944927
1.815075
2.330859
0.750602
0.621028
0.696781
0.766666
4.322322
0.669124
1.733684
2.873617
2.897422
1.627708
1.966753
2.050078
2.000000
0.798025
3.383307
0.883265
2.969260
2.106289
2.230735
4.740855
2.384372
1.976721
2.731251
4.886290
2.207113
2.725833
0.918156
2.000000
0.190813
2.322675
0.729231
2.078429
2.427213
1.820842
0.742775
2.838137
1.513141
2.814740
0.253664
1.286044
2.173499
1.845948
0.878573
1.939020
2.584364
0.360619
1.544187
2.189122
4.114330
2.482011
1.818888
1.624124
3.008573
1.724646
0.812173
2.356335
0.473447
2.884928
1.153220
2.180997
3.292864
0.801257
1.773476
2.581730
1.781640
5.690193
2.148259
1.850231
3.837620
2.407752
0.223808
3.147645
3.391480
0.836676
3.570484
1.144319
1.394396
1.985671
3.443174
3.208224
1.206278
1.729097
0.336558
2.000000
0.613949
3.845916
2.837757
1.731848
2.649610
1.383797
2.000000
2.187217
1.681194
2.251045
1.724242
2.196619
2.088566
3.228597
1.473874
3.393099
3.262405
2.131678
2.050628
0.274256
6.368818
4.670399
1.035535
0.453940
1.556687
3.486557
3.867657
1.849628
2.343586
1.216768
1.777915
0.647524
1.817341
2.915714
2.000000
0.587650
0.566327
1.231777
2.448615
1.832194
0.687717
2.106525
2.424440
1.725061
2.072149
2.395690
0.970129
1.442746
1.354778
1.453523
1.882589
0.907893
1.999094
2.572326
3.768467
1.179875
1.999528
1.857521
0.717668
0.432863
1.704396
2.839859
1.718203
2.000000
3.158608
0.387718
1.896888
3.973515
1.782950
1.685959
1.906422
1.513644
6.188699
0.135703
2.632642
1.228264
0.903532
1.853641
1.563133
2.000000
0.814021
2.000000
3.658072
3.842078
2.282367
3.221263
1.776597
2.065934
1.623146
1.731629
1.435542
2.990064
0.475221
0.725574
1.788396
0.624219
1.898367
2.627756
1.843647
0.918575
0.557873
3.395305
1.237906
2.749723
1.797935
1.641159
3.715628
2.808270
1.264383
1.672647
0.747346
1.995200
1.692939
4.449749
3.604848
1.965356
3.609746
2.000000
1.879902
1.511124
1.612581
1.738907
3.093687
2.675746
1.171844
2.152174
2.847802
2.060240
0.938557
3.210533
1.010295
1.637566
1.241444
1.870731
2.657579
0.486102
3.260849
0.901500
1.310243
2.203288
1.193685
4.412812
0.324762
0.815262
1.368288
1.133200
2.228088
0.779424
2.045131
2.604577
1.872828
2.289773
1.918802
1.720361
4.695679
2.027775
2.244406
0.819806
3.201651
1.053220
5.584474
2.429412
2.590236
1.062331
2.271390
1.156510
2.032470
1.561891
0.614608
0.110572
1.659674
1.842867
0.561187
0.460434
2.782567
3.978132
2.468343
2.667094
2.516107
0.826251
2.193012
4.147614
1.327711
5.066763
0.893813
2.184988
2.252093
3.442280
1.453447
1.233520
1.390819
1.905609
0.428543
1.801896
1.757955
2.055558
0.842452
1.157857
0.494453
1.349054
2.000000
0.254365
2.839020
0.977448
2.062083
0.903661
1.278423
1.530143
2.469772
3.554545
1.530593
2.035877
2.781781
0.711344
1.508500
3.146344
1.664219
0.944222
2.424257
1.250025
0.865189
2.000000
2.000000
0.701481
2.000000
4.454967
4.765616
0.706732
2.092878
2.130699
4.450097
2.773613
1.488570
2.752341
5.824131
1.890938
2.390002
2.656894
2.435729
1.215655
2.258106
4.226735
0.929866
2.268919
1.804477
2.330081
2.722924
2.000000
2.305344
1.512583
4.650736
4.473733
0.713644
0.947508
2.000000
2.000000
0.803903
2.123160
2.185115
3.557973
4.463734
1.414021
2.377371
1.538460
0.743953
2.978561
2.106538
1.687263
1.518327
2.332289
5.001153
4.641351
4.843291
1.498043
4.846616
0.416342
2.385000
2.319743
3.776564
1.472846
2.627992
1.625674
0.916494
1.695034
1.679833
1.903070
1.229441
1.890485
0.567782
1.910159
1.975568
0.430657
3.465155
2.486437
5.397795
2.258890
1.624784
2.367628
2.964919
3.098387
1.154070
2.168508
1.936148
1.901549
2.478633
1.764897
2.196741
0.962025
1.702082
2.974255
0.851379
1.450194
0.365785
1.822470
0.763881
0.277331
2.165149
0.458753
2.976891
0.499104
2.000000
3.347964
1.556319
2.149669
1.360680
2.813913
3.369976
2.097205
1.420083
1.198760
1.736223
0.923124
0.978336
3.252761
1.746813
1.679350
1.910456
0.310800
2.260750
5.786599
3.756356
3.639366
2.949745
1.065200
1.032174
0.753433
1.728306
2.930489
1.840492
5.174522
2.000000
2.987879
1.190076
0.712130
2.000000
2.527412
3.811359
2.345250
2.612842
2.262345
0.716733
0.681355
1.924947
1.406254
3.621846
6.135770
1.866990
2.114817
0.882152
2.938710
2.783738
0.465808
1.810088
1.100079
1.785539
3.824743
1.909744
3.065218
2.225005
1.301412
1.218697
3.685360
2.638036
2.443052
1.797905
1.214914
0.382029
2.044443
1.905968
2.992774
2.686633
1.376444
0.730912
2.055792
1.569347
1.791647
2.132803
0.480602
3.048401
1.664818
1.232105
0.802522
0.607556
4.012534
3.785760
0.813248
3.330659
2.140444
2.111267
0.448006
2.288532
1.332393
2.336941
1.999160
1.621343
1.822982
2.188045
2.358268
3.176764
0.559705
2.000000
0.515783
1.887382
3.460027
0.855017
1.375015
2.047045
1.292760
0.348311
2.003449
1.962148
2.531984
2.945296
1.718285
3.615441
4.118609
2.000000
1.535316
1.232479
2.312465
4.365630
1.645753
1.397416
2.574320
1.910195
3.001814
1.072482
3.478819
2.791875
1.612180
1.941871
0.703782
2.624601
1.839824
2.000000
1.632373
0.744617
3.664352
3.959685
1.013307
2.481516
2.204422
2.914407
1.734167
1.846771
1.080172
2.827631
1.185261
2.497826
1.624994
1.600699
2.678709
1.228582
2.775741
1.994204
1.521998
0.493950
2.663518
2.398479
2.159548
2.293184
4.827903
1.147777
1.176511
2.216757
1.161590
3.153737
3.180082
3.309161
2.113213
0.539646
3.459269
3.348324
2.597492
1.115024
1.900759
2.147618
0.569186
2.240048
0.609082
4.526212
0.610253
0.068129
0.722628
2.400589
0.710987
1.609419
2.384674
2.037327
2.359712
0.805378
4.703629
1.776589
0.727422
2.639655
0.528178
0.734918
2.388558
3.220462
1.791875
3.195736
2.556027
3.090536
1.448267
2.417947
1.116324
2.490951
1.910197
0.096184
3.651783
2.301229
2.200154
0.827974
1.567066
1.678857
1.003957
1.369541
2.631324
1.359846
1.239978
1.191229
1.887386
3.608101
0.420432
1.204559
1.788484
1.763197
2.524557
3.844367
1.001194
1.079618
1.739506
2.496934
2.630932
1.207282
1.370865
0.786475
1.508184
2.989025
0.530347
1.026977
1.959059
1.833017
2.107867
1.107480
1.716184
5.410211
2.935302
2.796147
1.850540
3.284054
2.595427
1.955726
1.952550
1.702986
0.705746
2.000000
2.096343
5.645803
0.636249
1.411380
2.580755
3.552210
2.067199
1.831709
1.322707
1.791408
1.388881
3.056732
0.857832
2.446249
3.780117
2.313324
1.221926
1.261324
1.122574
0.949930
0.668547
1.184779
1.644423
1.456342
2.423748
0.563287
1.772070
2.100431
2.124710
2.029042
2.106035
1.485369
3.383538
1.462308
4.831057
2.624477
1.573697
2.670859
2.950188
2.844458
3.958389
2.519826
2.856775
1.213108
2.458698
0.998018
3.813760
1.835057
1.275284
1.860751
1.590017
1.659151
0.225719
2.246114
1.136669
1.782358
2.876517
0.596788
2.222124
2.820438
2.221861
1.994860
2.091517
1.333873
4.074372
2.034253
1.778277
2.979127
1.119398
0.730807
2.000000
2.479966
3.029334
2.000000
0.864698
1.644635
3.656882
2.815936
1.830318
2.327649
1.691571
0.978420
1.010695
1.525276
0.490852
2.402686
1.130418
0.707296
2.338999
4.923345
0.862878
2.082140
1.127363
5.734447
3.510057
0.789349
2.437281
0.608045
1.416119
2.148191
3.225935
0.624938
2.645926
1.243030
0.909557
3.147605
2.038244
1.661790
2.729601
1.757159
2.361283
5.790638
2.444121
2.167684
1.457236
2.476872
1.785625
0.481521
2.000000
2.820941
3.378355
4.255792
0.773752
2.186208
1.904646
2.130610
0.464285
2.000000
3.338774
1.173851
2.743333
1.945894
1.339052
5.056649
2.321394
2.091715
2.968650
0.975905
0.825212
2.000000
1.847875
1.238100
1.601679
2.000000
2.378531
2.000000
2.074725
4.611755
0.901603
2.395210
0.736600
3.890505
2.599957
0.414223
2.135119
2.000000
2.303991
1.609329
0.440066
2.117326
4.063288
4.579572
3.991714
2.000000
2.490655
1.409121
2.000000
2.618429
7.113398
1.623686
0.409291
1.862901
2.772669
0.542609
3.401674
1.155031
2.765661
2.518589
1.674340
2.061784
1.836314
1.102753
1.583290
2.762929
1.891325
0.356938
1.741304
0.519510
2.969109
1.045259
1.468732
2.000000
2.518142
0.863430
1.131511
1.888268
2.936476
1.978324
1.272207
0.277590
3.359205
3.964714
2.483155
1.707188
3.058292
3.822934
1.973357
3.846266
1.604311
2.038712
1.708503
2.000000
2.000000
1.402627
0.914757
2.206235
2.787381
1.707066
4.838574
3.028812
1.803225
1.575879
2.000000
0.955417
4.163875
2.498918
1.937643
2.211277
3.060298
1.602771
0.385873
1.219855
1.132725
3.396064
1.098766
2.788731
1.609970
1.510062
2.548841
1.651531
0.468847
1.707557
0.201397
3.180973
1.689176
0.440464
1.002460
1.754872
1.739791
2.000000
2.708630
2.000000
4.706389
2.000000
2.000000
0.652707
0.825022
2.381083
0.860886
4.226676
4.637837
2.000000
1.437921
1.414918
2.671117
0.752074
0.633069
2.828544
1.394916
2.033558
1.042963
1.756732
2.374890
0.629500
1.540354
3.101611
3.274132
2.091821
2.000000
0.961004
2.361827
2.202381
1.254228
2.367057
1.941998
3.571142
1.589896
1.928298
3.429385
0.761747
3.667830
2.502817
2.202300
2.296293
1.042473
1.933839
2.077306
2.622821
1.722033
1.966358
2.273617
1.981500
0.804022
0.850911
1.939981
2.270833
2.467824
0.957892
1.768588
0.249628
1.287456
3.341837
0.190611
1.744104
1.670298
3.604727
2.000000
2.408937
2.325914
0.474202
3.790504
2.240775
1.136185
0.753104
2.478740
1.665118
2.000000
0.917818
1.855000
0.910140
2.335815
1.359764
0.455154
0.907082
0.718011
1.131521
3.479581
2.000000
0.420423
2.000000
2.148933
2.000000
1.874518
1.551434
1.852897
2.141802
1.018314
2.000000
5.086218
2.372803
2.652792
1.299491
3.209621
2.000000
3.113536
0.928904
2.734347
3.513678
1.412238
1.892816
0.748625
1.648692
0.900313
1.222924
1.123249
2.781710
2.303331
2.653697
1.571230
1.832895
1.953724
1.031158
3.935291
1.778689
0.841009
1.784198
3.670944
5.265602
1.021490
2.309017
1.882664
2.613279
2.903387
0.633468
1.544109
1.287638
0.968252
5.606061
2.509405
2.303695
1.854441
0.550054
3.939703
4.709037
0.309152
2.242120
1.747373
1.419156
2.000000
1.411851
6.121310
1.065972
1.157642
1.754006
1.959300
1.478183
2.000000
3.555374
0.823420
2.682214
0.422233
3.604269
2.431345
3.058874
1.388296
2.000000
0.654690
1.062084
0.408629
1.626932
2.763421
0.847617
1.307950
0.973737
2.083782
2.000000
2.714303
1.623299
1.976955
3.111565
1.062504
2.061582
2.904032
1.593283
2.205135
4.758068
2.360966
1.696766
2.000000
1.790648
0.438038
2.242570
0.876759
2.471740
1.202549
2.000000
1.715218
3.096893
2.361385
1.751399
4.273167
2.000000
0.898651
1.422964
0.168147
2.374471
2.755462
2.576072
4.521258
3.631910
0.347897
0.745819
4.169133
3.343614
1.759436
2.534905
0.208432
4.442643
1.353954
1.372039
1.847640
1.172787
1.387597
3.293996
4.202982
2.377781
0.248162
2.744615
3.335028
1.635989
0.615333
1.189736
2.455701
4.006770
4.572209
1.028304
1.839997
0.902721
2.566933
2.176377
2.196966
4.353810
2.000000
2.014830
1.984633
0.493953
1.310853
0.386353
1.765232
2.280012
0.538266
2.000000
2.060444
1.639792
2.174120
0.651909
2.015831
1.585773
0.834501
3.734731
1.332604
2.000000
2.491509
0.381601
2.128965
3.724446
1.072651
1.851491
1.910289
1.633378
1.104731
2.599173
1.319871
1.195447
0.756443
2.999378
1.292967
1.783891
2.316564
1.051552
2.717283
0.811337
0.591286
1.451513
2.998860
2.525799
2.000000
3.170310
2.327030
0.597186
2.916282
2.666089
1.274542
1.163269
2.000000
0.362060
2.626489
0.399575
2.323105
2.866405
2.018037
1.388337
1.353370
2.410421
0.805921
0.719040
1.101820
1.216448
2.318553
2.513703
2.000000
2.175488
0.368940
1.671905
5.411138
3.689496
1.493831
1.161439
3.084331
3.070096
0.715707
1.204097
1.910869
1.087368
2.730650
0.477834
1.271316
2.288038
5.594728
1.284171
2.990001
1.537031
2.346189
2.488883
2.340782
1.244268
4.565748
1.802676
1.342294
1.365451
2.025584
1.908074
1.668216
0.319425
2.149078
1.846566
4.549351
2.385707
3.585075
2.043838
3.138173
0.112944
1.012890
0.818774
0.980889
1.662058
0.294358
1.427630
1.882549
2.405367
0.736711
2.822103
0.975733
2.383037
1.895112
0.660430
2.136732
2.016672
0.603047
2.000000
2.963501
1.796961
0.428947
4.300145
0.407603
0.490678
1.814880
3.689294
0.818260
1.489901
1.140508
2.000000
1.973025
2.117787
3.216165
1.089784
4.464036
2.000000
3.157429
1.785620
2.702691
1.416816
3.970779
2.019266
1.218974
0.560367
0.913493
2.105348
2.000000
2.827143
3.299798
2.849015
1.359954
1.471961
0.769196
1.264534
3.035197
3.452340
1.525991
2.737525
0.786635
2.393767
2.013187
2.031331
2.114002
3.150031
0.810929
1.335184
3.048961
1.429373
2.258348
1.523950
0.778849
2.458165
2.000000
2.220830
2.063439
2.324370
1.352376
0.753254
2.000000
0.594655
1.131093
0.360362
0.995797
1.747155
1.773923
2.202589
3.722133
1.184277
1.508311
1.127306
1.943330
1.144303
0.191746
1.564145
0.764418
2.239756
1.114416
1.706293
1.847474
1.481766
2.986509
1.876859
0.642386
2.452557
0.976621
4.491408
0.694032
3.208123
3.732812
1.185219
0.546225
1.948665
1.626937
2.220216
1.559457
1.418221
1.628607
2.000000
1.507231
0.716396
1.016349
2.140859
4.974473
3.681131
1.274849
0.657141
3.038332
1.818834
2.481092
2.465607
3.413543
1.559249
2.309158
0.982357
2.442772
0.910298
0.397943
2.603360
0.735823
2.120591
2.209476
2.037477
5.255263
2.087538
3.673821
1.044606
1.136742
2.157049
1.111614
1.817728
2.024117
0.657059
0.753422
1.220947
1.198900
1.602171
2.796358
4.077105
0.343219
4.366323
1.412852
0.943143
0.458521
2.059001
1.293577
2.000000
0.304491
1.759559
1.686010
1.294201
1.698623
2.363654
3.901397
1.457034
1.351485
1.066012
1.054841
0.869349
4.219825
1.582123
2.000000
1.662620
1.293423
0.950433
1.879574
1.958477
2.000000
0.704431
1.433250
0.877812
0.416842
0.356492
1.442488
1.154408
1.676130
3.115090
2.823474
2.827025
1.444810
0.897776
3.101309
2.929844
1.970126
2.010029
2.244864
1.511285
2.356401
2.278900
3.069360
4.131948
2.873196
0.379481
0.922704
1.531965
2.148778
1.245710
1.528095
2.035479
2.005320
1.327345
2.814205
2.577199
2.771429
1.054354
0.755612
2.024270
1.355494
3.902360
0.762130
2.740181
3.407700
2.003994
2.346909
5.408090
1.851507
1.118191
7.757614
2.737547
0.941720
0.765317
0.604889
1.688117
7.103506
3.017234
2.505484
1.130541
1.674158
3.677218
1.498025
1.212050
1.776162
2.541109
3.189772
4.595719
1.639200
1.188990
1.184873
1.711782
1.702556
1.366332
2.524498
3.525086
1.381766
1.903966
0.938012
1.846106
3.307326
0.686635
0.534479
2.086257
2.333091
2.171653
0.344314
2.014880
2.317412
1.929938
2.444415
2.489737
0.753263
3.569061
1.365790
1.979948
2.992807
2.731687
2.186681
1.624907
1.846640
1.843483
0.303326
2.983493
3.454797
1.670439
2.068179
1.027212
2.185281
2.603398
2.099105
1.458534
1.628039
2.525425
0.329352
2.511397
3.976078
1.478072
3.855479
0.746669
3.369266
1.330528
4.214220
1.100840
2.071414
2.400087
1.205715
1.611727
1.297002
2.803150
1.589542
3.810326
3.698047
2.078117
3.132252
1.755253
3.708874
2.000000
2.068441
1.816163
1.603516
1.061387
1.964128
1.072078
2.730401
0.813770
2.977909
1.714664
2.510270
2.069109
2.237225
1.021645
2.000000
4.578912
0.991922
2.314382
3.576301
1.697969
1.213647
1.673996
1.285757
0.812325
0.743449
2.704725
2.000000
2.046504
3.431807
2.159958
1.712383
2.714175
2.243672
2.564293
2.000000
1.274409
0.287019
1.376190
1.929659
1.608269
0.743530
1.765818
2.728894
4.084961
1.627411
1.408624
1.321066
1.621319
1.953684
3.978267
1.525853
0.858332
2.063187
3.152476
3.152052
2.982415
1.306567
1.192018
1.926725
0.721908
1.264984
0.592028
1.727013
2.349652
3.512720
2.552095
1.681073
2.490553
2.647611
0.784300
0.373102
1.287600
2.451637
4.432573
1.023553
2.148942
0.432805
2.509383
1.104178
2.564398
1.614662
3.875989
3.345713
2.721393
1.305616
2.000000
2.065785
0.707078
2.803719
0.991118
0.629653
0.597383
3.117470
2.390535
3.104825
2.003469
1.286019
1.117822
1.015597
1.627645
0.901966
0.572478
0.467830
3.471402
1.672617
4.536177
0.782884
1.921059
2.000000
0.983118
2.618165
2.000870
4.832369
1.273322
1.603855
1.295772
1.905596
3.163114
3.339979
1.645453
4.991700
2.416349
2.000000
1.259819
3.360538
3.686252
0.965163
2.460605
1.532832
1.899959
1.766316
2.000000
1.502642
1.560809
1.261030
3.628825
1.374885
2.563915
2.000000
1.608056
2.761149
3.144337
0.676364
2.136441
1.056166
3.550037
2.333139
0.943137
4.708529
4.206799
2.494656
2.630797
1.224543
1.709057
1.133057
2.999293
2.288036
2.240545
0.881274
0.172298
2.055505
1.558804
0.921328
1.230550
1.779530
1.167081
3.937350
0.493648
1.063500
2.000000
1.505809
0.578526
2.161319
1.339238
1.456364
1.891404
1.945566
0.721201
1.843769
4.037427
2.605628
3.394602
3.395701
2.292352
3.882796
2.073313
3.044876
1.760647
3.618079
0.764300
2.590827
0.730195
1.450602
1.828662
1.822249
0.507321
1.466414
3.236159
1.593954
2.575056
1.799542
0.560306
1.599897
2.857065
2.293769
1.527140
2.470015
3.791875
1.146328
1.655666
1.664047
0.718716
3.020365
3.199677
2.378079
2.730137
1.983635
5.227923
2.720652
2.899318
1.968540
0.760108
3.398654
3.418259
0.846429
4.333594
1.046471
3.015190
2.233788
2.165682
0.936700
0.615583
1.752670
2.903440
2.565975
0.960256
1.986028
1.708698
1.653172
5.576766
2.131828
2.337215
4.286661
2.395060
2.056439
1.303134
1.823475
1.076790
1.447485
0.698058
1.987448
0.846211
3.478003
2.127300
2.133486
2.237248
0.373210
4.330348
0.471325
3.803032
1.428729
3.317538
1.693599
2.422171
3.460481
1.370845
0.550464
2.600608
2.396920
1.793685
3.258091
3.163762
1.667456
2.616627
0.379809
1.331241
3.849536
0.456255
2.570148
3.810230
2.408068
6.258520
1.912523
1.859467
1.092379
1.873406
3.670068
2.669233
1.966929
0.165880
1.866081
1.590735
2.478208
2.000000
1.598349
1.918589
4.281044
1.509428
1.891229
1.745593
1.945020
2.163285
0.988083
0.952106
0.123367
1.828763
4.189434
1.286844
2.000000
2.389656
1.336703
1.549419
0.825449
3.509320
1.955354
2.102971
2.555415
2.000000
0.608554
1.652488
1.893149
0.579472
3.083589
1.139659
1.116009
1.740010
1.348228
2.709461
1.075888
0.866479
2.038674
0.794411
1.389460
2.188278
2.452401
4.457169
1.014238
0.993954
0.878291
4.719697
1.960179
2.000000
2.523883
2.000000
2.058182
0.580139
1.916831
1.787413
1.644643
2.375706
3.461814
2.186233
1.541214
2.076454
1.678018
0.459320
3.683822
1.864290
1.318012
1.663458
0.988128
2.834428
2.000000
2.452216
1.726717
1.680277
2.009837
1.414609
0.394298
1.274000
2.000000
2.981942
1.847181
1.973229
1.378314
1.155133
1.052482
0.459300
1.253980
1.953758
1.825488
2.840444
4.484003
3.340083
0.468305
1.122926
1.216432
1.768552
0.620108
2.000000
1.155968
3.146491
0.432448
0.973792
0.858990
3.083053
3.506670
1.379790
2.685626
0.861981
0.357217
1.880929
3.808406
1.922686
1.804275
1.920831
2.260287
2.618355
8.253227
3.846929
2.623105
1.327274
2.000000
0.660795
1.610822
1.688014
2.838217
2.119987
2.277959
2.000000
2.000000
1.842948
0.654855
1.977011
4.311553
3.158480
2.135487
1.282934
1.083178
0.995852
1.643503
1.574298
1.911002
1.306800
1.704412
1.846748
4.356779
0.335661
2.000000
3.096187
1.214425
0.778530
0.930286
2.058248
1.945631
2.033720
3.019201
1.917464
1.625459
1.514660
0.734126
2.326526
0.830318
0.546227
1.841541
0.788520
1.943147
1.856384
1.058550
2.520587
3.216085
2.000000
0.113628
1.724668
0.702372
0.967709
1.523569
0.737965
1.318098
2.779446
1.936901
0.986045
3.297235
1.861784
1.150047
1.698061
1.129795
3.384493
1.779915
1.431284
0.827232
2.928976
2.075830
3.789709
1.831609
4.244933
3.437471
0.617247
2.045356
1.208651
1.506118
0.799611
1.609638
0.388802
3.364379
0.255983
5.072617
2.245275
2.205226
1.928646
1.411531
2.107922
4.596020
0.235217
1.677168
0.630869
2.344806
4.387955
1.914299
2.306267
1.641599
4.052289
1.909693
3.406034
2.107833
1.342699
2.391329
2.561186
4.409103
2.060633
2.205976
0.938647
0.263986
1.319046
7.722948
1.576365
2.180899
1.017241
2.076750
1.360798
2.387435
0.631969
2.859390
2.783843
3.408923
1.782024
2.054089
3.228875
2.549851
2.480140
2.725504
1.345241
3.512488
1.862116
2.000000
1.046441
2.662867
2.892215
2.751645
2.668124
1.995089
1.965560
2.175284
0.252782
2.229156
1.495554
2.190149
1.210702
2.270988
0.255187
1.342515
0.487657
2.262749
4.105082
3.342043
1.388432
1.847878
1.845802
2.898945
1.918422
1.331007
2.045001
2.817805
2.908102
0.614033
1.216887
0.569334
2.699829
2.255353
2.792156
2.534753
4.653818
2.049466
0.401980
1.600487
4.092054
2.000000
2.000000
2.258237
3.131350
3.709858
3.295252
1.157475
1.192028
2.707232
1.525787
1.646504
0.776689
0.666872
2.000000
0.672370
2.490754
0.769045
1.994234
2.212204
0.904382
2.013731
3.205234
0.953512
3.598796
3.161465
1.541032
0.619052
1.121176
1.175331
2.451515
2.671541
2.615623
3.034145
2.962152
0.725941
4.178758
4.528517
2.000000
2.578914
1.290547
1.400707
2.228934
1.851789
3.460037
1.779414
1.442466
0.173838
2.785733
4.043693
1.414495
3.343134
2.820261
1.959910
1.864629
2.000000
2.678818
0.634981
2.057821
3.290759
2.721620
1.937874
1.948912
2.114408
0.564373
0.575964
5.749034
1.158418
1.829467
7.674751
3.307776
3.727704
2.163631
0.936347
0.707420
0.382665
3.665063
0.644541
1.489026
1.964612
2.363266
1.745460
1.965047
1.660439
3.391867
1.973144
1.711150
0.349805
3.023708
2.823422
2.219335
1.580648
4.142983
0.712189
2.071554
2.740213
0.474322
3.192725
0.968109
3.632081
1.176817
2.405733
3.590953
2.057767
1.596272
3.718497
1.406224
0.819910
2.821238
3.104697
2.120622
1.687634
1.242439
1.912139
1.543647
3.601996
1.362495
2.506857
2.000000
2.503956
1.200443
2.356214
0.752827
2.439292
1.750844
1.246650
1.425516
2.230140
2.000000
2.431048
5.842453
1.928083
3.569125
2.116961
2.000000
2.265127
1.390963
2.396620
1.323572
0.548466
1.118249
1.778789
1.006956
3.735767
1.101324
2.000000
4.861169
2.033655
0.708616
0.645197
2.021450
3.679642
2.000000
2.353823
0.798077
0.849712
0.834784
1.931372
1.132482
0.818069
1.368919
2.136744
1.092433
2.219267
0.518509
2.887791
1.966432
0.989243
1.355174
2.299587
1.059011
2.407923
3.047058
2.000000
1.983973
1.208063
1.805271
1.671565
0.695126
3.881179
2.000000
0.759085
1.373441
4.334804
2.171788
2.979081
1.330091
0.257495
0.899013
0.960387
2.000000
5.722278
3.202046
1.221783
3.184364
3.881199
4.862969
2.024641
1.425721
0.215204
2.002335
2.320964
1.482273
4.760706
1.870703
1.110937
2.000000
5.798837
2.299143
3.255706
1.586792
1.849398
3.937701
0.702109
1.038075
1.956579
3.693769
2.116941
1.638857
1.794384
1.912977
0.238449
3.285397
2.048109
1.652486
3.776511
3.058445
1.124709
3.545258
2.034782
1.270684
2.862018
1.143987
1.697502
0.953208
2.908110
2.401294
4.636528
3.578568
1.665750
2.348379
1.174323
1.686411
1.680136
1.677913
3.082022
2.047659
2.000000
0.231278
1.990064
1.787923
2.592372
2.466125
3.198600
3.301790
2.360511
3.261244
2.090107
1.462177
1.239286
0.796357
1.683869
1.537944
1.463373
1.644121
2.690539
0.870974
1.651733
2.216196
2.958240
6.828064
2.606963
1.523581
0.516248
1.988116
0.893331
3.342045
0.848095
0.763850
1.658950
1.972222
1.747678
4.065571
2.432477
3.100361
2.178424
2.111841
1.593707
2.724684
0.846756
0.921321
4.262492
0.931001
3.591075
1.806374
2.760999
1.702950
3.380759
0.650490
3.760133
3.564420
2.362451
0.576899
1.887904
3.201648
3.037884
1.001257
3.868983
1.218668
3.181037
3.082705
1.229598
1.954584
0.565380
0.728838
1.817733
5.076777
2.669471
3.894893
2.775979
2.000000
1.703530
1.548511
0.680223
2.857591
1.640522
2.952873
1.763517
1.689348
1.840848
0.395353
0.335652
1.755564
1.127955
1.588156
1.540651
0.526033
2.422542
2.711644
2.070430
1.670595
3.568812
2.000000
2.081942
3.298193
2.057583
2.964272
2.621670
1.626654
2.010894
2.396798
1.459225
1.801877
3.865882
0.989587
2.673282
3.170408
1.952165
2.000000
1.509480
0.755483
3.362301
2.347615
1.466736
1.564614
0.534735
1.411528
2.064263
0.898996
0.533538
3.948385
5.641440
2.894008
2.266966
1.139440
1.415412
1.814788
0.749202
2.392289
1.651628
1.661232
6.476898
1.997170
2.484074
2.661129
2.165100
2.720065
1.737665
1.581016
1.597552
2.935671
3.878602
2.904182
1.065192
2.673294
1.419555
4.042666
0.607850
1.126694
0.656349
1.987822
1.699623
5.009204
1.738305
2.000000
1.098449
1.979605
2.069158
3.403745
1.690243
1.989863
1.026521
0.755406
0.655051
3.963776
2.272987
3.632558
1.906464
3.467712
0.789464
1.994113
2.482255
1.707393
3.093734
1.673174
2.464667
1.465007
1.198915
4.063325
2.180747
0.337021
1.853423
2.683879
1.818119
1.236904
4.666616
2.373526
1.157976
0.644976
1.362222
1.367424
2.084203
1.866170
3.658796
1.538110
1.514849
1.940374
2.637666
1.839136
2.276686
1.410241
1.947420
0.541141
3.402191
3.795251
2.211922
0.537935
2.591577
1.436654
2.958778
1.734165
1.450203
2.802235
1.505451
0.399820
3.250666
3.043679
4.986654
2.691849
2.151247
4.296913
0.802987
2.331913
0.800034
3.623992
3.786899
1.795912
0.684528
2.250198
1.368901
1.206607
1.074934
1.721418
2.399585
1.797137
2.115496
1.221580
1.644705
0.371076
5.418297
0.965678
0.473643
5.228297
0.411043
1.837782
2.469272
1.501970
0.850523
2.661130
2.185214
4.513087
3.524482
2.484942
0.520356
2.387019
1.903513
2.413165
2.097854
1.556974
0.519912
2.407717
2.832860
1.450810
0.900382
3.595647
3.206836
1.417223
0.598058
6.353683
4.115052
4.513508
2.197670
1.882591
1.686869
1.655447
2.306766
2.484797
0.937357
2.387154
1.082868
2.140956
0.371703
2.013364
1.730111
2.030263
2.408971
1.278286
1.369051
1.893987
3.312947
1.471648
3.292499
1.515684
1.352958
0.695068
2.832292
2.255459
1.959107
1.658179
1.318984
2.954430
2.152498
0.818090
1.022147
2.871076
2.607061
0.768647
1.274579
1.183181
2.053774
1.751961
1.434291
2.250040
2.000000
0.971136
3.484324
3.911833
0.956984
1.942235
2.000000
0.857567
0.684450
1.620183
2.000000
1.558746
1.245694
0.610814
1.936005
2.000000
2.563376
2.068868
2.856696
2.661361
1.487242
1.299748
2.036066
2.388043
1.649484
0.955633
2.000000
2.000367
0.621753
1.677417
1.659251
0.380069
0.879097
0.350548
1.059918
4.616091
2.316175
2.000000
1.670832
1.746334
1.357824
1.803779
2.228806
1.156573
3.096393
3.293223
1.759516
1.619932
1.215817
3.557219
2.096801
0.230520
6.013336
2.412607
1.176918
3.121051
1.259876
1.288042
2.151071
1.992276
2.925225
3.827831
2.149433
0.659995
1.991684
0.572774
1.863262
1.295197
2.188100
1.689789
2.000000
1.315256
2.841978
2.425003
1.141475
4.057718
1.321328
0.085605
1.623309
1.623237
2.000000
1.929144
2.433784
1.405674
2.083524
3.861922
2.316566
0.457801
3.010085
1.467606
4.213322
1.226234
1.278506
0.486146
2.995260
4.125751
2.548529
0.935917
1.821712
1.464905
0.734551
2.930552
3.445079
2.065962
1.891730
4.264010
1.208696
1.468078
1.760796
4.282689
2.148414
0.754311
1.428873
1.545894
2.537067
0.526795
0.986507
0.342780
1.352909
1.183345
1.956230
1.639203
0.821986
1.590547
3.201710
3.288429
4.692400
1.784325
2.000000
0.549231
1.096027
0.233178
3.292193
3.312300
2.824685
1.897882
1.627091
0.657733
1.594191
1.132598
1.872877
3.276711
2.944850
4.053548
1.113153
2.756575
3.227487
0.636659
0.602595
3.128648
2.565880
2.000000
1.732577
1.762603
1.160806
3.424827
1.407114
0.364162
1.600070
5.223114
0.395734
1.367711
2.253542
0.880205
1.541705
0.992356
1.415400
0.465336
0.486981
0.847226
2.073544
2.012344
1.759016
0.502183
3.408597
2.580200
1.765877
1.426513
1.741373
1.581946
2.735094
0.775174
4.115511
3.527925
2.337728
3.331542
0.184537
1.145932
1.876177
2.765461
2.953808
1.074905
3.495724
3.347547
0.808538
0.794065
1.582330
0.449725
1.880254
2.000000
1.435797
1.370579
2.000000
1.675636
1.672551
0.651743
1.139897
1.530818
3.487846
2.487955
3.843312
1.881055
1.698204
2.337874
3.403522
2.744173
1.543341
3.291308
1.377031
2.995290
2.473480
2.723197
1.498854
2.000000
0.916798
3.137341
1.483888
1.867468
3.743431
1.009363
1.013909
0.774862
1.468991
1.689377
3.255821
0.916762
3.256481
2.000000
2.451303
1.738122
2.280233
1.198129
2.237663
1.812827
0.945944
2.527296
0.236047
1.634541
2.695330
2.000000
2.275454
2.347103
2.000000
2.000000
1.281790
1.199956
0.912568
2.000000
2.000000
3.551100
0.529032
2.138091
2.592805
1.878506
3.555446
0.346193
1.343946
0.673543
2.178422
1.663279
2.261381
2.489368
0.413381
2.729369
2.000000
1.488510
0.348811
1.005762
2.129968
1.782329
1.850259
2.331805
2.943172
1.285347
0.600782
1.320957
3.438012
0.932955
0.985067
1.485626
0.926755
2.335329
3.037604
1.970638
1.281337
2.099264
1.423706
2.916361
2.000000
0.729760
2.331746
1.247553
2.000000
2.700837
0.985855
2.539746
2.000000
1.501177
0.234624
2.443439
1.611772
2.712861
1.475295
1.218308
3.779929
1.057726
2.811937
0.911603
2.206130
1.800616
0.937973
1.621904
1.988077
1.774643
1.279226
1.425091
1.483441
1.628707
2.252974
2.542532
1.981164
3.685650
2.000000
3.108471
0.461907
1.529821
1.427340
0.846222
2.847732
0.726197
1.632591
2.014542
0.718796
4.838258
1.957254
2.171262
2.246221
0.617610
3.480173
1.164960
2.956926
2.000000
1.985438
2.351932
1.833342
3.078187
1.835822
1.829615
1.232532
2.866947
2.298570
0.473058
1.856906
2.092401
0.714991
0.648347
0.697810
2.718449
1.940295
1.099436
3.384673
3.323458
1.085116
0.439679
2.610693
2.377519
1.162909
2.767839
1.916819
0.734005
5.774963
0.914049
2.730623
1.398695
0.933487
3.880051
5.011261
3.717583
1.619509
1.287296
0.908841
0.233398
3.560083
0.949069
1.513112
4.672348
2.800110
3.455984
1.639075
3.708503
0.694181
1.333910
3.169307
1.626996
2.334968
1.536028
3.444457
2.265599
0.642864
3.312682
1.714673
2.600068
3.230416
2.000000
2.149933
1.393132
1.065202
0.445375
2.423628
2.397911
4.376094
3.516709
4.090793
2.737655
1.874572
1.166747
0.709199
2.000000
2.000000
1.371547
0.822817
2.068504
0.461933
1.495982
1.949110
1.749178
1.984294
1.201089
4.532792
2.318774
1.650211
1.558920
2.000000
1.010422
2.000000
1.240988
1.505211
2.301518
1.907153
1.753482
1.986979
2.053211
4.032559
4.232315
1.075312
2.129292
2.616897
1.412221
2.727207
1.831799
2.155176
0.450324
2.000000
0.310273
1.976878
1.327066
2.070088
2.735816
0.337890
2.018488
2.141948
2.084374
4.870363
1.177891
1.832054
3.798486
1.473597
0.594812
2.077999
1.128756
3.788849
1.588347
0.977818
1.115825
2.739336
0.474964
2.744317
1.890122
2.954984
2.028425
2.736375
0.488846
1.837058
0.839705
2.537006
1.423929
2.109937
1.402880
2.547035
2.000000
1.233879
1.958354
2.000000
0.309691
2.861131
3.126803
1.766850
0.591148
2.000000
1.509494
5.619539
4.710657
1.964348
2.551038
1.213218
0.384519
2.482064
1.811621
2.609085
2.382027
0.428881
3.090200
2.000000
2.418238
1.138911
0.863777
0.865145
0.968485
0.355616
3.676290
1.477183
2.293542
2.070972
2.736876
1.367510
3.922923
1.113243
2.493356
1.942303
3.260111
0.305341
1.107338
2.329709
1.906104
2.782991
2.149229
3.090034
2.230978
2.965230
1.962880
1.545369
1.630859
2.156750
1.361419
0.939927
1.810763
6.255564
2.096040
3.028063
1.529566
0.424945
1.835199
1.799272
1.128605
1.474049
2.137139
1.118235
1.083942
2.000000
4.018515
0.602188
3.341713
1.441931
2.048573
1.648477
1.104545
3.455574
1.660017
2.000000
2.321055
2.018874
2.468044
3.967906
1.378397
2.806338
2.339739
1.867682
1.664393
3.698706
2.072160
1.177640
1.190357
2.903058
1.754886
1.086845
1.820329
2.781353
2.399511
0.622984
0.151345
2.286227
3.196608
1.217304
2.712539
1.433801
0.763756
2.157877
3.700580
3.388643
2.000000
0.560060
1.970987
0.812858
2.418682
1.738156
0.233715
3.628645
1.143124
1.614165
1.332492
2.926311
1.794663
0.493912
2.893055
0.280022
1.912805
1.769814
0.936149
1.681989
1.823922
1.143875
1.046504
1.439877
0.386826
1.889728
2.356488
1.406955
3.306623
3.274853
1.325212
2.692281
1.340489
1.052734
1.161954
2.069321
3.818201
2.056540
2.729175
0.780257
1.964132
1.977502
2.456813
2.000000
2.000000
1.003824
1.915179
4.258340
0.969937
1.423956
3.453822
0.703883
2.442532
1.309561
2.985672
1.706296
0.708791
2.171619
4.028193
2.714194
3.288093
2.000000
3.113775
2.598784
4.588675
2.727351
1.878332
2.000000
2.000000
2.237202
1.576933
2.271707
4.891618
2.000000
5.035907
3.602402
4.637684
6.750144
1.078042
0.444874
1.812114
2.739717
2.893806
1.550507
1.276332
2.562362
4.090927
2.714013
2.795022
2.431156
3.327157
1.473069
1.762308
0.695378
0.769871
2.000000
1.532603
1.507870
2.027293
4.490640
3.202092
2.487018
2.208332
3.005877
1.831548
0.219961
2.369663
2.231605
1.241357
2.325676
0.431056
0.659874
2.046033
0.827887
0.387196
1.277201
2.531226
3.463506
3.665099
1.296052
2.169508
2.605138
2.360321
1.886116
0.856910
0.400279
2.079110
2.583717
1.871306
3.258539
2.110468
3.434294
3.302918
1.838558
2.426978
2.165034
0.718156
0.783768
0.657137
5.991736
1.626265
1.377615
1.532365
2.396146
1.834031
1.433224
2.000000
2.417310
2.377739
2.473506
1.303114
0.818029
1.703702
2.682956
2.830660
1.408659
0.815511
1.011319
0.523076
1.436158
2.453164
2.674962
0.742185
2.656975
0.417357
0.769930
1.947755
0.675859
2.642977
1.272925
0.503506
1.410971
1.804000
2.618903
0.747452
1.856028
2.840992
1.507912
0.574199
2.967020
1.992777
0.804193
0.944418
0.882456
3.109376
1.371788
2.464656
1.906754
1.186332
1.896661
3.687149
3.277097
0.735653
2.768846
2.534927
2.498829
3.688495
1.418948
1.300443
1.391397
3.030370
2.285983
2.714377
0.197128
0.960194
1.453120
0.911313
0.553933
3.299747
0.504818
0.928186
0.790966
1.798703
1.813589
2.000000
2.183455
3.690797
2.492762
2.497093
3.108919
3.198345
1.524466
1.871575
1.536085
0.267451
1.990459
3.483740
1.822353
1.320535
1.206193
2.084421
2.020191
1.746676
1.251273
1.308141
2.643641
1.515892
1.231767
0.764751
3.159674
1.838906
1.333136
1.197011
2.311297
1.752531
1.718243
3.095313
2.738995
0.352283
2.203360
2.495512
2.004762
1.425414
1.514303
1.232654
5.657143
2.276025
0.475397
0.842446
2.542660
2.000000
2.621346
0.534325
2.954137
1.697060
2.842231
3.206199
6.186292
3.521815
1.161372
0.767920
1.537986
0.841255
0.880992
3.552432
3.746832
1.983216
3.233050
1.178965
1.667676
4.909088
1.126327
2.706546
1.952784
2.800598
2.485697
2.492836
2.283386
3.928915
3.333023
2.055335
2.000000
1.630813
1.089114
0.261812
0.981564
1.699753
1.021385
3.578668
3.164637
1.968448
4.240307
3.013329
1.638760
1.101499
0.950256
1.299926
1.639912
2.274852
3.323785
1.946666
3.120681
2.483904
1.844463
0.621057
2.762619
1.298529
1.431987
2.255029
1.524150
2.033088
1.788475
1.534909
1.746837
2.000000
1.702683
2.586183
0.330891
2.000000
1.547420
1.635388
3.633247
1.147551
3.473423
0.781135
0.319296
0.842785
1.432177
0.988265
1.686699
0.111295
0.985565
1.934837
2.641309
0.246918
1.888443
1.361718
0.916966
1.762376
1.282634
2.171864
1.422989
1.119965
2.076359
0.392050
0.660506
2.684996
2.415886
1.739143
1.413954
2.493897
0.529602
3.647424
1.638717
5.376959
5.398688
0.738687
1.365941
3.774649
3.638368
3.151396
1.947518
1.784992
2.223536
1.539018
2.013714
2.996627
1.809278
0.371435
1.109167
1.946396
1.949049
1.078902
1.375632
2.607707
2.005217
1.874776
1.636623
1.207692
1.898646
0.095932
0.115383
3.294046
2.212844
1.236572
2.047569
1.281435
1.269320
4.257835
2.986864
3.498257
4.786049
0.512309
1.277078
2.000000
2.026610
1.544913
1.404694
2.535208
0.812724
0.933784
1.923633
0.958422
0.315151
2.000000
2.687131
0.942077
2.308907
1.529071
2.016307
5.667772
2.988378
0.608084
1.558423
1.189593
2.337914
2.789786
0.331923
0.885641
1.943535
2.000000
2.382352
1.801299
0.456454
1.518807
2.849638
1.603453
1.475091
4.030922
1.100947
1.311546
2.064100
2.424077
1.946796
1.349599
1.888129
0.730858
0.759402
1.511638
4.777183
2.350232
1.446105
1.122072
0.949377
0.532963
2.000000
1.241196
0.468493
1.896677
1.282353
2.577384
3.629366
2.327888
2.224456
0.762190
1.940500
0.361566
2.324519
2.915023
2.000000
0.899419
1.137394
0.533851
0.243031
2.000000
1.624279
2.806598
4.863764
3.355912
7.909587
0.509319
0.730489
2.347715
2.360346
1.896078
2.145967
1.032388
1.218009
4.221846
0.799491
1.685703
1.506093
1.617706
2.726251
1.037021
0.753714
1.796179
1.890513
0.995599
0.862096
2.857057
1.942775
2.551270
0.761690
2.328955
2.143159
3.875728
2.000000
1.581580
3.128415
2.000000
1.758649
1.938132
1.827109
1.228588
1.899840
5.116414
5.974306
2.706250
1.266197
3.597219
1.292355
1.742916
2.107497
1.908178
1.803472
1.140431
5.214914
0.909147
2.391372
1.151958
2.396480
4.068793
1.400661
1.731188
2.549032
1.798694
1.723982
2.000000
2.519338
0.670706
2.767158
1.924840
2.572632
2.000000
2.000000
0.940624
1.840331
3.050682
2.712375
1.636862
1.277161
4.492250
1.955159
2.303896
2.122730
0.592778
1.609938
1.784175
0.393198
0.994987
2.669245
1.104176
2.235579
0.761848
1.297536
1.198583
1.347715
2.014540
1.480401
1.299589
1.849598
3.933677
1.529640
2.048477
1.801434
2.000000
1.820115
1.977512
3.352583
1.069679
1.861217
2.397991
2.373180
3.355154
1.829893
1.897760
0.810546
0.867011
0.629241
2.100125
1.735180
2.483793
2.086417
3.175244
1.973295
2.646935
2.000000
1.015411
1.696298
2.302020
1.747805
2.508928
4.222991
3.339029
2.949033
3.450905
1.364864
1.339895
2.663089
0.847958
3.266281
1.694934
0.751584
2.038516
1.668271
1.898245
2.089873
0.821598
0.454420
1.499683
1.987870
2.226207
4.120810
0.862493
1.452485
2.206703
2.562950
1.014576
1.182766
6.093020
2.039497
1.734446
1.633174
3.348966
1.553604
0.642872
0.240203
3.041218
3.288782
4.846788
2.346107
2.391893
4.194464
2.263844
2.645506
1.253980
2.803230
0.293876
1.524358
0.656833
2.024572
2.145410
2.742125
1.744171
3.664196
0.184272
1.413812
1.900395
5.266490
2.114152
0.936556
1.542473
2.336740
2.020689
1.842125
2.342075
1.293026
1.258849
2.198835
2.000000
1.429465
2.501845
3.284122
0.625143
0.977505
1.422834
0.975768
2.569989
1.761220
2.773153
0.805331
2.238480
1.880434
4.922828
6.156557
3.641098
2.000000
4.718275
2.000000
2.354258
4.448224
2.068133
2.000000
4.525623
1.035115
2.659313
3.037209
2.279477
1.601525
1.715479
1.961271
2.019226
1.288477
2.969214
1.596502
1.377434
2.000000
2.000000
2.239661
1.656551
0.439999
2.769198
1.543137
0.550169
4.540184
1.812781
2.000000
2.852076
1.236770
3.169940
0.274360
5.300600
3.996795
2.000000
1.815114
2.254890
1.703526
2.000000
1.355995
2.341126
0.451292
1.556521
3.298813
1.705422
3.796919
3.278660
1.406929
1.017354
2.719388
2.861783
1.653648
5.081301
2.363810
0.927660
2.977111
1.069615
1.277800
1.018448
3.894277
1.672642
3.100898
2.104449
2.451800
1.835778
2.440753
2.000000
1.493200
2.199905
2.567930
2.878635
0.576757
1.418852
0.447670
0.671850
2.261431
0.763501
5.258045
0.596441
0.282927
1.078241
2.857614
0.941138
2.752151
3.391333
3.596059
2.000000
5.452974
3.158283
1.871713
2.000000
3.036575
1.256603
0.571811
1.813676
1.118732
1.714185
3.490376
3.367912
1.156395
3.788953
0.834431
2.774762
2.116263
2.565894
1.046184
3.522274
0.960727
3.018876
2.000000
3.558881
2.890278
1.441993
0.403214
2.179190
1.204434
1.375327
2.325885
0.372492
1.789150
1.923906
1.732726
4.066283
2.116239
2.186913
4.701976
3.501395
2.625794
2.000000
2.377185
1.394852
1.972318
2.495949
1.213223
2.863978
2.240966
1.990221
1.019338
0.264752
1.955151
0.608360
2.387091
1.719248
3.497921
2.294596
5.352952
1.612077
1.815192
2.074830
1.425198
2.538863
3.408433
2.000000
0.859615
1.585167
1.589881
1.597906
3.081359
0.424628
2.391322
1.098317
1.615997
2.101918
2.000000
1.726215
1.708601
2.146739
2.170646
3.586671
2.979617
2.000000
1.746349
0.589773
1.026137
0.430118
1.708555
2.494839
2.057666
3.981665
1.417635
4.575370
1.297293
1.697260
1.293998
0.458508
2.831110
1.626707
0.730193
1.057282
1.843181
5.266479
1.097183
2.906025
3.222396
1.286249
1.348075
2.715195
0.258006
1.687659
2.093571
3.043154
3.075528
1.966769
2.207618
0.635550
2.409157
2.000000
2.865498
2.636871
2.197008
2.990203
1.685426
2.000000
1.385649
0.574272
1.734040
3.453528
2.000000
2.033473
1.707945
1.416920
1.617989
2.279448
0.408233
2.997997
0.714998
3.931615
4.512327
4.156172
0.540889
3.582199
6.708552
0.471461
2.010741
2.717205
2.157751
2.172238
0.316768
1.661626
1.820408
2.167287
2.668432
1.711751
3.634402
1.128009
0.765089
1.513035
0.792538
2.374604
2.000000
2.411912
1.866338
1.957762
2.060854
1.533640
2.000000
2.187619
1.363627
3.351034
2.155366
1.222637
2.568708
0.360929
2.943335
1.150173
0.114079
1.528041
2.213685
1.970605
1.909445
1.613547
1.251335
1.508417
1.918553
0.905188
2.248360
1.220148
1.449166
0.268966
2.784105
1.730775
1.968338
1.680644
2.299266
0.645009
0.935044
1.045184
2.033487
2.762480
1.877887
2.361200
1.248320
2.832714
1.269216
1.414469
0.617067
1.313377
4.476285
1.926956
2.006093
3.397725
0.714887
2.422242
1.219938
0.946623
0.242548
0.684563
2.923265
3.200559
2.175057
2.957497
1.288436
3.409721
1.943957
2.172034
0.510869
2.000000
1.189587
3.578724
2.828755
2.091453
4.804184
1.639104
1.007195
2.323636
5.371708
1.688890
0.888825
3.380311
1.742255
1.638411
0.599257
1.995491
0.257312
2.840101
1.558746
2.277390
2.509677
2.089547
1.719279
2.699980
2.062732
2.421310
1.234889
1.781361
2.000000
0.398895
0.468095
2.270787
0.744619
1.477421
1.069086
1.676172
1.843855
3.021204
1.465925
1.899758
1.983575
3.438840
3.399640
2.175119
2.896360
2.037950
0.503734
0.813263
2.415749
2.000000
2.000000
0.709321
0.999829
2.643609
1.382653
1.438690
0.756302
0.538033
1.319538
1.909970
2.336720
1.037562
1.940223
1.953739
1.430863
2.107595
2.052325
5.333374
2.617056
3.480825
0.511421
2.908587
2.345427
2.019644
1.390180
1.375490
1.781724
1.151565
0.723654
0.556126
1.401134
0.888891
2.322112
3.192877
0.671419
4.681884
0.601710
2.105745
2.427320
0.462196
1.762634
1.864232
3.401329
1.115196
1.484795
2.030322
1.024162
2.478103
2.535882
2.483629
2.899943
1.387192
1.263342
4.830857
3.695613
1.011553
1.682407
1.784865
0.330564
4.381728
3.202996
2.604468
1.610882
2.719954
1.196637
2.105757
1.969544
1.936111
1.087427
2.000000
0.962059
3.679296
0.760480
2.523059
1.704108
1.169902
1.520760
1.527165
3.822465
2.073592
0.451354
2.215151
1.593496
0.300190
0.471221
2.080892
2.377783
2.333829
1.183553
1.629038
1.814981
3.668906
1.324677
3.142801
1.548915
1.159719
6.756622
1.257386
1.297387
1.796300
0.737207
2.121302
1.801452
2.113392
2.239612
1.161509
2.128967
3.007488
2.338634
2.894814
2.349070
2.583827
1.900336
1.273672
0.533769
2.026247
0.123206
3.132401
1.905458
1.830773
5.599672
0.816447
2.388746
3.456558
3.126390
0.582707
2.831991
2.049016
1.515184
0.975147
3.342812
2.000000
0.876609
2.412238
2.676142
1.339488
1.313604
1.449400
1.712679
2.401850
1.818104
1.388646
1.106211
1.875863
1.358588
3.534328
0.354691
1.939376
0.191801
2.183722
2.568601
1.789530
3.028188
2.058492
1.575539
1.779115
2.000000
2.299636
2.000000
0.574135
2.000000
1.197995
2.311411
2.974686
1.287629
2.558830
2.248106
0.686222
3.191132
0.665760
0.967704
0.689634
0.455540
1.377454
1.442133
2.642384
1.352728
2.788267
1.375746
1.766951
2.232841
1.582730
1.843405
2.844389
2.127547
1.958317
5.418947
3.582506
4.156600
1.969467
1.183535
2.098795
1.596003
3.016119
0.937139
0.279071
1.388517
3.566371
1.727460
1.806282
0.839742
0.923558
2.454623
2.957696
2.000000
1.113681
4.177156
3.413047
2.395115
0.125866
1.659499
2.205004
1.039364
3.028235
0.822606
1.717431
3.119483
2.039005
0.547558
2.670534
1.249701
1.390288
2.963379
2.326020
2.557215
1.774185
1.761603
3.144280
0.889644
1.660989
0.853276
2.347604
2.650732
1.043927
2.637922
2.566263
0.348684
2.205869
2.664167
1.105354
2.000000
0.400541
2.945317
1.272947
1.464855
1.807415
0.574955
2.000000
1.708465
2.743316
3.276905
2.755374
1.874563
0.533750
3.122040
1.702801
1.042256
1.174093
2.992494
1.826158
0.549083
2.578532
0.794280
1.841023
0.510303
4.394625
0.420196
1.333022
3.255452
1.688248
0.526757
1.178805
2.000000
2.768478
1.132588
4.117509
1.161475
2.452523
1.813416
2.000000
2.907452
2.300895
1.009992
3.296128
2.871153
1.866971
2.121736
3.109105
3.025486
2.079503
0.665587
1.349519
2.000000
0.837236
2.112731
1.018756
1.385818
3.577393
1.628191
1.984185
1.914877
1.395970
2.000000
1.840945
1.459253
2.537774
1.967677
0.413530
1.335135
1.827582
2.523088
1.162013
2.119524
1.724511
0.768765
0.927540
3.391521
1.718106
0.541701
0.776803
3.054206
0.768156
1.721822
1.626226
2.270356
1.400206
5.055605
2.729068
1.032040
0.475005
1.946289
2.079286
4.033336
2.000000
1.094004
1.997323
2.000000
2.069051
1.564837
0.545634
0.950527
1.440048
0.867044
1.991995
2.956410
1.437845
3.620927
1.418159
3.143435
1.956954
2.604752
1.928724
0.485977
2.546929
1.372346
2.011084
1.654339
3.331239
1.276573
2.491240
2.128185
2.846992
5.076996
2.173429
2.332038
2.633657
1.119091
0.777558
3.104904
2.000000
2.371457
2.068632
2.875655
0.639392
1.464297
1.757611
1.944700
2.805990
2.259771
0.760148
2.695122
0.264624
3.158248
1.584966
1.562474
2.204548
1.608383
2.619220
1.298851
2.592500
1.193559
3.518249
0.636542
1.131365
2.487787
1.625302
2.576311
2.592981
2.871512
4.833446
1.718027
1.875552
1.440572
1.281480
1.151405
0.802309
3.039399
2.758671
2.185677
2.000000
1.569556
1.173445
2.810198
3.132251
2.585916
1.767936
2.614954
0.654200
1.872399
5.444483
3.062203
1.455651
3.692623
2.250201
3.193801
0.746067
1.647037
3.524705
0.631118
2.474885
2.175467
3.399995
1.767039
0.357991
0.134802
3.064438
0.411497
1.479829
1.996314
2.531679
4.215873
0.828969
3.277627
2.527356
3.044270
1.580491
1.026861
2.923664
1.495122
2.000000
2.864194
2.107636
1.534545
2.179895
3.062698
2.256984
1.363082
7.844833
3.285001
4.460366
4.872110
1.870912
1.870369
1.844671
0.529394
1.824967
1.731149
1.526532
1.260228
0.723754
1.174106
2.450895
1.604770
0.914028
1.402872
0.336153
5.104761
2.846060
3.040972
1.171287
1.898142
3.195321
1.810922
2.204486
1.874179
1.235779
3.105995
1.391409
2.409019
2.642339
0.482342
1.611152
2.156717
2.937730
0.589238
3.497475
0.551474
1.340050
1.819115
1.112198
0.797831
3.876117
1.940950
0.456441
1.393546
2.295355
1.298638
1.783030
1.817230
2.850583
2.736420
4.263511
1.642039
2.519557
1.492433
1.807258
1.653313
2.512795
0.809961
2.605781
0.277380
0.405759
2.773854
2.489401
2.648736
0.211083
0.721303
3.491887
2.726744
2.249680
1.535090
2.645893
0.460674
2.504616
0.849900
2.526118
3.045739
2.471987
2.554180
2.586669
2.005208
1.661092
1.301351
2.906173
3.555184
2.023255
1.527815
1.069262
0.422792
1.662307
1.169003
1.369770
2.000000
0.518771
0.782158
1.841798
2.600718
0.941906
1.237956
2.578579
1.969552
2.688813
2.098706
1.909936
1.104032
1.139668
2.146830
0.647094
2.083669
2.484759
0.530645
2.000000
2.756054
0.276096
0.537615
0.719208
1.031844
2.150067
2.250663
3.032120
1.228386
3.419718
0.624708
2.408828
3.527282
0.917299
2.232314
2.000000
2.056152
1.161504
2.687495
3.371294
2.203536
0.458797
1.846273
2.237099
3.517334
1.004127
5.743976
1.425411
1.018797
2.605598
1.725912
0.511152
0.415947
1.006656
5.026740
3.182282
3.407476
2.000000
0.352366
1.715500
2.000000
2.143752
1.612227
0.619594
2.213307
2.000000
3.102800
2.000000
1.374249
2.000000
0.847148
0.277907
0.386209
1.134931
1.023290
2.108535
0.952919
2.913132
1.424920
4.095395
1.060670
5.380316
2.499906
1.365453
2.745297
0.725896
2.483827
2.990185
2.000000
3.396860
0.897184
1.296859
3.429491
1.482623
3.540250
0.522138
1.821314
3.983099
0.282015
0.672739
1.352811
0.451394
0.657723
2.515212
2.000000
1.151734
1.704007
1.327907
1.588492
1.102250
2.662984
2.846236
1.828717
1.922582
1.722329
0.846027
0.753191
2.232507
3.097740
2.578261
3.296399
2.282467
1.903790
3.808969
2.176417
2.000000
1.443073
0.857045
1.354275
0.729833
1.573956
0.653154
2.437869
1.789176
1.703897
1.804656
1.793941
0.510968
0.469611
1.547994
2.574738
0.717627
4.516755
2.344995
1.877189
5.548761
2.000000
1.467293
0.288050
3.499691
0.643592
2.000000
0.936265
1.166540
2.398586
3.894341
1.693305
3.451828
1.234467
1.815823
1.284379
1.599363
2.706106
3.253865
0.985755
2.904230
2.899699
2.000000
1.825907
2.890911
2.366307
0.842096
1.496735
0.829823
1.027611
1.939532
2.625331
1.298470
1.296229
4.516695
0.649658
1.519759
2.472004
1.063672
3.183094
2.855230
1.964407
2.208831
2.031902
2.320067
2.504928
3.854504
1.598928
1.468901
1.929025
1.726675
3.820295
2.478981
3.354565
0.861620
1.925590
2.718013
2.546780
1.954025
2.068355
1.863023
0.980757
2.000000
1.474894
5.366091
3.367638
1.443127
4.700919
1.747521
0.924833
2.688065
1.995981
0.572237
2.314131
2.000000
1.032360
1.079501
1.053506
2.984158
2.464168
0.523612
1.112460
2.473026
0.980704
2.036673
3.632220
1.018559
1.268574
0.661464
2.019920
2.000000
1.144815
3.483037
1.292048
1.460967
2.460708
1.292384
2.000000
2.125973
6.496115
1.699872
1.129732
1.847470
1.472628
1.015614
3.922640
2.000000
5.437857
2.167295
4.028318
0.480524
3.857864
0.789307
1.212570
1.775408
3.506112
0.598305
2.000000
2.334844
0.801344
3.147464
1.933663
1.793115
2.780953
1.548747
3.092698
0.727613
2.248739
2.774935
2.189986
1.315256
2.736319
3.609331
3.709522
0.484889
2.641838
6.074747
3.433758
1.666276
2.763699
0.966927
2.945629
1.304694
2.079666
3.050928
2.047236
3.828730
2.112893
1.117017
1.305524
1.087589
1.470914
0.994595
3.294265
3.731491
4.498017
1.555282
1.662649
2.224389
2.213004
0.476664
3.293324
0.924967
1.341026
0.360288
1.171073
4.959211
1.696346
1.883203
1.451816
2.141735
3.738542
2.381424
0.222392
2.817766
1.762655
1.404841
0.854900
0.624112
2.000000
1.691641
0.481952
0.692285
2.127650
3.630657
5.040690
2.250019
2.584179
0.502510
1.393589
3.715723
0.748374
1.106635
2.385448
0.370676
3.248155
4.033459
2.020125
0.325724
0.295226
1.838055
1.469497
2.394085
1.915625
0.948033
6.124441
1.766607
2.374713
0.701858
3.240412
1.262655
2.830844
3.823156
1.224767
0.422695
0.476609
0.735048
0.480180
2.789341
1.671520
3.130858
1.938945
1.361113
1.942630
1.517331
4.500486
2.061844
2.095351
2.254911
3.775883
0.692485
1.997544
1.870482
3.175661
2.012714
2.083585
0.915773
2.000000
1.188310
1.286470
3.587820
1.903618
0.384560
3.131825
1.626913
1.753520
2.391979
2.015402
1.835517
2.347936
2.000000
1.777305
2.110492
2.129413
2.560285
3.708421
0.471358
1.226745
2.104655
1.467226
1.328757
0.967906
2.028375
0.693874
2.737929
2.717962
2.585228
2.509508
1.213738
2.111812
2.051014
1.164680
1.494151
2.403670
0.727993
0.707985
1.903682
1.945923
4.468930
3.020698
2.107089
2.695333
3.350281
2.009728
2.948281
2.110081
1.450436
2.851145
3.886346
2.000000
1.232383
2.558068
2.203406
4.888893
2.254367
1.222209
0.898767
2.090998
0.962106
1.614442
1.832980
2.354536
1.893687
4.466597
1.209529
0.832345
1.969879
3.114759
3.268647
1.532907
2.420386
1.352250
3.672787
1.515216
3.738867
6.409032
2.220305
1.591626
1.902507
0.363295
0.179968
3.126097
2.970915
1.871067
0.714991
0.804422
1.007168
0.620727
0.865845
1.955768
2.254749
2.890816
2.343505
2.344235
0.929092
1.793707
3.779795
4.532743
0.321804
0.597017
0.986982
0.546529
0.920357
1.818605
1.550172
1.136281
2.687447
2.070194
0.659195
2.715285
6.240111
2.296486
2.484060
1.603884
2.650259
1.073329
3.591485
4.677016
2.236217
1.690840
1.882444
1.713359
2.336927
0.832867
1.898359
2.129220
2.000000
0.967331
1.491723
2.000000
2.507299
2.135702
2.201188
1.274648
1.234651
0.932275
3.047671
1.299416
0.550148
3.434374
1.388236
1.733803
2.000000
3.098844
1.428175
1.957868
1.572789
0.837032
2.687032
2.142677
1.752719
2.856979
0.791919
2.563667
2.548858
1.469724
2.601631
0.708767
2.037674
2.459829
2.333726
1.686422
1.709874
0.477498
2.140506
2.000000
2.292672
3.474157
5.816060
1.659851
1.775513
0.633662
1.724679
1.827400
0.845059
2.749452
1.013139
0.591089
0.654567
2.586143
0.786208
1.188616
1.596339
0.928598
3.243765
3.099683
0.640455
4.726740
2.000000
0.632409
2.066961
3.567873
1.512196
1.286129
1.830482
1.002366
1.006695
1.364097
0.780910
3.579319
0.703447
1.795231
3.445573
4.712390
1.217339
2.144468
1.751553
2.166632
0.715591
2.516804
1.872055
0.513032
1.328745
1.722032
5.445927
0.632779
2.547826
2.159231
1.541353
1.456783
2.000000
3.319897
2.410100
1.895290
0.362653
0.703420
2.434612
0.929569
1.789409
2.219470
1.839001
0.271801
1.410067
3.517405
1.899577
1.230948
1.054673
1.236374
1.751016
2.245597
2.757934
2.914215
2.387376
4.204233
1.483050
0.772243
0.654162
3.494916
0.448182
0.392941
1.374199
1.288804
0.238728
3.823068
0.513640
2.473628
1.282429
1.386326
2.519496
2.000000
0.915260
0.705890
1.568448
0.539825
1.247679
2.430519
3.080728
1.098110
1.664520
1.521365
3.110664
2.867332
1.604337
1.243282
1.558239
2.187152
1.887358
1.299321
2.419835
3.473593
3.231717
1.289768
1.677294
1.587314
2.393622
1.928421
2.000000
2.356057
2.707622
2.000000
2.227891
0.939001
1.600473
1.595914
1.086192
0.282285
1.917358
0.381108
1.558241
3.866682
1.389252
1.106370
1.556340
3.909712
3.296986
1.308585
3.846367
1.469287
0.670931
2.000000
1.930019
1.782501
1.560910
1.829903
0.857500
2.495023
2.000000
1.523932
1.902886
1.545423
2.477619
2.474293
2.838562
2.886146
1.489480
0.247885
2.713753
1.923792
1.537038
1.324553
0.860655
1.437275
3.928199
2.448774
0.967352
0.706716
1.630003
1.149533
2.496562
3.240567
1.564872
4.613634
2.596378
5.184568
1.798991
2.252232
2.000000
1.391896
2.787447
3.491421
1.310601
1.692429
2.043802
2.000000
1.450752
1.577758
2.233067
2.011513
2.000000
0.789653
3.205049
0.476575
2.889870
4.548434
1.072821
1.172461
1.323803
1.817749
1.223644
2.000000
2.619112
0.487532
2.393137
2.000000
0.568121
3.092336
1.083191
2.019149
2.257982
1.069080
2.483973
1.002976
1.530324
1.806834
1.723139
0.926855
2.689301
3.291731
0.997011
7.132169
4.081897
3.136323
1.971005
1.734839
1.659319
1.007456
1.704889
0.776151
3.108875
0.825977
1.660260
1.949502
2.000000
2.000000
2.640089
1.359007
2.809395
3.279474
2.144052
1.962587
1.061791
2.967425
2.198948
1.289433
3.618998
0.556335
1.324407
2.166980
1.577920
1.321098
2.951290
2.737540
1.764392
0.783725
2.215859
1.884566
1.728616
1.465828
1.952536
1.772473
1.990878
1.880880
1.604061
2.644855
1.098972
3.805439
2.195601
3.371382
2.017369
0.584825
2.913922
2.138102
2.000000
3.267591
1.933956
2.000000
1.362707
2.730290
1.257918
3.896682
2.000000
1.093527
1.282615
2.011152
1.271728
0.667452
0.635156
2.846653
1.441806
0.326289
2.470797
1.383079
1.572507
2.092267
3.034326
1.195613
2.084274
2.000000
0.489644
3.070816
0.665491
0.686525
0.952933
1.195544
1.405969
1.888915
1.094186
1.701964
2.155886
2.273414
0.530882
2.032984
2.000000
2.318898
2.699681
1.632212
2.410718
2.537158
1.094018
1.556908
1.234512
1.816372
2.478744
1.075009
1.471592
1.754496
1.457525
0.873325
1.612820
2.113524
1.454595
0.442811
4.684944
2.585044
1.736729
3.044349
3.414870
2.089918
1.524317
4.562942
1.995968
3.201888
2.731211
1.187215
3.838512
3.442129
1.408516
1.710444
0.492177
0.546973
0.951656
1.405751
2.077928
0.850055
1.454259
1.170179
1.156659
1.005093
2.834317
1.706833
2.209379
2.244663
3.621243
2.310259
1.907743
2.202440
2.667322
2.049537
1.505013
2.963843
0.983876
1.093640
1.955891
1.000375
4.074287
2.312661
1.021644
2.491440
1.639533
2.635613
1.420769
1.678436
2.000000
1.726349
3.256132
0.811077
1.587855
5.974573
2.392750
2.065388
0.334182
2.000000
2.593099
2.522317
2.000000
1.074369
2.660380
1.652519
0.959438
2.285097
4.949449
3.869515
2.163332
2.829290
0.312278
0.581617
2.818918
3.088660
2.213541
2.000000
2.672888
1.732151
0.965622
1.547346
4.927057
4.825444
2.566063
3.584151
1.072810
2.124995
1.253037
2.124267
1.105191
2.930094
2.000000
3.299398
2.528462
0.374002
2.002439
3.164625
0.612871
4.117924
2.459054
2.283426
1.509260
3.169661
2.536312
2.008420
1.854628
3.324926
0.458576
4.395696
2.316265
2.074321
1.668864
1.172511
0.873151
0.619890
1.681505
1.784508
1.184700
2.000000
0.994864
0.902055
1.112065
2.752281
4.216035
2.951270
0.772183
2.318019
1.691188
2.037411
0.376028
1.490696
4.075014
3.435738
4.405518
1.832438
2.911521
2.244000
0.979547
1.733698
1.297018
2.777681
0.765085
2.668741
3.778278
0.678916
1.851861
2.024767
2.955837
0.938196
2.844800
1.764211
1.395536
0.639863
1.226735
1.738737
2.949667
0.433831
1.833560
1.878969
2.000000
1.739922
1.413478
1.892864
0.925971
1.364299
2.439329
2.449954
1.182880
3.603822
0.921754
1.486306
1.595930
2.000000
4.125316
2.331720
2.318087
1.502387
2.411238
2.807077
2.755369
1.631567
3.610956
2.009301
2.071390
2.911146
2.907644
2.091248
2.000000
2.024340
5.531135
2.345648
2.021180
0.827628
2.141018
2.391289
0.725234
2.336763
1.624098
5.280588
1.024837
2.191791
4.085573
3.210361
4.602519
1.798455
0.454768
2.000000
1.623959
0.493505
2.408636
0.212672
2.840381
2.222676
0.937874
5.255986
3.502249
0.966509
0.868398
1.437958
0.213805
3.100185
1.395992
1.911534
2.352412
2.000000
2.402182
1.489403
0.303769
0.833247
0.504380
3.235579
2.093653
1.625385
2.590806
2.289371
0.858286
0.388793
3.254548
2.876801
0.788741
4.496637
0.471808
3.317018
1.361089
2.091216
1.124245
0.606647
0.143434
0.351796
3.042170
1.625021
1.516834
1.539376
1.583356
2.162502
1.760472
2.246612
2.588011
2.083913
0.184227
1.669175
1.822378
1.363986
0.611831
2.030993
1.266986
2.309225
0.623626
3.452618
1.983891
3.259990
2.502497
0.900781
1.549778
2.000000
1.561955
1.777879
3.455315
1.263951
1.172885
2.000752
0.939631
0.793833
2.782518
1.376632
0.771743
1.534908
1.761399
1.430496
1.961513
1.152255
3.314064
1.581440
1.308114
0.863988
0.984573
5.612506
1.764540
1.125748
0.941723
1.562292
1.219415
2.808357
1.347977
1.332893
1.953684
2.000000
1.982551
2.000000
1.384339
3.147178
3.549334
1.060938
1.507749
0.915787
6.801231
2.695346
1.308201
1.370413
2.080257
2.986495
1.204286
2.483899
1.911319
1.842357
1.558621
2.188524
1.420856
1.415301
2.073025
1.910568
1.271129
1.708163
0.969001
2.324378
0.646554
0.149279
0.185578
0.740692
2.000000
2.601719
2.286931
1.626641
1.829343
0.704465
5.162863
3.170727
4.213768
1.565398
1.503927
2.026608
1.823152
4.777208
1.969749
1.627526
2.065665
0.599395
1.591030
2.898155
1.544384
2.105597
1.188887
0.361512
1.127079
2.080133
2.119878
2.361899
1.350978
1.612383
3.423276
1.237150
2.510672
0.824776
2.639309
1.184683
1.457110
0.808569
2.898869
1.176856
1.965261
1.241572
2.000000
3.704498
1.884427
2.169719
0.714151
1.491251
1.822017
1.266857
0.997821
2.000000
1.981916
1.521415
2.682297
4.813161
2.713139
0.937871
0.945688
1.267935
1.408415
0.824067
2.547662
1.485602
2.607037
2.030843
0.934272
1.878910
1.267739
1.305877
1.436507
0.856011
2.287763
1.579355
2.671249
2.842757
3.008498
1.920324
1.389174
2.035200
3.754417
1.599844
0.597225
1.797759
0.431527
3.815430
1.267153
1.994424
2.568658
1.850802
2.750472
2.628500
2.300966
2.647638
2.418464
2.010234
2.309224
1.726721
2.319859
1.779739
1.168455
1.874612
3.277829
1.685469
2.280377
1.191544
1.500632
0.707257
1.434904
2.000000
3.867958
2.002295
1.619135
2.579751
2.846398
1.178489
1.719804
4.159622
1.355828
0.831564
0.671060
2.029124
1.907412
0.478382
3.041145
2.976684
3.756430
1.312438
1.534019
2.414851
3.301110
1.013336
3.686439
1.578010
1.232886
2.338662
0.920257
1.958840
1.922171
2.000000
1.237353
2.133859
0.749387
1.426172
1.668695
3.879680
1.386184
0.600036
0.305997
0.301150
1.756988
2.769003
2.670381
1.409690
1.000678
1.942903
0.833960
1.659529
5.427938
0.546965
2.491588
1.239948
1.599019
1.119279
1.552888
2.510868
1.853437
1.934832
1.572029
1.059351
0.871641
2.000000
1.985021
1.319824
2.727162
2.948063
0.721943
4.292046
2.000000
0.381264
1.075506
1.973320
1.088547
1.008118
2.069757
0.599912
0.599704
3.095757
0.541090
1.583614
0.314857
0.855018
1.588387
1.421197
1.863553
1.464033
0.698233
0.478098
0.731930
0.603309
2.180025
1.957256
0.954598
0.843455
1.537095
1.292103
3.440163
2.780358
0.479447
2.264314
1.348730
1.761252
1.566407
3.595898
3.278157
4.552485
3.039096
1.299715
4.283785
1.439849
1.297917
0.960863
1.975909
1.457153
0.168959
2.000000
3.422825
2.407430
4.644114
1.720146
2.000000
0.765977
2.636823
2.077848
2.299741
1.828216
1.776104
2.035086
1.782456
0.915993
1.445304
1.630780
0.566051
0.802640
1.556202
3.193816
3.433621
3.338710
2.191207
2.000000
0.877174
1.245843
1.015685
0.602681
1.507616
1.657791
1.842148
1.655980
0.154853
1.256989
1.957510
1.065730
3.253521
2.507029
2.245100
2.740262
3.016998
1.285869
0.850468
3.279771
1.251309
1.985451
2.795822
0.616940
2.893879
1.327712
2.262965
0.566343
1.368755
2.365113
2.124104
0.914672
0.849372
0.497459
1.728696
2.501254
2.000000
3.120811
2.362561
4.732398
1.979480
2.031201
1.792336
4.469558
1.554010
0.581634
1.247078
1.957466
4.800426
0.700415
1.666653
2.137387
0.719344
1.408860
2.054062
1.593708
1.315467
1.752499
1.744889
2.910691
0.350228
2.426261
2.777225
2.569238
0.530912
2.502402
2.589963
2.261519
1.242101
2.571124
3.619829
1.291200
1.251990
1.418462
1.296829
4.932581
1.085676
2.220263
3.492898
1.643117
1.458604
1.025668
1.606718
3.084152
2.018868
1.603101
0.390397
1.273106
3.383021
0.672170
0.740908
1.295702
3.950876
2.634314
2.078679
0.382481
1.725610
1.835117
0.650727
1.453798
2.570142
0.643251
0.503873
3.902355
2.518315
2.422955
2.000000
5.029114
2.608782
1.021355
2.233593
1.953113
2.212746
2.507489
4.616511
0.970557
2.000000
2.626797
2.575153
0.417627
0.340459
0.830547
1.482994
1.151009
2.856496
3.385795
2.279548
0.713764
0.659782
3.208894
3.074631
1.870802
2.337336
1.388543
4.330110
0.516927
1.343940
2.800027
0.732759
1.204257
1.710447
1.105633
6.425051
5.128790
1.606735
1.705790
1.682908
1.742801
1.803629
0.672824
0.893524
1.390687
3.237202
1.822892
1.029732
1.874034
2.000000
0.577794
0.327790
1.693569
0.942327
2.173619
2.783672
2.376111
2.000000
1.705464
1.456993
1.714463
1.718785
3.680275
2.703393
1.364207
2.134223
1.436299
1.669943
1.720621
2.054043
1.571965
5.415339
2.431190
2.313331
2.214718
2.587329
1.858689
2.223636
2.613156
2.000000
1.129085
2.070307
2.478748
1.936575
3.203501
0.297559
1.257147
2.311634
2.826269
4.665692
1.313007
2.000000
0.533635
2.745022
3.463372
1.758536
2.626649
1.612697
3.406678
0.627117
1.044271
1.369101
1.823383
3.111745
1.841743
7.056098
2.639858
0.304691
2.901275
1.052350
1.363051
1.667400
1.215768
1.209057
1.354957
1.745663
1.641273
2.580305
2.616619
1.946046
3.812744
2.000000
2.799574
0.815973
1.666510
0.847471
3.202491
0.821478
0.178524
1.819062
1.798849
1.771486
2.344293
2.351387
1.482027
0.174388
1.088163
3.074428
1.779862
2.167623
2.755106
1.734106
2.637368
0.699073
1.021316
2.629659
2.099023
2.597240
3.553964
4.927694
2.353679
3.204855
3.162424
1.618579
0.937812
3.599582
2.321399
1.352312
2.988463
1.378178
1.377224
4.065172
0.449396
2.291015
1.816396
3.073093
2.000000
1.224555
2.791968
1.621745
2.261327
1.133862
1.747581
2.088776
0.493109
0.794329
2.798205
2.003138
3.352211
2.377908
2.706165
2.000000
0.603432
0.874786
0.545528
2.776976
1.115166
5.023065
2.423086
0.552328
1.011323
3.740586
0.699523
2.450511
2.318158
1.173541
5.185394
1.749293
1.694530
2.223049
0.759994
1.371369
3.101458
1.300915
2.432210
2.050797
1.566293
2.723504
3.158510
2.699912
1.870841
0.473435
3.911928
4.546044
2.000000
0.620306
0.475685
2.961947
1.728543
2.064641
2.409845
1.013454
2.000000
1.144936
1.781147
1.113654
0.494138
3.198555
2.484792
1.802916
1.899181
0.748147
1.181205
0.986697
1.690711
2.121766
2.623978
3.267993
1.857121
1.016420
2.016065
0.729637
0.929427
3.090093
1.302826
2.000000
0.984924
2.877039
4.949767
4.956612
1.803843
1.979449
2.201281
1.287580
4.071058
2.004914
3.177452
1.835810
0.980746
0.852379
1.181857
1.608428
0.684164
4.600613
2.918740
1.713745
4.399652
0.513952
1.937675
0.993552
1.923186
1.957256
1.329761
1.942767
2.001108
4.423367
2.769389
2.018195
0.700596
2.437276
1.070601
3.768751
1.588207
0.706286
0.898642
3.335248
1.121000
2.174134
2.543463
0.400049
1.535820
1.499133
1.564301
2.283900
2.061918
1.423405
1.628363
2.000000
2.397171
3.114445
1.723747
2.621385
1.355462
3.352705
1.503704
0.926238
2.888399
0.749085
2.000000
2.272543
2.006245
3.433547
1.987628
3.567896
1.706833
2.429940
4.260743
2.297943
3.098523
1.021161
2.432440
2.128001
4.609625
1.389951
0.989328
1.861600
1.448113
4.109235
2.126226
4.530551
0.646999
2.557952
1.813377
1.685996
2.695290
1.440393
5.415490
0.589572
0.460892
1.920027
1.291859
0.358975
1.226058
1.305247
0.538687
0.630117
1.743240
3.856226
0.559028
0.671055
1.166737
1.981493
2.402588
2.216222
3.099299
1.203921
4.721508
2.203266
2.149171
1.226846
2.051232
0.548690
2.037614
0.471741
3.257960
3.147897
3.269666
0.956446
0.883359
0.902218
2.410060
3.692258
0.647694
2.642612
2.000000
1.569729
2.315632
1.445635
1.126012
1.096821
2.557316
3.624318
1.895859
2.258826
2.145869
0.723090
0.676164
1.069798
2.000000
2.363333
2.000000
1.388701
1.830586
1.262633
1.478485
0.527134
1.869272
1.735047
1.636805
0.901687
2.146354
2.980758
2.748661
1.876019
3.522501
1.295886
0.449221
1.703469
3.603223
1.891466
1.587631
2.000000
1.723424
1.882359
1.722495
3.751289
3.345935
1.719235
0.273711
2.865664
1.265420
1.735403
1.685039
0.484628
1.035410
1.555603
1.756367
2.701684
2.136357
1.937223
1.869213
0.786833
2.253007
1.067962
1.329296
0.560442
0.618334
1.206351
1.418436
3.661121
1.633966
2.000000
1.577521
1.254220
1.158431
0.847581
1.367932
2.403094
2.900844
1.886562
1.812328
3.500705
1.562974
4.159452
0.871281
0.593633
4.018449
2.000000
2.568048
1.206671
2.396801
0.648378
1.733746
5.826178
1.086287
2.052772
1.174717
0.901854
3.350640
3.429767
1.968806
1.224832
2.483120
2.544040
1.646387
0.938485
1.625010
0.337333
1.521449
2.008731
0.434962
0.473422
1.749423
0.842314
3.843494
1.154809
0.370536
2.000000
2.186991
0.522852
0.889046
0.480478
1.402787
2.038698
1.998656
3.355829
2.375091
3.194538
1.423731
1.016690
2.000000
1.515914
3.295909
2.014299
3.412668
3.092150
1.627138
0.838410
1.789081
0.766493
1.482703
1.872046
4.667528
0.280788
2.083094
1.773824
2.000000
3.674719
2.314968
3.064193
0.775778
2.719753
1.469262
1.761109
1.764358
3.201254
1.699871
3.182833
1.512980
1.598442
1.973885
3.365906
0.808440
2.438369
1.847074
0.571062
2.327190
3.816056
2.050353
3.798193
3.088187
0.753932
1.819117
2.333041
2.218340
1.313168
3.604166
2.259886
0.763809
1.338465
1.666826
3.769501
2.118613
1.046459
1.545437
1.309731
2.062507
1.756804
1.761311
0.640881
1.601992
0.844555
0.989905
0.966172
3.378640
1.531986
3.637893
0.950000
0.625588
1.669981
4.253693
1.274137
2.106748
1.575036
2.606918
2.190591
0.322228
2.584716
2.000000
0.472598
1.976118
1.075543
2.752771
2.476558
1.083235
0.736990
2.000000
0.897216
1.679914
1.290301
0.312879
1.801860
1.218799
0.597122
0.704694
2.850924
0.485937
1.872054
1.877356
3.298676
0.813922
1.919905
1.648056
3.017467
0.765729
3.436654
2.000000
1.979522
1.246204
2.185516
1.661609
1.549771
2.054136
1.433407
1.384670
2.425533
3.036462
1.260177
2.412490
1.754252
2.273012
1.000207
0.472825
0.487127
1.110519
1.818288
0.765754
0.789469
1.968439
0.583825
1.932459
2.056324
2.727082
2.470048
1.627538
1.939908
1.130998
2.819578
2.550745
0.479233
1.788284
1.388595
1.820949
2.349504
3.011689
2.062534
3.592504
1.249048
1.940612
4.643766
2.443644
5.061298
0.428909
1.670631
1.409420
0.567824
4.586660
1.737965
1.013810
2.685738
2.083731
2.242299
3.326963
2.337283
1.710160
0.685526
2.000000
1.777115
2.776890
0.524112
1.999336
1.855618
1.081710
2.734381
2.952295
4.567746
2.171388
3.039167
0.962682
1.248586
4.918110
0.386562
2.304557
1.293471
2.284590
3.279855
2.276963
1.606267
5.042356
3.157514
1.813510
1.669797
0.994765
2.535097
2.757377
2.000000
1.879563
2.000000
1.461363
1.575344
0.945215
0.524044
0.477539
1.374774
2.000000
1.908262
1.315617
1.716721
2.073255
2.000000
2.424474
1.520315
1.951656
1.542266
1.846422
2.085692
1.869851
2.478524
1.828432
1.344903
1.721886
1.448609
3.295442
2.000000
1.226858
2.148448
1.194581
1.728130
0.260436
4.359986
4.751334
1.793147
3.800470
3.510003
0.133910
2.000000
1.715736
1.689633
2.074649
0.585342
1.594313
5.076757
1.070309
1.029889
3.581487
1.746440
2.567008
3.355454
1.067037
1.657881
2.000000
1.928205
0.662049
1.911947
1.276527
1.974128
2.000000
3.934254
2.448442
1.246676
3.081186
1.734162
1.401664
1.953802
2.482223
1.742419
2.211032
1.097253
2.277665
1.445065
2.436376
1.246681
1.536362
1.900016
4.756732
1.037375
2.443896
0.602711
1.882369
2.000000
2.056842
2.000000
3.320144
2.000000
2.216040
1.058411
1.313434
1.465858
5.349071
1.331420
2.504600
1.079969
0.854981
1.362983
0.577398
3.545325
1.672372
1.358143
2.041984
1.036577
2.603766
4.149918
0.699856
2.409473
1.957731
3.288863
2.099305
2.632272
1.058037
2.880308
2.793393
0.686833
3.102119
1.777829
2.224982
3.021320
1.076962
1.520996
1.717838
0.700798
1.210137
1.147176
1.803348
2.916550
3.383374
2.139208
2.720173
2.603491
1.716382
1.264045
2.087848
1.787270
2.352513
2.787841
1.538660
5.384300
2.314012
1.204179
2.723892
0.754908
4.179587
1.804784
1.740119
2.000000
1.226069
2.367617
3.111333
1.087076
1.449172
2.399579
2.158624
8.174767
0.508124
4.093870
0.711134
2.421928
1.521082
2.112744
2.000000
2.000000
2.639945
0.656896
1.231653
2.814020
3.377345
1.595860
1.794815
2.448656
1.543983
1.336748
1.044940
2.538222
0.188034
2.314896
2.000000
0.373949
1.008997
2.094373
1.540055
1.819292
2.000000
1.866621
2.615755
0.782195
5.024412
2.346746
2.088465
1.272115
4.431949
4.912303
1.599738
2.000000
2.151587
2.000000
3.102899
1.141096
1.454380
1.848476
0.957506
2.290866
3.129637
0.842977
4.078992
1.758319
1.690919
2.411138
1.138131
1.337319
1.696896
0.673986
1.959329
2.760248
4.937009
2.483244
1.449897
2.124229
0.461530
3.846066
1.044817
1.074081
1.206040
2.342108
2.740249
0.461767
1.051076
0.290777
1.841305
4.229095
0.700860
0.578571
5.137218
2.156680
1.730656
3.642904
1.009206
2.498516
1.212835
1.651163
1.168632
2.729765
2.000000
2.107426
4.403341
2.882890
0.632796
2.192719
0.506931
2.000000
1.368492
1.319116
1.936580
3.203768
2.000000
0.814927
1.693635
1.307454
1.898533
3.148209
2.000000
1.201308
1.871410
2.595914
2.000000
0.693928
1.387325
0.391953
2.694607
1.841239
3.037050
2.213819
3.099868
2.000000
3.258399
2.097949
2.597073
1.748097
3.413687
1.992273
2.518735
1.814279
2.761863
2.000000
2.077289
2.985326
1.715188
0.457085
3.260107
2.000000
1.208770
1.594325
2.000000
3.394289
2.221071
0.735056
1.792956
3.347589
0.616392
2.568120
3.954861
2.842353
0.402867
2.112699
2.308490
0.966947
3.340178
2.100367
1.505495
1.506349
0.780546
5.789238
1.809075
0.957382
2.000000
3.199110
1.054056
1.466474
3.376809
1.928813
2.412117
0.281565
3.769680
1.276409
1.019144
1.741367
1.224268
0.518080
2.132031
2.896390
0.970759
1.441460
1.833737
0.571437
1.683989
1.427411
1.411851
1.983684
1.563462
2.427847
4.559492
2.522243
2.527291
0.445045
3.031689
0.858520
2.264259
1.369362
3.518158
3.732597
1.895876
1.180658
0.843536
1.824914
1.609420
1.823462
1.523893
1.746346
3.019284
1.880375
2.000000
1.504824
1.214717
1.686974
2.562803
2.260992
1.479432
1.064255
1.104796
1.820270
1.335155
2.622379
1.705832
1.239012
2.000000
1.593866
2.000000
2.000000
1.985359
1.690162
0.754374
1.945557
1.362335
2.000000
1.971462
4.026999
3.237535
3.023015
4.380727
2.176730
1.558477
1.826983
1.871965
2.211152
1.884903
1.771283
2.147328
0.879182
0.599539
0.710302
2.025258
5.950253
0.854313
1.184588
0.710644
1.031001
5.223779
1.878804
4.364120
1.185421
2.459584
2.000000
1.545047
1.266517
2.448520
2.616794
2.051059
2.370078
2.000000
2.902352
2.956970
2.086681
1.178654
1.124383
1.191656
2.000000
0.651641
1.734294
2.260803
2.271230
2.272930
1.877203
2.065192
1.973291
0.586210
2.727460
1.897932
0.597041
1.576472
1.082096
1.074908
6.333611
2.566525
2.130510
4.537713
2.626272
2.686414
0.793682
2.833572
5.605068
1.474439
3.560079
2.000000
0.144900
1.503524
1.311267
0.735366
0.773586
0.927459
4.585061
1.581162
2.917927
1.491865
1.293483
1.081213
1.963835
1.640426
0.698201
3.432876
1.729648
1.383743
3.631073
4.197937
1.338177
3.623557
1.843141
0.833975
1.536196
1.493990
1.805792
2.054297
2.942544
1.560967
2.519083
1.390518
3.293206
3.025694
1.628708
1.653796
0.649792
1.126226
1.642867
1.640620
3.705901
0.817610
0.827287
0.800388
3.082341
2.040194
2.977936
2.745011
3.059651
0.610243
3.796784
1.852215
1.597668
2.224656
0.536008
0.541628
0.557365
0.644832
2.466655
2.356464
1.994533
1.136418
1.979180
0.487442
2.093615
2.000000
0.655537
2.319599
1.819572
1.996617
1.968686
1.348537
1.756670
1.694782
4.034277
2.897723
0.681747
0.377209
1.527512
1.348165
1.240589
0.665707
1.401704
2.000000
1.242763
4.998102
1.776836
3.555691
2.632414
2.802609
1.528073
0.492532
1.967840
4.521189
1.908464
2.811960
2.850693
2.356365
2.564647
1.340746
0.751848
1.881542
2.983422
2.814434
2.000000
2.166270
2.737462
1.827010
3.353241
1.277495
1.646980
5.316952
2.958634
1.742234
2.888648
2.144754
1.745581
1.994523
1.348255
1.695611
1.958381
0.870684
1.170954
2.248922
1.673004
2.012611
2.549324
1.890961
3.904567
1.760029
1.690264
1.908169
1.806899
2.144700
1.315866
1.146018
1.547344
1.721691
2.262240
1.331979
2.155843
2.205786
2.612014
3.389621
2.940565
0.316008
2.508824
1.627607
1.430122
0.350555
1.883427
2.600689
2.948749
1.434548
5.486475
1.619465
3.004301
3.952090
0.900754
3.811817
1.680050
0.911357
2.811352
2.861628
1.881414
1.907019
0.307009
2.011740
2.000000
1.109302
0.729081
2.216505
2.525004
0.415869
2.000000
0.384455
2.602730
2.985959
2.091345
4.321196
1.388077
2.452148
3.145659
1.049545
1.248711
3.110368
3.132025
1.732811
2.803701
1.214375
2.000000
0.712599
4.285606
2.486693
1.940186
1.525269
1.704856
1.865681
1.023980
1.203335
0.809349
3.308712
0.548360
1.961448
2.000000
0.628614
1.317219
2.677400
2.009541
2.499200
3.485471
2.534315
0.467311
2.315623
1.453360
1.448108
1.679017
1.536695
2.239107
0.740198
1.613123
3.201070
3.318438
4.387573
0.366765
2.000000
1.691042
0.822782
1.234877
2.151169
2.232509
1.327379
1.901253
0.997174
2.588666
3.167879
1.066669
2.090761
2.635282
2.217098
0.614007
1.251698
0.824107
2.504719
0.197090
0.646571
0.478641
0.768377
0.321010
2.000985
0.756161
1.990261
1.311298
0.625482
0.734887
1.729931
1.298817
2.152879
3.202397
4.112429
0.395092
0.740308
5.793196
2.803112
2.062436
5.103140
1.489178
1.153466
1.519648
1.515660
3.767812
0.319975
2.600399
1.341379
2.068825
1.217398
0.641991
3.346906
2.000000
3.914462
3.269309
4.206150
0.762368
2.102541
1.132684
0.882321
3.789836
0.897976
2.460665
2.485681
2.548797
0.258661
1.248755
1.643823
1.502027
1.807402
1.378319
1.300389
2.561341
1.405948
1.237421
1.795421
0.460950
3.361775
2.182619
6.002640
2.532088
1.684398
2.827120
1.476594
0.913746
1.366021
2.513540
0.865993
2.255482
2.601149
1.718515
1.203108
3.445904
2.000000
2.214112
0.375531
5.188521
0.835648
1.313849
2.862220
0.634196
1.738753
2.072886
2.423965
0.601462
0.980209
0.639343
0.899487
0.185305
3.453897
2.253500
2.795349
2.181709
1.537737
3.527928
1.748173
2.432061
3.166689
2.422382
2.382854
1.882003
2.092884
0.671885
1.708638
3.536300
2.000000
2.225619
1.520113
4.648189
0.925272
3.368505
2.563940
1.997592
4.847433
2.067715
3.787749
1.754143
5.693744
0.636731
4.470407
2.080413
0.598906
0.453190
2.268397
0.771001
1.516840
0.768509
0.835171
2.505532
2.027015
1.016848
1.907919
3.234816
1.724262
3.027231
2.055916
2.385603
1.017810
1.442469
2.735825
0.449430
0.615028
1.817196
3.526215
1.314415
1.922410
0.657005
0.339901
0.705027
0.188704
2.301817
1.853023
1.845837
1.099079
0.610225
2.000000
1.960694
0.217292
1.281093
0.759249
2.565009
1.825421
2.520999
1.157382
1.859396
5.450375
2.314532
2.439050
0.704517
2.105036
2.103638
0.598892
1.832850
1.001118
1.850911
1.983971
1.843506
2.167143
3.382255
0.698736
0.320874
1.523236
2.086974
1.150860
1.756138
2.000000
2.000000
1.575322
2.000000
0.941128
2.032365
2.032717
3.727684
1.099676
0.833662
1.717892
3.709550
0.533486
1.984457
1.233288
1.029025
1.910611
0.860266
2.219883
2.740037
0.746545
1.724668
3.220937
2.938996
3.746701
1.717041
2.068886
2.355800
2.000000
1.856600
3.082817
2.035305
0.642522
2.078149
1.007776
3.814818
0.678208
0.573771
0.304386
2.470101
4.329161
4.133635
2.134925
1.034110
2.332671
5.401626
3.166754
1.447329
0.421616
1.733584
1.734893
2.019493
1.364186
2.046442
2.111501
1.285819
3.076459
2.500613
4.623868
1.795113
5.680106
2.450299
3.524819
2.336061
3.612950
1.941748
3.372570
2.348707
2.126846
4.227639
0.907815
1.701688
0.458405
2.788757
1.682662
2.159300
0.233589
2.039191
1.554897
0.846967
2.042830
4.423007
0.376301
0.904402
2.000000
2.990570
2.100588
2.024067
1.782649
3.158962
0.634716
4.691498
2.996277
5.522023
2.534334
2.342505
3.380283
2.025714
3.178420
2.038205
1.596994
1.230264
1.601936
2.257084
0.828207
0.955406
0.611977
0.691002
1.458073
0.940724
1.584736
1.269341
2.000000
1.895738
2.575913
1.764281
2.133571
1.941531
1.951998
0.550097
1.213640
1.340336
1.139344
2.641598
2.284000
5.115062
1.466647
3.986857
1.862104
1.357970
2.773670
3.755475
1.364284
3.582722
2.341429
2.034495
1.934839
0.990066
2.108191
2.403895
2.039509
4.163214
1.880551
1.753665
3.282022
2.074969
3.267612
2.036518
2.999321
4.594010
2.529033
2.095331
2.000000
1.224394
2.061207
2.000000
0.785549
3.667346
1.447634
6.275102
0.825911
3.987461
1.494138
4.026426
1.560305
2.959541
1.748070
2.549205
1.889707
3.587044
1.354281
1.776685
2.000000
1.065134
2.000000
0.650142
2.923565
2.000000
2.521293
3.191250
2.238116
1.956358
2.443505
2.789412
5.589595
1.895824
3.643403
1.396415
1.296984
2.122526
3.804149
1.075056
0.514571
1.291967
2.000000
1.262556
0.840495
3.399000
1.370702
2.937954
0.584343
1.750852
1.632143
1.853553
1.034713
1.213082
1.569035
0.820237
2.414740
0.318428
1.438339
2.371373
1.334350
1.839348
2.000000
2.429171
1.011267
1.043377
4.236791
2.729180
3.001428
1.706909
2.781729
2.446936
1.629177
2.748801
2.867875
3.656833
3.329243
1.384099
2.571369
2.062610
3.698491
2.065043
1.680448
1.579693
1.875677
1.570694
0.410104
0.582851
3.136692
1.853332
1.782465
1.644239
2.021335
1.544269
2.534351
1.324947
0.581801
1.131158
1.763883
2.176185
0.532653
0.587875
3.834032
1.476908
2.921276
0.852675
2.896573
0.949053
2.959444
2.667525
2.109819
1.741878
1.649907
0.699927
2.909403
1.385092
1.092751
0.477954
2.616257
1.000104
1.675730
0.963348
3.185115
2.248338
0.827835
3.105202
3.354705
3.104455
0.700654
1.330999
0.478365
1.066604
1.803489
2.273294
2.717548
0.913444
1.966493
0.447214
1.089437
1.602346
1.045213
1.995960
1.780937
1.452188
1.655367
1.763183
2.000000
0.406944
2.477757
2.000000
1.724317
0.829043
2.072242
1.460948
1.228419
1.840108
3.133009
3.446177
1.036818
2.350719
2.572782
4.427979
1.112461
4.982602
1.583952
2.404059
3.043754
1.720842
2.116351
1.391944
2.000000
3.121922
1.949645
3.740691
2.442812
2.232932
1.290043
2.167416
3.724572
2.693934
5.395520
0.468648
1.260932
1.088654
3.489862
1.876430
1.003087
1.181686
0.774878
3.976907
2.161635
1.433452
0.692670
0.504469
2.000000
3.819874
1.149297
2.038344
2.372103
0.914293
1.181722
0.731483
3.292403
2.083991
2.729279
2.758802
2.869277
3.017317
1.789347
2.257378
3.427590
1.461033
1.910545
2.720721
1.728893
2.987200
0.695796
2.738256
2.490567
2.956472
2.006090
0.498570
4.763378
2.209196
1.828787
3.826929
3.321962
1.284748
0.419335
0.692231
3.059114
2.270041
2.329159
3.437309
0.467311
2.113716
2.442728
1.683816
2.798070
2.649922
2.189409
1.882963
3.528117
2.159648
1.695151
2.931705
1.764001
0.177021
4.578825
2.611923
0.491812
2.212872
2.000000
2.000000
2.303056
3.654500
3.271132
1.683185
1.786996
1.079516
2.528916
1.542805
1.888853
0.784767
2.507179
2.272305
0.378691
1.902377
0.212617
1.377513
0.241249
5.138571
2.359707
3.296587
1.056722
3.119676
3.261925
0.980601
0.721743
1.162315
0.513305
4.071680
1.069679
1.236422
3.084289
0.485366
2.041507
2.190868
3.140048
3.206117
1.368016
4.163722
2.134597
2.777148
3.254893
1.896248
1.848431
1.504561
5.484282
3.542694
2.573948
2.077937
0.429914
1.723031
4.497435
4.126560
4.334037
0.509491
3.042484
0.498642
3.156159
1.149921
2.000000
3.506621
1.690452
0.495227
2.267409
2.211252
1.306061
1.964802
1.701859
2.683478
3.253848
1.781896
1.980200
5.003345
1.039186
0.658990
2.438981
0.296855
1.080490
1.495168
2.235338
4.300527
4.024737
1.875980
1.466919
1.271762
1.984115
0.590824
1.899459
1.094854
0.934716
4.292182
1.180578
1.168033
2.084608
1.141971
1.811606
2.161134
1.483560
0.792116
3.080077
1.516112
1.262637
2.619757
2.000000
0.492956
1.699447
4.780231
0.268438
2.578730
2.706244
1.194593
4.959063
1.673362
3.057119
3.286473
3.134663
1.677629
2.000000
0.239193
2.682622
2.000000
1.895023
2.000000
5.620880
1.868039
1.381346
4.375849
1.469272
2.531310
3.092988
2.022472
1.563148
2.290381
0.628512
1.706373
1.269859
3.371141
1.764563
4.392462
2.658744
2.702607
3.326150
1.699649
2.516819
2.000000
2.088279
1.934690
2.651775
2.876730
1.946040
1.354958
3.305181
1.090706
1.046822
3.751536
1.171661
0.523383
0.538480
1.570827
2.790515
2.854131
1.617308
0.954446
2.875524
2.000000
2.904114
1.705408
1.647319
2.000000
1.080238
0.809239
1.284451
0.607589
3.484652
2.623076
0.611262
1.651048
1.734100
1.992032
0.667896
2.838212
1.904852
0.544368
2.114000
0.913683
0.514698
0.201944
9.903950
2.996194
2.000000
2.466031
2.435582
1.163503
2.687930
3.366037
2.733234
0.532397
1.761743
3.841564
0.882930
1.533710
2.282992
2.010977
2.270137
0.673677
4.086644
2.264864
3.594432
4.146190
2.000000
0.397126
2.475878
2.366144
2.000000
1.282473
1.845379
1.157837
4.230057
2.022935
0.605032
2.455776
0.743864
0.706110
1.357991
1.769092
2.415727
1.933797
2.196056
3.512518
1.033453
1.334941
3.307651
1.339987
2.380585
3.522115
1.948126
1.662402
1.919302
1.464465
2.000000
0.948219
1.732087
1.233274
1.547745
1.180272
2.000000
2.168984
2.797423
2.000000
1.658447
0.715923
1.430969
1.872761
0.777116
1.941204
1.292748
0.867408
2.476301
1.130906
4.491395
2.000000
2.356577
2.579086
3.049548
2.623348
2.164815
2.018495
1.604171
1.965604
1.637869
1.398405
1.344537
1.983552
1.159730
1.338460
2.028276
3.047330
1.211632
2.152447
0.443126
4.648399
1.890653
0.895900
3.831990
0.385181
0.887270
1.883752
2.181004
0.730701
3.601540
0.218790
2.309427
2.159364
4.832356
2.371880
2.356997
3.786561
2.781399
1.526566
1.591261
0.302483
2.796379
2.819998
1.881220
2.704509
3.052391
3.805947
3.298096
1.098869
1.494551
1.747871
2.000000
1.211764
2.290461
2.682063
0.684758
0.729957
3.097025
0.980868
6.616779
1.978993
2.114924
2.838637
0.288005
1.392899
4.372630
2.000000
2.616039
1.857691
2.665251
2.628805
3.862605
2.013182
1.175638
1.889264
2.243031
0.610331
3.040987
1.713258
1.636731
3.451259
6.011365
2.000000
2.000000
1.393552
1.467876
1.030204
1.294391
0.625933
2.436052
0.823296
1.963392
2.000000
0.693834
1.491287
1.926222
2.903250
0.801788
2.559136
5.143476
1.159498
1.046083
1.170961
3.234985
3.556152
1.096788
1.805737
2.086717
2.259377
1.823470
0.534648
3.183685
4.721436
0.492119
1.817515
2.000000
2.112140
2.862981
2.000000
2.235774
1.192038
1.452747
2.032205
1.297740
0.512695
1.218939
2.071085
1.744080
2.000000
2.686889
1.925247
2.813076
3.388421
1.971294
0.876791
2.000000
0.868847
1.196790
1.198179
2.214501
1.994040
2.000000
2.059788
0.767309
0.876863
1.896128
1.064699
1.227211
1.334477
1.011192
1.301869
1.575438
2.000000
3.624945
1.488044
0.162467
3.805130
1.448060
2.665350
1.428536
3.537199
2.000000
3.271362
2.299571
0.895738
1.927989
2.328636
0.477412
1.319542
2.000000
2.000000
2.679821
1.548727
1.224824
2.000000
1.255985
0.419878
1.473786
2.774353
2.041692
2.801839
1.632057
1.484620
1.841313
0.466776
3.322500
1.838540
1.559664
2.325995
0.560328
2.000000
1.452503
0.442792
1.830896
1.546581
1.844654
1.958241
2.935440
3.320623
3.154758
3.744971
2.377481
1.866204
1.669871
2.732167
2.177375
0.785056
1.821905
2.207893
1.184869
2.329737
2.875336
2.000000
2.083970
0.162304
1.199773
5.052827
2.164829
1.863993
4.648996
2.757851
0.867270
1.534243
1.685143
1.861049
2.290558
2.123369
1.554012
2.119077
4.616395
1.571318
0.337692
2.084597
3.402089
2.012465
1.107091
2.679460
1.610459
2.262872
4.821771
1.277423
4.135584
0.548553
2.339550
2.350222
3.254049
3.039091
1.182448
2.509963
1.630878
1.721843
0.937108
2.637393
1.633955
2.000000
1.723143
0.921723
0.684960
2.460898
0.845162
1.891523
1.756921
2.000000
2.484024
3.734480
2.997079
0.498363
2.000000
2.425256
1.688439
1.210993
0.308125
2.505797
1.690344
2.259022
2.107768
1.545125
2.667056
1.143586
0.451321
1.213279
2.000000
2.486495
2.249008
2.923424
0.841620
0.963645
2.610892
1.174078
2.000000
0.601552
0.622283
1.959583
2.011079
2.000000
1.265638
0.973081
2.932312
1.081164
0.703443
2.205753
1.355797
0.547138
2.053332
2.422996
1.876535
0.152313
0.851384
0.481911
2.629509
0.588381
2.409773
1.195514
2.265459
1.747197
2.960250
1.594945
0.956473
2.449826
1.821030
2.926067
3.549696
0.825550
2.889508
3.396394
2.814229
2.914460
1.974015
0.856628
0.713789
0.456742
2.000000
2.000000
0.239690
1.563954
2.000000
4.538866
1.263810
1.726781
1.840693
1.193155
1.506894
2.862267
1.240524
1.801242
1.653729
0.749454
1.095272
3.446212
1.923227
2.822200
3.970870
1.850433
0.877020
0.304721
3.091366
2.605468
1.998295
2.290345
1.653814
1.801081
0.133113
8.863331
1.190621
2.000000
3.416214
2.819067
2.000000
2.000000
2.003951
2.185888
4.721777
2.030423
1.559523
1.931993
1.483034
2.024719
0.783914
0.860942
1.917374
2.276459
2.000000
3.357162
1.047365
1.319156
2.357168
4.006170
1.778838
0.462081
1.765478
2.000000
1.223784
2.000000
0.940011
3.196858
3.390533
2.265359
2.208319
2.271118
0.688792
1.162369
2.105678
2.544474
0.914107
1.444857
1.685562
4.232488
4.227457
0.554819
0.315032
0.597595
1.261235
1.884822
2.624339
2.011696
1.382284
2.199424
0.362319
1.648136
2.125373
2.000000
1.610876
2.051408
2.000000
4.572324
1.890081
1.711782
0.487906
0.382211
0.713354
5.637335
2.044922
1.584365
1.366833
2.007761
4.085677
3.419208
1.456315
2.000000
1.219300
1.297792
2.766386
2.827548
1.894776
1.301897
1.046964
2.000000
2.287336
1.496807
1.997155
3.513304
0.667226
1.840896
1.131133
2.543652
1.997365
1.280016
1.791541
1.219965
1.673934
1.754606
2.081061
1.625207
2.859508
6.797512
0.904641
1.005893
2.000000
2.027048
1.212761
0.850595
0.999852
1.911565
0.949734
0.516367
2.000000
2.856698
1.614009
0.703927
1.909303
1.859126
1.118252
1.357518
0.444183
2.435397
1.790101
2.342370
3.009635
1.976329
5.507083
1.923421
2.661783
3.235442
0.653305
1.837851
0.620554
1.337528
1.111409
1.355420
1.653270
3.478351
1.526189
2.732893
2.000000
3.434979
2.228328
2.658675
1.732466
0.866836
2.499974
1.235569
1.210796
3.584236
0.425941
1.236376
1.989023
1.412329
2.547569
0.852375
1.383679
1.536413
1.658140
1.641215
6.494799
0.896486
1.133197
1.718104
1.640703
1.265624
0.223934
1.157600
1.440042
2.000000
4.026193
3.490668
3.773653
2.756562
1.466775
2.188071
1.575481
0.664250
2.363073
1.979519
4.364717
1.052094
2.000000
0.656153
2.861819
2.000000
2.000000
1.622016
2.755945
2.263066
2.904442
0.603333
1.915861
2.000000
1.208568
2.232506
2.472241
2.000000
0.967173
0.927455
1.994834
0.906253
1.934217
2.000000
1.378337
2.160284
0.262699
1.192533
2.667405
0.527623
1.371114
0.373820
1.075087
1.324306
0.998765
1.412920
0.884228
3.464111
3.250646
0.985172
1.107683
0.814964
2.483221
1.155453
2.968624
0.399938
1.902751
2.320426
2.156871
2.000000
2.000000
1.581661
2.000000
1.239694
1.630170
0.926641
1.138848
0.735191
0.521194
2.475921
0.511454
0.439632
3.988106
3.591530
2.307420
1.456412
1.532126
2.920690
2.282302
1.298301
2.793578
5.286900
3.769823
4.014750
2.144198
1.496077
3.090461
1.694989
1.200913
1.216046
3.502121
1.306511
1.000189
2.000000
2.519409
1.749734
1.850834
2.000000
0.960954
1.321947
1.145566
0.947335
2.541200
4.987069
0.796179
1.302993
0.762009
2.043191
2.186618
2.430238
3.100318
1.838625
5.478798
1.040340
0.994799
2.347808
1.498508
1.063459
2.208024
2.398296
1.034744
0.491275
3.741492
6.356946
1.875128
2.000000
2.000000
2.000000
3.429226
0.664631
0.749893
1.289142
1.824893
0.640098
2.114640
0.576170
2.076322
1.425613
1.762203
1.829156
2.176627
3.601891
2.777455
2.935479
0.973946
0.530809
3.619269
2.992397
1.697070
2.539558
1.061858
3.517162
6.095922
2.453190
0.869801
1.475674
2.031927
2.573165
2.633962
0.542590
2.522084
2.642234
0.517625
2.476664
0.879152
1.429062
1.720565
2.559351
1.950433
2.143934
2.148137
0.928522
1.786332
2.489295
1.571687
2.414003
0.865064
2.000000
2.000000
0.962433
0.213876
0.707593
2.904489
2.000000
1.191220
1.292582
2.351562
2.121071
0.774612
2.119926
2.618746
1.432140
0.673287
3.559335
2.077919
2.496478
1.642893
1.883389
1.097931
1.399593
2.080350
3.619472
0.448195
2.000000
0.367571
0.223410
2.924053
2.834089
2.000000
3.721315
1.937803
0.477970
1.425832
2.225818
4.121160
2.454998
2.988025
3.361142
2.002124
3.373698
0.910126
0.893729
1.473139
0.847492
0.841124
2.352261
0.928328
2.000000
2.066541
1.734505
2.478884
1.991852
2.971301
1.540813
3.594129
1.999354
2.081523
1.920679
8.513871
1.991688
4.368981
2.151908
3.469700
0.990248
0.359439
4.059422
1.542414
2.000000
4.452379
2.568613
2.000000
0.642479
1.598571
1.438223
2.289558
3.643675
1.032747
1.812313
1.911747
0.967987
3.049500
1.955165
3.302285
1.173591
4.699250
1.320052
1.963386
5.826098
2.198682
4.285676
1.007219
2.565792
0.479701
2.924087
0.485501
0.996118
0.743249
2.588362
1.935857
1.002706
2.926717
2.517176
4.701284
2.006680
1.447469
2.000000
1.919845
2.782113
1.701319
3.219007
2.688612
2.225568
1.610372
2.246383
2.192398
4.034198
1.162045
0.742888
2.340822
0.234141
2.000000
2.475591
1.787921
1.744039
2.000000
0.990145
1.142599
2.000000
0.504689
5.633238
0.759519
2.773750
2.000000
2.176701
2.571264
3.856888
0.412471
1.728809
2.000000
1.731788
2.550842
0.336675
2.128027
0.701701
2.000000
3.144205
2.000000
1.714519
1.832424
3.981905
0.969546
1.748304
0.675093
2.441643
2.777612
1.503777
0.690776
2.066226
2.732991
2.235867
1.278040
2.212403
0.607076
4.508814
4.172936
2.426347
0.670330
0.425235
1.843833
1.289232
2.000000
1.522199
1.423915
1.414617
3.805593
1.337636
1.067193
2.272005
3.115754
2.680971
1.814186
2.109786
1.322778
0.899301
0.397958
1.657589
4.407104
2.530032
2.000000
1.869671
1.167669
3.243714
1.135800
1.087723
0.870892
1.005892
2.465547
2.099654
1.052309
2.077917
4.028686
2.915775
1.933208
2.000000
0.985491
2.333931
1.724584
2.271643
5.810247
2.942368
3.347574
1.866593
4.842882
0.891126
1.403735
3.920564
2.900735
0.862577
1.988117
1.703922
2.209540
3.161751
1.458771
1.256014
2.618900
1.880635
2.071245
3.229057
0.899018
0.430512
1.916908
1.036850
1.666444
2.281002
0.238753
0.948949
2.432423
1.744573
1.325222
3.029505
2.653286
1.446690
0.751182
2.824283
2.916781
1.228020
1.277571
2.591935
2.649149
5.014720
2.191063
4.644382
2.414191
0.537043
1.738641
1.985731
2.635738
2.131811
1.807387
3.688328
3.053818
1.250569
4.004312
0.744126
2.390307
1.219481
2.985680
1.472711
0.626506
2.559610
1.077998
1.843465
2.030523
1.405584
0.894146
1.543184
1.944240
2.622897
1.890980
3.044853
1.174121
0.237642
0.838394
2.285489
3.221380
1.743295
1.006909
2.000000
0.756454
3.209826
2.278604
1.279236
1.949921
2.156623
1.755310
1.238050
1.187325
2.273811
1.518725
2.983675
2.000000
2.690789
1.956246
0.650959
3.744648
1.538460
0.989325
2.043538
3.254295
2.313668
2.596776
1.716648
3.366624
2.887417
4.063598
2.204988
2.010925
0.875813
1.220839
2.833577
3.985724
3.134188
2.000000
1.886058
0.690073
0.731670
0.302153
3.010324
0.420478
1.036298
2.310847
3.172036
1.438458
1.780274
3.549039
2.119415
2.970171
3.027715
1.893477
0.255992
4.271823
3.843365
1.369156
2.491327
1.704216
2.855990
2.326650
1.937418
0.974714
2.594928
1.866066
2.856628
2.081190
0.964005
1.953995
2.491831
2.480775
0.543296
2.338543
0.942230
1.009313
4.057177
0.409562
2.276368
1.405964
2.037130
2.005869
1.839515
4.001407
1.396672
4.275130
0.829529
0.463047
0.891655
2.299425
2.068506
2.378319
3.159309
2.321219
1.593325
0.548018
1.938876
2.000000
1.337001
1.521125
2.287178
0.256144
1.998271
2.446604
0.837455
2.805473
1.169387
2.142314
2.518060
1.235435
0.838915
1.563696
2.000000
4.882983
2.124957
4.048979
2.364327
1.743516
1.773081
2.075550
1.115557
2.159465
2.991723
0.688916
1.239771
0.487434
1.660873
4.031312
2.267897
1.476472
2.201933
3.337074
3.042680
1.462489
1.355092
3.981118
3.408835
1.901060
1.714974
1.749589
2.000000
1.492217
1.905362
3.813593
1.908261
1.357981
2.059763
8.028832
2.093986
1.371704
2.991042
1.728764
2.152900
0.660109
2.617464
1.608156
0.122471
4.044832
2.000000
4.089493
2.622737
2.629590
1.639350
5.988179
1.886883
1.218703
1.706279
0.953032
3.724004
2.132294
1.138321
3.126653
3.458328
4.371936
2.936862
0.710070
2.442868
2.000000
3.164603
4.043585
4.515572
1.423684
0.908742
1.516542
4.400773
1.133518
1.322118
3.920231
0.348797
2.639997
0.895411
2.609068
1.706931
0.694176
4.152522
1.669444
2.000000
2.279057
0.884593
1.079396
3.484528
2.425971
2.522546
2.391386
1.115624
1.087509
2.097715
1.977606
1.390149
1.669015
1.742666
2.759866
6.140267
2.316493
0.246851
2.000000
0.808791
1.958736
1.978678
2.840011
0.662982
4.541749
2.570770
1.358110
2.426736
0.586009
0.572223
2.000000
1.413543
2.543287
1.374706
0.440444
1.833178
1.702049
4.800292
2.184931
1.020256
6.298647
1.598791
2.540208
4.011786
1.308490
2.979870
1.570733
1.555490
0.660006
5.338349
2.000000
0.691961
2.101556
2.000000
1.572484
0.129639
0.679236
2.458092
2.693996
0.503960
2.000000
2.497378
0.305077
1.811043
2.091628
1.727533
1.873767
1.036585
2.302583
1.899275
1.344312
3.206895
3.472585
1.548642
1.800298
2.799181
2.112952
1.091027
2.065328
2.000000
3.245128
1.433247
3.068608
1.715897
3.953297
1.560875
1.941233
1.330253
0.604030
1.085460
0.932744
1.373961
2.000000
2.160626
2.656546
2.870173
1.188014
1.795219
1.492353
0.923367
2.212017
2.000000
2.245034
1.789006
1.016851
0.575024
0.364809
2.274523
1.753391
0.979363
2.172390
0.963669
4.429111
1.986159
0.701817
2.763206
3.228883
0.152678
1.755285
3.167162
0.594365
3.136974
1.759624
2.163118
2.520653
1.105003
2.765716
2.386578
0.920703
0.938526
2.086834
0.364865
2.101104
2.000000
1.465766
1.543621
2.690645
1.362663
6.664835
3.417341
1.825817
1.475397
1.025032
2.286390
2.360428
1.874093
4.657329
2.308960
0.798020
2.000000
4.300935
1.637205
2.445046
0.994949
2.528376
1.709019
2.668047
1.523368
3.255852
2.000000
0.338397
1.187433
3.043300
2.207742
2.653044
3.153116
2.000000
1.351675
2.871770
3.285002
2.684374
1.266994
0.751525
2.000000
2.248872
3.196079
1.100450
4.313152
2.000000
2.216619
0.545505
0.956173
2.121706
0.879396
3.086851
2.008495
2.358652
1.053895
3.900075
1.681099
1.374261
1.045468
1.947818
1.840366
2.102823
1.386605
1.486795
3.104609
0.593183
1.228186
1.616148
0.364917
3.467851
1.463316
2.594033
1.851831
2.866639
1.899055
1.684460
1.947121
2.717712
1.281326
1.107400
1.694971
2.593156
2.069498
2.118982
2.000000
3.293248
1.779588
2.259549
0.992404
2.001447
0.188625
2.952114
2.003505
4.412544
1.446354
1.383955
1.888129
0.390498
2.669858
1.405753
1.335501
1.318924
1.687983
1.239765
3.131181
2.158607
0.370154
2.616835
1.135884
2.382340
2.351754
1.518939
2.614877
2.000000
3.343556
2.289022
4.851122
0.296964
3.367472
2.026835
2.117834
2.882801
3.030052
1.515088
2.178781
5.080706
2.617536
0.924224
1.953242
5.104141
2.315649
2.000000
1.991574
1.311542
2.204794
1.425824
3.788290
2.347737
3.047400
2.720811
2.098787
1.391400
2.000000
2.000000
1.974980
1.863518
1.716806
1.005242
1.773594
0.495479
1.829991
1.718612
0.913007
2.000000
2.492637
0.758762
3.975950
0.496009
0.645973
3.084764
2.555100
1.151670
1.394793
2.417448
2.406089
0.637301
1.933399
2.831510
2.000000
2.000000
2.501834
1.010600
0.794594
2.307932
1.063321
1.743028
2.000000
1.692826
2.415115
2.425434
1.924931
1.346831
2.832120
2.412248
4.995921
1.631592
2.086891
1.598116
2.711992
1.724462
1.897002
2.099205
3.893299
1.411055
3.453287
2.078715
3.408532
1.322114
2.336520
2.501307
3.480925
1.026622
2.529576
2.161263
1.222232
2.693305
1.242161
1.245312
1.369170
1.480730
1.806984
1.217471
2.289508
2.425986
2.382356
3.500456
1.643189
1.494458
1.970821
1.701851
2.000000
3.251535
1.574001
2.010803
1.832553
2.007040
1.764473
0.884721
1.585053
2.000000
1.402452
0.398162
8.979216
2.813377
3.788640
3.029131
1.088201
2.143451
1.812865
1.735444
2.594263
1.993729
0.484057
3.445914
2.000000
1.734912
2.163702
1.723054
2.529295
0.418470
0.572424
1.053302
0.829996
1.766704
0.050826
0.434889
2.886337
1.392842
1.271493
2.476903
0.948708
1.550343
1.564604
2.364273
1.173654
1.623123
1.811126
0.636819
2.403230
0.984349
0.778909
2.359096
0.786502
2.029999
0.431096
1.908734
1.742240
2.360708
1.568714
1.614190
1.711604
1.290581
2.675372
2.482496
3.495802
2.440537
0.490044
1.210439
1.783277
1.915438
3.073059
2.000000
1.812617
2.312916
3.183103
1.843824
1.808367
1.654808
0.897106
2.671570
3.421365
2.079605
0.326593
0.826407
2.000000
1.366956
2.941428
2.000000
2.357413
0.941140
1.733797
1.894748
2.865926
1.058880
2.240299
6.019977
1.579793
2.639084
1.413815
2.114666
4.450836
1.974998
4.704538
2.318174
1.937077
1.375432
1.788723
1.889820
1.772763
2.120350
2.217035
1.888126
2.624780
2.319640
1.874830
1.788878
1.809343
0.701340
1.754458
1.206915
2.000000
3.872715
2.000000
1.709946
2.000000
1.588211
1.870054
1.807576
1.024606
0.608974
1.850085
2.951979
2.000000
2.000000
3.421827
1.433463
1.495406
0.820219
0.916127
0.821669
1.731117
2.057846
4.760299
2.534453
1.976407
2.307297
4.149548
1.838403
1.118653
2.648581
2.044630
1.156728
2.000000
3.171587
2.528866
1.327417
1.853281
3.201087
1.790536
1.699191
1.546755
2.000000
1.685109
6.208560
3.600280
1.745053
5.328363
2.024649
4.578099
2.000000
3.870817
0.560048
1.749487
2.000000
1.866479
1.859323
0.586012
1.884623
1.622027
0.536459
1.524431
4.527098
1.858818
1.124061
0.573879
2.465791
0.772187
2.119680
2.191831
4.460132
1.432730
1.440701
2.000000
1.236594
2.500601
1.226348
2.000000
3.726282
0.360003
0.463701
0.866675
6.242631
1.745994
1.679467
2.228069
0.442840
2.000000
0.548714
1.903287
2.937185
1.669855
1.406745
0.263179
0.988792
2.305182
1.371699
0.965802
0.626361
2.000000
1.897498
1.669380
1.619111
0.635748
3.996059
0.284795
0.721745
0.741601
3.902583
4.242315
2.040338
1.852470
2.000000
0.975766
2.025311
3.505566
0.866992
2.000000
1.635717
2.539119
0.347719
1.114298
1.410885
2.000000
2.000000
2.054762
0.994037
0.600762
2.277954
1.274577
0.321422
0.905827
3.444203
1.855527
3.780217
3.070139
1.449264
2.439732
0.794200
2.000000
1.611235
0.712226
1.221023
2.053639
1.346136
2.000000
2.886724
4.081305
2.000000
0.822728
0.301548
0.348055
1.035162
2.124357
1.224042
1.645812
0.662127
0.768968
1.243892
1.890013
2.434749
2.426661
2.288269
0.859677
3.352694
1.057379
1.267071
0.961671
1.603022
2.548439
2.984552
2.850017
0.888072
0.827890
2.394317
3.660905
1.481324
2.864502
2.797922
1.051673
2.762039
1.843368
1.315958
3.873645
0.377956
1.912921
1.890853
2.982856
1.967318
1.978549
2.066652
2.000000
1.947088
0.882390
1.006280
2.151491
0.851604
1.008295
0.458012
0.524856
3.763626
4.494752
1.749473
2.023781
1.847852
3.846388
1.949560
3.952334
3.917568
2.345132
2.937049
2.190269
0.540738
2.641526
2.221207
2.442314
0.787535
3.097986
1.576299
2.710887
0.277293
4.497760
2.903817
0.304866
1.461212
0.445354
2.753842
1.711754
1.529788
1.191863
2.000000
4.643902
2.841276
1.866804
1.222621
2.423786
2.841609
0.775740
2.100411
1.952342
3.081776
0.277187
2.321509
3.348954
4.690797
3.116718
0.234357
2.208733
2.122897
3.514457
2.000000
2.820058
0.261940
2.000000
1.282705
1.294154
2.181473
1.940437
1.944842
0.493529
3.061814
2.092430
2.168380
1.756750
1.954952
1.729670
4.624075
2.354222
4.723790
3.993572
0.165532
1.562719
3.717034
2.892821
2.740608
1.391189
1.317409
1.577031
1.608114
2.826010
1.936128
1.210130
2.752691
0.574190
1.823202
0.425896
1.767971
1.548757
5.169609
0.680202
0.862755
2.453318
1.371766
1.499992
1.334972
2.946386
3.188818
2.000000
3.373572
1.772508
1.656305
1.799680
3.029244
4.315974
1.678592
2.000000
1.591890
2.042657
2.000000
3.310926
1.186622
2.810204
4.529189
1.441036
0.758674
1.510813
1.319270
2.108046
2.512561
1.192635
2.868559
1.534137
2.343685
2.000000
0.570902
0.370395
2.976681
3.324064
3.551145
1.374804
2.227773
3.314112
2.179335
1.036100
2.374646
3.520142
0.238810
3.203911
5.864874
1.722815
1.407047
1.658727
3.037393
0.533160
2.000000
0.803558
0.854935
1.447340
0.839788
2.670151
1.170581
0.783755
0.575152
1.511379
2.000000
3.111823
1.270275
2.000000
0.072402
2.000000
1.525083
0.280078
1.050329
2.315470
3.090088
2.000000
1.833902
1.320008
2.693847
0.314592
2.000000
0.602734
1.287023
0.302286
0.540226
0.897053
0.568893
3.914225
0.346829
1.645874
1.524835
2.219608
3.453839
4.301894
2.073945
1.106485
1.997735
2.526855
3.012075
2.577922
1.317322
1.371025
2.019699
1.275173
1.296707
2.316807
1.649189
1.421050
6.237237
1.332032
3.488317
1.449278
5.287126
2.975365
2.650355
2.600646
2.856813
1.878724
1.580626
0.105604
1.332679
1.828627
2.605322
1.858760
4.504058
1.846098
1.784461
0.694801
3.274652
1.657280
1.716952
2.000903
0.902876
1.417303
3.711763
3.662637
2.055022
2.299628
0.460532
2.352756
1.468290
1.558628
2.302720
2.000000
1.738550
1.223410
1.733739
0.609065
1.124562
1.395977
0.427435
1.686243
1.280336
0.546683
1.907147
1.051154
3.474758
0.788186
0.598254
2.000000
2.627413
2.976523
4.940684
1.213400
2.433132
1.442460
4.630264
2.880207
3.874034
0.879155
5.175338
0.922065
0.644034
0.319252
2.657588
2.438169
4.105288
2.144694
1.890120
1.394025
4.035693
4.103393
0.569665
0.726993
0.958679
2.155742
2.850894
0.233321
2.683485
2.715713
2.974521
0.713169
1.179431
1.335961
2.003838
1.761919
1.217616
3.475187
1.047905
2.819269
1.250619
1.120265
1.855642
2.000000
3.039820
2.497230
2.543417
1.312690
0.817528
1.840736
1.190941
0.710931
3.151487
2.502617
2.000000
0.358838
1.901199
1.925031
0.673487
2.853316
6.312631
2.977060
2.000000
2.916521
4.378426
2.173228
0.532440
0.749911
0.932902
2.275761
4.577144
1.950599
2.000000
2.024787
1.199014
1.879614
0.838277
1.898451
5.615465
0.554957
1.638230
3.155205
2.192411
2.000000
4.797636
1.148403
1.822823
0.737467
1.139657
3.524695
2.584319
2.759924
3.867769
1.991337
1.768582
0.681163
2.000000
2.024257
2.168257
3.453827
1.215888
0.701038
0.566266
2.624976
1.408153
0.993391
2.407467
3.422761
2.006998
2.558218
0.464089
1.940239
0.918259
1.731761
2.909856
1.716386
2.000000
2.000000
2.873965
2.707557
3.867674
2.000000
2.553549
1.464393
1.206217
1.058981
1.073097
1.966055
0.655505
4.369637
2.287941
2.000000
1.332449
1.577116
2.000000
3.369203
2.618257
1.148613
1.009889
2.609209
2.256888
4.033410
1.965767
2.043208
0.690925
0.122377
1.232177
1.556384
1.702073
3.605389
2.773291
1.538262
1.916384
2.676187
2.112264
2.012067
2.964350
2.350347
2.000000
3.195389
2.325052
2.419742
3.685227
3.851140
4.535576
3.057920
2.567612
1.245269
2.223328
2.246919
3.614037
1.982798
0.931412
2.035637
1.412841
0.318176
1.544512
2.398517
2.616040
0.697734
2.368222
4.036711
1.143377
1.057264
0.420672
0.562197
0.887947
1.024243
1.795277
2.159189
1.870466
2.118412
1.283598
0.898790
1.820016
6.188341
2.656077
2.000000
3.091160
4.156469
2.097484
1.767647
2.000000
1.137816
4.326957
2.000000
4.908518
2.776872
1.651193
3.932519
1.913975
4.069258
1.187131
2.000000
4.309382
0.777487
2.000000
2.000000
2.000000
1.391482
1.838342
1.482609
0.801255
1.527724
1.037250
2.263972
1.985490
1.285705
3.049039
2.469565
4.286994
1.279558
2.100196
1.778211
0.778475
2.186670
0.879292
1.007625
3.114197
1.305135
0.346906
0.516194
1.320390
0.909748
1.361017
1.556169
2.566611
2.244299
2.350508
2.893474
3.320161
1.714277
4.232730
4.693277
1.996279
2.047481
1.838979
1.521942
0.706159
2.212501
0.794805
1.143755
2.740365
1.930843
1.660533
0.926201
3.456459
2.964113
1.541436
1.786137
0.416753
2.156730
3.530615
3.061126
0.525628
1.982522
2.000000
2.000000
2.212304
1.041681
3.424525
1.977460
2.432041
1.018247
0.172030
1.893883
1.092759
2.000000
2.000000
1.458127
0.887131
3.395000
2.000000
0.840104
4.071674
4.397926
0.448549
1.450550
1.567449
1.532002
1.895066
0.300010
0.850005
2.446676
0.945233
0.402250
4.410262
1.503102
2.785924
4.178089
2.876378
4.310649
1.427820
2.408072
0.711516
1.232563
1.478677
2.068091
2.496325
1.342629
2.458304
4.527992
1.348547
1.175386
2.621927
0.800003
0.802213
2.577211
2.000000
1.951391
2.000000
2.931290
2.000000
1.376454
2.322591
0.793891
0.716667
1.251522
2.598731
2.471328
1.916376
3.199909
3.076250
2.004275
2.000000
1.345350
5.688551
2.000000
2.123012
1.432063
1.416528
1.806920
3.433559
1.732028
2.000000
3.064367
0.579849
1.577027
1.320623
1.392787
1.531323
3.442761
2.426136
1.509980
1.918340
1.915011
3.218862
1.717016
1.053141
1.939792
2.068261
3.714183
1.623958
2.927019
2.053667
1.005994
1.249604
1.874888
2.906010
2.317620
1.052005
2.794754
2.683930
4.037406
0.281902
0.849235
0.386303
1.146509
0.922436
0.538578
2.752509
1.288134
1.302176
3.318123
1.302050
1.844669
1.339932
2.255045
2.014084
0.921687
3.263855
1.993948
0.959923
3.494240
1.622951
3.569402
0.515363
1.666110
1.742259
0.851576
1.483368
3.650920
2.690449
2.151140
2.140219
3.071506
1.062435
0.674899
2.000000
1.983253
2.825979
1.492218
2.317688
2.723375
0.339498
2.000000
3.907629
4.450883
2.137669
0.765534
1.834949
2.252567
2.187743
1.671893
0.556988
3.549480
5.608817
1.683900
1.821155
1.120401
3.250001
4.143190
2.254821
2.000000
2.698392
2.662158
1.970433
2.850976
1.629323
2.057969
3.024676
0.779069
1.919268
3.505808
2.627948
2.993970
2.838769
1.451782
1.543426
2.563175
1.873321
1.820485
2.041672
4.779127
2.460032
2.783185
1.104041
0.262293
0.555534
1.624088
3.209040
0.520732
1.587613
1.866460
0.670124
0.552956
0.908830
1.624208
1.300497
2.042255
3.141354
0.837968
0.562294
2.421703
5.207006
3.802666
2.470053
1.437825
2.067442
0.393809
3.590169
0.704366
2.650683
2.000000
1.949072
6.620197
1.965921
1.962107
2.260434
3.156319
2.045188
1.380833
5.142421
4.155556
2.636378
1.170948
1.116764
1.888740
2.425223
1.895748
0.667195
0.784750
1.447997
2.382797
1.132368
2.795297
4.038433
3.439111
2.252625
2.517619
0.491710
0.906912
2.520447
1.718003
1.729022
1.635028
2.070579
1.773069
5.471390
2.493938
2.046023
2.797640
0.526416
0.750054
2.000000
1.234625
2.214164
2.808903
1.921035
8.353306
1.554421
2.000000
3.414215
1.711616
2.758169
0.859967
2.463149
3.271201
2.676368
2.372438
5.452738
1.393386
2.781198
1.523002
1.653754
0.927474
3.525680
1.081931
1.745873
5.918006
2.178098
1.972743
1.686373
1.275627
1.080583
1.547790
0.434335
2.260504
2.619897
3.505305
2.471682
2.731970
0.339522
2.000000
1.905686
0.874410
0.411395
2.368970
0.264479
2.037671
1.841389
0.322092
1.926396
2.315623
2.271417
2.383313
8.266905
1.865096
2.000000
2.000000
1.394840
0.667619
4.452152
1.921798
3.362915
2.646506
2.116238
2.000000
2.125597
3.242347
2.444437
2.933543
3.625472
1.160346
1.127435
1.380661
3.034314
2.676674
0.692857
2.761159
2.876905
2.000000
0.801377
1.642796
2.114302
2.000000
0.465314
2.887113
2.124421
2.379041
1.943964
3.676023
0.378568
3.602882
2.539944
1.947563
0.566366
1.794956
0.671731
1.781344
3.037694
1.020925
2.184458
1.914792
3.197390
1.484408
1.412344
1.532797
2.159866
4.188180
3.530027
3.552862
0.811470
1.830318
0.826000
0.677363
0.935480
0.808813
2.456086
1.012333
0.612115
2.584579
2.564316
2.025996
2.792815
2.000000
2.000000
2.000000
0.831796
1.094525
2.000000
1.303018
3.001559
2.446157
1.311453
1.010120
1.885710
2.378193
0.414366
1.895478
1.726449
1.861476
3.747011
1.666193
4.422698
2.633995
3.669758
3.174077
1.496947
2.731980
2.544150
1.778659
1.841580
2.000000
2.228471
2.785099
2.000000
3.016909
1.848263
1.388826
2.343011
1.256554
1.960111
2.484451
1.989173
1.943601
1.644230
2.196150
0.980674
2.924282
3.076969
1.168913
2.354617
1.931532
2.586073
1.513725
1.930934
1.473018
1.679882
1.774933
1.948850
2.000000
3.612962
3.925637
0.614065
2.869598
0.939325
1.464358
3.864305
1.323253
1.828063
4.123328
0.346418
0.751322
0.963216
2.000000
1.829970
0.957541
2.948023
1.299636
2.133070
1.072433
1.650395
0.729748
2.902825
1.540436
1.023018
2.308941
2.044108
0.850536
1.617528
2.183123
0.617124
4.067417
1.941641
2.039149
1.157555
1.206966
1.805626
2.000000
1.426942
2.790570
1.030578
1.083720
3.857908
3.087111
0.416546
1.585773
2.948075
2.044443
0.628009
0.835775
2.253962
0.688948
1.751343
4.768682
0.486350
2.157641
3.125909
3.894015
3.257898
2.996315
2.789877
2.448671
1.407617
1.429639
1.028592
1.049020
1.592128
1.937291
1.097766
1.434878
3.459569
0.735287
1.774587
2.528844
1.027882
2.453236
1.700464
2.009995
1.563132
2.000000
3.157802
1.379478
4.654913
1.170482
1.692052
2.462770
1.189353
1.398502
2.194888
2.817202
1.511529
2.878827
1.619322
1.950643
2.050271
1.386064
0.999217
2.273004
2.000000
1.904480
2.644085
2.000000
2.238929
2.026601
1.021963
0.857067
7.061793
1.248063
4.494792
1.234260
1.678847
1.999066
2.154636
2.092040
0.760136
4.512757
2.000000
4.645776
2.259689
1.204215
2.457558
1.212464
1.337669
1.448439
1.683789
3.109451
0.804800
0.991425
1.650929
1.135149
3.153066
1.225092
2.018176
2.035091
0.864995
2.724980
1.909092
0.698416
0.834157
2.117708
3.410053
2.389866
3.762318
2.543553
3.607944
0.544947
1.399052
2.000000
2.000000
1.627471
3.730975
2.077223
2.000000
1.125656
2.322415
0.438495
2.678803
0.506826
1.090278
0.767463
2.037312
3.130579
3.789341
0.574603
2.512672
0.888478
2.673426
4.804861
0.724150
2.845448
2.564410
1.877905
2.991018
1.621943
2.589385
4.171865
2.000000
1.757830
1.010950
0.742375
1.985695
1.757879
2.824905
0.776796
2.128512
2.337550
0.693417
2.195212
3.620749
1.451345
1.548111
1.595568
2.288720
1.169150
2.231064
1.031360
2.379143
2.780132
1.271462
1.028794
0.334177
0.764727
2.263217
0.340098
1.158977
1.454017
2.152920
3.494874
1.564970
1.229557
1.966449
2.000000
0.779080
0.913085
1.179789
2.211992
1.146761
3.426351
3.926493
1.972137
0.818339
3.592225
2.083622
4.012466
1.557400
2.127986
2.327799
1.136368
0.912878
4.303291
1.180843
2.000000
3.590562
1.582807
1.517992
2.600607
1.690860
0.712213
3.003007
1.215709
2.222619
2.619992
1.511484
2.062415
0.492317
1.779220
1.364902
2.498224
1.600592
2.878560
1.972654
0.249521
1.498504
2.539514
3.630836
2.000000
4.556874
0.387825
1.300692
3.667116
1.711505
2.987874
1.970763
1.250740
0.896534
2.559708
2.267495
1.871634
1.012092
1.699243
1.105845
0.564972
1.654912
2.058349
2.319027
2.999962
1.889797
2.347340
2.000000
0.809909
1.695487
0.423533
2.709886
2.540148
0.227874
1.404600
0.484521
0.966978
2.453741
0.979582
2.000000
2.956925
1.565645
1.722632
0.655657
1.636410
2.115992
3.266968
1.709466
1.147125
2.449265
1.798682
1.345057
1.700732
1.162663
2.288371
1.794023
2.150784
3.909461
0.286780
1.584862
1.279892
1.436080
2.557685
0.642078
1.926867
2.249131
0.803048
3.531305
3.298394
4.086994
1.560642
2.946741
2.686940
2.490897
2.000000
2.380449
2.298473
2.190506
2.919952
1.033514
0.405745
1.775073
0.953187
1.427235
2.000000
1.508296
1.434064
2.000000
2.048186
3.538363
1.973754
0.526147
1.644337
0.475083
4.810805
2.339970
2.579738
0.256910
2.062655
1.257217
4.643672
1.700261
2.332376
1.249817
1.945345
3.948586
3.668081
0.850793
0.882490
1.101599
1.115455
2.008082
2.628824
1.833282
3.643400
3.246570
0.356290
1.286503
1.098680
1.760414
2.482737
0.831245
1.716899
1.348629
1.552012
2.000000
1.925095
1.846784
2.000000
3.336085
2.000000
1.899250
2.034623
3.807833
0.380275
2.948395
0.734833
0.992504
1.440670
1.817249
2.298368
2.276387
0.626559
2.875843
2.419009
1.140980
1.662264
0.967174
1.894976
3.085228
0.816307
2.000000
1.719136
0.907188
2.812658
1.378560
2.017508
1.388475
2.000000
3.917650
1.787843
1.927691
0.836429
2.590968
3.489027
2.052479
1.667074
1.168949
1.910811
1.598518
1.542189
2.596593
2.564543
6.790335
2.679426
1.817143
1.210390
1.248399
1.917747
2.522542
2.000000
2.902091
0.977377
0.657641
1.285607
2.000000
2.450261
1.321344
2.508007
2.775473
0.943854
2.221905
2.033378
1.417228
1.432678
1.392621
0.624106
3.503207
1.622889
3.109075
0.367808
1.596045
2.044954
1.922735
1.758106
2.213336
2.124343
1.873171
3.610657
2.064551
2.013203
4.050889
1.453058
2.491103
3.642855
2.505142
1.003055
2.742990
1.790639
1.565683
0.632660
0.775429
2.313287
3.031755
4.188588
4.364189
3.086044
4.762882
2.434376
1.570025
1.947676
0.283558
1.960094
1.526887
2.000000
4.546749
4.304006
1.717621
2.768214
1.594790
0.402820
1.194945
2.607781
2.000000
4.033394
1.622482
1.813061
0.673537
0.945238
1.787768
1.160180
1.915225
1.357494
2.366323
1.570944
3.063793
2.324373
1.915364
2.058147
1.372574
2.503505
1.541587
3.577887
2.470810
3.117367
2.320458
1.534680
0.621741
0.256394
1.652803
3.381025
2.372277
1.872856
2.301100
3.010069
1.645151
3.353487
0.804377
0.428336
0.548218
1.412962
2.943919
2.275804
0.581618
2.625020
1.877713
0.989744
0.204096
1.292196
0.536143
1.637629
2.003293
0.490673
0.947810
4.731453
3.090289
2.428635
1.723171
0.742318
2.069835
3.824806
2.722971
1.750196
4.542458
2.000000
1.890534
2.758313
0.585010
3.299711
2.641022
1.764449
1.491435
3.519236
2.584076
1.816174
1.643158
2.597969
2.000000
0.733505
2.000000
2.166122
2.346679
3.702934
2.408549
2.000000
1.484565
2.243952
0.968979
2.190322
1.455106
2.898349
0.338817
2.000000
9.847141
1.388443
1.850778
3.324265
1.873380
1.167230
1.764524
1.311694
1.698980
3.074287
2.902413
3.303788
2.000000
2.162608
1.935024
1.443252
1.472756
2.727057
1.396214
2.808935
1.921085
1.891315
2.488284
2.449157
0.416705
2.051177
2.204026
2.830915
0.641746
1.350393
1.949999
2.268140
0.930173
2.192444
3.304711
2.277462
0.168774
3.868527
1.599375
1.212752
1.507178
1.248683
1.919474
1.592270
2.575506
1.850435
0.486846
0.578580
1.710090
0.540754
0.916328
5.641521
2.895062
1.796238
1.557343
1.764170
2.680223
0.972339
0.696113
2.602525
1.764806
1.797743
1.284974
1.968029
0.963532
3.624044
2.551450
2.024061
6.370115
1.385702
2.831458
2.042277
1.843918
3.740767
2.180242
1.323418
1.417489
3.437847
1.655218
4.097718
1.969866
2.002782
1.563846
2.000000
0.703055
2.359214
0.855567
0.802428
0.374487
2.222692
1.523027
0.430773
4.956403
1.432734
1.329227
3.481984
1.926257
0.599089
2.000000
0.898318
2.455210
2.441609
0.943651
1.863505
1.962978
0.939639
1.463406
0.940636
1.825071
2.653324
1.831468
0.307285
3.482262
3.321630
1.960119
2.771554
1.313842
1.213973
3.555170
1.832647
1.459877
0.716637
1.355971
1.829520
2.215770
2.530940
1.254194
3.237448
1.376889
2.931553
2.000000
2.089960
2.529144
2.893707
0.510221
0.640765
0.712317
0.767706
2.157350
2.042765
2.918240
1.176834
2.075927
4.052045
1.881496
3.213746
2.730606
1.478717
2.374424
0.691734
2.000000
2.567620
1.926585
0.613648
2.000000
3.299345
3.822123
0.462606
1.548579
1.507290
2.846210
2.449620
1.526238
1.198609
1.281248
2.714859
4.573436
2.623284
1.259321
1.922095
6.113963
1.790355
0.966305
2.803474
2.000000
2.000000
2.164638
2.878742
2.153834
0.118357
2.317002
3.405692
1.991364
2.053892
2.860926
3.625029
1.069892
1.003775
1.042683
4.224105
2.601492
4.400568
2.363002
2.000000
2.640353
2.571055
2.536440
3.096087
1.472371
0.855313
3.374211
0.963064
0.486826
0.891904
1.809146
1.887740
4.868682
1.821091
4.238853
1.449597
1.338557
3.318450
1.652008
2.346693
1.940146
2.701214
1.644755
2.694030
2.000000
0.896048
1.313093
3.742695
2.000000
0.955889
1.763522
0.559436
0.479141
1.388842
4.827208
2.270226
2.101729
2.475048
2.298256
2.355392
1.614343
1.285563
2.236078
1.224843
2.554180
2.000000
0.580110
1.438444
2.445352
2.763933
0.969662
1.096458
1.204262
1.433150
1.982645
2.000000
3.597319
3.229867
2.850121
2.409484
2.153815
2.179775
1.649717
1.737122
2.057612
1.006589
0.488653
1.950454
0.898931
3.056026
0.629308
1.452369
2.837267
4.400608
2.476590
3.491580
1.604868
0.727121
0.501039
1.532179
0.542305
0.929960
2.078258
1.350388
4.785770
2.822089
2.904427
1.449069
3.787359
2.670105
2.192266
2.751280
2.626194
2.000000
4.260827
2.536377
1.282287
2.906543
1.021208
0.876975
1.894841
2.451042
1.627295
2.667802
3.206515
0.668973
2.141378
2.000000
2.441428
1.743980
5.685070
2.413735
1.122972
1.409780
0.833087
2.982760
0.703236
0.517681
2.303116
0.798883
1.177567
5.529473
4.022996
2.353815
0.923831
1.540900
1.209324
1.578506
1.650661
2.706169
2.049940
1.316411
2.557822
2.010637
3.496589
2.000000
1.864701
0.962726
1.507268
2.961275
1.496782
3.449012
2.471910
0.182459
1.724726
1.660165
2.355083
2.249038
0.578873
2.014283
4.115929
2.000000
0.965053
0.816249
1.137350
2.144909
2.744577
1.259431
0.369182
2.000000
0.671702
2.876096
2.535495
4.287220
2.051193
1.017031
1.052817
1.990917
0.560615
2.574722
1.370930
2.186774
1.853795
3.661260
2.000000
2.871210
2.498619
2.441514
2.337474
2.000000
0.779034
0.702453
2.198994
1.413106
0.925479
2.943096
1.730703
0.978203
1.243371
3.005970
2.165037
0.744448
1.737203
1.438200
0.362236
1.506781
1.343406
2.667027
2.000000
1.528350
4.526766
2.355535
1.052223
2.000000
0.549137
2.156180
3.996427
1.592910
3.268649
0.862865
1.961614
3.852472
1.054591
2.108747
1.897415
0.597825
2.837223
1.749418
2.000000
0.624377
3.251557
1.004751
2.025827
3.018059
1.527478
1.743360
1.117416
0.955767
1.415485
1.345336
1.055036
2.000000
3.121800
1.493811
7.833580
3.591525
2.846508
0.620875
0.300980
2.105278
2.104759
0.616411
1.715663
1.636397
2.666972
2.000000
0.358968
2.000000
2.577972
1.429352
2.480783
2.563150
1.551647
4.455237
1.451429
2.358907
0.449910
0.886107
2.483522
0.509709
1.402420
2.468781
2.063874
2.000000
1.367548
1.842920
1.459473
0.719236
1.808961
0.429723
1.627514
2.283077
1.474310
1.558066
1.160682
2.035634
5.661470
4.049800
1.037872
1.417787
1.162433
2.000000
0.636173
6.284709
1.781504
2.000000
2.000000
2.056819
3.609968
1.602474
4.821071
2.087407
0.995958
2.338239
1.173758
0.633384
1.221002
2.045101
3.505801
3.312491
3.466950
1.017729
4.179777
2.000000
1.337530
1.672668
1.607092
1.353692
1.597025
2.000000
2.251053
2.027685
1.849583
1.654174
2.373535
3.066832
1.510650
1.979042
1.593681
2.096281
2.126145
2.160318
2.901393
2.334957
2.000000
2.785008
1.858619
2.656287
3.111608
3.480434
2.698341
2.306791
1.352016
1.135954
3.460513
0.253689
2.496953
1.238711
0.832845
2.828302
3.008143
3.343033
2.429626
2.231771
0.609701
4.163233
0.939137
3.747533
0.488800
3.764038
2.000000
2.924014
1.855557
0.879496
1.455569
2.100166
3.642628
1.753419
1.583745
1.777979
2.000000
3.475135
3.393981
1.584580
1.411975
0.842440
2.197079
1.452006
1.891106
1.993726
0.815805
1.067090
1.262507
3.060429
2.257063
3.521928
1.728891
1.183293
2.705644
1.602831
2.030248
1.379310
0.738495
2.000000
4.254245
2.112945
2.678924
2.124855
1.717798
4.368787
1.220881
1.802797
3.274723
2.037386
0.541097
4.599019
2.308342
0.931080
0.402742
1.328876
2.054657
0.895123
2.401490
3.164873
3.323413
1.580218
2.215585
2.611712
3.824822
2.054398
2.392017
2.000000
2.512284
2.000000
0.631175
4.660027
2.033311
2.000000
3.470681
0.827309
1.186105
0.153338
2.288229
2.096205
0.554409
1.462814
2.470030
1.389037
0.782527
0.382198
2.000000
1.820590
1.569502
0.963003
2.535963
1.245134
0.511216
3.812318
0.809116
1.210140
1.451644
3.236413
1.926812
2.874585
2.000000
0.399623
1.562771
2.089961
4.158721
2.890875
3.600256
1.231237
1.575894
2.000000
3.344966
3.140337
3.201519
2.053595
2.215869
0.787914
1.249867
1.113638
1.665485
1.007366
2.000000
2.000000
1.330128
1.141650
0.708168
1.180035
1.557883
1.743416
4.067535
0.877617
1.167266
2.000000
0.694342
1.420667
2.000000
2.622347
3.826202
0.848432
2.000000
2.117626
0.656389
1.706308
0.670994
1.395610
1.184944
1.205447
1.432108
0.169067
3.422235
2.034147
1.454008
1.020506
0.314328
1.555769
1.933418
2.169617
0.797514
2.632511
1.992389
5.069882
2.178197
2.942974
3.449997
0.925394
1.153422
1.543200
2.049829
1.552359
2.390709
0.217691
1.015303
0.546676
0.982632
3.568908
3.891134
2.047837
1.734017
2.440822
2.217578
0.230298
0.686580
2.439908
0.116547
2.000000
1.936103
1.409177
1.762478
3.714408
2.124459
1.720183
3.164397
2.111577
0.745866
2.292365
0.796557
3.001563
3.836630
1.578122
1.990299
1.583274
0.557559
0.887071
1.599742
2.000000
0.580060
1.764123
0.880028
2.867420
6.461247
3.927971
2.934390
2.412886
1.865079
1.460055
0.699804
0.814223
0.545570
2.494862
2.000000
1.615833
1.828811
0.742420
2.166952
1.909173
1.470033
1.438767
0.893854
2.524272
0.669831
2.121326
1.946052
2.539282
3.720649
3.224425
1.229653
1.703378
0.513708
0.910178
6.205757
4.485952
1.697750
1.298345
3.658480
1.445597
4.145031
3.975551
0.884007
2.000000
2.452898
2.475708
5.351465
1.047435
1.557079
0.438341
2.000000
0.211731
2.000000
3.922365
2.137465
1.568786
2.750712
6.156891
2.411909
2.060355
1.751752
3.402223
0.601362
1.341933
1.600229
2.000000
2.698415
1.543617
2.000000
1.845485
1.664675
0.626612
0.722965
2.699231
2.316854
5.565172
1.726192
1.721661
2.772349
2.219746
1.667345
2.000000
3.438954
3.673787
2.558165
2.795182
1.385864
2.162546
2.136988
1.699800
0.274039
1.045758
1.303405
1.649528
1.808086
2.278610
1.043451
2.000000
1.908549
1.015029
1.599533
5.307580
1.375466
2.179391
1.989623
1.435922
1.030264
2.084365
1.307251
4.771220
0.740654
1.089743
3.612906
2.000000
2.331808
3.842602
2.360796
2.910920
3.691517
0.939912
2.727982
1.270142
2.796612
2.227231
1.125833
3.063914
0.448947
0.184396
1.945605
2.024685
1.202896
0.808164
2.576922
0.869039
1.476925
1.489860
3.309999
1.428254
3.929286
1.742476
2.311657
1.130726
1.697991
0.812737
1.667850
1.272246
2.534645
1.057130
2.212012
2.146048
3.113670
2.270421
1.875744
1.361886
1.504530
2.764590
2.135987
3.012563
0.653147
3.728205
1.153036
1.554137
1.383059
1.333628
0.788111
2.014041
3.421708
4.818955
1.512298
0.346287
1.893512
0.980978
3.351649
1.159125
2.285069
6.483342
0.288597
1.466044
1.154608
1.068024
2.357568
1.577850
0.709706
3.722805
2.737200
1.960817
1.884746
1.014064
1.173080
1.736867
2.703016
0.230297
3.004417
0.894948
3.746453
1.092563
2.486717
0.276805
1.320934
1.812751
1.843040
1.479541
0.766277
1.974444
3.004816
1.481886
2.984670
1.056550
1.617184
1.530969
1.749570
1.789195
2.806969
2.303875
1.929444
2.686891
0.502733
0.972093
2.968592
0.415783
1.719983
1.733660
2.505748
2.027483
1.495224
2.021102
3.764100
0.969608
2.714485
1.707729
1.144633
1.169163
2.000000
2.960420
1.913382
1.123363
2.318182
3.776383
0.730007
1.485361
2.000000
0.928601
1.893592
1.723351
2.776610
1.313000
3.504707
1.728643
1.030071
3.900467
0.820035
1.756970
5.501339
3.345191
1.361691
2.653359
2.000000
1.360685
0.868424
0.491548
1.594627
1.257683
1.388862
2.042032
1.431003
2.720450
2.323857
1.249110
1.544442
3.596258
2.000000
1.885574
1.142733
2.030851
1.578141
1.593261
1.735504
4.564724
1.596317
1.929195
1.376733
3.026669
1.000797
2.009341
1.558314
2.157086
2.582762
2.892583
1.302293
1.210542
2.161566
2.021233
2.000000
4.849388
2.343364
1.330861
3.171889
2.105730
4.065482
2.621088
1.778234
2.000000
3.367621
1.649005
4.014149
1.514662
4.971375
2.831242
3.202580
2.000000
1.674864
1.986822
0.947578
0.717700
0.857090
0.992359
1.059446
1.052531
2.000000
3.290212
2.178983
2.000000
2.070588
2.133998
2.000000
3.314359
1.948792
3.824454
2.000000
1.163943
2.000000
2.403859
1.988441
0.367879
2.000000
0.349125
3.382256
1.143742
1.582839
3.069575
1.883839
4.225824
1.517631
2.617681
2.000000
2.076894
1.744223
1.666484
1.744800
1.455161
2.000000
2.243257
2.001976
2.453753
2.317504
3.162433
5.248941
2.821967
0.329827
3.899635
1.823087
0.551068
1.965655
0.700350
3.099756
1.195821
0.626574
2.033427
2.124668
0.534427
2.646637
1.506473
1.533519
2.121165
2.000000
3.397126
2.000000
0.575462
1.273786
4.302259
3.181328
0.238983
1.557064
2.493255
2.429121
0.439032
2.000000
1.064168
3.088561
3.198882
4.295625
4.565860
0.524152
0.965300
2.000000
2.080449
2.383761
2.698564
1.209155
3.372875
2.608511
2.579740
2.964978
3.152398
3.923483
1.344854
0.222552
1.456787
1.619664
1.449601
2.098706
0.809517
1.938998
2.000000
2.000000
1.980501
2.636600
2.000000
2.447542
1.793394
2.231455
0.916465
0.863668
2.000000
2.172811
0.747234
1.673803
0.513180
1.847560
2.507963
2.166472
2.700494
2.252261
3.665347
2.999486
0.372942
1.054002
1.467936
2.907718
3.065653
2.682632
2.000000
2.000000
3.476769
2.255783
1.491278
0.683383
0.693107
0.441818
1.257164
1.655350
2.637456
3.326476
3.131866
0.611059
3.726060
0.675295
1.982800
1.677847
4.120939
0.993836
2.790240
0.785891
4.866945
1.457289
1.921448
1.575131
2.000000
1.350248
5.590078
3.917711
2.551598
1.046463
1.372148
0.569355
4.504452
0.891610
2.388024
2.342110
2.028142
0.165457
1.843133
1.685263
1.011165
0.872813
2.103655
0.432938
2.594747
1.343228
2.000000
0.681998
3.254694
4.843629
0.248821
1.542331
1.275571
2.006960
1.931641
1.775951
2.000000
2.000000
4.340211
5.068550
2.000000
3.001959
1.821028
0.261238
1.351871
1.172539
0.351389
1.072189
0.793610
1.211958
2.337610
2.266820
1.382181
2.000000
2.333942
2.919560
2.761390
1.931732
1.515962
2.122936
1.740747
2.460777
3.488571
1.345573
4.468434
2.000000
1.028665
1.450159
2.462070
0.669935
0.545507
1.626785
2.000000
1.764647
1.856531
1.121720
1.415985
0.796935
1.794688
2.338285
1.474634
2.000000
2.010995
4.161144
0.596383
2.255192
2.933521
2.766510
2.362401
1.036413
1.684820
1.402962
1.551474
2.000000
0.675280
1.633586
2.163294
0.553953
2.756004
2.680789
3.191025
2.338725
0.662604
0.594161
0.818879
1.444552
1.250653
3.093292
1.283897
2.149410
1.868688
1.120055
1.821622
2.705286
0.668824
1.983189
1.168256
3.983363
1.734218
0.878390
1.939626
1.456376
3.416028
1.965148
0.496904
0.454735
0.414460
1.097791
3.219383
2.000000
0.624855
2.000000
1.591557
0.930857
3.931971
2.206106
1.387562
1.422024
0.808135
1.121777
0.962534
2.000000
1.550251
0.714237
0.942274
1.800455
0.588041
2.681831
0.777314
0.582968
1.084483
2.000000
1.028390
4.037652
2.439689
1.718431
0.835294
2.892143
1.454955
8.747388
2.282576
2.012762
1.610879
1.656321
0.608237
0.369702
0.954893
3.136990
0.900176
3.429152
2.345274
2.801435
0.861662
2.170470
2.748374
1.201932
1.394401
1.746934
1.983089
2.000000
0.757173
5.841103
2.000000
1.981672
0.385826
2.908791
3.144882
1.838399
2.060303
2.185819
0.583376
0.883115
1.028167
2.774468
0.630532
1.492955
2.376575
1.545889
3.405967
1.054612
3.038190
0.949658
1.632117
2.502308
1.121535
2.000000
0.973169
2.000000
2.947690
2.155461
1.674065
4.675331
3.186720
2.589346
0.445653
2.231959
0.926177
1.376182
5.525108
1.784487
3.457860
2.300576
2.924078
2.068153
1.949251
1.975140
2.577065
1.326028
2.009010
0.534201
5.026471
1.811198
2.837052
1.457021
3.633217
1.523061
1.549245
1.733589
1.411163
1.626195
1.148270
0.860684
0.749643
1.260117
2.749480
3.059340
4.344972
1.353612
2.546022
4.760213
1.641117
1.607450
0.600181
1.893772
2.020476
2.729904
1.647203
2.106976
2.000000
1.854509
2.000000
0.813823
3.254390
1.308767
2.346695
2.284649
0.554020
1.073364
3.288231
1.260885
1.380365
0.675688
1.258530
2.022586
1.470657
2.631818
3.824166
1.182332
1.795453
1.119887
3.118465
1.675934
1.847225
1.964261
3.155298
1.500369
2.970383
2.200751
0.255679
1.946828
0.902180
0.645601
1.172326
0.188202
3.315088
1.490298
2.205430
0.313527
1.478194
0.673463
2.690076
2.000000
2.994940
3.095351
1.221773
1.470780
2.952836
0.658707
2.217312
1.970168
1.285910
1.384960
1.627630
2.703111
2.322745
2.089761
2.354775
1.783806
2.686977
3.786562
1.465487
2.711372
1.641994
3.967412
2.958069
1.490441
1.219649
1.668444
5.211400
2.369768
0.683620
1.842850
0.959534
1.427066
0.885281
2.854425
2.982600
1.108847
2.767883
3.558945
1.206626
2.219287
1.874906
1.951593
1.208629
1.839276
0.608233
3.339716
1.316279
0.475152
1.574437
2.345820
1.729211
1.872979
1.235773
2.633362
1.829042
1.677115
3.087731
2.502619
2.047153
3.212563
1.750795
3.177800
3.151594
1.183027
1.669267
0.371423
4.027634
2.191614
1.454450
1.918226
4.438973
1.437957
2.972265
2.506627
0.901739
0.397621
1.637549
1.619548
1.430116
1.627447
1.050124
2.908742
2.904855
1.377521
1.858203
1.974270
0.991245
0.660970
1.285244
4.406469
2.267699
2.078792
1.363356
0.993807
3.343726
1.445225
2.000000
0.331744
1.072875
2.164201
2.781871
3.516426
1.890528
2.000000
1.988505
1.077415
1.384526
2.000000
2.199924
2.840876
0.463126
3.360018
1.903528
2.770283
2.777683
0.998371
0.931575
1.103380
0.408920
4.128595
0.550084
4.631557
1.619073
2.000000
2.769842
1.494582
1.183138
1.359223
0.693111
1.740522
2.000000
1.535380
1.635454
1.397186
1.131313
1.898047
1.440477
1.679327
2.536058
1.959270
1.282081
0.925544
0.420340
3.547992
1.215614
3.475997
1.851926
2.110360
1.415065
1.885054
2.203717
1.474582
1.410269
1.126480
2.149846
1.866985
2.222197
2.476780
1.099506
3.094984
1.871626
2.692496
2.618503
10.184104
1.830175
1.927661
4.034537
2.085272
1.091408
0.513421
2.674659
4.378894
2.528203
1.742107
2.591329
3.407527
0.729540
2.522642
3.312838
1.223608
3.528348
2.023470
1.193028
1.552616
2.296727
1.687563
1.263199
2.091006
2.290335
0.434662
1.480697
0.496887
2.320794
0.230669
1.867580
1.925254
1.566949
0.948879
1.909655
2.312013
2.369600
1.728189
1.411914
0.967787
0.427359
1.199215
1.258248
2.033726
1.277621
0.767411
1.816556
1.982270
2.052747
1.886019
1.597756
2.098742
4.025966
1.783175
2.000000
1.443924
2.557391
1.410872
6.294947
1.881922
1.971636
1.330243
2.964265
2.836357
1.585799
2.168867
2.456223
4.496130
0.586007
3.757447
3.614071
1.248314
4.378178
1.180872
1.562005
1.712395
1.519684
1.666120
2.077825
2.091448
0.924821
3.059590
1.068536
2.821588
2.536153
4.162885
0.563758
1.827502
0.239425
0.489599
2.766766
3.428869
1.087716
1.856173
1.295885
1.190477
2.044738
0.945358
2.131322
1.073697
0.592868
1.310476
0.505515
2.035349
3.988025
2.798383
1.580414
0.836867
2.189535
2.163818
1.819823
3.014770
2.380941
5.365173
4.542646
3.193399
2.331715
1.247897
1.800725
2.299354
0.890573
2.424120
1.897821
2.097146
1.799101
3.306577
2.049666
0.422446
3.036992
2.058066
2.740052
1.973626
1.612571
2.406621
2.063103
2.438985
2.839453
1.704700
1.505592
3.835546
1.011543
1.116012
1.265634
2.000000
1.908582
2.865529
1.328150
2.404326
3.254926
2.591136
0.183102
2.719942
6.688566
0.687161
2.481612
0.834284
0.828367
0.781244
3.323463
0.678142
1.833060
1.383173
2.336966
2.350533
0.978511
1.269252
0.404428
1.607852
1.959537
2.251621
1.938138
3.011745
2.000000
1.255142
1.617403
4.244293
2.032220
3.237379
0.852383
0.712098
1.439632
2.597449
4.069932
0.758241
2.074167
0.894208
1.911248
1.088343
1.986420
3.506442
3.855833
1.883327
1.593623
1.530476
1.942074
1.173963
1.673230
3.779589
2.662008
1.435648
1.799459
2.086806
2.082388
0.964266
1.973433
1.586167
2.000000
0.988229
0.930475
2.662870
2.348951
0.973524
1.348855
1.469683
2.223102
1.417865
2.579066
1.758050
1.247028
2.317517
0.380593
2.465167
1.440596
1.489246
1.007582
2.000000
1.579387
0.784855
2.036931
1.733379
1.488609
3.873772
2.000000
1.022014
0.754329
1.885396
1.053527
2.351147
2.215462
1.657012
2.927878
2.194509
0.670258
1.710678
2.000000
4.769204
3.231321
1.841254
1.892030
1.683251
0.985911
2.094080
0.648079
1.329418
1.508604
0.893768
0.965897
1.892369
1.120990
2.000000
2.901685
1.320776
2.234404
1.985914
1.264681
1.071283
0.538538
0.491642
2.174144
4.027335
2.238029
0.224290
0.742849
0.613787
0.682202
1.256815
1.254901
2.352905
0.254215
1.207988
2.000000
2.354713
0.859058
2.146872
0.836544
1.472933
1.365539
2.576502
2.981753
3.468614
0.362325
1.946591
0.456658
1.151446
5.294415
1.464373
3.772036
2.485178
4.810566
1.879110
1.437876
2.228865
2.551410
0.914146
1.954699
2.196589
1.322351
1.322154
1.723573
1.135412
1.817317
0.502841
1.732765
1.982924
2.293979
1.686641
2.129336
2.733520
2.353026
1.169164
4.199964
1.968740
1.851055
1.513302
1.832544
0.829645
1.053043
1.916277
3.485335
2.129925
2.131956
2.555823
1.634015
1.738012
1.832681
0.772434
2.246387
0.964213
1.166983
1.999336
0.883963
2.000000
1.876451
3.481491
2.770621
2.477015
2.098910
0.939180
4.515466
2.743061
1.817047
2.158645
1.853305
5.034286
1.934982
2.759793
2.100139
0.828919
1.610107
1.139904
3.234605
1.835624
0.395836
2.324384
2.318921
2.000000
4.391490
2.596557
2.150271
5.194161
5.826854
2.000000
1.785974
1.660561
4.460952
0.281281
2.870314
2.262042
2.052888
0.925966
2.194796
0.586886
3.778198
1.234839
3.673308
2.292718
1.997715
2.404321
1.748060
0.989240
1.481648
2.294649
2.516098
2.104728
3.330638
1.568759
0.629074
1.079691
2.317242
2.100557
1.256683
1.223118
4.096659
8.059898
0.965180
2.597863
0.805374
3.252880
1.514827
4.130697
1.526227
4.674295
1.462771
1.574918
3.820647
0.457680
2.107812
1.290150
2.178616
2.667593
0.237531
4.474137
0.855976
0.753540
6.623701
3.153999
1.822643
4.328253
1.868235
2.000000
2.478332
3.483090
1.283023
1.143663
1.932632
1.410584
2.000000
1.555368
3.006261
0.477203
3.116143
2.516305
2.571790
1.814730
2.326282
2.000000
4.507404
2.000000
2.402527
4.848329
3.313244
2.572184
1.797522
2.881636
1.437496
2.112643
2.279720
2.342326
1.795629
4.979332
0.812704
0.387947
1.526412
0.340375
0.795534
2.117057
1.069730
0.465611
0.373740
2.024275
1.216753
1.564305
1.436939
1.887936
1.402556
0.643426
1.265198
2.000000
1.803488
2.186145
2.459990
1.401767
2.135123
1.109380
2.000000
2.938143
1.710817
0.898411
1.112752
2.000000
2.596810
2.170497
2.000000
0.959220
0.662613
4.175797
1.743149
1.840823
2.817736
1.512761
1.757472
0.969578
1.901522
0.570152
2.132639
1.399362
1.679176
2.175052
2.492310
4.543194
0.980846
2.000000
1.340499
0.842710
2.000000
1.807328
1.121981
2.842835
4.624624
7.153499
3.145006
1.882380
0.340734
0.379738
2.157496
0.297748
3.841061
1.012736
1.926402
0.299565
1.930571
2.912158
4.665712
2.674372
1.881243
2.000000
3.683306
0.343580
1.113482
2.845482
0.811760
2.441391
2.741901
1.377745
0.502983
1.835371
0.963191
3.671995
2.111238
2.134906
3.765143
2.263592
2.000000
2.849874
2.439547
2.580740
2.121401
2.169244
0.550508
1.403963
2.288451
2.184877
0.198752
0.733092
3.836390
2.051977
1.647535
1.632586
2.000000
2.035878
1.524143
1.668038
3.576794
1.503064
1.567495
0.487690
1.892550
2.154861
1.341517
3.157024
2.074415
2.000000
2.000000
1.877242
0.415728
0.548901
1.968363
1.424945
1.570021
0.784302
3.312404
3.688982
0.217134
0.537332
3.957829
2.514834
0.393479
2.728950
1.999033
0.519550
2.632008
0.721087
1.199754
2.000000
1.298067
1.160286
2.032085
1.048987
2.245539
2.406465
1.859783
1.070644
1.607957
0.492486
4.042371
2.717518
1.912542
2.828086
1.410648
3.898166
1.768251
2.202588
1.347183
1.975377
2.184570
3.130471
2.814054
2.439174
0.553233
1.411392
2.271328
2.576856
1.161710
1.467351
3.048727
1.249852
2.283716
1.653039
1.797711
2.518374
1.936469
1.387325
3.391754
1.001899
1.927993
2.123032
2.245885
1.919964
4.018052
2.674952
3.168390
2.385028
1.562772
2.109163
1.859434
1.628414
3.400100
0.877245
1.561032
6.952435
2.040728
0.943379
1.713395
2.829183
0.600601
1.858194
0.518868
1.235127
1.203567
1.081493
0.634212
0.315088
2.053712
0.918468
2.179595
2.063828
1.481062
2.000000
1.997200
1.114865
1.762595
1.062165
2.001500
0.368217
0.478973
0.774115
3.228808
2.656224
1.219882
2.000000
0.204822
1.183913
1.798785
1.006818
0.657391
4.071317
1.395106
2.045777
1.144954
1.911825
3.224117
2.397214
1.371568
2.493711
2.000000
2.235349
0.627385
2.909572
2.108071
2.282199
3.087777
2.151791
1.828279
1.353979
1.093577
0.989803
1.439328
1.597288
1.506962
0.478276
2.316304
2.480177
3.026710
1.870526
1.491218
2.404402
0.878284
0.580699
2.936587
1.600455
0.498821
0.839322
1.833189
1.147151
2.870497
2.502704
1.585452
1.458634
2.144492
3.731643
2.000000
2.171134
1.586694
2.543283
0.319444
2.606164
0.887395
3.350190
2.954036
1.264934
1.986073
2.544768
1.788853
1.397446
1.200153
2.000000
1.379562
0.688065
1.868026
0.572267
2.699732
2.291245
1.047841
1.706471
0.499479
1.681026
5.034040
1.719225
1.796049
3.454646
1.037769
2.699855
2.000000
1.555259
0.353260
2.338518
2.817711
1.387861
2.856679
1.697022
1.169025
2.501457
0.554462
1.166219
2.097158
1.440388
2.260723
1.196085
2.232359
4.300511
2.709427
1.345071
0.763697
3.671662
1.133346
0.391321
1.607790
1.024101
3.228808
1.647363
0.464514
2.068025
1.262763
3.654695
2.063670
0.242002
1.614699
1.009969
2.176779
1.733360
1.748219
1.552605
2.311099
2.000000
4.336721
1.112944
1.220592
1.151635
0.370372
3.268268
0.743197
2.000000
1.163490
1.625657
0.748220
2.416036
3.056889
0.296009
0.972434
1.480610
1.274407
2.201431
1.796967
0.440940
1.930371
3.559332
2.000000
0.917226
0.694600
1.595427
1.725427
0.338981
0.416199
0.418506
2.603843
2.000000
2.000000
0.457474
2.614032
2.004231
3.434079
1.930554
1.307136
2.979305
1.841365
0.444771
1.635701
1.575354
2.000000
2.275908
4.877270
5.599761
0.751867
1.354729
1.674623
2.000000
3.634883
1.095888
0.148518
2.327645
2.000000
1.016731
1.727120
1.876587
0.778089
1.241309
3.761041
1.510413
1.079757
2.219416
1.021219
1.509050
2.028667
2.092308
1.712194
3.438312
0.972345
3.551399
4.150784
2.083725
0.169319
1.948151
2.436057
2.000000
3.888954
2.794614
0.845793
2.694822
2.438665
0.886092
1.046378
6.494437
0.916010
0.899834
2.531506
2.520777
2.328444
2.417721
1.526834
3.618049
2.810429
2.000000
1.885821
2.406645
1.696053
2.961055
1.930865
2.164122
2.335232
1.900512
0.553523
0.304482
1.652641
1.597412
1.663079
2.000000
0.903658
2.000000
1.234037
1.702811
2.536954
3.386594
1.629449
3.274010
1.457381
4.537478
1.082697
2.377041
1.554402
1.287723
1.443903
1.896794
2.142212
1.757821
2.265397
1.662872
5.120587
0.930184
1.745105
0.916371
3.089730
0.371534
2.041782
2.858939
0.680272
1.265422
1.765404
0.734817
3.517700
3.180440
0.584877
0.976556
1.770126
1.328441
2.000000
1.600975
3.132428
1.919965
2.000000
3.215307
2.715907
1.858870
4.419650
2.000000
2.091682
0.970451
0.549280
1.971264
1.341502
1.581267
0.874252
1.093205
2.609623
2.000000
2.045267
0.307446
1.377785
0.666597
1.286000
3.750902
3.573722
4.057792
1.030085
1.312345
1.651957
3.242415
3.707989
2.000000
0.522699
2.052903
2.063289
1.483376
1.249987
1.959760
2.522399
1.713669
1.287506
1.318568
2.172987
1.768146
3.990322
2.000000
1.191037
1.688923
1.209580
1.372931
0.411794
2.581399
1.258856
1.427280
3.282211
1.023965
2.147821
1.396498
0.569136
0.827463
1.690045
3.218610
2.319635
1.478531
0.438810
1.342606
1.880907
0.338010
2.398553
1.368176
1.111004
1.476491
4.146376
0.710994
1.942297
0.411729
1.617817
0.772320
1.031118
2.993656
5.082422
2.939357
0.922317
1.470707
2.073430
3.609565
0.560293
0.969778
4.415803
2.515799
1.907936
4.230721
1.515209
1.233700
2.040973
1.998689
1.851933
0.470955
0.247991
2.151408
2.121196
1.850761
3.201043
1.004565
1.840697
1.128162
1.861849
3.504497
1.049464
2.607238
2.461121
2.390820
1.492022
1.151495
4.937046
1.659363
2.128420
2.398240
2.688541
0.492312
0.558317
1.435293
2.000000
1.504239
0.280361
0.571442
2.000000
3.728497
4.305787
1.515601
0.884341
1.168828
2.103749
3.105710
2.951563
0.415812
1.828275
0.981736
3.254130
2.768284
1.899599
2.295716
1.195698
5.376826
0.658622
2.038436
1.157005
0.730627
1.259014
1.830860
3.300858
2.070622
0.592600
1.516118
1.485472
0.533547
3.419602
1.333469
2.379244
1.117040
3.463856
1.886857
1.221728
3.115877
3.350998
1.834378
2.701731
4.609313
1.492595
0.239791
2.000000
2.773383
2.674864
1.181273
0.869487
1.413310
1.656255
1.893946
2.097718
1.319164
4.578035
1.682072
1.933977
2.439099
2.091356
2.435292
0.476221
2.000000
5.136533
0.692786
1.919798
2.000000
0.955111
0.739412
1.987344
2.083706
1.910724
2.436092
1.143111
0.426273
2.393246
2.000000
1.493858
3.497905
2.388380
2.000000
2.341572
2.354156
0.642579
0.729029
0.397536
1.969678
2.000000
1.162331
2.041883
3.113390
1.387256
2.004804
2.000000
2.000000
2.000000
3.195320
4.052165
2.323177
1.736427
2.000000
1.613556
1.701746
2.055633
2.000000
3.008473
2.523074
3.581709
3.187634
0.768816
1.591906
1.599755
0.981996
1.294346
2.129401
1.626387
1.957506
2.019179
3.210040
1.420009
2.000000
1.036075
2.000000
2.806983
1.377152
1.429082
2.355536
2.270880
3.310775
2.242317
2.618804
3.194086
0.488196
3.525142
1.918978
1.945607
1.789843
1.448671
1.067736
1.072444
1.789941
0.745723
1.681522
2.023067
1.760976
1.438257
4.005401
1.967922
2.897799
1.001362
4.254266
2.190836
1.699574
2.287674
1.869560
0.332338
3.262982
0.659314
1.853807
3.964146
1.876928
0.987420
2.148189
2.325975
1.732381
1.511291
3.038185
0.464769
2.016622
2.000000
3.580649
2.002719
1.988517
0.370781
2.210107
0.514126
2.279035
1.164879
2.091819
2.000000
2.312689
2.734859
3.388594
2.000000
1.220855
1.962518
1.284232
1.432420
2.091339
0.429971
1.747542
1.596291
1.382237
2.000000
2.399814
0.436758
4.666996
1.338427
2.000000
0.540303
2.134635
1.272516
2.497972
2.359148
2.000000
1.925545
3.232580
1.511360
1.385455
1.542206
1.515500
2.002038
1.488229
1.711606
3.232571
1.379130
1.170953
1.096318
2.000000
1.729570
2.770996
2.320641
0.472665
1.140798
4.182584
0.653722
2.417270
1.564841
0.118884
1.881883
2.000000
0.532908
1.962627
2.688305
1.674143
1.850298
1.659788
2.762650
0.818265
3.015546
1.646053
0.352341
3.065618
2.000000
0.768507
0.446195
0.616325
2.090578
1.209046
3.851222
1.613526
1.055369
2.000000
1.909592
0.868166
0.676012
1.986149
2.878989
2.604697
1.718800
1.756622
2.281914
3.692855
3.862386
2.782264
4.252349
0.880180
1.149669
2.711831
1.928522
3.249728
3.428992
1.072314
2.882047
0.555971
1.199785
2.000000
2.329298
0.676791
2.049428
2.766300
4.672389
2.278692
2.044274
0.386571
1.462894
2.997776
2.000000
0.445769
3.695739
2.155702
4.984221
1.218510
6.518299
2.418804
2.157982
5.546616
0.644321
1.009530
2.144272
1.572275
0.442974
3.505868
0.993010
1.345952
2.000000
0.450768
6.122050
2.174255
0.761473
3.280116
3.246780
2.033994
2.000000
3.509409
1.006085
2.052711
1.803315
1.620676
2.000000
4.820605
1.682729
2.000000
1.137492
1.777055
3.325786
1.436648
3.227066
1.638682
2.101122
2.000000
2.098864
0.835238
3.503379
2.834842
2.364416
0.504836
1.811282
0.380406
4.056334
1.614193
1.454937
2.801890
2.357899
1.914517
0.662488
2.635408
3.369988
0.653682
0.535056
1.878535
1.970241
0.788049
2.000000
2.365621
0.614717
0.835429
2.986605
2.804279
1.534602
1.691802
0.608123
1.945984
1.079828
1.112575
1.110526
2.205075
0.893944
2.298204
2.281674
3.003049
2.691848
2.000000
0.649943
0.994379
1.655918
0.819811
2.442922
1.465627
2.681423
0.904888
2.074121
1.998583
1.821389
1.427249
2.355297
2.207446
2.205762
1.135387
3.627443
2.565584
2.734895
0.383149
3.340682
2.202832
3.099694
1.707887
3.375620
1.969216
2.000000
4.608305
0.279380
2.034113
0.356205
4.657868
4.157864
0.592473
2.394502
2.101034
3.327031
2.305469
1.472722
0.787534
3.162301
1.787059
2.226998
2.155700
0.782824
2.000000
1.619385
2.108715
3.917037
1.187749
2.000000
1.207320
1.227405
3.389132
3.281460
2.000000
0.343998
4.982485
2.939147
0.225324
2.000000
0.756721
1.122540
3.276677
0.436682
2.000000
0.452144
3.074601
0.414732
2.243416
2.451215
2.516290
3.079431
0.836271
1.509472
3.712275
2.000000
2.000000
3.825886
1.646292
1.819996
4.325341
1.850386
3.175255
0.808223
3.505219
1.827932
1.118704
2.735058
2.797153
0.651019
2.000000
1.845091
3.149892
1.075077
1.081031
1.116916
7.097724
2.000000
0.575059
3.273575
1.956112
0.231162
1.764489
2.000000
3.195929
1.094748
1.486317
5.215210
1.836641
2.064031
2.000000
1.720072
1.055103
2.000000
3.267960
1.678239
2.016529
0.544737
0.845360
1.203118
1.306037
2.000000
5.547211
1.411332
2.366970
1.038962
1.018714
1.377131
0.611836
0.918045
1.434894
0.844747
1.588618
3.695154
1.208822
1.774308
2.021604
0.740905
1.444261
1.751269
2.832804
0.935222
0.726697
2.522665
1.081836
4.953100
2.512859
2.236013
2.636714
1.153149
1.344130
0.623354
1.887427
1.318678
1.829880
0.496854
1.679568
1.192039
2.000000
1.054003
2.601660
1.020057
0.967122
3.456597
1.732186
2.131230
2.000000
0.374418
1.420364
2.192247
1.605780
2.000000
1.349544
1.725456
1.906523
1.408948
0.866152
2.098510
2.321183
1.541817
3.591281
3.248850
0.620035
0.715469
0.938037
1.943933
2.557370
1.268526
1.163940
1.669560
2.375747
2.000000
2.481257
1.421620
2.790371
1.633250
2.635812
0.968082
1.560787
0.406322
2.105819
5.505841
0.475874
1.773825
2.980553
1.676998
1.014127
3.017955
1.510900
1.970209
3.656880
2.246843
1.777309
1.459537
2.642977
1.224110
1.841949
1.378521
2.740327
2.556320
2.043285
1.554245
2.000000
1.763305
2.101044
1.558398
1.396351
3.772416
0.954043
1.621231
2.187827
2.501452
1.579482
1.061807
1.573794
2.315421
1.097066
2.742705
0.798493
1.329995
3.918727
0.573722
3.074520
3.178208
0.358733
1.586433
2.387620
2.924794
2.169265
1.761085
1.648726
2.660244
3.838453
0.789881
3.366081
1.957172
1.765843
2.893578
2.000000
1.192390
1.585933
4.271285
3.638413
2.667987
4.881192
3.308074
1.055529
1.011941
2.906159
2.000000
4.309770
1.918431
5.240039
0.159871
1.714108
1.631892
1.133314
2.000000
1.709921
5.617645
0.845217
1.706766
2.000000
2.695881
0.857420
2.817511
0.920402
2.172913
2.000000
0.747689
0.836917
1.236480
4.274317
1.587681
0.555989
2.785399
2.133120
1.844610
1.430982
5.483388
2.601314
0.929505
1.355501
3.986150
3.300407
1.385775
3.005371
1.442325
1.489754
1.544706
1.362648
1.604179
1.274268
3.314540
2.568201
0.826427
3.634907
2.926141
1.450856
0.935813
1.454759
0.904988
1.813083
0.766987
1.716109
5.137464
2.078146
0.963430
2.790320
0.732083
1.487305
2.414424
1.300190
1.042675
1.509820
2.235811
1.933680
1.003799
3.279989
3.542219
3.532914
0.390435
1.181560
4.083759
0.347475
3.654132
1.095170
0.690528
2.112673
0.488029
3.411229
2.171288
1.699251
1.258433
1.909357
3.960294
0.682357
2.000000
0.670938
3.298135
2.148482
2.798129
1.982628
1.656869
2.204586
1.117594
0.471918
2.813273
2.460937
1.835560
2.073547
0.490010
1.456941
1.815790
3.144972
2.000000
1.896218
1.274435
2.096401
2.052366
2.585717
1.710948
2.573003
4.688072
1.802213
2.052933
2.479570
0.587213
3.696822
2.000000
1.774068
1.664214
2.181851
3.300260
2.082583
1.502200
4.189282
2.099119
1.619735
1.079982
0.597100
1.495783
1.587508
1.590325
1.025012
0.939424
0.288439
3.955232
3.747599
1.772989
1.009837
1.970528
2.000000
1.661073
1.478728
0.959235
2.731589
0.838900
0.673960
2.776547
0.468264
2.410399
1.687308
0.577500
4.819041
2.767713
2.792603
2.256889
4.030226
0.293865
1.283566
3.682353
1.438500
2.142569
2.000000
1.230002
1.612017
2.357681
2.246248
6.905969
1.733536
1.526036
1.402385
1.620552
2.000000
1.927672
0.235911
1.906868
4.893213
1.874076
1.769017
1.033787
3.428782
1.883370
3.695549
2.301601
2.114894
0.695261
0.824369
2.024971
1.622797
0.987007
4.170629
4.031423
2.261208
2.247567
1.612616
2.732872
0.955726
1.368403
0.132506
2.165231
4.060960
3.363245
3.453155
1.872870
0.978646
1.508728
1.643381
3.614940
1.423154
0.560508
0.396218
1.965848
2.574060
3.518794
0.671047
1.662996
2.000000
0.443538
2.895238
1.043243
1.568806
1.527611
2.892642
3.406380
2.000000
3.092076
0.791958
0.407461
2.907127
2.288045
2.124224
2.084599
3.177405
3.294860
2.000000
0.412419
0.958115
3.485122
1.583877
1.818102
2.389799
1.841004
2.379680
2.000000
2.000000
0.653187
2.187449
2.112932
0.916383
5.033379
1.046222
3.719125
1.242345
2.330692
1.299072
1.081104
3.156773
0.677585
0.943374
1.940868
2.397472
0.641243
2.773196
2.023758
3.803491
1.365267
2.522984
2.408252
0.557914
2.525263
2.040670
2.564975
4.536281
1.554725
4.831628
0.838111
2.254683
1.255752
1.874354
2.042818
4.002009
0.354444
1.273270
2.406682
1.491545
1.201012
2.000000
1.821537
1.189646
0.554288
1.525147
0.636199
2.377500
1.449790
2.533140
2.000000
0.689777
3.616094
0.533485
1.396491
1.359584
3.421300
2.879950
1.996778
2.107192
3.026943
1.059441
1.116509
1.823072
2.000000
2.633829
0.514630
2.470018
0.668556
2.564446
1.563867
2.499584
0.737169
2.399636
0.540624
0.412631
4.956306
1.790397
1.488159
0.689125
0.659597
3.412680
2.000000
2.684018
2.681403
0.989881
2.000000
1.426586
2.696542
3.000888
2.788594
1.814663
2.009054
2.147986
2.000000
0.818784
2.323337
2.000000
1.264553
0.281771
0.444261
0.444106
1.539569
2.867234
2.156278
8.183032
2.455161
2.533200
1.930918
4.647720
1.121797
2.619133
3.932476
0.828684
1.604518
1.948865
0.452816
1.784398
2.085249
1.408395
3.026456
1.829457
1.614390
1.888217
2.643050
1.846283
1.534452
1.731336
2.000000
2.000000
2.625709
2.803551
1.640436
6.312538
1.332692
2.000000
2.582896
0.659838
0.615896
1.590815
0.769660
0.757097
3.581500
2.160341
1.655101
2.109814
1.632521
0.536267
0.925160
0.556138
1.646645
2.411535
1.430761
0.700094
3.350528
3.290832
2.027837
2.443632
4.486052
2.000000
5.113051
0.946603
1.666813
4.545058
2.954445
2.491731
1.428607
0.470330
2.830847
2.000000
1.891078
1.455882
2.715888
3.094324
2.000000
1.906357
1.176155
2.146088
2.045382
1.127275
2.000000
1.297485
5.264309
5.939710
2.258904
2.165542
1.185788
1.633296
1.674357
1.373703
0.897462
2.484712
1.284196
1.901706
3.498921
2.334536
5.888514
1.521632
2.388224
4.028762
2.509218
0.953152
2.548290
2.602770
0.447591
2.248623
2.610268
2.348184
1.044100
1.129238
2.188249
0.921196
1.791934
2.861101
3.204786
1.575895
1.412058
1.721206
1.329161
1.492895
1.936132
2.263009
1.928273
1.628968
1.440059
1.260647
0.682607
2.310639
0.566546
2.126114
1.067070
1.299030
1.220719
2.315431
1.574877
1.107435
3.299911
2.000000
2.000000
0.696124
2.513826
1.106186
2.365524
1.757279
1.574192
1.164011
0.666618
2.092432
2.154697
1.636174
0.944496
1.444183
1.575882
0.930624
2.020629
1.471290
1.543680
4.306591
1.504770
2.011236
0.843410
1.342558
5.997851
0.876663
2.569207
1.786772
1.558982
1.543871
2.000000
1.803560
1.481026
1.596533
2.975399
2.124364
3.981998
3.308563
3.467218
0.445735
3.163207
3.235437
1.683761
2.040293
4.824657
1.789443
0.847600
1.737482
2.000000
1.698195
3.677788
0.858962
2.290117
1.791603
2.573190
0.323698
0.227479
3.583697
3.403726
3.393916
3.228117
1.297327
0.853189
1.322473
0.382149
1.259352
1.422705
0.836478
0.428474
1.772834
1.259413
1.727065
1.453162
0.404597
0.945640
2.063249
2.732390
1.941265
1.922262
2.677641
1.297533
1.920243
2.621074
0.949099
1.955847
1.622997
1.874071
1.652527
1.107987
2.662716
2.800686
0.689901
2.410723
1.876187
2.000000
1.874742
1.061747
1.203019
0.805054
1.245720
0.816717
0.984605
3.066359
4.054069
3.718272
4.089232
3.390674
2.000000
1.443815
2.735496
2.282399
2.440910
1.663992
0.579197
1.163237
1.558356
1.923159
1.328140
1.873260
2.157630
3.067625
1.989979
0.571241
2.035683
1.580539
1.856808
1.872947
1.496161
2.840903
2.051485
0.302367
2.761267
1.616856
1.589117
1.678452
1.959298
0.512319
0.762367
3.032311
2.763639
1.314250
1.620845
1.881471
1.955609
2.000000
1.694363
1.556321
1.919625
2.358191
1.624410
3.614469
1.939955
3.684016
1.821476
0.864303
2.000000
0.893888
2.867116
2.000000
1.741691
1.235916
1.292276
0.360131
1.687235
2.682341
2.385569
1.778933
2.213545
1.973617
3.360227
1.825298
2.000000
3.861147
1.141826
1.660645
0.394406
2.280410
1.978105
0.967975
2.614911
2.458356
1.581336
3.169321
2.214286
0.531636
1.390346
5.366717
0.507534
1.178123
0.442721
0.838922
1.008778
1.939863
1.022668
1.665879
0.676739
3.160778
1.242736
3.968089
0.795407
3.434650
3.382018
2.289970
2.442888
1.306107
3.887873
1.892173
1.792234
1.230340
3.467346
0.735512
3.005083
1.457893
2.173622
2.239137
1.266370
3.563521
1.249727
2.431390
3.480402
0.765908
2.002805
4.912774
1.617460
0.578044
2.432717
2.000000
0.606064
3.135988
2.764678
1.134936
2.940495
2.367608
2.114646
1.424903
1.744896
3.740593
2.501342
2.518487
2.089746
3.854108
2.000000
2.806895
2.009359
2.078162
2.647405
0.863118
1.591582
1.762798
1.336280
0.929916
2.347598
2.509299
4.435237
2.936535
1.227692
1.712768
1.559734
2.442367
1.924116
3.215382
0.541973
1.792674
2.078266
2.505684
4.307233
0.228844
1.575256
0.837400
1.045142
1.981071
2.431878
2.002416
0.364422
1.877551
1.154319
2.788075
0.422792
2.243523
4.327052
2.000000
1.195450
2.000000
3.086182
3.469151
1.212183
0.924287
1.438469
2.816700
0.872527
2.000000
1.077945
2.000000
2.471523
2.000000
1.897051
0.715905
4.240803
2.000000
1.763306
2.327189
2.597117
2.783374
1.879310
2.242287
0.597312
2.927261
1.867844
1.601946
1.051082
4.044727
4.816861
1.095454
3.144789
2.833649
1.735063
0.959455
1.737422
1.962685
2.522202
5.686897
1.018402
2.107912
0.694052
3.398111
2.000000
3.472379
3.195585
0.857921
2.000000
1.187455
1.335790
3.029147
2.795345
0.765148
2.312953
0.816250
1.357910
1.992165
3.428498
2.413330
2.558378
2.539110
1.879622
2.000000
1.195781
0.529564
2.381808
2.900625
0.956838
1.936663
1.209018
0.952250
4.157162
2.189396
3.686344
2.087772
1.673398
3.053975
0.789741
3.739952
1.201102
0.185012
3.792662
2.000000
1.981460
2.000000
1.710086
1.494383
1.933336
2.761452
0.996368
3.448872
0.595692
3.862044
1.991096
1.992055
0.705010
0.786291
2.939873
0.836258
3.276465
1.217637
2.700133
3.278743
1.469594
1.576810
3.492791
3.032646
1.073374
2.020524
0.777065
2.000000
2.790040
2.000000
2.958093
2.746732
1.802864
0.480003
0.619186
1.830484
2.158634
1.831006
6.968029
1.075220
1.925650
0.959674
2.042374
1.638571
2.534541
2.102263
3.336572
3.561464
3.865046
2.002035
1.492228
1.766132
1.369384
2.919982
2.678041
1.445339
5.500631
2.174626
2.334259
2.000000
0.264567
0.922516
1.538221
1.288663
1.308300
2.655498
1.686888
3.990067
3.203381
0.127208
0.758594
2.152035
1.245045
2.429140
1.938527
1.205307
2.000000
1.428994
3.603599
1.929901
1.710348
4.409044
2.766862
1.861516
2.694671
0.511266
3.825380
0.881833
1.334119
0.545594
2.000000
1.364794
1.824008
2.471114
3.204572
1.890659
0.696554
2.809829
1.980596
0.809296
1.875196
3.091554
0.842229
2.129299
2.213675
1.613886
3.060894
3.031842
1.190183
0.482078
3.003068
2.000000
2.375766
2.664451
0.284246
1.631110
2.899985
1.068308
2.272980
0.783961
2.000000
2.000000
1.888527
0.607008
1.016182
0.535462
0.532859
2.218195
1.745718
2.000000
3.020873
2.459937
2.000000
1.802765
1.714078
2.384014
0.866265
0.802158
2.119628
1.210865
0.668036
1.502502
4.112399
2.388759
2.425737
1.713492
0.226568
2.000000
2.000000
2.953526
1.417915
1.691896
2.174260
1.366303
0.709955
2.182312
2.240462
2.200006
3.814260
2.843512
1.318505
0.977203
1.781011
4.623945
2.902580
1.584794
2.111720
1.892061
2.659763
2.604663
4.245690
3.655684
1.944175
1.308178
0.555591
1.703065
3.302378
2.000000
1.223575
1.303425
1.653519
1.544266
2.000000
1.043906
0.723603
1.704028
0.680304
0.991570
1.235344
4.296679
2.000000
3.905209
1.012024
2.438965
0.891123
1.315750
3.582266
0.558028
2.670938
1.842489
2.794462
1.402344
1.798859
2.000000
1.586897
1.429756
2.509806
2.066345
2.000000
1.140477
1.215138
2.981674
4.310457
2.853050
1.060783
3.150230
1.422073
3.890341
1.662386
1.015281
0.496527
1.355871
3.319428
5.913136
1.836360
1.667095
2.673923
1.173471
0.312486
3.780821
1.132838
4.234486
2.130386
3.309044
2.128808
1.603140
3.268295
1.554034
1.511724
3.110016
2.000000
0.847757
1.816097
1.444252
1.930370
3.984746
2.823797
2.452189
1.457949
1.284274
1.381506
2.488653
2.000000
2.000000
1.743394
2.328840
2.605026
0.834584
1.896084
1.716785
0.660399
1.254954
2.335324
0.901389
5.477992
1.916785
1.593958
0.761438
2.891994
0.926209
3.730760
1.857237
1.424116
0.867492
1.096016
1.164687
1.989015
4.416510
1.153338
0.862613
2.406666
0.300660
2.000000
1.116694
1.738436
1.473565
0.208806
0.714910
2.966160
3.813852
2.755530
1.348291
1.176914
1.931296
1.602648
1.348351
2.000000
2.927265
1.900450
0.333533
3.506490
1.388600
3.320400
0.385423
1.632743
2.000000
1.701670
1.707957
2.370486
0.495801
2.910172
2.350294
1.386321
2.069561
1.784879
2.000000
2.194053
1.921382
2.060706
2.137603
1.049052
5.165543
1.561399
1.918132
2.850848
3.250739
2.750593
2.686749
1.334688
2.470991
4.492835
1.338952
3.201833
1.693250
0.858826
0.555455
0.927102
2.813331
0.612629
1.538311
1.701747
4.318230
2.000000
1.574329
0.688106
0.264825
0.693759
3.315104
1.623664
1.150199
2.023005
4.051070
0.740026
1.927234
1.628989
1.000155
1.774792
0.828923
1.968850
2.972457
2.439047
2.000000
2.258908
1.050603
2.921700
3.960279
2.000000
2.979484
1.755911
0.208673
3.184987
1.774366
0.875917
1.299905
2.000000
3.505345
1.627952
1.567213
1.684499
5.059898
1.565512
1.316255
1.263415
0.804057
1.565065
3.682013
1.897034
3.074762
1.228435
2.000000
1.004391
1.579585
0.473284
1.913238
0.638029
1.525012
2.462796
2.392755
2.099789
3.296596
2.125996
0.558276
0.338085
3.517740
2.907960
1.606287
1.705197
1.324779
5.645337
1.085652
6.309368
2.518943
1.680676
3.055478
1.753191
1.521609
5.915654
2.000000
2.478409
3.258965
0.737105
2.227739
1.550454
3.029443
2.447071
3.733782
1.738932
2.000000
3.042890
2.000000
4.334743
2.171514
3.079722
2.004598
1.436936
3.866068
0.366628
3.112960
5.281944
2.023496
1.957937
1.723222
2.769579
1.750216
1.423596
1.628550
1.392087
1.510258
1.736701
2.000000
3.056292
1.090545
1.761048
2.000000
1.428810
1.310520
0.766648
2.148501
1.521537
3.145167
0.619265
5.372141
3.008755
4.665569
0.251920
0.847006
2.403069
4.074889
2.725019
3.222080
2.415596
2.463174
1.162116
0.999923
1.931498
3.835749
0.472690
2.102478
2.323287
1.434092
1.506003
2.157578
1.046379
2.041744
1.774518
3.189368
1.747736
1.534383
0.899777
0.427526
3.143029
1.150626
0.692773
1.785593
1.455508
1.699856
2.426228
2.000000
1.538408
1.917798
4.251102
2.149730
1.670751
2.030478
1.745403
4.967071
4.957518
1.839692
1.494169
1.128416
1.141406
2.265681
2.092142
1.834164
3.457800
3.288108
1.897681
1.869605
1.100689
0.206106
0.854910
4.178528
2.703109
3.140911
1.475472
1.803172
3.022974
2.811095
1.256103
1.273001
1.831697
1.105349
3.065233
1.784873
3.262820
3.275941
1.796134
1.761378
2.597097
4.272852
0.554894
1.586634
0.906463
2.458041
2.226747
0.349674
2.552577
2.015948
1.426156
1.161460
2.000000
1.685847
0.746910
1.578876
2.122510
2.019347
2.342999
0.174717
1.453603
2.661273
0.701306
3.685441
0.361208
1.179393
0.635158
1.995411
2.021511
2.237305
2.327444
1.067268
2.464902
1.339106
2.722987
4.661934
3.679435
1.869365
3.792627
2.152237
2.000000
4.503037
1.498587
0.458430
0.959031
1.340254
1.323464
2.183708
2.495846
1.392445
1.157065
2.000000
2.000000
0.660058
1.588100
3.513272
2.000000
0.575224
0.505223
1.794287
1.521514
1.362672
1.304321
1.948078
1.570007
3.953263
2.000000
3.536419
1.873120
2.000000
0.795823
1.957758
2.605212
3.794785
2.085412
1.746051
0.959216
1.847077
4.318517
0.423694
1.807043
0.412574
2.858570
1.106191
2.161350
2.123412
1.907634
1.201912
1.836153
2.105723
0.361840
1.363051
2.000000
0.806103
0.927329
0.625750
1.797627
1.528964
1.082245
1.181207
2.277555
2.042139
3.577187
0.345991
1.155311
3.651675
2.244431
0.759889
2.191438
1.841838
1.318535
1.961638
4.961806
1.591150
1.289113
1.781402
1.060239
2.942914
1.711082
1.277081
2.190592
1.727296
1.629156
2.701653
2.223214
0.808146
4.605948
0.421091
5.999408
2.447665
3.048215
1.445151
1.536513
0.539679
2.000000
1.480071
1.384630
1.205508
4.908985
0.464912
2.135046
2.371461
3.980439
2.292450
1.892453
2.272503
0.812582
2.039966
2.000000
0.665721
1.381562
2.000000
2.000000
4.344386
0.187147
3.861421
4.634697
3.526823
1.584542
1.366805
2.275640
6.017367
2.621153
6.245885
2.334258
2.042867
1.219065
2.116361
0.915251
2.952295
2.778559
1.913024
1.062564
2.205216
0.228991
0.600484
3.674161
1.998399
0.394338
2.105623
1.509936
2.155081
0.979491
0.730581
2.719941
3.408386
2.472680
1.499895
7.586741
0.658242
2.000000
0.933792
1.037987
6.172992
1.705119
1.015543
5.340355
2.061176
2.384398
1.165385
1.570938
2.195676
2.371565
1.167737
0.639762
2.000000
1.982837
9.034125
1.382118
3.105658
1.689787
1.516670
2.171256
2.340962
6.738770
2.799871
1.738858
0.643813
3.652603
2.391456
2.572735
1.886813
2.226351
2.701892
1.635784
4.497592
1.366470
2.417632
2.110012
2.408714
3.536377
3.158788
1.428138
1.161878
0.802551
2.989294
0.984329
1.055224
1.679260
2.021095
2.780851
6.318035
2.000000
3.709965
0.521778
3.412736
1.308484
1.450099
2.153150
1.276462
3.376673
2.040597
0.748914
2.277052
2.000000
1.307321
4.328111
1.830666
1.150024
2.716921
0.598168
1.004083
2.000000
2.000000
2.244895
4.637021
2.429353
2.000000
1.455710
3.369487
0.962952
4.141474
0.256244
2.000000
1.100849
2.000000
1.180393
1.697206
1.702106
1.181660
3.181802
2.000000
2.946330
1.409388
2.109321
2.384410
1.505446
2.123445
2.506099
4.478136
1.256597
1.572435
1.637698
4.788825
1.745549
2.795050
1.810701
2.712034
2.445217
0.706247
4.010654
0.854074
0.919350
1.011515
1.299691
2.466708
0.541585
1.101230
2.036659
0.967737
1.095371
2.054889
1.020776
1.213848
2.716463
2.231979
0.559420
3.496765
4.269394
2.002107
2.213536
1.926306
1.309024
1.247153
0.844847
2.447653
2.000000
1.456892
3.541517
3.262743
2.174403
2.993808
1.092177
2.758332
4.299354
1.931491
1.952553
3.892440
3.111617
0.899225
6.060533
4.280204
2.553746
1.583042
0.710839
2.354003
0.985683
5.596431
0.804376
3.420878
1.962956
3.852884
1.901672
0.657674
2.830077
1.328289
2.866466
0.423717
2.405353
2.155235
3.545897
0.526182
1.127651
1.350586
0.645909
3.141021
2.103523
0.696133
2.000000
2.391841
1.726443
0.854528
0.282075
0.447929
2.000000
0.715085
2.533594
0.945646
1.939767
2.552938
1.582942
2.798853
2.985056
2.203282
2.739541
0.924182
1.537554
2.000000
1.079716
4.528892
2.000000
1.600201
3.975383
1.750688
1.782039
1.873184
1.287532
2.285545
3.610468
1.095413
2.508477
1.533517
1.589109
0.855983
1.296503
2.408050
0.803395
1.565323
1.405989
2.484258
0.282409
5.021595
2.152632
3.864588
1.905682
3.300118
1.585313
2.000000
4.375735
2.961834
2.570209
1.116420
1.599619
1.160921
0.629523
1.230113
3.232313
1.856375
2.221274
2.556112
3.387811
2.430456
0.681445
1.535154
1.515306
2.000000
0.674828
1.593950
3.183710
2.000000
0.817560
0.766850
1.863961
0.550222
0.396285
1.769628
0.818216
1.676399
0.962575
1.359464
1.859282
2.952695
2.510104
5.465590
1.879924
6.482471
2.000000
1.576363
2.211919
1.098577
2.684316
1.424077
1.971942
1.321932
2.159549
2.215692
0.471758
2.269467
0.849872
0.972788
2.000000
0.865557
1.807714
1.338816
2.266611
0.755571
1.846679
1.371257
1.567684
2.123434
3.540259
2.155885
6.158856
2.086107
1.480843
1.584104
2.000000
1.705348
1.903598
1.248275
0.262681
3.668690
3.187915
0.477868
1.202013
1.204966
2.907688
2.267617
0.979114
0.735217
1.961520
2.133504
2.527029
0.611349
0.727614
3.409343
2.000000
1.986962
2.601849
2.015710
2.652317
2.987516
1.287537
2.195444
2.000000
0.276715
3.009864
2.094714
1.107168
2.000000
0.796935
2.272135
2.457515
2.398871
3.695061
1.945303
0.910946
1.627683
2.005617
2.373094
2.000000
3.123789
1.446894
1.029274
2.000000
1.857062
4.227637
3.297820
0.643993
2.170505
1.038010
1.887872
1.231579
1.304235
2.342404
1.219025
1.829689
3.131439
1.962582
2.600382
3.146440
1.264475
1.150632
1.698925
3.189951
2.000000
2.037786
2.244831
1.676822
2.480218
1.847257
0.718035
2.328068
0.552090
2.500070
3.371550
1.599612
1.483776
3.891249
0.341701
2.000000
1.710866
2.000000
4.670844
1.863111
1.177694
2.000000
0.813933
3.725006
1.818933
2.735393
3.023223
0.624458
0.826599
0.671507
3.281232
0.512468
1.644333
1.112657
3.717681
2.036958
0.981707
0.563659
0.816572
1.820688
0.536889
1.012063
2.703974
1.509659
2.028043
3.220311
2.000000
1.097120
0.772018
3.855779
2.042613
2.754343
2.944895
2.386522
2.000000
1.851424
1.753126
1.474884
2.152256
2.000000
2.000000
1.337056
3.097339
0.520047
2.094311
3.652496
1.133025
2.004419
0.932125
2.428423
3.638849
2.073091
2.835942
1.177230
1.983570
2.033601
2.034557
2.065004
2.012079
2.155525
2.007973
2.138543
1.035111
6.323832
2.040557
1.698982
0.301382
1.857269
1.962694
1.466545
4.685228
1.511852
1.691266
2.602427
2.049634
1.979499
2.531484
4.503484
1.774801
1.902268
3.308776
2.317039
1.682148
1.248973
2.834044
0.319282
1.193504
2.918161
3.358382
0.881441
2.245583
1.166964
1.184914
0.610756
2.000000
1.248436
2.792194
2.270938
1.019473
3.138951
1.352513
3.331534
0.882355
0.860886
1.737844
3.069213
1.304515
0.702088
2.000000
2.078445
1.389384
2.000000
2.480486
1.891623
3.779963
3.711565
2.353598
3.504995
1.928693
0.680573
0.734037
1.570974
6.381966
2.000000
1.410824
2.598437
1.687227
1.474701
1.415748
1.374725
0.384075
2.650921
2.000000
5.873204
3.209007
0.600182
1.605168
1.196555
1.902689
1.633095
2.128257
1.968738
2.000000
1.460943
1.321562
1.572313
0.492998
0.708044
2.000000
0.064443
1.746115
0.941063
1.827456
2.351569
1.213157
0.535199
1.148518
2.161278
4.913009
2.813532
1.223764
1.965308
2.282598
2.229151
1.924132
2.635177
0.795697
2.000000
0.991007
2.991559
2.840151
1.508589
2.952137
1.289850
2.000000
1.848796
2.205136
1.772303
0.454884
3.833527
1.594031
1.046834
2.137900
2.417657
2.000000
2.000000
1.948743
1.641433
2.274562
1.373531
2.270017
1.003984
0.695827
3.212673
2.268688
1.384013
2.998435
0.401798
1.596015
1.178879
2.616298
1.124503
4.942765
1.315965
2.785728
2.621760
1.726223
3.307873
1.687763
0.663515
2.946947
2.001281
1.504581
3.679561
1.967619
1.587004
3.341966
1.897076
3.172780
2.000000
1.664555
2.000000
1.765538
2.414926
3.336025
2.223916
2.004073
1.992759
2.000000
1.054812
2.000000
2.376780
2.167318
1.370056
2.000000
3.518621
3.218994
2.120371
2.898064
3.979865
1.960434
4.325471
3.791083
0.739612
3.007164
0.200865
0.741006
1.563544
1.011316
3.618165
2.361983
6.464543
1.054294
1.905949
1.821114
3.823426
2.000000
2.169966
0.526113
2.666635
0.300606
0.447600
1.464314
2.659082
2.539029
0.664465
3.709239
4.152459
3.950064
2.000000
1.966138
0.719124
1.657641
1.615041
1.534673
3.571785
1.411286
3.500143
0.704784
2.069054
1.891581
2.344143
2.238012
1.774343
3.097013
1.428525
0.313247
2.673987
1.676756
2.189049
2.000000
2.846722
2.599412
1.972928
0.333806
3.202892
2.000000
0.482906
2.836958
1.424640
0.453313
1.451256
1.106379
1.296233
6.609600
1.065055
2.085092
0.220276
1.618566
3.571493
3.849207
2.441863
2.000000
3.269947
2.302520
0.597409
2.928735
2.223304
1.943044
0.230303
0.725408
3.996438
1.977863
2.023038
2.842356
1.978036
0.575238
4.796540
0.824162
2.037056
2.013847
3.421877
2.641031
2.988003
2.000000
0.778147
2.039910
0.722357
0.709342
2.518747
0.492738
2.601718
1.506207
5.664569
3.755266
3.145143
1.413415
0.801530
2.175553
1.562831
1.633237
1.266461
1.597932
1.684992
2.739800
2.039085
1.238168
4.358257
0.861920
3.028114
1.419071
1.963934
1.610571
1.273424
0.921896
1.903960
2.000000
0.530348
1.190881
0.779463
1.721087
2.420994
3.806858
1.935818
2.794841
1.107136
1.710038
1.820189
1.491881
3.404691
1.034939
1.073485
0.368880
0.993670
2.243149
0.580393
1.942626
1.037458
0.672134
1.466081
4.106036
2.216528
2.000000
0.785165
2.374837
2.535143
2.000000
2.339374
0.552007
1.292526
1.041116
2.158750
2.713568
3.296528
2.257764
1.763227
0.713901
2.090823
2.000000
2.000000
1.813019
3.210017
2.000000
2.000000
0.694415
1.574738
2.000000
3.243584
0.863679
2.785202
3.641393
2.015504
2.402233
1.247389
1.495906
3.316136
0.463944
2.370859
2.101906
4.053444
4.517888
2.890238
2.327631
2.119900
1.881304
3.042249
3.618701
3.104374
1.932744
2.000000
3.943475
2.335252
2.264122
2.196725
1.975754
2.000000
2.994447
1.713589
2.431266
2.000000
0.625192
0.380090
1.759904
2.000000
3.470950
0.832086
0.669765
1.877190
1.056432
3.006305
2.113409
1.658967
2.833111
3.691796
3.443914
2.000000
1.172165
1.358491
0.893348
2.000000
1.155799
0.902150
2.000000
2.113082
1.356142
2.154281
1.029049
2.118377
2.000000
2.277850
1.548085
0.842781
3.604187
0.821879
0.511496
4.018761
1.256559
0.446104
2.613814
1.244813
1.320673
2.767794
2.381185
1.581325
3.552070
0.977133
2.530390
3.388226
1.910218
0.543906
1.781714
4.368925
2.658365
2.557057
1.375631
1.020550
2.000000
0.767400
2.000000
2.195095
1.341072
1.553954
1.939344
1.978223
5.845691
4.508667
0.635850
1.731946
2.468127
2.519337
1.488253
1.041852
0.635259
2.135530
2.717551
1.335561
1.947415
2.401877
3.051023
1.921855
0.767196
0.865604
2.401202
2.989884
2.662002
3.929779
2.000000
0.300134
0.644387
2.359273
1.763441
1.548769
1.917933
3.533484
3.010526
1.087395
2.607648
1.011889
3.859131
2.224714
1.860509
0.918134
1.997379
0.796876
1.546905
2.251493
0.542484
2.000000
2.000000
0.443028
2.367689
1.081952
3.014810
0.942185
1.522001
3.009109
1.874026
3.528209
1.867105
1.619767
2.435911
2.550058
0.814625
2.000000
0.832838
1.332298
0.935572
3.287855
1.256944
2.000000
1.002698
3.691415
0.652603
1.694316
2.910297
0.965695
2.000000
1.796926
2.123923
2.561083
1.523098
2.000000
2.465794
1.975359
2.365008
1.174430
0.369082
2.600038
0.873978
2.000000
1.984643
1.381954
3.307928
1.723499
2.250607
1.552931
0.655731
2.161475
0.857913
3.116964
1.603666
2.000585
0.484764
1.737320
2.000000
1.262660
3.017128
3.153883
4.707831
4.661866
2.000000
1.235226
4.329489
2.000000
1.420489
2.324218
1.596735
4.759293
1.213507
2.385663
2.708185
4.534669
1.551913
3.335392
1.917343
2.959821
2.996858
1.340773
1.708648
1.774457
4.625272
2.000000
4.384010
3.010432
3.453470
2.503751
2.840654
3.458457
0.160964
1.959561
1.341103
0.548908
1.945891
2.033056
2.889028
1.536538
1.539904
2.000000
2.861679
2.000000
2.169684
2.327683
3.057124
2.000000
1.768702
3.419031
1.642372
3.158215
1.386602
2.000000
0.875565
2.695313
2.580250
0.269329
1.220921
2.483772
0.576453
2.593312
0.909780
1.700787
1.687092
0.815605
5.668048
2.235093
2.759808
4.948203
1.500299
2.000000
0.713317
3.012068
2.348037
0.798151
1.682530
1.947978
0.635906
0.735398
1.326303
2.000000
4.023024
0.348439
2.823402
1.857480
4.049893
1.445459
1.108077
2.128646
0.775007
3.594675
2.000000
1.319409
2.307054
2.173089
2.000000
2.000000
3.716364
1.792000
0.564153
0.898049
4.996287
2.425619
5.355239
2.000000
2.000000
0.908957
2.000000
0.859971
5.923285
0.608880
1.884301
4.202194
2.322482
1.238611
5.355237
1.871734
2.000000
1.947141
1.535126
0.824996
2.344954
0.528009
3.374590
2.411343
2.240203
4.640480
2.122900
1.887365
3.996627
1.956250
2.503404
0.880686
1.523816
1.313916
2.000000
1.715245
2.073778
1.026854
2.224443
1.684551
2.000000
2.629253
2.176881
2.580411
2.000000
0.760006
2.252834
2.102930
1.531665
2.010659
3.159584
1.714356
2.054653
3.944195
2.107204
1.661907
2.729318
2.580334
1.183955
1.246816
3.816468
1.382185
0.798444
1.729791
2.000000
0.837186
1.737951
2.000000
3.053673
1.435004
2.000000
3.275398
2.000000
0.419111
3.475077
1.664471
2.000000
0.708985
2.000000
3.098993
0.699636
1.085413
1.656118
0.945251
2.275079
1.374410
2.075920
1.578237
2.175619
1.723908
0.993154
0.262050
1.545275
1.951897
2.749153
0.186120
2.356866
3.796261
4.345460
1.824830
1.506770
1.572996
2.000000
0.383520
2.757496
2.364832
2.609629
3.396717
0.927767
1.013492
0.691645
3.074650
4.310475
0.474629
2.957907
2.000000
2.751071
2.004486
1.644054
2.824278
1.571828
2.000000
2.266068
1.999238
2.399576
1.094229
1.708915
1.854790
2.814993
1.509708
3.395171
4.129945
1.677669
1.975006
0.995974
1.530427
0.965647
0.635200
2.026792
1.455244
1.977763
1.937586
5.347652
2.241661
3.013329
3.095865
1.208766
3.382007
1.269709
2.421083
1.981873
2.771631
1.858555
4.189583
4.721237
0.554113
2.325865
2.119437
3.276747
2.064967
1.360267
1.737193
2.491399
1.684949
2.417337
1.129800
3.544026
2.175056
1.959302
1.917512
1.934482
2.421988
3.837268
1.456703
1.448586
2.070791
1.550313
1.992093
0.870757
2.639696
1.746403
2.173598
2.625082
2.820110
1.228765
2.000000
1.085133
1.666330
0.923330
2.000000
2.354642
4.408199
2.451346
1.132308
2.000000
4.082921
1.234469
2.195950
0.852391
0.581204
1.121664
2.206544
2.308314
0.272638
1.475972
4.951326
3.812828
1.482237
1.130043
0.360113
0.473446
1.157823
0.731250
2.424359
2.715298
1.486291
2.000000
2.704367
1.309074
1.111753
7.254346
1.208354
0.278600
3.851802
2.923455
1.178352
2.689339
1.160560
2.000000
0.297689
2.598581
2.078945
1.855833
4.261108
3.171623
2.057389
1.328140
3.978380
2.642258
1.682007
1.747432
3.202993
2.000000
2.114903
1.372702
2.000000
0.372707
0.775479
3.447803
2.000000
1.990638
0.491796
4.691223
1.072028
1.679937
2.435913
3.196870
2.469596
3.558334
5.390069
2.402180
2.083259
0.492053
1.523574
2.000000
5.101171
0.610511
1.595588
3.972045
2.782651
1.134321
2.298486
1.442049
1.673767
0.843071
1.940369
1.568081
2.010812
3.797354
2.096805
1.978197
0.470049
1.875173
1.559549
2.611239
1.899377
0.762933
0.879249
1.082700
2.789284
0.275918
2.549286
3.432480
2.040833
0.635421
1.181999
1.295724
2.000000
1.684532
2.433878
1.761346
1.817850
2.219611
1.852723
0.417226
2.888621
0.755864
0.767735
3.114102
1.964838
3.810679
2.000000
1.990130
2.605234
6.612445
3.188101
5.805503
1.739407
1.316159
1.178901
1.692798
0.442199
1.252385
2.471028
0.691652
2.185833
1.036754
1.352288
5.384128
5.209117
1.722685
0.472553
1.612292
4.994730
0.198938
1.174625
2.835294
2.162289
1.497644
1.797614
3.562756
2.040961
1.645633
1.214012
0.357175
2.128979
0.774777
2.888018
2.023838
1.957451
1.710544
1.253368
1.665093
2.366978
3.961704
0.844569
0.595560
1.530353
0.842131
1.526516
2.000000
1.236422
1.684624
1.294270
2.137223
1.833707
1.249256
3.795283
1.866254
2.000000
2.310113
1.585948
0.960828
1.097708
3.504574
1.931710
0.944906
1.393531
2.000000
1.143518
2.835165
1.814865
1.314911
1.709217
0.216059
1.455826
1.248563
3.605286
3.801483
1.508358
2.388613
1.828960
2.043308
1.940025
0.755919
1.509659
2.063166
0.951427
1.378240
2.005033
0.979569
2.000000
2.124169
2.077811
1.146954
1.493234
1.245008
3.003138
1.051978
2.178435
0.316955
3.019172
2.182793
2.011531
1.102008
2.192990
1.712628
1.825981
0.489300
2.273976
2.477032
3.067605
3.526086
2.660034
2.190781
1.839794
2.393137
0.355240
1.012578
2.514297
3.508888
2.781051
1.980450
1.148157
1.198499
0.936911
1.185804
3.185496
2.513191
2.234142
2.774548
0.251448
1.286444
0.666305
2.472186
2.936456
1.396262
1.376344
3.006438
1.831654
2.318602
2.107568
2.430879
3.869561
0.699166
1.778917
2.338464
2.382025
1.877994
1.208584
2.770023
0.682352
1.828447
0.877077
2.000000
1.886544
1.880314
0.418883
0.976436
1.064391
2.000000
1.618957
0.967062
1.908163
2.539854
1.359078
0.714598
1.538503
0.623552
3.264934
1.645219
1.815201
1.672126
2.218185
2.000000
0.890043
0.643321
3.308986
0.915247
2.006773
3.406085
3.240343
0.618219
0.340851
3.460273
2.505774
2.534490
2.000000
2.144973
1.152758
0.954293
0.509141
0.355333
1.011522
1.489692
3.746828
0.458900
0.850932
2.994879
0.840946
1.157928
0.587602
1.743237
0.599044
2.059260
1.951126
2.307343
0.791976
2.471653
0.194934
2.581711
1.889876
1.565321
4.118473
1.825563
1.639505
0.674225
1.750504
1.243625
2.053590
2.000000
2.682853
1.797335
2.229965
2.140771
0.340698
2.881364
2.000000
2.183093
0.190329
2.197774
1.111644
0.893646
2.201180
3.148837
0.345224
0.510658
2.990611
2.000000
2.089950
0.273417
1.090968
2.011914
0.584295
3.033073
0.466592
2.000000
1.758226
1.112064
2.480010
1.469388
1.739861
2.000000
3.770120
1.164657
1.998254
1.168558
2.887585
1.271624
1.911460
3.095220
0.687096
1.040061
3.891227
1.884807
2.133619
2.000000
4.672413
4.887400
2.099950
1.505031
5.583393
2.000000
0.897181
2.554576
3.316817
2.689004
0.825525
1.885446
2.835759
2.814987
0.731376
2.105177
2.402872
0.802083
1.870594
1.514424
1.989741
1.191560
2.423523
2.833611
2.665615
3.801531
1.141858
1.063290
1.943428
0.520452
4.633822
4.230544
0.427473
1.973605
1.392826
2.533008
2.246494
2.664048
1.843009
3.254738
2.781715
1.342090
1.425167
4.315910
1.961469
3.333846
2.684713
2.261096
1.339499
2.000000
1.696080
1.804301
1.890622
1.685059
2.000000
3.091840
3.653685
2.228905
3.659803
1.715463
2.000000
2.000000
2.531371
3.797202
3.847687
0.769623
0.879112
1.678478
2.871521
1.723343
1.783782
1.231404
0.496107
2.348374
0.246499
1.594784
2.000000
3.480187
1.714237
2.132351
1.701674
2.095740
0.656409
0.225925
4.511375
1.132115
1.296933
2.697761
2.290957
1.667097
0.647578
1.229957
1.215358
2.223144
3.610464
4.741931
1.475543
2.241777
1.828371
1.994953
1.105332
1.544378
2.125475
1.641871
1.346078
3.111427
2.394694
0.487590
1.041301
2.000000
1.663002
1.668882
2.593799
1.832255
0.585770
2.024246
1.585632
0.311567
0.796043
3.888533
4.380050
2.227133
3.310676
2.000000
4.470592
2.146400
1.162999
1.436574
1.541613
2.447748
1.824586
0.839983
2.000000
0.566437
1.410197
5.225316
2.000000
1.867910
1.730658
0.908932
1.751022
1.512255
2.104175
1.623078
0.449463
1.746114
0.460610
1.163951
2.504591
2.000000
1.493157
1.673584
0.915774
2.000000
1.866996
1.853848
4.804268
2.860209
2.000000
1.981279
0.722774
3.452126
1.482209
2.680807
1.761393
1.423976
1.805623
2.000000
2.634556
0.211771
0.939235
2.000000
0.620038
1.121033
4.070050
1.482143
1.354033
1.782488
2.000000
0.209869
0.697363
3.272697
2.459593
1.912614
1.981481
3.451308
1.164892
1.759136
1.950238
0.492151
1.488822
3.267214
2.365447
1.267841
0.546185
2.256304
2.397120
1.001158
0.562717
0.308642
1.585564
2.704416
3.755462
1.273089
0.942151
2.180777
2.686222
1.382794
0.961443
2.023748
2.127563
2.863485
0.582297
3.341087
0.958803
1.729683
2.037409
0.426056
2.000000
0.910551
1.578477
2.099318
1.960538
1.921931
2.000000
1.938268
3.853771
1.732360
0.670336
0.608342
2.125209
2.115978
6.523162
1.887090
1.044612
1.507172
1.686037
1.182614
1.254452
0.245597
1.844641
2.420502
2.137238
1.763743
3.904914
1.874499
0.846335
2.973185
0.766649
2.619720
1.555538
2.000000
1.050216
2.056069
0.655785
2.000000
3.225251
1.557360
2.632977
0.437932
2.365924
0.999911
1.384114
3.037283
3.492436
2.617205
1.206969
2.498153
2.099938
1.219074
2.076407
2.301129
3.128888
1.645658
2.836329
1.920429
1.642556
1.696419
0.695171
1.762338
1.316592
2.160951
3.031598
2.356490
2.234130
0.530934
0.972368
1.928827
2.120978
1.985055
1.896873
0.942577
2.983631
0.303396
2.547525
2.062619
0.494554
2.867178
4.411074
2.063800
2.094443
1.218597
1.805615
1.888485
0.842208
1.111442
0.780462
3.061228
1.496536
2.737122
1.537455
5.868018
1.895993
3.194777
4.770190
2.000000
2.339176
1.266703
0.964748
1.166925
1.115613
1.798574
0.992036
2.729844
2.377959
1.630842
3.322403
2.790911
2.102673
2.116307
2.969693
2.698455
0.093197
2.904926
2.140531
2.029783
2.595745
3.358838
2.000000
1.953655
2.506655
1.924193
1.617827
2.065719
2.000000
3.006402
4.531253
1.837338
1.660810
2.266712
5.361134
0.367033
2.087164
1.138487
2.496559
2.069242
2.416335
2.000000
2.055001
1.385424
2.603893
2.000000
1.192670
0.279637
2.242408
6.138521
1.616275
0.539948
0.883665
1.695418
1.447964
2.630323
2.000000
2.928798
2.000000
1.618372
2.000000
2.457678
5.101483
1.701259
2.868563
5.047486
4.038828
2.064394
2.000000
2.021554
2.000000
2.000000
1.267433
0.654091
2.604068
3.289501
2.128644
0.955861
2.307575
3.956821
2.215656
5.384379
3.579277
2.004621
3.808638
2.771357
1.091590
1.017643
3.006690
2.423201
1.107695
2.000000
0.568536
7.224160
1.247445
1.310423
1.276047
1.370738
2.464508
1.128304
1.968000
5.387491
0.401263
1.628326
1.809365
3.451926
2.671927
0.325864
2.000000
2.000000
2.265296
2.000000
3.267243
2.000000
2.908518
2.268496
2.242599
1.634834
2.000000
1.967455
2.040708
0.576029
5.790816
3.296032
2.152421
2.000000
2.294881
0.732572
0.887398
3.585909
2.083820
0.466261
2.000000
2.519802
1.006624
0.957275
0.496114
1.945205
2.000000
0.798651
1.678573
0.285149
2.010592
2.000000
1.632795
1.763897
3.080218
2.384024
1.327718
4.150626
2.840014
2.446327
1.542196
2.478958
3.435741
2.000000
1.912418
1.007446
0.469456
1.778876
0.994655
2.066841
2.172943
1.587126
2.986289
2.000000
1.503507
3.263622
4.525892
2.797331
1.452864
3.117798
1.947532
1.077967
2.000000
3.255618
0.840013
3.119422
1.788174
2.521116
2.477305
3.099967
0.832377
1.028427
1.503884
2.217322
1.493361
2.695931
1.061284
1.722071
0.651531
0.585339
1.673098
3.438411
1.882872
1.269362
0.761875
3.981417
0.700353
2.863521
2.647349
1.641647
3.197191
1.816592
1.061237
0.719956
2.344236
3.241177
1.534431
1.401599
2.593593
1.449285
0.826368
1.463907
1.448352
1.427269
1.457430
1.711831
1.943360
0.436529
1.931140
1.379364
0.875922
7.940054
1.933656
1.470167
1.807698
1.665895
0.827209
1.058286
3.833555
2.275856
1.962466
2.068743
2.296556
1.764291
1.765982
1.822442
1.771586
2.690669
1.989116
3.181220
1.672189
2.862989
1.207971
4.069370
0.493576
0.995644
0.813682
2.467636
1.826305
0.675621
1.801769
2.520231
2.182875
1.413118
2.121452
2.133180
3.320496
2.000000
2.000000
1.980531
1.641093
0.686677
1.839243
4.279442
1.914259
0.577139
1.079256
2.887065
2.114752
2.000000
3.441715
0.105184
2.000000
2.854774
1.020050
3.591206
2.695396
3.870449
3.437123
0.524151
1.687866
0.736787
1.588073
2.000000
2.012047
1.430830
1.832611
3.043293
1.356590
2.768596
1.055803
1.583370
2.549915
1.418431
0.715580
1.408024
2.482403
1.747991
1.069859
1.010681
3.300236
1.239179
1.527470
2.783663
0.875980
2.164940
3.227989
1.339875
2.391667
2.000000
1.542943
1.259008
0.885133
1.496290
0.928476
0.857737
5.306990
1.373537
1.831344
4.541223
0.539131
2.000000
0.960682
3.361775
1.995536
2.000000
1.534709
2.967970
2.074222
4.889787
0.209166
1.291246
1.620128
2.394189
3.032015
1.819127
1.919649
5.991506
2.875864
2.387298
1.964573
1.018093
0.286984
1.995452
0.331616
1.648617
2.404155
1.589290
2.640636
2.000000
2.338023
3.252318
1.047803
2.013436
1.464529
1.197143
2.271529
0.694156
2.348780
1.297757
4.727633
3.186772
1.729790
4.036679
2.477558
0.729658
4.380671
2.326833
0.546332
0.410897
0.329571
4.437785
1.534353
1.432133
1.777574
1.295703
2.404043
3.246660
2.526579
2.124640
2.275729
0.155220
4.744324
0.426571
3.002038
2.519171
1.718289
2.441061
2.245327
2.609850
2.000000
2.000000
2.571954
2.048546
1.324810
0.949828
1.106927
2.025504
2.277087
2.006047
0.287638
2.987243
1.596100
0.881684
1.778613
0.671041
2.038168
0.903662
3.373400
3.053039
2.240947
2.562991
2.000000
3.045729
2.000000
2.561346
1.457642
2.158260
0.895657
2.559670
2.188200
2.000000
2.403107
2.832459
0.955207
2.263549
1.529932
0.566010
1.531040
1.824000
1.564382
3.748458
2.600739
0.564665
1.510140
4.436862
1.759326
1.753473
3.171689
0.571055
5.486263
0.919179
1.858980
3.647952
0.587970
1.474295
1.934722
4.236259
1.518777
1.845124
4.701965
2.293524
2.000000
2.669144
2.326008
2.000000
2.786909
2.246912
3.295640
1.652259
1.938333
5.050887
3.232301
0.371243
1.205779
1.090328
0.130787
1.295985
0.651291
0.724837
2.000000
3.443139
0.619325
2.366316
2.582245
3.679253
2.982801
2.566144
2.000000
1.975721
1.069207
1.862205
0.790791
2.697793
2.000000
4.833454
2.393587
1.159061
1.667158
2.838744
2.594635
1.667239
4.710242
1.682535
0.969445
1.780338
0.534171
3.010037
0.344673
1.114528
2.927840
3.064276
2.294608
2.000000
1.614815
0.840677
1.504476
1.115502
2.000000
0.833660
3.206195
2.000000
2.383748
1.628784
3.269120
3.209725
2.331329
0.258607
1.428600
0.877982
2.631722
3.413917
3.072997
1.983193
0.615653
5.111062
1.694124
1.826949
1.614982
2.047315
2.498805
2.108298
2.793332
3.247948
1.463302
2.457453
1.808882
4.836956
2.148958
1.034725
3.828919
1.120379
4.204232
1.795420
3.179475
0.352412
1.998515
2.550399
2.000000
2.000000
3.365616
2.510534
2.849865
2.898239
1.729081
2.317084
1.977755
0.288060
1.394331
1.284872
1.909051
0.912409
2.000000
2.348075
1.381702
1.973407
1.050909
2.657355
1.776164
2.562537
2.379880
0.992555
1.681609
3.006307
2.467147
1.786967
2.020584
3.647505
3.026446
0.517862
2.225541
1.148716
1.870736
2.052388
2.208807
2.052689
2.315302
2.000000
1.061553
2.265236
0.788919
0.802679
1.762233
3.425308
2.650005
2.439209
0.721023
1.953544
0.521028
1.877965
2.000000
4.299921
2.000000
0.245215
2.632405
5.833539
3.913100
2.863385
1.495119
2.897380
1.124576
2.436134
2.496149
1.678053
2.107114
1.783601
4.150094
1.455108
0.463472
1.457131
1.590870
2.330733
2.216214
0.460105
0.844599
3.879768
2.288749
1.142674
6.066803
3.218280
1.338603
2.841594
2.740066
1.135031
1.816131
1.008727
0.300761
1.704070
1.674137
0.684286
1.376237
2.978269
2.000000
2.510304
2.363895
1.696062
3.743459
0.918864
1.773949
2.013841
3.447732
0.735669
2.679287
2.379154
4.008496
0.449260
2.000000
1.852824
2.401106
0.847463
0.413134
2.000000
2.882709
2.436682
1.993249
1.695234
2.367538
1.272975
0.801260
1.796974
0.914157
2.084213
2.000000
3.645375
2.000000
1.891639
0.736025
2.000000
0.948784
1.422780
2.766941
3.869610
2.732233
2.000000
5.020308
2.000000
2.272751
2.543412
1.942871
2.980137
4.728974
1.565604
3.471822
3.892223
1.759965
1.230412
0.940790
2.405060
1.186435
2.370081
1.690335
2.000000
2.000000
0.876305
1.383798
2.035216
2.307701
3.679555
2.970167
1.026495
2.534781
2.687444
1.301340
3.196719
3.031062
2.085847
0.675010
2.000000
0.701096
3.712218
2.920657
1.867341
2.228466
5.421465
2.487334
1.431926
1.010703
1.435444
1.913930
0.798504
4.163864
2.557792
3.466498
2.000000
2.723289
2.107450
4.454223
2.000000
2.000000
2.714247
1.281528
1.644566
1.386508
1.977420
0.388489
1.260078
0.239780
0.942826
1.277121
2.656578
2.000000
1.249803
1.474113
2.798677
1.802368
1.963725
2.988424
2.340006
1.362976
2.019138
1.852802
4.612441
2.403152
2.595473
0.663330
1.764787
2.068021
1.558991
1.621130
2.000000
1.979080
1.989946
1.836589
2.000000
0.390958
3.011158
3.605384
2.825175
3.140972
0.850079
1.628278
1.884974
2.559363
4.406807
5.277252
2.960779
1.160653
3.681927
4.670709
4.526515
2.172058
2.864805
1.591519
0.463546
2.182242
1.048910
1.497815
1.081430
1.707435
1.436003
3.466200
3.255774
0.739973
0.734562
3.646321
0.367912
1.191185
2.399947
1.004871
2.864513
1.781608
1.595744
0.610892
1.580258
2.124909
2.400746
3.017502
2.007658
1.386957
0.778201
2.462767
2.303198
1.082093
2.113437
1.726887
2.575611
5.965497
1.747714
0.392852
0.937789
1.361926
2.656008
1.483693
1.796360
0.968165
3.594235
0.658160
2.203054
0.549572
0.512440
4.414669
2.322564
2.000000
0.508117
2.000000
2.825980
1.866871
3.281045
2.184706
2.149516
3.243983
1.609398
2.009874
1.204103
2.265725
2.000000
4.624704
3.439688
3.366624
3.520091
1.558833
2.165067
0.530068
1.952093
1.978953
2.975206
0.633152
3.662946
4.373060
3.450485
1.631195
0.719816
1.582792
1.545518
1.851428
1.827969
3.987481
0.655896
1.570546
2.000000
2.000000
1.389565
1.571665
1.670514
2.024659
2.129395
2.014289
2.722756
2.371994
1.010621
6.106299
2.668847
1.264906
1.138480
4.542122
1.923998
2.772897
1.489057
2.505319
0.744684
2.371628
1.604891
1.602324
1.475656
1.192568
2.043427
1.748576
1.048900
0.234386
2.115153
3.155615
2.593028
0.386431
2.281331
2.007647
2.556872
3.893306
1.090541
1.139832
0.322489
0.999745
2.178991
2.659358
1.591806
1.997385
1.642712
3.046775
1.427116
1.271983
0.917742
2.000000
2.000000
3.176181
3.366536
0.182837
2.855360
1.699719
0.690520
1.331366
1.707195
4.033450
3.487827
2.226647
0.593042
3.168410
2.197494
2.502552
1.295646
1.975285
2.499314
0.516454
0.140030
1.028689
2.608895
2.132442
2.872043
2.218318
2.075334
1.298078
2.701951
2.005004
2.593275
3.319708
1.156423
0.388166
1.752997
1.545640
0.590875
3.155050
5.335720
2.000000
1.483669
2.125162
0.535382
1.574418
1.565456
1.128227
1.990975
1.858526
2.030530
7.705009
2.207946
2.565920
1.255825
3.069833
1.572490
2.183150
1.943728
1.236460
2.308130
2.762517
1.756132
1.014582
2.317543
3.171970
1.611688
0.755981
0.546442
3.029606
1.114350
0.722388
1.924061
1.733778
2.025185
2.222547
0.658035
2.000000
0.773039
1.043754
1.571702
2.116456
0.787367
2.533774
0.789821
3.674756
1.502341
0.800189
1.952354
0.975029
2.000000
1.074754
1.119874
3.345117
3.590671
0.973514
2.000000
3.770996
1.729227
0.946733
0.526951
2.120228
0.810419
2.321705
0.519090
1.373393
5.298845
0.704378
2.351737
1.036148
2.486798
1.299577
1.690096
2.000000
2.052427
3.054145
2.105342
1.749661
1.615032
0.873132
1.508026
1.606930
2.752854
3.943672
1.257602
2.000000
2.699726
2.955821
0.405967
2.774702
2.469851
3.892843
0.779286
0.907763
4.919116
1.308207
1.054374
2.839348
1.907507
2.256187
4.547823
2.050416
0.991235
1.022747
2.823626
0.917618
0.180662
2.000000
2.671669
0.987721
3.005732
2.365095
1.227876
1.088049
2.700592
0.518905
2.000000
2.036124
0.465147
0.998916
1.406213
1.453413
0.957536
0.731012
1.149406
0.655176
0.663651
2.772241
4.534895
4.880437
3.600543
3.319931
3.916889
1.486611
1.769414
2.000000
0.978724
0.886376
2.069863
1.655645
1.429768
3.819924
2.043188
1.730112
3.596752
1.802308
2.000000
0.781314
2.691029
2.005043
1.916665
2.708856
1.518030
2.678211
3.691458
2.932100
3.081908
4.653932
1.622427
1.892203
0.416679
2.056433
2.282965
1.904716
2.171536
1.981421
1.433111
4.210258
1.396422
2.643409
1.123816
2.758681
1.951070
3.952292
1.962475
1.215503
2.513703
2.661147
1.767323
3.002096
2.000000
1.871784
2.000000
2.681542
2.203351
2.072359
1.160940
1.454003
0.755901
1.989414
0.352359
1.308386
1.648413
2.362796
3.819858
1.053116
1.422349
2.743537
0.874142
2.017638
2.101672
1.060271
3.243989
1.742119
2.000000
0.831703
2.479686
2.000000
0.546100
2.000000
0.512581
3.948391
1.570822
4.172505
2.995542
3.047259
1.955249
0.939541
0.330072
2.602753
0.635382
1.847128
2.549880
1.995292
3.662497
2.918942
5.038108
2.348977
2.870607
3.928997
4.672768
4.705842
1.738454
2.000000
0.213241
5.284414
0.733966
0.878010
2.390465
3.322581
1.968330
0.826625
0.568762
0.557114
3.898744
1.594938
1.326345
4.025960
4.790291
2.067477
2.809238
2.212844
1.536218
1.810185
1.939159
0.802484
2.000000
3.054987
2.673085
1.983868
1.660609
3.102260
3.829016
2.728504
4.260667
1.205710
2.021872
2.801870
2.368477
3.552053
2.605012
1.892910
2.038915
0.864962
2.018737
0.593693
2.000000
1.970024
0.450198
2.000000
1.418253
2.406877
2.346960
0.998114
3.527594
2.275515
1.668636
2.395650
0.879342
2.000000
0.721106
1.511727
3.671042
1.457102
1.317591
1.100750
0.571809
1.668240
2.467188
1.915686
4.059420
2.697799
1.464727
0.530264
2.000000
0.739196
2.000000
2.121223
0.455069
1.911247
1.478649
1.958772
2.695946
1.945590
0.896674
1.191781
2.705377
0.682945
2.000000
3.238663
1.748866
1.188616
2.422880
3.218933
3.091799
1.747138
1.357177
2.000000
2.028506
1.608986
1.593353
3.107781
2.503807
1.905871
0.817895
0.264255
1.880829
3.152145
1.912244
3.436482
3.747179
1.962080
2.000000
1.574560
2.343822
0.783444
1.360835
3.607389
4.584943
2.000000
0.733087
1.569717
2.097361
2.651544
0.544228
0.881503
1.869848
2.665261
3.612507
5.042431
2.926342
0.654679
2.196000
1.381085
1.846912
1.279218
1.336910
2.184205
1.923490
2.000000
2.331677
3.900388
5.066927
0.906641
2.080047
4.361895
1.339930
2.290678
2.000000
2.655150
1.043416
1.389116
2.724789
2.792308
1.625824
1.371877
2.000000
3.165300
1.526067
0.902488
1.309483
2.000000
2.000000
0.124171
2.995371
4.984814
1.431535
1.130001
2.379834
2.185291
0.137444
1.545365
1.072494
1.258973
4.501481
0.743755
2.354170
1.375616
2.585850
3.899525
0.178762
1.307463
0.931064
1.514942
1.064463
2.277377
1.822836
2.266548
1.035581
0.376981
3.062116
3.926544
2.000000
1.666409
0.527227
2.026318
2.177573
5.423199
2.346767
1.141106
2.569994
0.579244
2.000000
1.672691
2.321509
1.789065
1.713508
3.099751
3.932342
3.615251
3.044720
1.667880
2.301582
0.996549
1.917153
1.704322
0.420104
1.251260
2.764002
1.511917
3.441735
2.653678
1.221292
1.970540
2.142667
1.467195
1.360321
0.562457
1.335751
0.759546
1.675488
2.117724
1.440104
1.413890
1.897788
2.117488
0.844243
3.612399
2.984961
1.550878
3.782461
2.474906
2.784922
3.759641
1.330429
2.394709
1.641983
1.433787
1.549509
3.402718
0.463759
1.100337
3.777046
4.050228
0.890003
0.328683
1.705294
0.758606
1.413733
3.238823
2.334929
1.855221
2.351454
1.739026
2.000000
0.542570
2.035100
1.234821
3.220829
3.456265
0.524094
2.626109
1.379113
0.480209
2.513983
2.752516
1.261613
1.753632
2.409877
2.692965
2.289089
1.148253
1.909098
1.859466
0.763148
1.088026
1.478715
1.833874
4.049553
1.878163
0.590803
1.961135
1.779930
3.023339
1.626287
3.056676
4.033445
1.321222
2.781200
2.644183
1.474798
2.204832
0.351682
1.473088
1.513275
2.089779
0.546043
3.836891
0.901387
1.319261
0.187873
1.872897
2.339971
1.139811
0.608405
2.659363
4.107555
2.307476
1.972112
0.569225
1.167628
0.637923
0.860498
0.938875
1.241091
1.525831
2.611017
2.000000
0.597180
1.430507
2.780920
1.805595
0.908758
4.581016
1.228451
0.798472
0.931797
2.145500
6.623852
2.036599
0.894747
2.302030
2.487026
4.638005
2.669755
2.300989
1.891071
1.958845
4.431340
1.113299
2.047240
1.138001
2.000000
2.000000
1.196926
0.542806
2.650003
4.141253
1.025442
3.671943
2.893870
1.775599
1.555633
3.088400
0.230289
2.991397
2.892965
2.000000
1.487207
1.171807
1.802212
0.511425
2.324981
1.902693
0.913932
1.532584
2.000000
4.969723
2.994048
1.831209
1.622670
4.784698
0.719381
0.812089
2.191740
2.000000
1.678167
2.000000
0.665897
1.486855
1.066738
0.640744
0.842454
0.632523
3.666566
2.209324
0.618866
1.679744
2.343243
3.957779
2.232930
2.905117
4.879355
2.413204
5.002299
1.928953
2.223896
2.000000
2.595023
3.728013
2.268128
2.977657
1.068334
2.233241
2.921451
1.547080
3.752545
3.169440
0.718164
6.784679
1.441939
1.716198
0.497584
2.000000
2.473753
0.778305
1.404640
1.501085
1.314145
1.834633
2.731641
2.348417
3.139957
1.847020
4.104438
1.825012
1.116534
1.849555
3.411445
2.345451
1.264638
1.705704
2.496205
1.661393
1.485026
0.878081
0.535690
1.325188
3.976991
1.839946
2.000000
2.338234
3.503643
3.780569
0.484021
2.333580
4.229858
0.628896
1.487898
5.298407
3.914814
2.000000
1.342905
2.594771
2.278651
2.815488
1.590428
1.565663
1.152526
1.468715
2.297471
2.075433
1.987622
2.000000
1.609172
2.594648
2.828053
2.144370
2.120389
1.380887
0.679944
2.000000
0.672510
0.784451
1.991759
1.956333
1.776849
1.699324
3.140937
1.073969
1.666940
1.472872
0.800128
1.251133
1.373772
2.000000
1.836103
1.604348
1.235842
1.168883
1.844896
1.907779
2.000000
1.787337
2.000000
2.270876
2.433888
3.997551
4.255857
2.196294
0.518278
0.971081
2.178413
1.601491
3.094325
0.314006
1.065917
0.480512
3.391021
0.106429
0.485952
2.100948
1.911486
2.106601
2.636658
2.767004
1.082431
4.063866
1.195739
3.181905
2.897389
2.000000
2.000000
0.546025
0.800227
2.642666
1.167803
0.945504
2.000000
2.245659
1.151053
3.421880
2.474890
2.394915
2.729509
1.221108
0.469385
2.515617
2.000000
2.590844
1.261570
3.064679
0.762230
3.242411
0.215660
1.582618
1.427292
4.159407
1.161886
2.427824
1.474494
0.754769
1.097302
2.164526
0.310451
1.602974
2.037697
1.553990
1.187532
5.270274
4.011544
2.000000
1.488564
2.543186
3.954486
2.000000
1.616187
0.965628
1.755216
1.838748
2.000000
1.453072
1.855966
0.747081
3.536639
0.998443
1.775309
7.036103
3.200724
0.634210
3.041882
3.911379
1.068196
5.487090
1.041789
0.581745
3.030247
1.113443
2.067001
0.411508
2.000000
5.743508
1.587446
2.041527
1.570078
2.769402
2.823171
0.454521
2.040946
1.245465
0.570537
3.139688
2.000000
0.667354
1.791200
0.942116
1.893700
1.496082
2.000000
0.654558
2.000000
2.841005
2.427195
0.746718
2.484375
2.331218
0.297140
0.806956
1.205130
2.877629
2.402432
3.876147
1.291939
2.000000
0.542204
3.020688
2.799615
3.544460
1.490371
2.126014
4.212087
1.134961
0.593319
1.381662
0.839594
0.644971
2.698034
1.232211
3.016127
1.056437
0.631461
0.942823
2.464833
0.936600
3.153518
0.939019
1.808594
1.832262
1.231092
0.679041
2.588913
2.443871
1.681973
1.534470
0.972375
0.753680
1.948960
3.580020
1.244416
2.152079
2.000000
1.799819
0.703626
1.557375
2.000000
1.236964
1.466087
3.372317
2.994068
3.277205
1.173698
4.382317
1.825040
2.000000
1.119676
2.696666
0.735744
2.284382
1.819417
3.023062
1.876058
1.412841
0.864770
1.377344
0.344251
3.184377
1.376499
2.118528
2.418459
2.421697
2.532698
2.777225
0.379407
1.437467
0.891033
3.206206
2.210450
0.787695
3.317874
2.483566
2.444583
2.000000
2.828506
1.853701
4.718303
2.689231
2.585152
3.360082
1.566393
1.831114
2.000000
2.073617
1.438330
1.540032
2.000000
2.145509
3.756147
2.000000
4.154537
0.408924
0.806928
0.614426
1.872880
2.000000
2.069562
2.000000
3.082720
2.132723
0.926417
0.969808
0.763539
3.668633
1.401986
1.660687
4.307978
1.877523
1.662559
1.955953
3.881552
0.891059
1.381432
1.598646
7.747969
4.206205
1.789001
1.122377
0.139114
2.000000
2.000000
2.409905
1.892405
1.948957
2.634000
1.934018
1.383876
0.596275
2.441639
1.908878
4.174590
1.419661
0.396636
0.797342
2.275077
0.563150
1.094981
2.478626
2.198495
1.556762
1.343209
1.658203
2.124752
1.111111
1.705774
0.675493
2.782122
1.406450
1.981934
1.792423
2.011129
2.203463
1.529551
1.914436
3.048953
2.000000
2.074904
3.806489
0.632825
1.975753
2.000000
3.411467
4.145786
2.917474
1.171779
1.879181
2.357933
2.877400
3.535898
1.443358
1.177752
3.806308
3.024908
1.227361
0.879902
0.734126
0.592844
2.000000
1.738073
3.161397
2.327118
1.706635
2.546829
1.634740
0.538734
5.026654
1.097640
3.342331
2.367556
0.980936
3.279167
1.718357
0.906745
2.917495
2.401961
2.560493
0.305149
3.080862
1.642726
1.866668
0.816282
3.234550
2.000000
2.941117
1.509560
2.740663
1.533759
0.839224
1.924526
3.903039
2.781877
4.872363
2.515807
2.035655
0.426698
0.707266
2.949361
2.000000
1.152084
2.000000
1.571326
2.556154
0.668238
1.988091
4.331203
3.737551
1.740217
0.107795
1.617228
1.360213
1.298786
2.000000
2.048870
4.514932
3.511174
0.501306
2.902948
2.000000
1.599699
3.194071
2.615223
0.936279
3.292900
2.063828
1.458054
0.285105
2.000000
1.199258
3.303497
1.993606
2.057745
1.853951
0.880613
2.438954
5.485538
1.495608
2.394972
1.781596
1.036835
0.781112
0.486670
2.470844
4.116372
2.611715
0.414378
3.081351
0.960166
2.125259
1.120658
0.558767
2.667574
1.918176
3.303387
3.400304
0.645597
1.634421
1.394058
1.004993
2.550987
1.474166
0.908197
3.675830
2.406679
3.774062
1.927523
2.689866
1.509698
3.743032
1.602458
2.312349
2.407580
2.286395
1.042122
2.813369
0.523350
0.504632
1.300468
1.132255
0.877527
0.577211
3.058988
2.212265
2.606352
0.243524
0.239552
0.725777
0.862204
5.334112
3.914577
1.683095
2.918181
3.776386
2.000000
2.000000
1.672581
2.000000
2.154939
1.638744
2.000000
2.206787
4.904284
1.714742
2.705923
2.000000
2.834797
0.577499
6.380988
2.038003
0.827129
0.988643
1.393019
3.398000
2.709878
2.195974
2.000000
1.945192
1.424219
2.145522
1.403436
1.255655
2.150422
1.990125
0.634723
0.772829
1.674201
1.165666
2.000000
2.562150
1.384704
1.230552
2.356600
2.981466
2.000000
4.154685
4.582083
2.275436
1.503535
2.886130
2.296343
2.131660
1.104320
3.008723
1.730265
2.190741
0.950860
2.165820
2.581775
0.652907
2.284445
1.186763
3.010656
3.128422
2.107090
1.966069
0.347037
3.234744
1.352381
0.190802
3.172976
0.722892
0.808657
1.428082
2.398298
1.530152
0.898208
1.388736
3.192209
0.710900
0.927131
2.591439
2.000000
3.001535
0.485314
1.559528
1.188153
2.905903
2.404768
2.250500
1.723858
2.260640
4.429251
0.534821
0.926336
1.452029
3.128090
1.209471
2.028364
2.581195
2.229445
1.765290
3.055457
1.056840
1.840765
1.553202
2.000000
3.843577
0.728502
1.534134
2.000000
2.368725
2.873858
1.317260
2.445480
3.975260
1.773909
1.181687
2.331729
2.544379
2.323969
1.010995
2.174561
1.447345
0.717936
3.058949
2.070822
3.166801
2.579123
2.849113
1.673930
1.632676
2.479206
1.694232
2.147510
2.000000
1.488184
1.785999
2.000000
1.026119
2.262304
1.708578
3.142812
2.000000
2.060154
2.000000
2.545409
3.716396
1.425940
0.820818
1.696606
0.969818
1.754141
0.586724
2.329543
5.742642
0.969097
1.963860
1.219323
1.668093
0.937899
0.557940
1.503875
1.654446
0.334661
1.235943
3.996339
1.048952
2.105270
2.012746
0.662294
1.960786
0.751614
1.831453
2.838329
1.750179
1.052548
3.258537
5.369060
3.392045
1.889099
3.838609
1.476094
1.394057
5.369076
3.521791
0.572861
1.691412
1.308323
1.044802
4.832101
3.497205
1.176354
3.815455
2.191875
1.492222
1.980176
3.081796
0.816837
1.744703
1.800214
1.935733
2.229923
2.411082
1.612259
3.685434
1.197474
2.037038
0.521529
0.987131
2.445757
2.046457
2.000000
1.445871
1.043948
3.396958
0.417757
2.955657
2.421056
2.000000
3.533029
1.519110
0.517482
1.646571
1.903537
0.855994
2.000000
2.358577
1.532517
1.301990
1.990673
1.414889
2.000000
1.308126
2.418677
2.120528
0.562365
1.182976
2.122160
2.091354
3.468349
2.312325
2.301476
3.827258
5.309303
2.146853
2.594013
3.090654
2.000000
1.913885
2.758973
4.399551
2.598511
2.147125
0.218284
0.360366
1.210718
2.003575
2.000000
3.242695
2.000000
1.953845
1.103951
2.139168
0.666758
1.388436
1.312620
1.330611
1.597232
1.977352
0.156307
2.358469
0.673012
0.354946
1.411031
2.879010
3.343176
2.465937
0.660442
1.855985
2.000000
1.871119
2.944559
4.770631
1.592670
2.527112
2.076894
1.574251
1.246617
0.884894
1.824728
1.773099
1.311934
3.641217
1.616643
1.512306
3.132680
2.311645
0.840862
1.414780
2.096291
2.064677
1.704899
1.193062
1.884063
2.415978
1.575502
0.741724
2.000000
2.604252
2.000000
1.427482
1.651418
4.958135
1.867490
0.850523
0.861649
1.139050
0.973618
2.231436
1.892246
1.522128
2.174882
2.000000
0.510950
2.000000
0.297093
1.664671
1.128012
2.576048
1.776332
1.795683
1.682938
0.987242
1.980810
0.731118
2.532090
3.017443
1.491094
3.717996
3.141216
2.181674
1.195598
2.000000
2.710612
1.726173
2.000000
2.000000
1.249745
2.000000
1.010067
0.984811
2.526173
2.112546
1.104906
0.368439
3.481649
0.529295
3.410250
1.440603
2.182634
2.000000
2.194256
1.545875
0.707600
0.901182
2.035869
1.102683
6.214035
1.440453
3.180116
2.826835
2.062386
2.306225
2.000000
2.383065
1.565177
2.168540
3.348808
1.831786
2.157547
2.000000
1.899886
0.668405
1.062765
1.057415
2.395458
2.000000
0.714420
1.581604
2.000000
1.389991
1.551251
1.955835
2.028800
1.399646
1.123982
1.929125
0.572333
2.112661
2.908221
4.729414
5.285154
2.591265
2.798432
1.905806
3.860482
0.966764
2.915537
1.687135
1.232257
2.000000
3.715239
3.602890
1.313456
2.263554
2.000000
2.377388
3.167161
1.188298
1.222134
2.000000
1.458904
2.168861
1.280464
1.619321
1.611837
3.133070
1.831876
2.669198
2.000000
1.580335
1.442568
3.539099
0.497486
1.773618
1.693257
0.435936
2.168400
2.131765
1.486568
1.970090
2.000000
0.660263
3.986740
3.334009
2.388011
4.002119
0.189622
1.618977
2.000000
1.804651
0.678531
0.948495
1.048214
0.842000
1.500470
0.312563
1.989421
2.340917
2.772868
2.161037
1.803315
2.168129
1.992659
2.577846
1.739761
1.467756
1.522940
2.291349
3.669779
0.392769
2.023744
2.061512
2.000000
3.263740
3.738293
1.621002
3.661037
4.090431
1.459001
3.102137
2.000000
2.017722
0.663139
2.000000
2.000000
1.361158
2.040681
2.772579
3.899554
1.883435
2.725271
1.546344
0.539999
2.000000
3.668007
1.572924
3.022924
3.044320
0.969657
2.054564
3.289943
2.308415
0.436099
2.182991
1.715781
1.845678
2.002278
2.950333
2.096597
0.585965
2.508485
2.454435
2.414043
2.730246
1.567007
1.596131
0.902411
2.000000
0.962453
3.301520
2.848365
0.340811
0.990935
0.459180
1.237678
0.531227
1.504404
2.000000
7.039584
2.909062
2.313253
2.166793
2.587000
2.326917
2.000000
1.495449
3.152615
2.715742
0.966435
2.520916
1.050792
2.702512
1.702694
1.081120
1.835866
1.840582
0.282818
1.068559
1.960502
3.282690
1.126130
1.833396
0.665859
1.597587
2.645499
3.778682
1.816389
2.000000
2.039912
0.849242
2.070928
2.593854
2.000000
2.000000
1.225268
3.365296
1.571485
1.925219
1.590514
2.000000
3.760510
1.789572
3.415458
2.000000
1.648916
2.000000
2.177033
1.920746
1.146589
4.084878
5.334692
1.286186
2.000000
0.610855
3.676433
3.073433
1.643645
2.031201
2.198667
5.155898
2.000000
1.720539
0.484176
2.000000
1.201416
4.471748
3.410416
1.423656
4.659286
2.599561
2.000000
1.922045
2.000000
0.426098
3.114214
4.842238
0.962628
2.705920
3.511465
0.762561
2.885795
2.000000
4.583730
2.999773
1.968574
4.625544
3.036781
1.765526
4.650754
2.162771
1.115777
1.562812
2.336978
1.649468
2.000000
2.557983
1.375990
1.000102
0.657902
1.621214
2.499361
1.178149
1.376156
0.872017
2.163931
1.508485
1.162143
0.635982
3.519006
4.207221
0.815784
0.727254
1.979427
2.000000
1.566966
4.713330
4.008109
2.952421
1.112679
2.454313
1.440130
4.125242
1.089645
2.531348
0.444443
2.366855
3.622293
1.334404
0.443638
0.634577
2.000000
2.003987
0.593965
1.329560
1.511839
2.349860
0.831976
2.327897
2.848292
2.244687
0.796523
1.073406
1.877840
4.021515
1.263375
5.087883
1.106180
1.624031
2.004719
0.695872
0.636463
3.359747
0.906758
2.197891
1.654288
0.456978
2.000000
3.010136
0.640284
1.849172
1.822661
1.923920
0.630994
0.198714
2.371189
2.235527
1.647837
2.373277
2.655279
1.462702
4.720103
1.832692
2.627135
1.837297
3.507851
1.910066
0.476759
1.801497
4.730357
0.549563
3.725192
2.245383
1.124719
2.518616
2.883933
1.887675
2.222496
0.834772
0.888685
0.944585
2.152995
1.435936
1.903577
2.482617
1.867261
1.862425
3.933854
2.818463
2.652632
3.888023
2.372307
1.990827
1.931008
0.996570
2.858589
4.205397
2.939013
1.076560
1.447281
2.183956
5.135686
1.367631
1.532593
2.441056
1.567963
1.462217
0.789788
3.241705
0.660313
2.586754
1.880999
1.742180
0.322388
1.510469
4.361176
1.847705
3.683277
3.376664
2.884444
2.728313
3.112256
0.739761
2.447978
2.010845
2.809894
0.278036
4.557279
2.613858
0.964672
2.531746
2.000000
2.273590
1.293495
0.813892
2.029165
2.000000
2.947117
2.255753
2.097343
1.143879
1.813721
2.000000
2.664938
1.875615
1.288352
2.894968
1.137199
3.627656
4.288598
1.942564
1.655764
2.550291
2.000000
1.779602
2.787548
3.309546
1.298284
1.174429
1.641902
1.527662
2.292576
2.897692
1.368488
1.922420
1.861627
0.687133
1.479324
3.575116
0.613756
2.104066
0.243063
1.886640
4.306553
1.892138
2.509944
1.483252
2.440339
1.112865
2.283189
1.769734
4.352863
2.366034
2.448549
2.000000
1.215471
2.105583
2.204347
1.192188
0.946045
2.014920
2.044317
2.470501
1.741890
1.739870
1.894722
0.839999
2.000000
2.030196
1.194700
0.409776
0.282708
1.504599
4.030044
2.000000
1.545493
1.879660
1.323866
1.424580
1.990392
3.388523
0.835705
1.847419
3.468530
2.392773
1.403378
1.921600
4.016111
2.722946
3.062608
0.418238
1.778415
2.000000
3.839261
3.644637
1.651361
2.576540
2.000000
1.958723
3.247139
3.210678
1.184616
3.360836
2.031587
2.264446
1.920501
2.160460
2.736097
0.646051
2.222607
2.903314
1.860443
2.820779
2.705218
3.042887
2.444892
1.407570
2.000000
1.240900
2.396845
3.790170
0.850293
2.734738
3.224918
1.885564
1.485871
2.572633
1.234484
1.110726
4.428017
2.964257
3.879404
1.335578
0.698659
2.060740
2.002179
1.453573
1.657443
2.549673
4.341696
2.455878
1.999016
2.324394
1.152211
0.452258
1.533735
2.271400
1.740376
0.303636
0.462278
1.375988
1.279503
5.456192
2.602339
2.228014
2.000000
1.271481
4.051184
0.820375
3.106791
1.777269
2.930950
0.747332
1.509519
1.330840
0.234853
0.957607
1.142999
1.542779
2.733799
2.000000
3.261942
2.098169
3.636660
0.771486
1.388838
1.463639
2.000000
1.226941
0.997755
0.715293
1.392428
2.882666
0.378064
2.928794
2.986458
4.024933
3.322288
2.515946
1.935466
1.644378
1.535297
1.109874
1.714639
0.604706
1.118312
1.277058
1.919113
2.000000
4.053696
0.394647
1.782932
2.197793
1.583637
3.750401
0.603428
2.439579
3.004943
0.884851
2.938434
1.978327
2.276694
1.394081
1.770647
3.138728
2.346090
1.930912
2.602480
2.916839
1.367196
2.026928
1.519532
0.549462
1.239001
2.854088
1.074666
3.318695
1.106368
1.100342
2.206933
3.060035
1.869087
3.244278
2.709911
2.693132
0.691051
6.804987
2.001272
0.753847
3.431675
1.511730
4.905158
2.320997
0.357486
0.570268
4.312598
2.880070
3.075407
0.485917
1.837953
0.845477
0.523030
2.284812
4.134873
0.645084
2.000000
2.000000
2.000000
2.017915
3.068687
2.219230
2.706328
3.215572
1.136494
1.794599
1.902094
2.934632
3.451672
1.969638
2.458343
2.172178
0.820325
2.699127
2.038771
3.362897
4.664415
2.065622
2.186044
2.404414
1.656310
0.948095
1.293151
3.723239
1.778351
4.829987
0.957455
2.025986
3.269267
1.766196
2.000000
2.781868
0.511779
1.536788
3.037098
1.956158
0.983272
2.808496
2.313738
2.346693
1.991981
0.770975
2.041891
1.790811
2.000000
1.954791
9.374401
0.916919
0.314662
2.355856
1.883298
1.152191
1.559425
1.788932
3.722547
0.693476
1.546325
1.560479
1.304897
2.000000
1.147941
1.894686
2.000000
2.000000
2.000000
1.495886
1.047386
1.621206
1.782330
2.000000
2.572789
1.664646
2.000000
1.536672
1.371408
0.596114
2.606599
1.432114
6.108958
2.156047
0.441616
0.816060
3.330325
3.135095
2.962863
1.455372
0.554945
3.413757
0.700236
2.933161
3.189476
1.095381
1.022524
1.156254
1.847680
2.986633
1.608977
5.684228
2.000000
4.627198
2.513850
1.727430
2.022640
2.000000
0.299427
0.686388
0.797776
1.922701
1.168672
0.841873
0.895548
1.106565
1.184196
2.000000
1.603810
2.625758
2.539686
2.547950
0.882057
1.610390
1.080813
2.174005
0.457349
1.621054
0.652401
1.707518
1.876292
1.321848
0.365327
2.000000
1.703415
2.269846
1.712901
1.999367
3.900035
3.237588
2.766756
6.529306
1.315625
2.154887
1.437115
4.531244
1.166148
3.333054
2.000000
3.651975
2.246423
2.748790
3.271600
3.858135
2.000000
2.193382
3.967397
1.039176
1.173835
2.046568
3.339782
1.589014
2.545355
0.642600
3.421698
0.721720
4.024874
1.671999
0.367997
2.041485
0.343803
2.000000
2.606352
1.575051
2.936456
1.930670
2.429335
2.386361
0.908099
0.726126
2.153734
1.905366
1.342911
0.584405
0.885973
1.567627
0.837059
0.775978
1.528469
2.000000
1.978333
1.228565
2.254792
2.009874
5.309408
0.860989
3.892454
1.569911
3.457602
1.541506
2.000000
2.546573
1.913046
1.287458
1.922361
2.320073
1.764539
1.985804
2.000000
2.000000
0.548157
1.977219
1.535130
0.595369
2.859718
1.955251
3.279689
1.961890
0.794399
0.583003
3.889048
1.472352
2.000000
2.709270
1.432114
0.398594
1.741754
2.507532
0.663717
2.370961
3.096044
1.193825
2.495539
0.374914
2.000000
5.201079
2.682242
2.154013
3.001439
3.509371
1.972361
1.755046
1.118650
1.960962
2.237092
0.799200
0.329790
1.869265
2.000000
1.230510
1.749647
0.392882
5.873425
1.549591
0.835793
1.084557
1.256716
2.149432
1.245683
1.118446
2.879542
2.120266
2.149896
4.494696
1.567352
0.608635
5.334053
3.594890
1.557451
2.381583
2.000000
1.938397
2.103171
2.477995
0.448131
0.387815
2.000000
1.623156
1.445084
0.927381
2.000000
0.969857
3.393043
1.650427
1.699383
2.676269
2.021903
0.429817
1.018642
2.300515
2.000000
2.209763
1.796739
0.410420
1.100119
3.330090
2.597260
1.706540
2.147917
2.000000
1.201541
3.793510
0.410344
1.483749
0.688674
0.415720
1.075269
1.763515
1.886938
0.824955
1.976566
3.595841
1.714630
1.126496
1.889731
0.573049
2.000000
1.582361
4.039999
2.098909
1.631649
2.000000
2.627375
1.353085
2.000000
1.255030
3.021588
2.000000
1.603839
3.186100
1.242027
3.389487
2.355359
2.977512
1.813067
1.782736
1.038511
0.714229
3.031407
1.437778
2.864544
1.824993
1.779231
0.659987
1.647957
2.893187
1.964186
0.752244
2.000000
0.578560
2.000000
2.000000
0.928209
0.857000
1.689033
0.739867
3.350259
1.964357
1.746416
1.912236
1.638210
2.124639
0.391714
1.380805
1.379874
4.591283
1.372849
3.196409
3.157212
3.002517
2.093817
0.919493
0.918224
2.000000
1.810614
2.641419
2.671731
1.913644
0.769770
3.600108
1.438076
2.190764
1.990914
1.197087
2.108528
2.284900
1.036738
7.041135
1.528557
3.334962
2.159531
4.168424
1.590950
2.157761
2.642076
1.916033
1.482851
0.791459
0.910968
4.560350
1.665200
0.800149
1.446423
2.000000
1.998855
5.995096
1.548573
0.705084
2.375868
0.877494
1.287979
2.042070
0.292267
2.341289
2.000000
2.611024
3.065734
0.205925
0.952738
2.134997
2.000000
2.291833
0.746323
2.532436
2.030873
2.000000
2.000000
3.459544
1.626132
2.646609
2.000000
2.018389
2.046067
2.000000
2.433474
4.598582
1.523201
1.837872
0.601537
0.832311
1.400304
2.354901
2.024665
1.943514
1.178243
3.845182
1.905056
1.898950
1.546803
1.414633
2.329712
0.816970
2.581091
0.924415
2.649325
2.025991
1.526927
1.034310
1.661638
2.895711
1.973903
1.870706
2.240391
2.164943
1.534646
1.062585
2.000000
1.902728
5.212564
2.586488
2.351021
1.944740
0.977241
0.528264
2.659629
0.722224
0.528965
1.932382
2.559233
0.900058
1.215492
0.262755
0.979384
0.608976
3.276138
2.021811
1.958617
2.000000
3.125372
3.336750
2.000000
2.124838
5.868669
2.296234
1.842676
1.327749
3.341434
1.632541
3.028428
8.303552
0.977087
0.314734
1.111141
1.657240
1.496486
0.732552
2.152633
1.539580
2.000000
1.942864
2.798287
1.325771
2.594413
2.161208
3.173070
1.489591
0.110137
1.518279
0.730333
1.532505
0.988026
2.719343
0.657093
1.923347
2.189790
1.622516
2.547840
1.565137
2.031544
2.135455
0.981230
1.831028
2.798686
1.253105
0.397078
2.719188
0.946359
2.000000
3.019492
3.000816
0.834022
1.279921
5.639736
1.704700
2.021101
3.555076
1.465039
2.156529
2.096917
1.364741
2.030254
3.862227
0.347819
2.233627
2.889504
2.000000
1.172922
2.000000
1.798008
0.984451
1.833967
3.338885
1.943760
1.762080
2.585892
0.926864
4.179659
2.753554
3.148714
2.023276
1.803878
2.139750
3.816698
2.592547
3.365440
3.009213
1.671438
5.639309
1.611299
1.261145
0.600965
3.635654
0.543029
2.689663
1.266656
1.674652
2.758262
2.888907
2.182220
1.080750
0.690993
0.782285
3.315789
1.147777
2.000000
1.620637
2.426435
2.000000
2.389002
1.161911
4.411955
2.582211
2.000000
1.449697
0.617622
2.000000
2.751486
1.745397
1.768914
2.236895
3.039697
2.207869
2.000000
2.000000
2.677433
2.000000
1.777395
1.757792
2.008928
3.137617
1.099259
0.275836
2.346296
2.000000
1.350320
0.741896
1.779260
2.000000
5.883669
2.126504
1.190532
0.729666
3.595384
2.195936
5.907716
2.663811
1.510850
2.000000
1.447394
4.616843
1.756882
0.983079
2.610074
1.857116
3.333689
1.995596
2.134615
2.558170
2.200317
3.139902
1.887914
5.394304
2.128034
2.370878
0.355438
0.890566
0.854928
1.365827
2.254508
2.230072
3.452505
3.699936
1.289184
0.601377
2.000000
0.445283
3.222592
1.551519
1.654835
3.069542
0.810641
1.889907
2.000000
1.054621
2.000000
1.460126
2.280632
0.740535
3.301404
2.365195
2.426567
1.197592
2.935921
0.871588
1.502497
3.337836
3.022626
4.317377
2.445953
0.832905
2.917879
0.502285
1.908624
3.344926
1.909098
1.246874
1.053262
1.255933
1.116590
3.037279
1.750183
2.407577
1.571873
1.670023
1.702860
0.720058
2.500238
2.000000
1.205091
1.450368
1.523066
2.000000
1.588664
3.092341
2.308448
2.000000
1.354942
1.871034
1.786407
2.935325
2.750435
1.907601
1.039144
1.335213
2.000000
2.591527
0.819920
2.000000
2.000000
1.763184
0.694230
4.328595
0.995067
2.339954
2.000000
0.672937
2.469087
1.498293
1.781561
1.714154
1.029596
2.000000
1.808359
0.971495
3.718903
1.735953
1.523813
2.000000
3.888039
2.000000
2.233568
1.910486
2.118167
0.683053
1.057336
3.842088
1.701626
0.909672
2.000000
1.406245
2.000000
2.536899
3.302017
2.000000
3.557366
1.690726
3.282005
2.993448
2.000000
0.968228
2.000000
2.269435
1.045498
2.000000
0.693592
2.456548
4.808981
2.000000
2.804794
0.635763
2.565084
3.184744
3.388226
3.682085
1.480399
2.426886
2.024100
1.709139
4.407333
0.788681
1.580326
1.747208
3.179404
2.318940
1.966741
1.459483
0.854136
1.601336
1.166052
2.830465
2.534669
1.910233
1.037167
2.884800
2.280128
2.032319
1.782233
2.949938
2.089688
2.665542
2.111835
1.208821
3.818805
0.584395
1.644362
2.531062
2.000000
2.211033
1.107067
1.941307
1.558127
2.234251
0.254389
2.080716
2.139590
1.304951
2.220794
0.804083
4.522179
2.000000
1.634812
2.269348
3.150723
3.287580
2.395634
0.422338
1.370690
3.129352
4.174245
1.597531
0.833147
3.270176
1.862937
0.934361
1.494816
2.451864
2.603936
4.179125
2.758754
2.000000
4.443937
1.316801
1.278930
0.191304
1.642998
2.088566
0.460429
1.321126
2.092846
0.939966
2.000000
1.652894
2.014002
2.811628
1.614294
4.635828
1.404779
0.907939
2.000000
1.845156
2.000000
2.000000
0.471359
3.961789
3.187301
2.273151
2.396796
1.103542
2.941498
1.433121
2.000000
2.099117
1.670101
1.892191
1.413370
2.389590
1.787398
2.612703
1.559645
3.099098
2.257652
1.054922
2.094081
2.389973
1.026793
2.237492
1.612651
3.826215
2.229617
0.701270
0.836542
2.217194
0.756654
3.981044
1.975851
1.624545
2.000000
2.512348
0.874743
2.000000
1.748398
1.680477
2.687153
1.048350
1.552910
0.820831
2.119855
5.993997
3.845404
2.000000
2.000000
1.763672
1.289549
4.212705
2.000000
2.000000
4.174651
4.711444
1.739332
1.522213
2.590570
2.299393
2.000000
0.674003
4.331241
2.917876
2.158093
1.867632
3.607360
2.000000
1.725460
3.029784
1.573436
1.123886
2.215444
1.434305
1.197561
2.237358
3.068338
4.120691
1.447660
2.713638
1.411379
1.375597
2.000000
2.341919
1.925667
2.433076
0.626708
0.936833
4.298799
2.953893
0.657982
3.562881
0.604600
3.097553
0.981499
1.670470
2.000000
1.354562
2.288453
2.788943
3.702178
0.424309
1.532964
1.563594
0.314934
3.519155
1.447829
3.063111
1.550383
3.991599
0.552850
2.320496
2.000000
4.710435
2.923153
3.003875
0.266718
1.313449
1.331075
0.469788
2.000000
2.205648
1.783027
3.217717
0.711979
2.188672
2.000000
1.831163
1.892200
0.661108
1.704736
2.599726
4.035172
1.709248
2.416384
0.375295
3.420572
3.018381
0.667550
0.461937
0.522983
2.609621
2.250832
1.194361
0.428190
2.777794
0.218401
0.242141
1.892737
0.785822
2.000000
1.363344
2.411124
2.588595
2.611725
1.165743
3.286841
0.901826
0.558271
2.000000
3.041636
4.578227
1.884977
2.374102
2.563159
2.066403
2.000000
2.003607
2.393399
2.179575
0.627333
1.479224
2.000000
0.245714
3.354599
2.000000
1.265351
1.857066
2.211387
1.635547
1.119356
0.935752
3.030206
4.016768
2.343099
2.440580
2.434123
3.323808
1.828730
1.785508
1.414153
1.902108
1.341288
3.801901
2.289706
2.000000
1.449379
1.035814
0.954187
1.309120
3.720764
2.000000
2.414238
1.882355
1.044478
2.628641
2.145524
1.670644
1.514368
4.486907
1.275339
0.705457
2.282361
5.856213
2.026625
0.819407
1.745117
2.738345
1.318597
1.457699
2.141423
2.019631
1.622761
3.502980
2.000000
4.274881
1.582396
1.884993
1.304501
1.107358
3.162304
3.254595
2.758521
1.201034
1.992794
1.198283
0.500217
2.000000
2.584769
1.559553
2.166966
0.362802
1.416405
2.059519
1.945262
3.940303
1.277652
0.900805
3.971930
3.765397
1.841196
1.438261
1.696569
3.966257
3.381109
1.365810
1.751864
0.407291
2.012870
2.128463
2.000000
2.260604
2.263425
2.053597
1.665401
1.045845
2.000000
1.646953
2.791941
0.937912
1.841822
0.976631
1.428598
1.985272
2.000000
0.487451
1.268067
1.087869
1.938317
4.928868
0.858763
1.670262
3.516721
5.366766
2.931901
2.560248
0.434881
1.749375
1.618545
1.031944
1.720039
2.000000
1.951523
0.984310
2.000000
0.857435
1.757542
2.215257
2.000000
0.481319
2.543080
2.589566
0.954718
2.338542
0.414204
0.382532
3.242923
3.333859
5.868937
3.393124
2.104127
1.519671
2.651090
2.046280
2.933186
2.117525
0.721574
1.661248
0.418268
0.934843
1.277152
1.783518
0.790736
5.468513
3.411657
1.221496
2.556228
1.015574
4.029292
1.024088
2.038752
2.504749
3.693917
0.655409
1.812796
1.315224
0.969377
1.067001
2.109126
1.230580
2.156585
1.181452
1.354892
0.490648
1.218905
2.102333
0.149295
0.996752
1.905734
1.830574
2.000000
1.220670
0.456107
2.111127
1.052131
3.401609
1.598258
1.593975
2.000000
1.845362
1.515851
1.974804
2.286313
3.066589
2.000000
2.537047
1.222337
2.766608
0.668941
2.504371
1.843251
0.740915
2.514658
1.642898
2.000000
1.767772
1.860344
0.489953
3.569624
1.561631
2.000000
2.871566
0.974573
4.102859
2.836098
1.998644
0.142811
1.886741
2.678142
2.328440
2.558038
2.329455
1.820642
0.713546
2.557013
4.612019
3.128284
1.868233
1.744605
1.784508
1.006384
1.758350
0.743515
1.558867
2.356573
3.917269
1.149910
1.108138
0.578433
1.228155
3.419973
2.000000
3.158248
3.635895
2.391038
3.221691
2.000000
2.000000
1.511093
1.176834
0.689512
0.543744
0.289022
2.000000
0.991233
2.583438
2.378138
1.132063
1.772123
2.000000
2.076694
0.377478
2.017379
2.078081
2.000000
0.576284
1.436447
4.772183
4.035184
1.789658
1.882168
2.316404
2.476369
1.744191
1.640730
2.543350
2.456255
1.851243
2.699100
1.687669
2.165802
1.866755
1.584121
2.074289
3.973637
1.221185
1.019785
4.704666
1.983184
2.000000
1.381304
1.820239
0.831924
2.031474
1.787580
0.253570
1.597583
4.149574
0.813490
2.013741
0.443868
1.464671
3.707831
1.208654
1.759135
3.282955
1.257769
0.563765
5.063253
2.000000
2.000000
1.435412
2.671791
1.313926
3.533199
1.295378
2.000000
2.591938
4.239147
2.235343
2.000000
4.762781
0.340133
0.942818
4.515047
1.609237
2.224523
3.850742
4.528172
2.864506
2.000000
0.530582
0.618640
1.582966
1.168535
0.920437
0.807722
1.008848
2.569244
3.585065
1.327288
2.409038
1.687739
1.760024
1.369468
1.753036
2.043684
2.407650
1.258934
0.932065
4.052254
2.201226
1.624273
2.046084
1.331134
2.365399
0.990018
2.506406
2.000000
4.565327
2.198009
1.113452
2.607178
1.779763
2.331812
1.767713
1.406247
0.956157
1.195186
1.949098
2.000000
3.177934
3.479953
1.609236
2.000000
2.828882
2.989427
3.820018
0.747997
0.248480
2.810512
1.865628
1.952359
2.000000
0.208396
2.617270
1.193759
0.841137
2.108698
0.811401
6.617239
0.720333
1.201272
2.000000
1.683571
2.364614
0.783285
1.979962
0.433857
1.342530
1.148344
2.958794
2.220906
2.000000
1.071944
1.553969
1.392410
1.702981
1.609692
1.425336
2.297580
1.625789
0.466481
1.809706
0.926601
1.932899
2.000000
2.320102
1.733397
1.485970
1.821287
1.866016
0.609477
1.862113
1.533066
2.000000
4.248413
1.315149
2.529657
3.445867
2.174756
1.719039
1.241431
1.870284
0.885464
1.467075
2.000000
1.685033
3.764513
4.446235
1.349772
1.988373
1.382859
5.555089
1.942255
5.516731
2.314831
4.071172
1.480335
4.306984
1.539125
0.958379
1.336019
0.509417
0.825286
0.839377
3.051827
1.587516
1.789163
2.443535
4.003564
3.328547
3.223819
3.019090
1.618874
1.019385
4.013143
2.000000
0.238592
3.442593
2.000000
0.456579
1.451725
5.750483
1.899889
1.576517
0.371205
1.116067
2.458910
0.515172
2.035596
1.057547
2.000000
2.908029
2.000000
0.248954
3.101233
1.348810
1.090179
0.550746
0.626004
3.322407
0.997868
0.628403
3.700570
1.550393
3.126270
3.100294
2.464824
3.184467
1.446436
1.253669
1.898473
0.538211
2.725590
1.965396
6.242068
2.293280
0.743029
2.598736
1.731052
1.525457
1.794355
2.154599
2.000000
2.984855
3.352896
2.123405
2.000000
1.679284
2.000000
2.819246
1.070965
4.219900
2.326257
0.509581
4.662633
0.918307
3.087175
1.117216
3.226975
0.301038
2.348378
2.000000
0.240454
1.616766
3.069056
1.112939
1.388938
2.874931
1.804380
1.555324
0.600556
2.000000
0.884172
2.263210
1.570992
4.996407
1.705331
2.064970
2.273736
0.389797
1.020341
1.101942
1.982730
2.000000
2.311790
2.441058
2.467386
1.055804
0.429551
1.266967
2.060364
2.000000
3.388053
0.368878
0.864630
1.688297
1.814424
2.000000
2.536703
2.296383
2.047784
1.713773
2.000000
1.736951
0.962650
4.365087
2.000000
1.775654
3.627357
1.467797
1.710701
0.498498
0.926636
2.479498
0.681368
2.000000
1.077197
4.887683
1.707164
1.288543
1.932150
1.896352
2.274314
3.264993
2.977510
1.011026
2.083994
0.636743
3.525423
0.666213
1.583434
0.847188
1.216426
3.859459
2.315048
1.192311
5.998538
0.979523
1.876273
1.518210
3.052897
3.029701
1.427336
5.693698
2.511716
2.623956
1.661186
0.221307
1.930026
1.985752
2.031623
1.696088
0.672541
0.363750
0.705520
3.583780
2.632746
1.565684
1.843335
2.301459
1.720840
1.911366
1.263058
0.897792
0.164931
0.517641
1.859216
2.606274
2.601375
2.459202
3.176247
2.000000
0.778143
1.199835
1.416482
0.655023
1.263965
0.957900
1.854843
2.269443
0.622216
1.503461
3.077547
5.164022
1.032669
1.308819
1.824330
1.188328
0.970351
1.160694
2.291065
0.764950
1.869711
1.902398
3.131474
2.177065
0.292493
2.129765
0.764280
2.008469
2.110115
1.994725
2.699091
1.596983
2.102249
0.103027
1.811211
1.725145
1.075434
0.945491
0.980004
2.000000
0.933897
1.189814
1.738069
1.093031
0.570659
2.000000
2.449789
1.271470
1.776014
3.209755
0.691660
2.122970
0.610999
0.246928
1.695062
1.318429
2.000000
1.240459
1.181138
1.563242
1.153766
1.308909
0.991717
0.883973
1.110011
1.612920
0.930275
3.655307
3.367554
2.000000
0.726695
1.463074
1.855324
1.725795
2.000000
2.394169
1.283293
2.970801
1.377242
0.250453
1.535744
1.691977
2.138062
2.000000
3.885308
2.000000
1.825998
0.433125
1.420640
3.753049
3.492813
3.462497
3.629226
1.212517
2.902204
1.290524
0.634045
4.670383
0.255344
2.963282
0.316581
0.156825
2.000000
3.347929
2.123529
1.129419
1.140456
2.598848
1.652845
1.248961
3.329879
1.138331
1.370553
3.183229
0.765275
2.051874
0.708894
2.293404
2.218298
2.000000
1.072963
1.715754
1.197414
3.093664
2.000000
0.582618
1.107813
0.839912
1.919084
2.835150
0.693008
1.017995
1.417585
2.211774
2.369779
1.379453
2.000000
2.000000
2.297415
0.975262
0.592104
3.794701
1.210913
2.000000
2.335840
1.699811
2.000000
2.000000
2.000000
2.082919
2.000000
3.224602
0.471238
0.951375
2.241548
1.698068
2.764743
2.155622
3.173821
1.097528
0.698768
0.506117
1.439894
2.830426
1.113362
1.628441
2.656785
2.517450
0.924700
2.000000
1.019882
2.132619
1.568995
1.999563
0.644027
3.003322
0.415343
0.622034
1.982071
1.899239
2.000000
1.644900
1.685417
1.707743
1.552824
1.619694
2.000000
2.011743
1.817958
0.308115
1.647615
1.520425
0.768747
2.084008
2.300089
3.658743
3.473333
0.075595
1.160310
1.319718
2.352134
1.817441
1.968060
0.894633
3.306088
1.115615
4.273628
2.035168
3.258766
1.794820
4.115304
1.980273
0.866239
0.678959
2.728533
1.714965
0.880807
2.762989
1.858890
0.781413
2.682985
2.356077
1.234153
1.807256
2.395410
3.398520
2.340435
1.727507
1.366829
2.089433
2.025409
1.775553
0.780676
0.408363
0.363648
2.346894
0.773178
2.000000
0.675091
1.802696
1.417461
0.798787
2.707658
2.000000
1.694055
2.046466
2.226336
1.952088
2.000000
1.644823
2.620985
1.728679
1.922959
2.007782
4.074753
3.411904
0.913028
2.097163
0.733853
1.637185
1.745278
2.666957
1.778491
3.120905
2.780997
0.579947
1.541954
2.195537
1.122488
0.777459
1.410622
1.152315
1.786978
2.455012
0.585487
1.355240
1.258291
1.870995
2.882906
1.536932
1.717774
2.660069
1.418019
1.855887
1.582472
3.190445
3.107322
1.254605
0.373142
2.434676
2.937063
2.000000
1.040237
2.100917
1.391045
1.817029
0.309072
1.543261
2.000000
3.219039
4.863188
0.491264
0.386131
4.162701
2.112832
2.000000
0.589734
2.642751
2.825892
2.984773
3.415723
2.000000
2.010601
2.687480
2.448286
0.566733
0.671272
2.189694
1.904033
5.012413
1.098813
2.162084
1.268251
3.927376
2.342051
0.736387
1.241344
0.883597
1.541548
2.452432
0.820889
2.086799
3.529291
3.173863
1.592004
2.000000
4.329224
2.000000
2.000000
1.524775
2.076875
1.702609
1.286253
1.495406
3.089571
2.000000
1.516164
2.398071
0.897797
3.736492
1.056410
0.981989
0.732263
1.612209
2.000000
2.123759
2.690085
2.176416
1.943897
2.657932
1.481461
0.789913
2.526957
1.068515
1.803541
1.207823
1.529296
2.000000
1.386215
1.541821
0.932274
2.000000
2.377145
1.982782
2.017173
1.661955
2.161544
2.005981
2.254654
4.816800
1.482200
6.273153
0.750957
1.153769
1.006691
1.590296
1.636820
1.156763
1.441740
2.131902
2.000000
2.026888
1.933374
2.000000
1.384276
3.800677
5.087886
1.137847
1.412482
1.768136
0.288655
2.484003
3.872025
2.383998
0.763236
4.145734
3.340729
1.895430
1.353591
1.622911
4.174407
2.359375
1.751385
2.171943
1.852176
1.626372
1.549274
0.696160
1.896009
2.715941
1.784302
2.262564
0.518626
0.988043
4.519156
1.689047
1.846849
2.937247
0.594228
1.912604
2.282036
0.823951
1.579449
3.305445
1.516999
1.308521
2.000000
0.423501
2.019319
2.140930
3.422696
2.857352
1.056700
2.000000
1.916235
0.797890
2.438236
2.000000
3.112606
1.750223
1.959443
1.219641
1.442044
1.222998
0.991547
1.276597
2.294206
1.409123
2.049704
3.900283
3.087451
2.000000
4.245574
3.401432
2.890542
3.263862
0.703366
2.027887
1.225226
2.908104
2.000000
1.706338
4.384672
2.058670
1.677623
3.666286
2.000000
2.000000
2.000000
2.000000
1.819619
1.769612
1.824248
2.197617
1.985635
1.304876
1.540990
3.379056
1.818642
1.229962
1.376578
4.100740
0.802159
3.918758
1.391808
0.885976
1.635179
1.861909
2.433138
0.997848
3.396071
1.801796
1.812361
3.345144
1.211847
0.482393
2.768514
1.852973
1.224138
1.390029
1.191958
0.524569
2.000000
1.845075
2.186556
2.000000
1.760434
0.459980
2.388225
1.857821
1.024202
1.900164
2.498127
2.472271
2.107540
1.301770
1.935180
0.985533
2.000000
2.467829
0.768129
1.159901
2.221875
1.387875
2.000000
5.275813
3.947149
1.479287
2.199641
2.457840
1.149640
2.281628
0.702144
2.000000
1.972993
2.000000
3.854610
2.102430
0.898933
1.030730
2.741698
1.029627
2.775071
0.758867
2.190980
2.978811
0.845782
1.972031
2.343851
1.201015
4.591838
2.832450
2.218282
1.435072
1.564612
1.693526
1.824411
2.394324
6.382818
1.690912
0.532931
1.245851
0.883585
1.545236
3.214563
1.325112
0.768826
2.184666
2.303491
1.519375
2.000000
1.707740
2.669502
1.839462
0.868977
3.192221
5.358065
2.000000
2.275946
1.003091
0.924831
1.326576
1.042983
2.000000
0.393692
1.269414
1.683181
0.573459
3.135085
4.947878
1.135367
0.578996
1.522779
2.000000
2.000000
0.524383
1.279037
3.700533
3.242108
2.000000
1.974234
0.562079
0.841137
2.182486
1.804660
0.658129
2.000000
4.366899
1.068642
2.939964
3.415901
4.424551
1.084067
0.977280
2.565511
1.497604
2.264283
0.767402
1.494969
1.459494
0.278706
1.459169
4.203700
2.071135
0.933301
3.503743
2.176193
2.230135
0.461863
2.340941
1.565767
2.000000
3.741290
1.557515
2.832489
2.295887
0.605624
1.815918
4.049397
2.025636
2.364483
1.234284
3.705984
3.178028
2.490736
2.000000
3.087423
1.731267
1.272909
1.412557
0.863988
1.071393
3.700896
0.532550
2.373305
1.473922
1.248448
0.448660
0.542164
1.846145
0.541350
2.315583
0.475907
1.200641
1.386292
1.503393
1.840613
1.587778
2.000000
2.000000
2.000000
1.368034
2.000000
2.236190
2.898953
4.332143
0.564724
2.019124
3.084520
0.638380
4.265619
2.637113
1.078410
0.275172
5.125807
1.926709
3.271965
2.776040
2.559633
1.651469
0.985205
0.964038
0.818985
3.259068
1.853554
0.401267
1.226643
1.308416
0.451340
2.000000
0.158339
1.558202
1.553806
2.000000
3.624467
0.105468
3.419905
2.285447
2.575764
0.811689
2.675043
1.880249
2.000000
2.000000
2.000000
2.000000
4.671030
1.131276
4.522306
2.052034
1.454579
3.179613
1.307263
2.000000
2.119906
2.150446
3.739518
3.985176
1.718697
0.771474
2.039477
1.481181
0.613233
4.880714
2.636941
1.691240
1.513270
0.658590
2.027512
1.727896
2.506411
3.425921
1.466148
2.262846
2.597973
0.698929
0.631654
1.386801
2.000000
2.589739
2.632645
2.071401
1.919530
2.009608
3.352682
1.362648
2.172771
2.183645
1.734697
0.726595
0.451090
1.299965
1.096745
1.778872
2.000000
3.017832
2.389101
1.485522
0.776624
2.000000
1.943956
1.137571
0.921103
1.417597
2.412252
2.630412
2.060457
0.357577
1.893482
3.207396
2.344994
2.054850
2.730927
2.000000
2.405203
2.000000
0.731699
1.527484
2.000000
1.912319
2.434001
3.225347
0.386550
1.958333
1.178096
2.000000
1.303708
1.515095
2.191814
2.594409
1.607292
2.598722
2.000000
1.066226
1.142423
2.000000
1.236499
0.501240
2.325193
3.404821
1.408556
0.666192
3.172187
0.771017
3.726432
1.019462
3.144809
1.742704
1.619909
2.710848
3.205530
6.632728
1.704185
3.822424
2.681425
0.754087
1.656264
1.834500
2.262735
1.381811
1.559174
2.000000
1.857846
1.772429
3.423671
2.779214
1.446810
4.054130
1.446532
1.463288
1.303656
3.384306
3.674524
0.230532
1.366054
0.608124
2.551310
0.927569
3.713306
2.000000
4.533561
1.584879
1.948983
0.924562
2.264442
2.039418
0.259688
2.019990
1.382202
1.134608
2.891580
2.070640
5.113640
1.028698
1.923085
1.087577
2.806246
2.699915
1.063548
0.465255
2.696225
1.894069
2.851098
1.637061
1.530128
2.000000
2.000000
1.804135
3.097237
2.000000
1.862209
1.362951
1.965387
2.360898
2.620887
2.549792
1.128757
5.320701
3.158057
2.475453
2.250710
1.505582
1.081344
1.085946
7.056676
2.162148
2.765536
0.438521
1.387350
1.658674
1.953729
1.870730
4.595567
2.000000
3.025237
2.115663
1.518456
2.000000
1.832416
0.903584
3.367798
3.448745
3.021950
3.656849
1.555470
1.793986
2.378714
0.926749
1.123204
3.003330
0.303128
1.014357
2.826784
1.666211
2.033658
3.071961
3.760278
1.495401
1.383349
2.000000
2.280328
5.447179
0.651401
1.868749
1.201878
1.730540
2.167356
2.000000
1.111899
2.456369
2.691089
0.934204
3.290203
1.232712
1.686915
3.229289
2.738932
1.785252
2.363245
1.716542
1.526052
2.200030
2.399583
3.423934
1.643556
2.515787
0.428574
0.337167
4.041586
2.320508
3.060836
0.670401
2.043787
1.232951
1.814651
1.245254
0.941168
1.805427
1.633019
2.095486
0.516864
2.342317
2.000000
0.529380
2.020566
1.121071
2.181172
0.837885
1.273815
1.798526
1.135553
2.000000
2.000000
1.643089
1.007358
4.579777
0.548110
4.049720
2.527727
0.522063
3.571320
3.058423
2.105806
1.773160
1.422694
1.209828
2.000000
1.808568
1.306851
0.172781
2.534282
2.000000
0.742598
2.069579
2.818240
2.559232
2.000000
5.054032
1.765338
2.000000
2.053943
3.360758
0.923494
0.277694
2.278687
1.376931
4.704845
1.679937
2.000000
1.533160
1.916647
1.941561
3.108815
2.316962
1.362579
2.903466
2.000000
3.047641
2.000000
2.194022
2.751700
2.542591
0.742948
0.237935
2.623929
0.518031
2.015108
4.108849
1.611041
1.822714
0.220688
2.147680
3.196923
3.286231
1.002337
1.323813
2.448765
2.808261
3.167314
0.367426
0.563077
2.000000
2.200987
1.793562
0.269272
2.229511
1.979009
1.398704
1.453717
2.515311
3.147703
1.463405
1.250554
0.587621
2.025171
0.827271
2.976248
2.091325
1.770481
1.951194
2.064912
2.173872
2.057868
1.279550
1.322087
1.733829
1.973546
0.963582
1.745328
3.331930
1.249315
0.476821
1.535022
0.917528
2.000000
0.920465
2.682534
3.202172
1.718866
0.772354
2.000000
3.799186
3.224222
1.381646
2.383500
3.153653
0.342891
2.000000
1.512928
1.941845
1.300102
2.621629
1.423974
2.455634
4.655171
0.280758
0.507031
2.395906
2.368568
2.000000
2.000000
3.470737
3.060100
2.000000
8.364564
1.609479
2.079458
3.503601
3.495779
6.069710
3.033929
2.863433
4.472053
2.000000
0.347833
3.454652
0.726685
1.951672
2.000000
1.876502
5.522182
1.412602
1.647917
1.861344
2.000000
1.149336
2.030849
3.858228
1.738490
1.696169
1.933696
1.789931
2.102104
2.400812
4.078912
3.012510
2.585675
2.391635
0.953538
1.750938
1.100773
1.968541
1.827805
2.025947
4.470868
2.000000
3.731208
2.000000
3.092001
2.923693
3.419086
1.943583
4.800361
5.222188
0.378862
1.575066
1.385458
3.955163
3.463269
0.495983
0.709638
2.367253
3.280187
1.997205
2.251714
0.411384
0.646243
2.000000
1.389187
1.697515
2.647728
1.853274
2.691422
1.759469
1.602977
2.000000
2.132499
1.480235
2.444063
1.541293
3.841647
0.535256
0.238685
2.000000
1.629942
0.891449
1.535042
3.310852
1.839942
4.172029
3.991388
2.096330
1.779677
0.605304
1.820952
0.997097
2.391020
2.163960
5.417174
2.559157
1.059876
2.000000
2.567122
1.804096
2.150909
1.737114
1.945979
2.189062
1.092081
1.933147
1.211616
1.806797
2.084411
1.954658
2.000000
3.348600
1.880091
1.151201
1.592406
2.593281
0.661268
1.564728
2.536704
1.948892
1.220995
2.118654
3.235864
1.579714
1.018046
2.944244
1.817039
2.000000
1.489884
1.682026
2.000000
0.714236
0.458664
0.595311
0.571756
1.952536
2.016059
3.239966
3.305996
1.598919
1.618327
1.791569
1.158366
1.665909
1.243989
1.425865
1.898613
1.404538
2.229293
2.000000
1.488595
1.438128
3.798056
2.000000
0.782694
2.000000
2.398421
2.000000
3.220759
1.103850
2.000000
2.317897
2.000000
1.040714
0.895003
2.225027
2.344231
1.524507
1.636329
1.148563
2.817544
2.349771
1.281692
2.000000
0.795307
1.570881
1.663108
1.818940
1.239059
1.047575
2.137077
2.000000
1.997831
2.604645
0.879607
1.664163
1.973993
1.552840
2.000000
2.021806
2.000000
1.771074
0.962306
2.061427
0.628173
1.690806
4.992876
1.455065
0.583095
2.130270
1.141726
1.000925
1.508012
2.100500
2.083644
2.000000
1.801251
3.449978
1.819086
3.253747
3.963702
3.138263
1.308152
2.484191
2.517934
0.990462
2.718352
1.285546
3.256316
1.391507
1.304876
0.877704
1.844706
2.013969
5.465766
1.993882
2.487699
7.742313
1.629004
1.224741
1.046901
1.482594
3.131608
1.847871
3.979254
1.999098
2.529074
2.169307
2.102987
3.237784
1.802953
1.847411
2.048790
0.332067
0.407023
4.146368
1.909161
2.119685
2.615465
2.932780
2.000000
0.955250
1.101310
2.448666
1.625917
0.682200
2.472328
2.309568
0.895954
2.440881
0.609642
0.457516
0.690499
2.629551
0.488344
3.152981
4.413297
1.972531
0.536950
0.801115
1.093440
3.591502
2.000000
1.895365
2.000000
2.835071
1.895128
3.252974
0.855170
2.147726
1.812685
1.943389
2.242766
0.838945
0.473916
2.318247
1.417111
2.036427
0.811667
1.327471
1.134182
1.753616
3.062008
3.513927
2.365558
1.301722
3.500332
1.939786
1.170674
5.955452
1.918722
1.294235
0.934625
0.529800
0.765496
2.127063
0.610539
0.500040
2.163905
1.208790
2.000000
0.630102
2.000000
1.845133
2.439916
2.000000
1.088978
2.000000
1.532123
1.336906
1.095138
1.202567
1.907932
3.566746
0.331101
6.283029
0.710318
0.511966
2.751214
5.862473
1.468376
0.705795
2.595108
1.997625
2.000000
2.365847
3.744321
2.554558
3.942729
0.587566
1.700482
2.198282
1.476221
4.039013
1.778415
1.965399
1.952428
2.019545
1.725415
2.610393
2.118964
3.248411
2.538785
2.059621
1.486568
1.741868
1.153703
2.000000
1.467912
0.432518
2.341989
0.550967
2.800503
1.558032
4.288206
2.000000
0.326417
0.667881
2.431917
1.507395
3.967036
1.398527
1.891245
0.778828
1.729099
2.000000
0.911737
2.000000
1.724003
0.843496
4.172813
3.940727
0.797522
1.131698
1.830718
2.114320
2.000000
0.910773
1.809749
2.155457
3.006939
1.282852
0.767800
1.951416
1.588382
0.590744
2.198123
0.633942
0.303645
1.408707
1.349062
2.022624
2.000000
4.259042
2.591617
1.617818
1.762216
1.458661
2.037850
2.000000
2.000000
1.090859
2.175848
2.990647
2.229909
3.303551
2.294102
1.971902
1.384610
0.569014
4.553346
2.253899
2.000000
2.689229
4.713124
1.870795
1.628062
2.201851
0.441832
1.700194
1.289247
3.359567
0.865163
1.645133
0.679211
1.241767
2.301956
1.982904
1.404712
2.860401
0.200632
1.132112
2.000000
1.658620
2.000000
3.019157
1.375944
1.482296
2.000000
2.107445
0.350567
0.270149
2.090113
1.466003
1.335317
2.242543
2.035880
1.837303
2.000000
1.704893
3.432056
1.769778
1.525355
1.926588
1.238549
2.223006
2.999058
3.148199
3.073968
0.804934
1.687008
1.504284
0.346609
1.692222
2.000000
2.640033
2.000000
3.231281
2.947866
2.558527
0.690353
1.839502
6.878250
2.075223
2.617017
1.805161
2.000000
1.389427
1.610882
0.936360
2.024502
0.366893
1.217752
1.823968
2.000000
2.000000
1.869478
1.736467
3.101802
2.000000
0.903122
2.049449
1.808868
0.843424
2.000000
1.983624
2.000000
1.534038
2.542107
3.104758
2.186531
1.562894
0.778024
2.275256
1.812048
0.693077
1.194994
2.893393
3.880423
0.766535
1.170056
3.210559
0.463414
1.657925
2.841657
1.885348
0.611549
2.640899
3.897577
1.162607
3.450005
1.094687
0.735688
0.484976
1.817957
1.195884
1.163347
0.512322
1.844856
1.504295
2.498589
5.150571
2.000000
0.488936
1.947060
1.599694
2.385326
3.199688
2.193993
2.995430
0.540865
1.144638
1.650335
1.599516
2.000000
0.227814
2.050727
0.349821
2.087775
1.456473
1.964815
4.054576
1.173143
1.506165
5.106843
1.485952
1.480074
2.526861
2.180025
3.158298
2.000000
0.926548
1.105795
2.079077
0.601121
1.205320
2.025175
3.328266
2.000000
0.490797
1.263171
0.218937
1.614199
0.817275
2.508382
1.446084
0.642164
1.820850
2.651472
2.406009
2.433519
2.063376
2.900314
1.477778
2.874722
2.000000
0.333403
2.000000
3.839221
2.430978
1.806248
2.111701
2.564686
0.394209
1.424314
1.584756
0.586565
1.962304
2.225513
0.723995
1.287692
2.000000
0.917281
2.605527
0.760868
1.406658
3.334840
3.812213
2.499309
1.567287
0.680785
2.000000
2.153729
3.325502
4.476741
0.512135
1.733947
0.260239
1.050806
1.810165
2.009871
0.320603
2.000000
4.007297
1.825510
2.280285
0.863752
1.389159
2.000000
0.872595
1.339386
0.707985
2.000000
2.051376
2.439668
0.884286
2.419611
2.000000
1.909951
2.498251
3.050466
3.097536
2.307039
4.336807
1.438984
0.771614
2.000000
1.367624
2.378671
5.305261
0.887695
1.668757
1.427877
1.431071
0.772564
2.413146
0.617579
2.006407
2.905600
1.115493
1.818947
1.843450
1.964345
1.839866
1.876575
3.510054
1.608658
1.872087
4.285039
2.662715
0.886996
2.000000
2.526143
1.758843
2.374856
1.922981
3.459073
1.326223
2.000000
2.376530
1.017114
4.343988
2.876118
3.490789
2.030093
8.517199
1.722709
2.000000
1.860554
2.108048
2.524639
1.988716
1.308068
1.421504
2.105802
2.000000
3.796523
1.372561
2.000000
1.796316
3.023149
0.977618
2.566480
0.915076
0.475815
1.748576
1.545603
4.676219
1.595343
2.000000
0.911443
1.575006
0.953531
3.219674
5.277969
1.163229
1.322383
1.928112
4.307907
6.072675
2.240164
3.186912
1.604924
1.794897
1.912048
0.349898
3.115397
1.682796
0.396848
0.366949
2.000000
2.687933
2.467462
2.829002
2.010874
2.000000
3.180604
7.206610
1.320074
3.599969
1.961405
1.777058
2.443452
2.010323
0.642986
1.688754
0.681402
1.833161
1.832863
2.089220
2.568611
2.548353
0.978069
2.512612
2.018591
1.050295
2.830691
2.711954
0.363070
2.692191
3.454099
0.513332
4.161606
1.949282
1.879335
2.056583
3.968403
4.257073
1.599327
2.000000
2.172207
2.000000
3.298478
6.360558
2.219999
0.425465
3.960943
0.678062
2.504255
3.045628
0.787868
1.671247
0.983319
2.007271
2.825433
1.111759
0.934537
0.620589
2.000000
2.286993
1.467090
1.731062
0.420311
1.390274
3.193261
3.113554
2.968173
2.000000
2.102638
1.573368
3.258938
2.150277
1.055637
1.849517
2.000000
0.493159
1.269620
0.577319
2.433223
1.433815
0.304377
0.649042
0.671812
0.713971
1.191389
2.176681
1.420893
1.203007
3.441872
2.365841
2.107554
1.567760
1.428730
3.741316
1.932298
1.193828
1.633275
3.223243
0.242489
3.418522
2.162786
2.028603
1.289507
2.428130
1.552604
1.266566
0.904504
2.000000
1.161076
1.430113
1.252776
1.701451
2.899752
0.948825
2.000000
3.159678
0.544835
1.438915
2.166221
1.338525
2.101135
0.299512
4.336237
0.710041
1.875355
1.257089
2.000000
2.911678
2.000000
1.679935
0.715341
0.711103
0.936977
1.326664
2.053474
2.609603
0.528935
2.254093
1.980611
1.549715
1.643878
1.205179
2.000000
2.000000
4.758781
0.605233
2.373376
1.225296
2.000000
2.965416
3.404693
0.394579
0.628160
4.128794
1.946072
1.517364
1.636236
0.850956
2.426623
2.572604
4.095745
0.538124
3.038539
1.831234
1.208107
1.939283
0.669618
2.618785
1.500249
0.691470
2.000000
1.209749
1.390100
1.010985
1.012551
2.337123
0.894980
2.909859
2.889299
3.136571
1.345347
2.000000
2.000000
1.876334
2.120692
2.000000
2.000000
2.435116
3.306226
3.541135
2.000000
2.000000
4.146452
2.528799
1.531737
1.172368
1.680725
1.765862
2.174621
3.995309
0.646148
3.088907
0.876850
1.244759
3.507042
1.910229
1.877433
2.000000
1.601499
1.781886
4.583058
0.291044
0.755989
2.000000
2.668713
2.123526
0.715416
3.932769
3.044122
2.000000
1.511999
2.104765
1.344660
2.744505
0.820871
3.472503
1.679196
2.152945
1.425764
1.592975
1.097446
1.669783
2.432675
2.318071
3.487507
2.000000
2.367824
1.249628
1.930806
2.000000
1.533310
0.616626
2.745977
4.680755
2.106120
1.748457
1.422825
1.479627
1.890578
0.255879
2.879502
2.111420
1.980875
1.595959
1.852515
3.285653
2.330793
2.213529
1.635919
0.900373
2.000000
2.000000
0.823169
2.139864
0.150988
1.579036
2.758734
1.295002
1.447935
1.440423
3.968646
1.899556
2.042303
2.160286
2.473634
0.952711
2.455198
0.868114
2.143339
1.954318
3.041897
3.393653
3.511228
0.310081
3.410548
2.150234
1.731322
2.000000
0.655289
0.620267
0.644292
1.556520
2.305728
3.753877
2.730880
1.055429
0.958672
6.231947
1.724723
2.671055
2.000000
2.284396
1.718592
1.091407
2.619137
2.368233
0.534843
2.871479
3.077084
0.423925
1.492171
2.485415
1.355651
0.566516
0.300434
1.186363
1.093354
1.459503
0.376097
2.000000
2.135076
2.000000
2.168004
2.605793
2.881168
1.669602
2.834397
0.379867
0.737531
0.289923
1.747958
0.457588
0.188942
1.946540
1.246962
3.986179
2.000000
2.000000
2.110480
1.868938
2.000000
1.002177
2.008806
1.539998
0.302623
2.094463
2.000000
3.521049
1.074248
1.072557
3.763922
2.440456
1.355686
1.297914
2.015066
1.024487
2.038712
0.479936
3.070717
1.873936
0.898648
0.365121
1.797947
3.478263
2.017718
1.425004
2.396197
2.000000
1.194234
1.677787
2.000000
2.000000
2.426569
2.000000
2.000000
7.420120
3.755721
3.464586
2.604917
2.336924
1.564226
2.595105
1.359837
4.108016
1.673099
2.121685
2.709852
1.653061
2.353883
3.280427
0.605205
3.309875
1.045574
0.605085
2.000000
0.843668
2.000000
1.468434
2.000000
3.144545
0.741370
2.000000
4.619157
1.236774
1.446976
0.724494
2.693514
1.669563
2.104465
1.824488
2.157369
3.045459
1.150409
2.000000
0.924662
2.000000
2.405323
3.239830
3.804858
3.614143
1.961740
1.044449
1.673136
4.707961
2.176239
1.390647
3.946991
1.293931
2.849507
2.111120
3.716974
2.000000
1.559412
3.487715
0.632219
1.665856
2.059019
1.420268
3.153657
2.221943
0.994128
1.430584
0.812924
2.782985
2.703777
1.496486
1.801804
2.264949
1.234906
1.611989
1.855574
1.330564
2.736004
1.938934
2.000000
2.000000
2.854208
0.976853
2.000000
2.609891
2.893105
0.917068
3.326425
3.595140
3.596204
2.534963
2.000000
1.751900
0.950782
1.760807
2.303864
1.631877
1.963638
1.901935
1.673513
1.289884
3.111723
2.361031
0.613473
1.537430
1.410315
2.738891
3.110581
2.000000
2.258591
2.001068
1.450443
3.649617
2.000000
2.117932
2.759910
1.010302
2.048609
0.671853
0.970082
0.965121
1.698719
4.235634
1.260473
0.683278
2.000000
1.474935
2.487135
2.000000
2.097060
2.000000
0.239323
2.449367
2.000000
1.215418
1.348798
1.785819
0.801998
2.000000
0.290177
2.519618
3.360337
2.794398
2.328690
2.072585
2.557205
1.886785
1.434595
0.585664
2.934382
1.432438
4.493720
1.893367
2.579846
1.397722
0.430871
1.783074
2.000000
1.044984
2.031640
2.045891
2.000000
2.764497
2.994684
1.044290
1.975144
2.381932
1.073949
4.230048
0.661165
1.068424
0.529687
2.000000
2.000000
2.000000
1.724743
0.609674
2.307837
0.594409
2.000000
2.835336
2.303512
1.416268
2.407869
0.908826
3.270930
3.475496
1.623508
1.934030
1.323971
3.049551
1.487544
1.365715
0.925865
2.134917
1.130914
1.042902
2.283556
1.450413
2.835141
2.306615
1.753336
2.112006
1.099059
1.448726
0.703882
2.098472
3.052922
3.245989
2.000000
0.978924
2.000000
0.495969
1.714236
1.866268
2.069394
2.000000
1.933695
1.284017
5.063444
5.000340
3.808848
2.158242
0.751950
1.209084
0.888846
2.001879
2.509855
0.428741
4.121150
1.836535
2.000000
3.314151
1.830598
4.277075
1.580116
2.840562
3.091909
2.355038
2.660873
0.438275
1.725299
1.982708
2.000000
2.032835
1.790384
2.000000
4.446355
2.375452
1.794179
0.679725
5.272777
2.093538
4.371389
1.263681
2.000000
2.000000
3.128467
2.008001
1.719274
2.902252
3.545644
1.078746
2.000000
1.295541
0.739470
1.261294
1.996554
1.055753
2.000000
2.263397
1.684197
2.417650
2.013586
5.012275
1.402475
3.227220
2.000000
1.364844
3.520554
1.425996
3.054720
1.827341
1.451582
6.587263
0.696485
0.524222
1.739203
2.263717
1.656414
1.617379
2.183805
1.940158
3.393843
4.297011
1.391378
2.253051
1.962601
2.189148
3.167600
1.947646
2.118765
3.491026
3.280929
3.040558
2.831281
1.951078
0.755740
2.312459
2.565743
2.497080
4.258069
2.000000
0.361183
1.468757
3.628670
1.913040
2.000000
1.389200
3.159172
1.435494
2.000000
2.881242
1.178041
2.172165
5.831206
0.739316
2.156005
2.424586
4.437788
2.000000
3.049478
2.190060
1.649236
1.152056
2.713231
3.054302
2.000000
2.000000
1.468448
2.603516
0.570838
3.851911
1.243678
2.000000
3.113431
0.395109
2.101787
0.686811
2.000000
2.000000
3.381202
3.495259
2.222492
2.000000
2.000000
1.186804
1.348914
0.958378
2.000000
0.196509
1.234268
5.337461
0.677697
4.161791
1.460143
2.176691
2.567918
1.912535
1.111580
0.871422
3.047296
1.814983
2.000000
1.851141
2.000000
2.352692
2.251320
3.723926
2.000000
1.437710
1.088460
1.074813
0.795692
2.000000
2.000000
1.489827
2.395189
1.214901
0.348432
2.151875
2.258250
1.171757
0.893333
1.722303
2.804393
2.000000
3.047972
2.516363
4.280565
1.657644
1.092714
0.412071
2.000000
1.900311
1.491289
2.160200
1.911758
1.432702
0.770430
1.877258
1.392647
2.329462
0.417190
1.382144
2.000000
1.398635
2.036391
1.738732
1.971924
3.056778
2.000000
2.505091
0.858792
2.217416
0.738196
1.628299
5.168280
1.794994
0.970394
2.689421
1.492475
1.818538
0.321363
2.835202
1.290673
2.000000
1.827326
1.886341
1.072310
1.691031
1.694499
0.139024
1.318919
2.353073
1.723717
2.164494
0.775062
1.241313
0.951908
2.128242
1.414625
1.992237
2.839273
1.905637
1.566520
2.000000
1.636208
2.000000
1.674510
3.308793
1.684636
1.472818
0.342320
2.000000
2.593591
2.363796
1.617552
0.974056
4.474172
0.514551
0.454303
1.470912
3.457392
3.438702
1.087563
2.000000
1.039568
2.148883
3.153755
1.966503
2.000000
1.718413
2.375754
1.842941
2.254321
2.000000
2.000000
1.580937
2.000000
2.335055
0.886721
1.417812
0.930787
1.134496
1.519200
1.926392
4.798695
1.891530
1.457090
2.000000
5.385557
1.209796
2.602322
1.647605
2.000000
2.272851
1.693690
4.056316
2.152891
1.924903
1.196859
2.855024
2.000000
3.050829
2.253145
1.802857
0.968464
1.603906
3.040108
0.406948
2.808265
1.669026
2.160212
3.477617
3.962064
1.092913
2.000000
0.853440
1.623293
1.820928
1.852219
4.123529
0.741578
7.603861
1.910822
1.153878
1.001165
2.000000
3.160844
1.141083
2.000000
4.133137
0.706439
1.907099
3.237174
1.660506
2.529475
2.334911
1.193447
0.321976
1.397930
1.503578
3.434913
4.121360
1.836572
2.000000
2.565158
3.848240
0.768577
1.598866
6.036977
0.868173
1.075587
1.280065
2.000000
1.314765
4.443775
2.772913
1.108828
1.963975
2.055967
0.751038
2.433702
1.399518
2.216822
1.377863
2.671261
1.755296
0.748420
2.657122
1.255457
1.572907
2.603892
2.030142
2.000000
1.149204
1.105811
0.903278
2.000000
2.000000
1.347548
0.834299
0.149740
2.943171
2.632100
1.452365
3.299872
1.844679
2.543722
6.883890
1.962629
1.147830
1.940204
2.801270
2.493191
0.724801
2.000000
2.000000
1.463553
0.662755
2.212573
0.733308
3.769637
2.590518
5.228954
2.719195
1.657327
2.639804
2.764699
0.961039
1.135937
0.421950
2.028042
1.045890
2.000000
1.489449
4.792968
2.778878
1.986012
4.044520
4.658506
2.801500
0.342239
2.274078
1.748325
2.342952
2.572785
1.110741
1.632372
1.385884
2.981568
2.000000
0.403293
3.252933
2.314157
0.922749
3.507853
1.873542
1.760058
2.000000
0.913074
0.512603
1.232758
1.585173
3.985633
1.783700
2.033067
0.466702
1.026507
4.188000
4.268068
2.297650
2.000000
2.798713
2.762368
2.313673
2.000000
1.611748
2.048836
2.538903
2.000000
2.070701
1.927314
2.000000
2.000000
0.755914
1.466516
2.731313
0.938190
0.646150
1.169862
1.218956
1.288918
1.713093
1.898703
1.558753
1.361340
1.704083
1.127175
2.000000
2.000000
1.783700
3.552351
3.436580
2.263664
2.000000
1.782159
2.041575
2.218211
2.155172
2.818078
0.531351
2.833934
1.153437
2.810343
2.442016
1.363979
1.573643
0.646844
1.860863
0.294613
2.000000
2.404627
1.273513
4.123751
1.910736
2.629898
0.811526
2.829773
2.549983
1.702782
1.496372
1.653307
2.210142
6.110291
1.932198
0.885190
3.778726
1.673419
2.176363
2.156174
1.360581
0.356254
2.005184
3.252862
3.764281
2.525052
0.189087
5.023282
2.447774
1.698490
2.000000
1.169399
2.452442
1.472480
2.359952
1.516614
3.897346
0.832667
2.616467
2.438360
0.698649
0.562169
3.817006
0.709639
2.000000
4.146537
1.560356
1.324947
1.085862
3.916806
1.546008
1.098231
4.438537
2.000000
0.768865
1.308988
2.000000
1.966023
4.175583
6.274936
0.907845
1.025521
2.000000
1.967323
0.717545
3.770503
2.641937
1.878966
5.373106
2.112245
2.000000
2.000000
2.129950
1.198640
2.594137
1.253891
1.192283
0.939295
1.432541
2.000000
2.922352
1.937186
1.694309
2.498694
1.192593
2.000000
3.099694
4.378957
1.592460
0.935195
1.180134
1.919554
1.688897
0.616841
2.490629
2.000000
1.411080
2.986909
2.334697
2.474845
1.980968
2.189461
2.976704
2.000000
3.293755
2.000000
2.000000
0.897767
1.733131
1.661922
4.088054
1.639917
1.716314
1.866673
0.125332
0.396730
1.289735
2.000000
2.066345
1.131642
0.521316
0.262408
2.527280
1.496601
3.130610
2.045428
0.591110
3.970840
1.511151
1.812685
2.000000
3.263590
1.871209
1.990759
1.971818
1.809101
2.056797
2.551358
0.753141
1.978806
5.054230
2.703461
2.000000
2.000000
1.766753
2.000000
3.041771
1.266403
0.744724
3.226532
0.771555
1.905826
3.858062
2.605105
0.655474
1.321056
0.810857
4.901504
1.488975
0.827801
1.544582
2.376643
3.909831
6.147214
1.858729
2.349875
2.374529
0.542587
1.920638
1.100975
0.874091
1.476099
2.000000
1.539926
2.000000
0.769917
0.882301
0.908823
1.919705
1.838289
0.756321
1.753902
0.326882
1.027289
1.707728
2.841464
1.504467
0.891627
5.093457
1.492351
3.222055
0.739565
1.016678
4.465331
1.679946
3.228513
2.000000
1.496785
2.274825
1.605170
6.681812
0.257195
0.431555
0.739286
2.722232
0.580255
2.000000
1.998048
1.988085
1.463637
1.260336
1.648885
0.521674
1.952730
3.122187
1.787832
1.064806
1.172184
2.420403
1.729908
2.000000
4.909708
2.247984
2.644328
5.567904
1.381250
3.687868
0.648668
2.323212
2.001336
0.692000
0.201604
0.665256
0.879532
3.078113
2.733357
1.879990
2.000000
2.434309
0.890139
2.477866
0.860230
3.635441
1.349337
3.127374
1.513574
2.462873
2.000000
1.779210
2.000000
2.024487
0.528014
0.888256
1.944786
2.000000
2.545961
1.635846
2.000000
2.088030
1.783088
2.000000
1.486111
1.508160
2.808815
5.560573
2.000000
1.468441
2.084422
3.638040
1.313904
1.298454
2.099865
2.000000
0.428163
5.238441
3.770586
0.877535
2.727453
2.000000
2.100177
2.010691
2.904083
3.394001
4.164721
0.654130
2.513422
1.422808
1.763362
0.775668
2.006963
1.984310
2.055125
1.113326
0.758196
0.308749
0.776892
1.360087
1.526711
2.388205
1.448469
3.860580
2.000000
1.929534
2.693166
2.873415
1.574777
0.360456
3.213366
0.873058
1.632289
2.938723
1.832530
4.182574
0.454947
1.908524
2.404764
2.838346
2.000000
1.531626
1.974095
1.306371
1.499560
2.715269
1.106624
2.193129
0.624863
0.808369
2.809776
2.160898
2.000000
2.000000
0.525719
1.924773
2.120883
4.498869
0.992291
2.000000
0.227054
3.856392
1.015931
3.196187
1.307210
2.969303
2.117081
2.690222
2.203368
2.848072
1.285896
1.908106
2.084791
1.018099
2.455130
1.441234
1.715698
2.587437
0.220774
0.579619
1.874748
1.393889
0.883503
3.893924
1.444923
1.828776
3.597916
1.006886
1.004664
2.379528
0.442479
1.599488
1.112784
2.012661
1.525383
1.371809
2.344693
2.157729
2.948815
1.994224
0.836419
2.027709
1.629872
2.000000
6.408551
1.658312
1.124685
2.000000
2.017484
1.926812
2.982033
1.828415
3.539311
2.000000
1.777131
0.886365
2.508148
1.769445
0.494394
0.384469
2.597644
1.963099
2.000000
0.961804
2.000000
2.180336
2.590300
5.567000
2.417653
1.515407
1.254708
2.153598
1.804383
2.585666
2.939476
1.287862
2.335796
1.200737
1.380292
2.331743
2.762665
1.618051
2.000000
2.000000
2.489167
3.892436
3.058648
1.815755
2.000000
0.408438
1.722544
2.895227
2.000000
1.467859
2.140700
1.037580
2.000000
5.176481
0.983666
0.934314
1.538491
0.326496
0.359439
2.000000
2.004546
4.651280
2.000000
1.501394
1.420299
2.204683
1.354014
1.729512
2.000000
0.878867
2.383748
2.000000
2.000000
1.102006
2.961551
1.792186
2.790236
1.593275
2.414271
3.881743
2.232068
0.704192
4.206784
2.833480
2.283925
2.683225
0.878173
1.280484
1.765125
1.397468
1.372977
2.141353
1.095817
2.380750
3.005610
1.472681
2.000000
1.150646
1.237189
2.676425
2.077864
1.411082
2.000000
2.594555
2.456031
3.308743
2.311820
2.089372
3.749162
0.769380
3.227876
3.163312
2.991730
2.000000
0.418153
1.289663
1.821108
1.213148
1.308727
3.632967
0.371717
1.847277
2.529561
2.189847
1.624485
1.440056
4.256563
2.397178
1.354322
0.547716
1.026542
4.699792
2.525045
2.269346
1.076704
3.292918
2.314829
1.986994
1.238403
1.884305
2.000000
0.672070
3.685248
2.290802
4.188779
2.000000
1.662317
2.794333
1.669687
2.041753
2.259303
3.055790
0.891570
1.289141
3.963918
1.104522
1.932352
0.771808
2.982164
1.868514
1.159299
1.520077
1.702427
2.386629
0.674982
1.432776
2.000000
2.761873
1.646036
0.959694
2.101812
1.832879
1.827186
2.441011
0.677565
1.291447
2.141823
2.502043
2.841439
0.549990
2.000000
1.541919
1.845446
0.807428
2.053062
5.677827
3.891008
2.637296
2.287202
1.590231
2.027725
1.891952
0.854675
0.423685
0.856850
1.701555
0.546347
3.066572
1.175386
1.925147
2.000000
2.896878
2.701612
0.645659
1.028178
0.354777
3.083252
2.000000
3.857896
4.535037
2.466305
1.720724
2.161232
1.198971
2.000000
0.630456
4.442605
2.000000
1.381997
0.907628
1.294542
1.693887
3.209900
2.458368
3.638724
0.663680
2.363437
2.161849
0.967314
1.276013
2.163030
1.239766
2.357429
2.145989
4.824012
2.000000
2.004724
0.369135
1.590258
2.000000
2.507733
1.716305
2.655224
1.297264
2.923850
2.000000
4.239451
1.551806
4.276451
1.024482
3.180492
2.610940
1.369212
2.419358
1.432082
2.960328
1.883610
1.916050
1.662868
1.864946
1.663895
2.000000
1.043722
2.244163
1.665340
1.415731
0.689467
5.450665
1.803157
1.979755
2.154907
2.077020
2.176936
1.689814
4.447993
2.464778
0.871904
1.457160
2.718590
2.291124
5.715436
1.392512
1.785788
1.615286
1.597650
1.258553
2.000000
4.392779
1.297332
3.986661
4.059923
0.422165
0.334749
2.440025
2.248242
0.575618
0.295143
2.351316
1.880507
2.584929
0.910758
2.861261
1.223924
4.882162
1.185984
1.991375
0.564962
4.913299
3.209889
4.428912
2.000000
2.217196
4.551769
2.000000
0.973383
2.000000
2.385869
7.122068
1.615768
2.000000
1.980866
1.913191
1.246429
2.431935
1.513744
0.859916
2.114651
1.550349
2.597871
1.955094
3.812598
1.925642
2.338713
1.354625
2.563486
1.887948
2.000000
1.642247
2.000000
2.003719
2.715508
2.000000
0.680520
1.821171
2.016548
2.806852
2.000000
2.330828
2.187025
3.332153
2.348630
4.689743
2.000000
1.764105
2.100921
1.442225
2.626710
1.329079
2.000000
1.851988
1.185288
0.628248
1.763132
1.435366
3.006798
2.088668
1.872598
1.834392
1.048428
1.594073
2.000000
1.933711
3.377685
0.986482
1.607211
2.981979
2.230298
1.765326
1.483483
0.508701
2.000000
2.118915
1.707318
0.266187
2.000000
0.876788
1.090473
1.900436
2.186019
0.990120
2.458579
2.000000
3.503862
2.712704
3.054935
3.066270
3.044621
1.577261
3.193723
1.761753
0.776247
1.857522
1.862910
1.034637
0.663989
2.087700
2.255683
1.196767
3.955093
4.242618
1.398586
1.036685
0.732801
1.914904
2.000000
1.643094
1.999452
2.000000
2.606385
0.626994
3.672216
0.790565
5.135948
1.597025
2.000000
2.000000
1.137102
2.091577
1.901824
1.698824
3.979315
1.726474
1.862995
0.832059
0.822336
2.000000
2.534779
2.719669
1.675807
0.432508
1.251662
2.000000
1.670587
0.537266
1.125857
1.633408
0.427877
1.082211
1.509688
0.631471
0.767024
3.320472
2.709553
1.337744
1.121902
0.664763
0.837771
1.409738
0.260155
2.000000
1.077594
1.974336
1.800166
1.643382
2.000000
1.924890
4.949262
1.876870
2.294776
2.009713
0.469692
0.494573
2.437416
0.629826
1.263157
1.960943
2.000000
1.583244
0.316465
0.610268
1.586042
0.856757
2.080105
2.065283
2.441209
0.689647
0.737602
4.430542
1.216467
2.692894
2.000000
1.408222
1.362695
2.000000
2.216385
2.352223
2.000000
1.090375
2.149936
3.177773
2.173591
2.369949
1.291450
7.843154
1.002533
1.579515
2.218136
2.188277
1.161115
2.000000
0.828003
3.395426
2.308385
2.690916
3.273916
2.020362
0.147743
2.589952
1.349153
2.089379
1.280751
1.741303
4.075296
2.000000
1.894080
1.924145
0.744326
1.195309
0.494558
2.055720
2.433517
1.779364
1.111777
1.574327
1.852865
0.365903
2.089158
2.037457
3.859454
3.373438
1.569943
4.064632
3.510615
2.704634
1.640397
1.681130
1.233777
1.968333
4.749941
2.111257
2.597411
0.984277
1.181866
3.111293
1.899708
4.473517
1.564188
2.197552
0.648009
3.857944
1.063397
1.483816
3.927315
1.292845
0.285586
1.214512
2.947299
1.329692
1.559070
1.329576
1.214848
1.926939
1.757418
0.506550
2.707815
1.990795
2.175677
0.956707
2.198798
2.000000
3.740900
3.279507
2.736029
1.204215
1.715135
1.512240
1.531805
2.289368
0.325019
2.053796
1.693362
0.664608
3.354806
2.161578
2.759013
2.317727
1.869554
2.549036
2.184510
3.063639
4.051030
1.520565
1.504048
2.274497
3.243392
2.000000
2.014724
2.630546
1.463616
2.214897
1.132487
3.892109
0.836488
2.000000
3.537504
1.219014
2.121669
2.303690
1.561403
4.116704
1.982092
2.000000
0.488878
2.199727
1.570543
0.827656
