-4.213283 -4.539618 -4.576191
-3.417796 -4.481202 -4.708426
-4.669763 -4.684004 -4.144959
-3.457725 -4.419787 -4.571411
-4.301499 -4.839879 -4.429897
-3.145389 -4.727320 -3.756029
-3.925404 -3.715003 -4.801232
-3.311463 -4.937114 -4.723304
-3.390848 -4.694493 -4.270738
-2.055562 -4.621784 -4.840635
-1.300694 -4.258236 -4.725208
-1.785956 -3.609470 -4.540536
-0.695271 -4.614437 -4.220273
-1.329980 -4.712400 -4.067337
-0.654296 -4.879693 -3.979926
0.367716 -3.874651 -4.646091
0.810990 -4.711147 -4.519053
0.001361 -4.546883 -4.964794
2.455133 -4.034302 -4.325725
0.156568 -4.871048 -4.806970
1.805418 -4.232294 -4.819999
2.146962 -4.862552 -4.329065
2.236993 -4.764398 -4.560144
3.345244 -4.893671 -4.359664
2.940021 -4.563908 -4.785342
2.504768 -4.685623 -4.918663
3.050447 -4.665928 -4.289514
4.524732 -4.772272 -4.126175
4.190117 -4.858996 -3.929348
3.877998 -4.817118 -4.576870
3.664004 -4.170221 -4.723176
4.929605 -4.744250 -4.820284
-4.542488 -4.455081 -4.964590
-4.705039 -3.742703 -4.336438
-4.412937 -4.922194 -4.904546
-3.293602 -4.399269 -4.617955
-3.664908 -4.737072 -4.332653
-3.862557 -4.280234 -4.131389
-3.416629 -3.946731 -4.726933
-3.284398 -4.738692 -4.355207
-2.508065 -3.713882 -4.822368
-2.602962 -4.655683 -4.137483
-2.885474 -4.469397 -2.983667
-0.924223 -4.061363 -4.505324
-0.750073 -4.653282 -4.870679
-1.986269 -4.354739 -4.773419
0.351832 -4.139226 -4.904316
-0.342853 -4.539625 -4.318102
1.286104 -4.817000 -4.623315
-0.406536 -3.915218 -4.611451
0.976943 -4.060332 -4.633737
0.747118 -4.848590 -3.466214
1.386913 -4.083176 -4.578307
1.339444 -3.770154 -4.971328
2.133819 -4.852208 -4.658844
2.283192 -4.973168 -3.896137
2.067046 -4.039581 -4.337802
2.544292 -3.554773 -4.261489
3.829412 -4.178361 -4.573642
4.091049 -3.928339 -4.783820
2.984009 -3.921447 -4.945272
3.746526 -3.831792 -4.377427
4.857388 -4.922991 -4.117158
4.693990 -3.896369 -4.173275
-4.947139 -3.515417 -4.236948
-4.995494 -4.236710 -4.224643
-3.998756 -3.756443 -3.912838
-2.775543 -3.484992 -4.749240
-2.795337 -3.596517 -4.501453
-4.120996 -3.414500 -4.355891
-2.108780 -3.907767 -4.982646
-2.428860 -3.503463 -4.757277
-2.151385 -3.485248 -4.976608
-2.134869 -4.817802 -4.941968
-0.453412 -3.398085 -3.746545
-1.279061 -3.358840 -4.358997
-1.110139 -4.805969 -4.985382
-1.823558 -4.974717 -4.052573
-0.931267 -3.418322 -4.638145
0.506168 -4.400664 -3.155008
1.028843 -4.750496 -3.957756
-0.033924 -3.846476 -3.992015
0.128616 -4.454656 -4.867160
1.151610 -3.463905 -4.749483
1.332517 -3.912751 -4.286661
0.250747 -4.036059 -3.997825
1.229585 -3.880430 -4.131446
1.912795 -3.959530 -3.794607
2.710471 -3.638722 -4.787080
2.558467 -4.038340 -4.853565
3.279215 -4.469182 -4.926698
2.765819 -4.033045 -3.766052
4.464379 -2.917821 -4.542600
4.067811 -3.765088 -3.640401
4.764441 -4.744855 -3.267059
4.398627 -3.153615 -4.190833
-4.806658 -4.561495 -4.239886
-4.088883 -3.593281 -4.509116
-4.770650 -3.816864 -3.613461
-4.099365 -4.373368 -4.488137
-3.007063 -3.972872 -4.345475
-3.373232 -2.954803 -4.285692
-2.888960 -4.745159 -4.119882
-2.246496 -3.653001 -4.709330
-2.652804 -2.930548 -4.794757
-1.517514 -4.503717 -4.854127
-2.360826 -3.129224 -4.975165
-1.539320 -4.582345 -4.989828
-0.461452 -3.271310 -4.870063
-1.572466 -4.281063 -4.999083
-0.164623 -3.460733 -4.745084
-0.793369 -4.210481 -4.633224
0.502438 -2.935761 -3.856088
0.096592 -4.050800 -4.333546
-0.502132 -3.614021 -4.686452
1.043076 -4.902360 -4.042809
0.940373 -4.143385 -4.303312
1.358488 -4.653014 -4.348179
2.260500 -4.730899 -4.818542
1.625250 -4.123755 -4.714025
4.011003 -4.993080 -4.016556
3.382741 -2.732143 -4.497188
3.966912 -3.493132 -3.619785
2.084140 -4.588686 -4.896370
4.356869 -3.567760 -4.409048
4.563090 -4.325680 -4.345063
4.514570 -3.662788 -4.929871
4.545492 -3.926820 -4.163451
-4.512113 -3.915857 -4.989262
-4.447514 -3.267796 -4.200265
-4.660480 -2.334663 -4.377149
-3.918388 -3.428651 -4.321662
-2.671587 -3.053207 -4.546059
-3.116197 -3.986647 -4.905636
-2.731068 -3.323478 -4.273226
-1.377077 -4.079076 -4.644028
-2.289422 -4.366068 -4.992619
-1.478930 -3.536057 -4.726242
-1.720433 -4.280968 -3.813869
-1.024844 -3.540059 -3.985155
-2.054045 -2.692073 -4.075882
-1.310647 -2.992517 -4.617681
-0.442978 -3.117230 -4.560536
0.328529 -2.684092 -4.688303
0.676123 -3.097316 -3.788107
-0.048613 -3.183072 -4.369839
1.060494 -3.157988 -4.956039
-0.117542 -4.623757 -3.918781
0.928672 -3.736635 -4.559216
2.449314 -3.075547 -4.826227
1.204066 -3.032188 -3.754613
0.982577 -4.163557 -4.811486
2.540253 -3.005831 -4.324875
4.383942 -2.570647 -4.299103
3.765203 -3.973011 -3.934191
4.760013 -3.086417 -4.268776
4.085046 -3.016313 -4.734087
3.955928 -3.219411 -4.943110
4.554272 -3.022869 -4.036408
4.997477 -3.778452 -3.916574
-4.456645 -3.469913 -3.066829
-4.421907 -3.988436 -4.390472
-4.364851 -3.948427 -3.616143
-3.934707 -2.966200 -3.544240
-4.642682 -3.771651 -4.179962
-4.400134 -3.836164 -4.398230
-2.062600 -3.376601 -3.979635
-1.877018 -3.354589 -4.933754
-3.280578 -3.611337 -4.956709
-2.227103 -2.616828 -2.900707
-1.261294 -3.108363 -4.722111
-2.634058 -2.836522 -4.673763
-0.787583 -2.224572 -4.556582
-1.400203 -4.371113 -4.672127
-1.206269 -3.043687 -4.185166
-0.706503 -3.623638 -4.981068
0.393524 -2.563696 -4.813770
0.068101 -3.566274 -4.883979
0.884215 -2.473227 -4.846245
2.513654 -3.147759 -3.509844
0.961768 -3.525798 -4.814476
1.280743 -3.162577 -4.854429
1.985919 -4.524491 -4.413542
1.213070 -3.651079 -4.497121
2.340231 -3.552321 -4.396140
3.349594 -4.011997 -4.806032
3.537759 -2.182298 -4.455682
4.764839 -2.869348 -4.317664
2.470499 -2.968335 -4.640285
3.977830 -2.696842 -4.627351
4.670234 -3.695372 -4.643823
4.958287 -4.080275 -4.503418
-4.844573 -2.747095 -4.797202
-4.485125 -2.805233 -4.509300
-3.775011 -2.659214 -4.414663
-4.671352 -2.705907 -4.645709
-3.176334 -2.768482 -4.882728
-3.551880 -2.943683 -4.891682
-3.627806 -3.184764 -4.065452
-2.843206 -4.088685 -4.260211
-2.358365 -2.533705 -4.361523
-2.019145 -2.203153 -4.800618
-1.811310 -4.036820 -4.569669
-2.353683 -2.890187 -4.217274
-1.482314 -4.092449 -4.832198
-1.120968 -3.741966 -4.151656
-0.054694 -3.706977 -4.940712
-1.021835 -3.248747 -4.322907
-0.089797 -4.010520 -4.744954
-0.389157 -2.830641 -4.216338
1.354339 -2.762672 -3.272371
-0.353814 -3.115872 -3.960599
1.107463 -3.623139 -4.365386
0.703439 -3.562284 -4.659344
2.520388 -2.728996 -4.257207
2.147059 -3.019148 -3.758410
2.986700 -3.437695 -4.745097
2.679672 -2.928559 -4.851006
3.119546 -1.310588 -4.893113
2.685238 -2.280020 -3.751949
4.180295 -2.225783 -4.138289
4.777730 -3.146398 -4.729761
4.373452 -1.386056 -4.377939
4.265737 -2.416887 -4.117122
-4.308726 -3.110021 -4.216173
-3.629406 -2.363889 -4.484994
-3.158656 -3.120505 -4.710999
-3.525617 -2.987862 -4.742121
-3.322735 -2.109417 -4.832605
-2.612067 -2.919593 -4.949391
-1.801343 -2.884352 -4.625404
-1.936777 -2.360228 -4.600564
-2.334677 -2.355592 -4.314483
-1.701855 -4.085429 -4.629227
-1.393039 -1.785710 -4.538293
-2.174225 -2.269356 -4.575894
-0.399111 -3.921339 -4.943465
-2.185936 -2.810656 -3.188904
0.780275 -3.142411 -4.854624
-0.891889 -3.047849 -4.253975
-0.794281 -3.807783 -4.380977
-0.156311 -1.824859 -4.791857
0.110576 -1.871911 -4.414298
1.026753 -2.444830 -4.791840
2.117513 -2.034047 -4.744396
1.648776 -1.695051 -4.338226
1.495295 -3.138208 -4.569520
2.569301 -2.243950 -4.318702
3.723422 -3.028141 -4.377550
2.636943 -2.494386 -4.317059
3.620923 -2.424613 -4.780148
2.668943 -1.435104 -4.829354
3.725167 -3.825332 -4.227028
3.342231 -2.526347 -4.580100
4.201486 -3.632202 -4.340217
4.814753 -2.525133 -4.785284
-4.821407 -1.906801 -3.274162
-4.074379 -3.198898 -4.184765
-4.727941 -1.636894 -4.658157
-3.882187 -2.359033 -4.863784
-3.351203 -2.456243 -4.598214
-3.763083 -1.597996 -4.372403
-2.682080 -1.707820 -3.613167
-2.467479 -2.230217 -4.638890
-2.657005 -1.732838 -4.979602
-1.431295 -1.786198 -4.801552
-2.131402 -1.530011 -3.789109
-1.713941 -2.270834 -4.198314
0.227260 -1.792774 -4.283846
-1.449221 -3.124787 -3.828978
-1.132708 -2.007175 -4.491898
-0.065869 -1.007442 -4.979290
-0.401290 -2.905136 -3.824535
-0.248944 -2.894294 -4.268706
0.342862 -1.353980 -4.716211
2.000998 -2.071288 -4.944840
1.137858 -2.488063 -3.550707
1.915428 -1.335071 -4.742337
2.071765 -1.913920 -3.937493
0.974393 -2.678174 -3.781819
2.294834 -2.581588 -4.357535
3.010009 -2.413465 -4.227561
3.539350 -2.348143 -4.484847
3.922754 -2.488816 -4.903256
2.736080 -0.567430 -4.232668
3.981509 -1.521181 -4.603644
4.942235 -2.174723 -4.850089
3.915053 -2.464327 -3.975276
-4.313772 -1.067184 -4.723471
-4.791774 -2.082299 -4.585390
-4.953457 -2.678040 -4.176158
-3.690311 -1.956992 -4.896918
-3.311432 -1.850450 -3.284373
-3.589456 -1.873796 -4.775681
-3.396930 -2.354394 -4.927811
-3.442851 -2.301563 -4.587787
-1.938698 -1.807166 -3.770542
-2.236223 -2.056612 -4.521507
-2.160763 -2.269480 -4.957313
-1.524732 -1.644767 -4.659357
-1.767891 -3.205268 -3.476229
-1.362152 -2.898909 -4.752639
-0.837249 -1.616369 -4.262222
-0.142055 -2.249042 -4.730961
0.220729 -1.830027 -4.767855
-0.649120 -2.192786 -4.192073
2.613535 -2.404229 -3.932009
0.278011 -1.272956 -4.151498
1.049231 -1.150940 -4.809091
2.091281 -1.865894 -4.233727
2.456196 -2.187164 -3.998988
1.448062 -1.896144 -4.621346
3.112578 -2.141046 -4.639473
3.286704 -1.774082 -4.729491
2.802758 -1.876815 -4.468756
3.337903 -3.789079 -4.789595
3.728543 -2.879855 -4.085559
3.074204 -2.970976 -4.484744
4.160799 -2.481607 -3.889036
4.171262 -1.939114 -3.740793
-4.903018 -1.036437 -4.564581
-4.262067 -1.615575 -4.712149
-3.750024 -2.244849 -4.651129
-2.529315 -1.891680 -4.611799
-3.827847 -1.814639 -4.435143
-3.611948 -1.402164 -4.840828
-3.496281 -2.020394 -4.827679
-2.845097 -1.483825 -4.423914
-3.091541 -1.370849 -3.751879
-1.937225 -1.607289 -4.993294
-1.492768 -2.204531 -4.843012
-1.557528 -2.411289 -4.122085
-2.702484 -1.869299 -4.480298
-0.306739 -1.866749 -3.996227
-0.450870 -2.723686 -4.735413
-0.270105 -1.373340 -4.902953
0.789718 -1.579797 -4.403235
0.670242 -1.502185 -4.973435
0.958354 -0.531684 -4.562764
1.780681 -2.585410 -3.454634
1.534119 -2.321049 -4.938725
0.942205 -1.247240 -4.273703
2.164773 -2.297848 -4.583665
2.326219 -2.098639 -4.572251
2.314576 -1.342251 -4.785321
2.823202 -0.923523 -4.354651
3.062753 -2.211801 -4.133298
2.706519 -1.687325 -3.984189
4.482322 -1.124564 -4.963825
4.443619 -1.212392 -4.507019
3.567261 -2.732922 -4.589980
4.221333 -1.514728 -4.915015
-4.800821 -1.921900 -4.728884
-4.721035 -1.582596 -4.353457
-3.264881 -1.668170 -4.742715
-4.269418 -0.721433 -4.911662
-3.226877 -2.387903 -4.787736
-2.980322 -1.413812 -4.756502
-3.902683 -1.366435 -4.378908
-3.255288 -1.560030 -4.349756
-2.957618 -0.788092 -4.672497
-1.667801 -1.502016 -4.823773
-0.988178 -1.291831 -4.951099
-2.567214 -1.982776 -4.223522
-2.241011 -1.647360 -3.291455
-1.767181 -1.532349 -4.608892
-0.687494 -1.725403 -4.915384
-0.908523 -1.330256 -4.074372
0.456047 -1.652657 -4.571128
0.786858 -1.702837 -2.714661
-0.268566 -0.539364 -4.553197
1.360989 -1.110980 -4.851772
1.394858 -0.894057 -4.786673
2.335556 -1.257331 -4.639688
2.128506 -0.364128 -4.812513
3.148652 -2.161309 -4.283069
3.064327 -1.669449 -3.707934
3.026336 -1.366243 -4.992007
3.283162 -0.868225 -3.227377
3.159642 -1.769743 -4.413874
4.839967 -1.331713 -4.489616
4.965499 -1.043885 -4.557580
4.889723 -2.088520 -4.693896
3.851326 -2.140252 -4.639071
-4.109939 -0.847836 -4.987992
-4.820900 -0.883597 -4.218896
-4.001214 -1.348534 -4.510338
-3.084774 -1.295260 -4.683165
-3.841910 -1.606362 -3.540349
-3.146667 -0.614076 -3.413023
-2.797750 -1.095425 -4.375602
-1.963805 -1.136706 -4.941813
-3.832968 -1.670977 -4.041185
-2.960328 -0.248936 -4.968395
-2.087659 -1.734237 -4.213537
-0.836718 -0.820054 -4.790110
-1.092086 -1.548793 -4.837310
-0.509426 -1.335294 -4.557459
-1.153886 -0.701758 -4.593503
-1.307293 -1.640693 -4.911375
-0.614268 -1.846434 -4.980316
-0.573555 -1.103056 -4.294423
-0.189692 -0.487977 -4.159625
1.078453 -1.852042 -4.470281
1.557297 -2.028603 -4.222970
2.472826 -0.958471 -4.562065
0.431029 -0.792631 -4.635401
2.098532 0.572182 -4.198493
1.738745 -0.410797 -4.499633
3.549747 -0.385079 -3.360885
2.755507 -1.170990 -4.153193
4.367616 -0.885318 -3.737478
4.221974 -2.078964 -3.506160
3.854813 -1.040251 -4.280837
4.462699 -2.172106 -3.785473
4.375568 -0.282172 -4.822901
-3.688343 -0.028779 -4.811634
-3.764000 -0.991967 -4.956856
-4.818632 0.158456 -4.724624
-2.933655 -0.790143 -4.891029
-3.524787 -0.914826 -4.439190
-2.588762 -0.853482 -4.709610
-4.006092 -1.055329 -4.970992
-2.346401 -0.151370 -4.385535
-2.326922 -1.318328 -4.683736
-2.574847 -0.217199 -4.522120
-1.396663 -0.790687 -4.093269
-1.214903 0.200084 -3.955310
-0.014239 -0.300472 -4.648106
-0.284749 -0.443475 -4.840663
-0.031252 -0.648921 -4.051600
0.164157 -0.659279 -4.412682
-0.442960 -0.705964 -4.051941
-0.194948 -1.988614 -3.546887
-0.230668 -1.028149 -4.653832
2.205252 -1.549737 -4.914029
0.882039 -0.762379 -4.595032
2.746534 -1.024570 -4.516406
1.529798 -2.301882 -4.713923
2.652713 -1.272399 -4.973043
1.948659 -1.658575 -4.114249
2.239277 -0.750819 -4.290967
4.557934 -0.835077 -4.653235
3.805424 -1.667243 -3.078927
4.442728 -0.315118 -4.145717
4.056899 -1.198186 -4.894951
4.633608 -1.396374 -4.050549
4.526337 -1.675173 -4.560390
-4.904063 0.253003 -4.211828
-4.289243 -0.623774 -4.014878
-2.307228 -0.572502 -3.855957
-4.569734 -0.721867 -4.761672
-4.191301 -0.424449 -4.731823
-3.151187 -0.366959 -4.689632
-3.494054 -0.856779 -4.244233
-1.482198 -0.307970 -4.608323
-2.567564 -1.425207 -4.834495
-2.634700 -1.235069 -4.645041
-0.923734 -1.008579 -4.698665
-1.756183 0.071329 -4.767106
-2.207936 -0.286317 -4.444532
-0.939977 -1.505531 -4.479200
-0.366284 -0.805902 -4.971644
-0.245843 -1.156263 -4.493434
-0.352936 -0.606034 -4.769769
0.322975 -1.138527 -4.198606
-0.705371 0.372891 -4.443471
-0.457660 0.340612 -4.500799
1.285461 -1.034902 -4.394139
2.011057 -1.617001 -4.546592
2.485257 -0.656644 -3.971906
2.709988 -0.385304 -4.770326
2.582117 0.244106 -4.326931
2.914590 0.078307 -4.919266
3.130519 1.136128 -3.870964
4.093405 -0.550760 -4.548276
3.533722 -0.985258 -4.898200
3.420362 -0.587895 -3.401162
4.863639 -1.169639 -4.954819
4.952651 -1.358410 -4.847966
-3.664715 1.307461 -4.204195
-2.770477 -0.686743 -3.468133
-4.023821 -0.531194 -4.263369
-4.235855 -0.793388 -4.217428
-2.570817 0.122316 -4.656713
-3.196148 0.099446 -4.884217
-3.018048 0.713645 -4.737085
-2.909020 0.065288 -4.553720
-2.518080 0.726931 -4.672735
-2.539840 0.014607 -4.585829
-1.316955 -0.393848 -4.798243
-1.012690 -0.633599 -4.709297
-0.625369 1.094885 -4.022979
-1.353915 -1.163736 -4.779068
0.793778 0.333735 -4.958632
0.315095 -0.597242 -4.490556
-0.429819 -0.563660 -4.946084
0.383366 -0.561870 -4.238382
1.511761 -0.662262 -4.724337
1.496494 -0.122187 -4.968805
1.313680 -1.442498 -4.148138
2.556574 -0.353238 -4.580306
1.290704 -0.192270 -4.979348
2.272285 -0.024237 -4.705959
1.971301 0.587881 -4.851707
1.962743 -0.299261 -4.206052
1.922607 -1.233249 -3.890976
4.078261 -0.156308 -4.320663
3.351671 0.199354 -4.565174
3.763898 -0.038295 -4.242029
3.623401 -0.502807 -4.258217
4.314233 1.906925 -4.888638
-3.966448 -0.132528 -3.853907
-4.347611 1.121163 -4.012887
-3.882628 0.166654 -4.739611
-4.627623 -0.293461 -4.768023
-3.633013 0.938004 -4.757952
-3.653949 -0.589279 -4.030256
-3.227422 1.107876 -4.443391
-3.352907 -0.360285 -4.271219
-1.851523 -0.429906 -4.495526
-1.726882 -0.544350 -4.578318
-0.698530 -0.729678 -4.031121
-0.776473 1.736978 -4.368955
-0.886187 1.026905 -3.710430
-0.927765 0.789388 -4.399551
-0.274316 0.495983 -4.468807
0.213977 1.128139 -4.990364
0.876704 -0.971288 -4.513911
-0.341851 0.563361 -4.222505
0.913586 0.407214 -4.911150
0.417253 0.122340 -4.307067
1.357881 0.406803 -4.303922
1.533298 0.108431 -4.657493
1.936508 1.187838 -4.305229
1.756458 0.213238 -3.661664
2.782952 0.888191 -3.664371
3.371174 -0.847452 -4.357224
3.534166 -1.321007 -4.999244
3.312461 -0.004340 -4.728299
2.901741 1.365287 -4.004838
4.419584 1.572559 -4.480876
4.827507 0.732697 -4.681205
4.741848 0.525940 -4.291859
-4.966998 -0.661090 -4.352412
-4.285401 0.603255 -4.792585
-4.383178 0.707561 -4.761311
-3.658043 1.260772 -4.005173
-3.293639 0.362365 -4.325626
-3.908739 -0.153951 -4.968091
-3.285383 0.520301 -4.855692
-2.962226 -0.684991 -4.408043
-1.770001 0.959762 -4.364347
-1.785891 -0.153059 -4.901017
-2.195036 -0.267622 -4.282645
-1.861735 1.117375 -4.618665
-1.376785 1.217754 -4.496738
-0.852227 1.229663 -4.582813
-1.183187 1.294013 -4.338379
0.259616 0.548642 -4.498477
-0.327602 0.688538 -4.581516
0.681031 -0.033068 -3.892775
1.628067 0.437927 -4.552987
0.791335 -0.136465 -4.503106
1.344864 0.321686 -4.005420
-0.426568 1.054529 -4.903410
2.252067 0.867002 -4.531973
2.463841 1.375861 -4.443459
4.325844 0.156402 -4.648566
2.893424 1.740730 -4.723739
4.055331 0.969620 -4.922299
3.537692 1.108682 -4.918500
3.811007 0.683366 -4.309075
4.900936 1.629004 -4.050090
4.123649 -0.196961 -4.838970
4.530224 0.890456 -4.468645
-4.853845 0.236759 -3.777412
-4.611824 1.850747 -4.379513
-4.405871 0.606262 -4.472493
-3.484447 0.776549 -4.836973
-3.317276 0.366313 -4.991448
-2.934323 1.414623 -4.940590
-2.613845 -0.531101 -4.782054
-2.006442 1.124936 -4.608665
-1.649168 1.654430 -4.508691
-2.024604 1.295675 -4.768300
-2.328383 1.358324 -4.210663
-1.511717 2.303424 -4.593830
-1.253478 0.575520 -3.885527
-0.897474 0.118723 -4.613966
-1.634142 -0.940677 -4.650341
1.126114 1.056825 -4.817567
0.085240 0.317457 -4.488478
0.870261 0.873202 -4.454431
0.146127 0.792332 -4.906734
0.994032 -0.356278 -3.885818
0.835590 0.724783 -4.496681
1.601773 0.705486 -4.833978
1.043895 -0.259613 -4.740460
1.884414 0.518477 -3.519138
2.999957 1.778096 -4.661207
2.515131 1.005652 -4.627215
2.811649 0.193550 -4.904543
2.943083 1.588281 -4.679997
3.282807 0.640434 -4.559231
4.580142 -0.357266 -4.601171
4.922462 0.408802 -4.267394
4.888668 1.831393 -3.862026
-4.619556 2.555239 -4.851490
-4.432623 0.313537 -4.145409
-4.554924 2.144781 -4.217291
-4.651796 1.059264 -4.785068
-3.684534 1.995865 -4.290357
-1.721692 2.042175 -4.974445
-1.977920 1.360973 -4.651896
-1.856783 1.778619 -4.218171
-1.460960 1.135981 -4.939404
-2.041804 0.402755 -4.492120
-2.013633 -0.103774 -4.425189
-1.225098 1.308223 -4.021494
-1.173401 1.167551 -4.171939
-0.432586 0.537592 -3.856726
-0.422160 0.189561 -4.802186
0.130223 1.034355 -4.753201
0.063835 0.027704 -4.444991
-0.139475 0.013153 -4.745933
0.655295 0.108363 -4.742510
0.348705 1.586948 -3.145426
0.772452 0.620048 -4.642027
2.079632 1.116107 -3.927062
3.124822 0.497620 -4.973268
2.473093 0.121337 -4.544417
1.451428 1.650030 -4.536698
2.250289 1.551596 -4.836792
4.533734 1.724369 -4.552917
3.879380 2.037091 -4.700986
4.255636 1.200373 -4.317508
3.675636 0.051848 -3.852916
4.835302 1.500415 -4.682174
4.090676 0.824950 -4.710585
-4.376787 1.749339 -4.307657
-4.584761 1.435265 -4.638320
-4.292130 1.070749 -4.893474
-4.569743 1.083044 -3.566199
-3.008708 2.066126 -4.947191
-2.850182 3.194444 -3.327128
-3.501700 0.959424 -4.818659
-3.174563 1.379021 -4.201239
-2.487949 1.634663 -4.116673
-1.762947 1.777753 -4.490515
-2.637886 2.321791 -4.401232
-2.578395 0.445551 -4.992552
-0.455878 1.447921 -4.936670
-0.957251 1.120528 -4.384313
-1.850427 0.312051 -4.567170
0.808328 0.438780 -4.558136
-1.115317 3.111443 -3.703701
0.085824 0.677450 -4.670723
0.530189 1.168059 -4.437808
2.002115 0.689600 -4.564709
0.893304 1.354245 -4.649659
1.724966 1.843319 -4.725575
2.441794 2.374643 -4.485459
2.382155 1.625790 -4.724689
2.190545 1.492828 -4.656099
2.513515 0.807949 -4.465004
3.360103 1.062038 -4.848816
4.729196 2.395120 -4.648301
4.057384 2.294985 -4.826687
3.977108 -0.383028 -4.740499
4.771872 1.369375 -3.562236
4.231178 1.672197 -4.995093
-3.499074 1.618619 -4.952898
-3.005960 1.745275 -3.873793
-4.140639 1.008862 -4.772722
-4.412614 2.167849 -4.697573
-4.690104 2.262259 -4.129257
-2.951123 1.182824 -4.021421
-4.584317 1.851092 -4.717078
-2.617144 1.238740 -3.527790
-2.539855 2.483309 -4.629838
-1.002808 1.661866 -4.969651
-2.278563 0.384993 -4.863702
-0.352302 1.779404 -3.536149
-1.094469 0.968816 -4.627661
-0.851293 0.902081 -4.545842
-0.493244 1.006605 -2.881827
-0.313779 2.927112 -4.571210
0.324357 0.925478 -4.658709
0.269383 0.677692 -4.705373
0.404339 2.230086 -4.862992
1.377381 0.916448 -4.525760
1.324513 1.576599 -4.401732
1.688764 1.398897 -4.359545
1.489987 1.021291 -4.382729
2.036236 0.965974 -4.409119
3.248602 0.855493 -4.710033
2.923724 1.810632 -4.209674
3.734705 1.857533 -4.984783
2.595256 1.538375 -3.700231
4.374169 2.549685 -3.993631
3.585914 1.737326 -4.768825
4.270960 1.428835 -4.220776
3.978888 1.751426 -3.694384
-4.862385 1.707744 -3.353199
-4.957561 3.084795 -4.547522
-4.204124 2.100017 -4.208377
-4.161567 1.382943 -4.661025
-3.138776 1.868466 -3.670718
-3.637281 1.759408 -4.710073
-3.463765 1.687110 -4.719574
-3.250632 2.154274 -3.398953
-1.805674 2.549203 -4.818172
-1.582899 1.793202 -4.827314
-2.132564 1.444461 -4.311658
-1.332081 2.037869 -4.602112
-1.329173 2.849664 -4.268941
-1.128087 2.286760 -4.885719
-1.100759 3.923269 -4.116440
-0.970283 2.208702 -4.716939
0.326009 1.222470 -4.517701
-0.713172 0.892809 -4.775511
0.317129 1.832236 -4.841212
0.498913 2.048941 -4.327280
1.487387 1.974710 -4.734339
0.841406 1.855418 -4.611954
3.364863 1.821001 -4.240506
2.620221 2.322535 -4.825837
3.554402 3.062153 -4.950419
2.735911 2.360463 -4.324842
3.021014 1.777616 -4.356186
4.371710 3.714180 -4.906421
3.712178 2.483086 -4.682416
3.408068 2.594380 -4.922404
4.350287 2.676771 -4.253212
4.653011 2.100227 -4.271922
-3.937235 1.193788 -3.994117
-4.773844 3.325419 -4.198856
-4.254725 2.568488 -4.950401
-3.776110 1.868521 -4.672311
-3.168102 2.235969 -4.946314
-2.951701 2.139403 -4.753210
-2.996378 3.133833 -4.623802
-3.065225 2.647813 -3.753417
-1.912219 1.977041 -4.779838
-2.176517 2.066897 -4.507405
-2.001251 3.807090 -4.865727
-0.799549 3.874510 -4.962576
-0.794302 1.699351 -4.686841
-1.601443 3.038639 -3.788553
-0.329871 2.434547 -4.921813
-1.615283 2.182618 -4.595563
-0.661344 1.585834 -4.980382
1.062524 2.393333 -4.620196
-0.196820 3.132601 -4.138140
2.155074 2.418283 -4.610746
1.018997 1.745629 -3.961445
0.863310 2.064298 -4.397558
2.228234 1.959409 -4.844469
1.897417 2.909429 -4.818905
3.112183 2.282637 -4.731827
3.134734 2.022332 -4.370211
4.090132 2.105092 -4.733120
3.815609 2.111244 -3.716922
3.507478 2.504072 -3.701958
4.812335 3.584787 -4.238855
4.867842 1.940221 -4.250495
4.693737 3.268749 -3.841694
-4.154109 2.395618 -4.585760
-4.065247 2.049198 -4.256474
-3.810879 2.711093 -4.725246
-3.922604 1.407967 -4.413095
-3.335146 3.341799 -4.010148
-2.671204 2.799536 -4.150376
-2.277005 3.557772 -4.377391
-3.470253 1.993162 -4.852448
-2.930230 2.546242 -4.715775
-1.383867 2.471327 -4.783978
-1.928945 4.421619 -4.868812
-1.700521 2.241007 -4.681680
-1.746112 3.675151 -4.496700
-0.439314 3.127787 -4.595337
-1.311333 2.506132 -4.072104
0.691672 2.383437 -4.095572
-0.437107 2.798158 -4.482086
-0.055385 1.936324 -4.528205
1.044652 2.647982 -4.256079
1.599928 3.215832 -3.562191
1.379776 2.983223 -4.736706
0.068108 2.487044 -4.180490
1.634781 1.664297 -4.820844
2.336424 3.294472 -4.393846
4.479506 4.099678 -4.720439
3.949852 2.638757 -4.487368
2.930883 2.475935 -4.378993
3.011105 2.909244 -4.878755
3.961334 3.032431 -4.927173
4.892860 2.891201 -4.463174
4.883706 3.715159 -3.798378
4.123887 3.756164 -4.798169
-4.634673 2.149309 -4.465424
-3.563170 3.306510 -3.943527
-2.811262 1.918471 -4.139330
-4.200285 3.078505 -4.883605
-3.292498 2.383140 -3.304994
-3.199214 3.356827 -4.703630
-2.270072 4.077748 -4.551475
-2.559582 2.089611 -4.345714
-2.622645 3.384370 -4.406297
-2.271595 3.497804 -4.889035
-2.223980 4.217886 -3.481410
-1.663328 1.981419 -4.575996
-1.532257 2.141017 -4.711593
-0.689696 4.108622 -4.259999
-0.795188 2.889482 -4.928701
-0.268023 2.701905 -4.194646
0.437729 2.067745 -4.802971
0.284742 2.947401 -4.625073
1.291726 2.655201 -3.227542
0.975902 3.099079 -4.841148
1.031405 4.393741 -4.359026
0.547915 3.552801 -4.482494
2.344549 0.829974 -3.826701
2.599041 3.158176 -3.271158
3.292684 2.632812 -4.620541
1.301378 3.709152 -4.582784
3.580989 3.045539 -4.072870
4.266833 2.592113 -4.544757
3.807540 2.859172 -3.170763
3.216697 4.058912 -4.961714
4.285469 4.129710 -4.382240
4.214855 3.313956 -4.339118
-4.166153 2.605831 -4.300703
-4.518847 3.192390 -4.530160
-4.822609 3.346830 -4.674305
-3.056175 3.734020 -3.715899
-3.317976 4.467168 -3.842682
-3.125639 4.339791 -4.839155
-2.799953 3.282773 -4.045083
-2.393990 3.964170 -4.501060
-0.695164 4.062234 -4.973358
-2.805460 3.332487 -4.806667
-2.017631 3.321505 -3.354093
-1.481079 3.129503 -4.805424
-1.380198 2.945008 -4.996643
-0.677575 2.807099 -4.094779
-0.104858 2.658232 -4.932132
-0.195550 4.069844 -4.684535
0.676698 2.973085 -4.534037
1.233344 3.174189 -4.602656
0.825694 3.604520 -3.456576
1.657860 4.001220 -4.509678
1.154935 4.203545 -4.971607
3.059149 3.274011 -4.793920
1.832401 3.105135 -4.614054
1.741310 3.612908 -4.771400
3.345986 3.181027 -4.685102
3.312332 3.912024 -4.627666
3.786545 3.457220 -4.873620
3.759770 2.605630 -4.285430
3.040345 3.783200 -4.451969
4.517047 4.470403 -4.976449
3.745500 2.629226 -4.708571
4.866939 3.909830 -4.869879
-4.982703 3.391764 -4.091330
-4.569152 2.677238 -4.365530
-4.506847 2.988396 -4.980729
-3.086785 3.880451 -4.834556
-3.672119 3.978706 -4.741754
-3.137351 2.356487 -4.216670
-4.077999 3.638864 -4.705110
-3.176001 3.163683 -3.458089
-3.672881 3.710654 -4.971408
-2.412359 2.313945 -4.799601
-0.501546 3.601942 -4.752990
-1.472778 3.558727 -4.336772
-1.434664 3.253816 -4.294038
-1.062945 3.754894 -4.252661
0.311632 3.486419 -3.822238
0.861121 3.127549 -3.749764
0.340773 2.807375 -4.865320
1.241109 2.105659 -4.769919
0.441512 3.917621 -4.498037
1.885645 4.443196 -4.791308
1.881814 3.520974 -3.294821
2.123849 4.512846 -4.434783
1.669392 2.255901 -4.791088
1.878530 3.901061 -4.557897
2.791633 4.625403 -4.360542
3.769239 3.965665 -4.217677
2.676552 3.091557 -4.623995
3.349391 3.835645 -4.859661
3.173562 3.385772 -4.392867
3.786066 2.768606 -4.700768
4.406589 2.709078 -4.650920
4.708155 2.859004 -4.568766
-4.528806 3.503251 -4.227910
-4.585387 3.994330 -4.003448
-3.710258 4.364050 -4.621366
-4.306053 4.317044 -4.889067
-2.844869 4.138982 -4.637203
-3.779522 4.802527 -4.257502
-1.731657 3.600450 -4.312936
-4.265496 3.810407 -4.693334
-2.281986 3.266876 -4.373955
-1.080708 4.653689 -4.027529
-2.382279 3.890330 -3.954160
-2.438028 4.312522 -4.834129
-0.358435 2.444267 -4.739843
-0.282714 2.694680 -4.865138
-0.521955 3.520091 -3.889353
0.110037 4.291541 -4.702527
1.630617 4.861334 -4.629523
0.718089 4.126702 -4.696940
0.959805 3.469727 -4.616290
0.876123 2.549390 -4.906373
2.508389 4.140030 -4.546405
0.317768 2.925035 -4.775469
1.281788 4.568563 -4.377438
2.503601 3.331271 -4.367356
2.753918 4.655949 -4.524565
2.223563 3.961049 -4.090603
3.466172 3.288199 -4.232954
3.341887 3.584333 -4.257744
3.032813 4.133581 -4.469920
3.830480 3.267224 -4.772703
4.711987 4.976644 -4.165548
3.506706 3.769553 -3.508399
-4.766282 3.871035 -4.673049
-4.445715 3.627398 -4.988411
-4.717169 4.586501 -4.757627
-4.368489 4.446980 -4.787867
-2.635916 3.068941 -4.678585
-3.215299 3.641437 -4.593186
-3.350558 4.493310 -4.962801
-1.926578 4.908096 -4.683196
-2.380861 4.364648 -3.339785
-2.673605 4.243503 -4.560252
-1.172547 3.261902 -3.952202
-1.755372 4.765865 -4.743600
-1.447847 3.792609 -4.510611
0.715449 3.891376 -4.757963
-0.923935 4.274033 -4.508420
-0.211632 4.555610 -4.066207
-0.806828 3.513561 -4.619898
0.427274 4.581647 -3.822171
0.818972 3.806171 -4.734006
1.540669 4.667975 -4.025321
1.235399 3.898328 -3.945967
2.685477 4.759407 -4.426226
1.887433 4.717092 -4.445795
3.144356 3.864057 -4.547026
3.077751 4.861690 -4.622656
4.113825 3.839670 -4.128984
4.022337 4.677822 -3.867702
3.585208 3.801255 -4.998000
3.087350 3.403542 -3.918267
4.701569 3.200416 -4.079983
4.140072 4.927547 -4.984535
4.706408 4.822353 -4.339852
-4.111295 4.760923 -4.339136
-4.956040 4.562866 -4.363323
-3.842106 4.494287 -4.925691
-4.747448 4.044012 -4.946413
-3.851765 4.243487 -4.242063
-3.188900 3.990719 -4.863261
-2.901314 4.953683 -4.145194
-3.918269 4.244784 -3.908639
-2.514039 4.559918 -3.663714
-2.232872 3.946995 -4.688619
-1.930111 4.079197 -3.982307
-0.738936 4.607804 -4.426593
-0.941570 4.122766 -4.489264
0.312763 3.904316 -4.977789
0.503606 4.815254 -4.027072
1.116896 4.727478 -4.962787
0.047544 4.443641 -4.729972
-0.091654 3.844423 -4.279048
2.234613 4.636935 -4.791956
1.516738 4.543380 -4.493288
1.374997 3.471034 -4.526261
1.708076 4.618041 -4.963716
1.877104 4.181697 -4.722090
2.981456 4.222323 -4.568002
3.271932 4.781108 -3.495064
1.837720 4.824105 -4.655238
3.517385 4.069273 -4.540128
2.690387 4.605588 -4.798672
3.268698 3.165941 -3.744448
4.908136 4.270852 -3.941956
3.168931 4.216318 -3.824879
4.114768 3.670849 -4.215410
-4.406457 4.854575 -4.873532
-4.405749 4.330238 -4.578554
-4.981977 4.848152 -4.258491
-3.261013 4.714030 -4.306797
-4.109926 4.896870 -4.881531
-3.772564 3.866122 -4.378148
-3.685649 3.779738 -4.616467
-3.363871 4.882461 -4.493526
-2.657821 4.644152 -3.755579
-2.350356 4.611983 -3.706217
-0.651680 4.396362 -4.630072
-1.001022 4.713378 -4.204114
-0.528301 4.155239 -4.318432
0.040555 4.300893 -2.680400
-0.845614 4.942934 -4.924376
0.338242 4.664228 -4.677560
1.094442 4.574574 -4.447695
0.847376 4.828764 -4.375660
1.183511 4.981078 -3.958850
1.859582 4.221365 -4.882315
1.675134 4.700729 -4.810324
1.584785 4.642692 -4.645123
0.496248 4.566868 -4.203009
3.004559 4.851713 -4.957236
3.259148 4.594590 -4.579817
2.464945 3.912214 -4.838161
3.738725 3.969293 -4.712854
3.186965 4.799614 -3.868268
4.141152 4.803324 -3.953707
4.282424 4.986168 -4.630915
4.395927 4.497564 -4.432196
4.295180 3.838339 -3.907064
-4.547978 -4.651679 -4.689117
-3.826730 -4.716080 -4.684981
-4.888151 -4.334116 -4.716593
-3.610390 -4.481450 -4.304863
-3.744700 -4.689240 -4.837183
-3.421546 -4.813981 -3.348251
-3.403188 -4.362839 -4.025964
-2.518271 -4.742597 -4.312940
-2.843146 -4.884238 -4.226833
-2.092335 -4.303460 -4.859554
-1.203992 -4.286742 -3.992540
-1.208175 -4.097528 -3.944765
-0.639450 -4.030353 -4.556513
-2.001908 -4.551710 -4.270643
-0.830259 -4.956916 -4.276099
0.055604 -3.965323 -4.600798
0.125989 -4.402556 -4.339431
1.253294 -4.416046 -4.995890
1.717310 -4.504561 -4.367086
0.430864 -4.561292 -4.808198
1.551411 -4.155720 -4.477921
2.622159 -4.780146 -4.253423
3.325823 -4.441479 -3.655895
3.372143 -4.204081 -4.926216
3.075826 -4.699296 -4.807207
2.490383 -4.585321 -4.269426
3.146794 -4.782721 -4.358992
3.871450 -4.800954 -4.405420
3.959943 -4.788641 -3.826700
4.074353 -4.859170 -3.769073
3.905951 -4.432463 -4.818426
4.957758 -4.806892 -4.967173
-4.808861 -4.617986 -4.907611
-4.747869 -4.073109 -4.133466
-4.111365 -4.890249 -4.774770
-3.659391 -4.551044 -4.660018
-3.887318 -4.414433 -4.820862
-3.292885 -3.772552 -3.623714
-3.759058 -3.532761 -3.789758
-3.549887 -4.808131 -4.343760
-2.006303 -4.314100 -4.538096
-1.712819 -4.693781 -4.645854
-3.086118 -4.198057 -2.351912
0.128247 -3.866134 -4.113760
-0.192142 -4.972867 -4.820668
-1.979872 -4.652337 -4.421184
0.271764 -3.965007 -4.848791
-0.800252 -4.260177 -4.307457
2.047836 -4.351828 -4.604898
-0.884880 -4.386395 -4.336040
0.395004 -4.310994 -4.483048
0.941142 -4.857675 -3.637263
2.004636 -3.638829 -4.356575
1.624437 -4.796605 -4.896448
2.135317 -4.892197 -3.966808
2.470229 -4.912051 -3.683686
2.355272 -4.453139 -4.587798
2.596839 -3.843923 -3.863292
3.306880 -4.440148 -4.737419
4.756297 -3.823123 -4.708400
3.137018 -4.402690 -4.726605
3.622936 -4.657828 -3.929853
4.999013 -4.903494 -4.116482
3.854721 -3.703345 -4.222183
-4.948541 -3.819572 -4.201246
-4.880520 -4.722177 -3.807915
-4.195629 -3.266020 -3.991111
-2.687594 -4.172185 -4.751431
-3.358950 -3.758943 -4.435201
-3.152083 -3.876862 -4.527759
-2.104524 -3.468587 -4.835959
-2.383734 -4.122783 -4.578814
-2.077435 -2.502794 -4.821706
-1.987076 -4.911736 -4.983107
-1.061516 -3.885737 -3.366785
-1.933405 -4.031808 -3.861377
-0.577985 -4.338736 -4.380825
-1.911027 -4.984448 -4.185437
0.566141 -4.513359 -4.232676
0.583018 -4.543393 -3.384024
0.139695 -4.770644 -3.796640
0.328747 -4.372948 -3.620509
0.522262 -4.514466 -4.096713
0.933535 -4.913806 -4.948839
1.783229 -3.049007 -4.770608
0.426149 -3.506679 -3.782569
1.416535 -4.191300 -3.635260
1.668596 -4.363377 -4.232742
2.841241 -3.547599 -4.636096
3.077996 -4.158729 -4.534650
3.078867 -4.637125 -4.958740
3.380637 -4.613569 -3.613053
4.998360 -3.587332 -3.696091
3.879668 -3.673006 -2.812327
4.784491 -4.794291 -3.432341
4.470775 -3.673954 -3.946655
-4.786810 -4.812091 -3.546553
-4.799708 -3.338601 -4.384696
-4.964324 -3.724983 -3.273786
-4.046119 -3.998646 -4.406019
-3.549704 -3.279504 -4.132833
-3.315057 -2.151471 -4.629779
-3.015420 -4.464920 -3.378001
-2.239318 -3.567065 -4.333262
-3.957307 -3.907206 -4.927805
-0.991067 -4.291904 -4.550614
-1.980776 -3.224246 -4.563162
-1.593451 -4.444353 -4.668804
-1.006962 -3.208915 -4.897234
-1.082251 -3.504494 -4.982032
-0.759039 -3.856637 -4.770623
-0.211731 -3.609566 -4.863931
0.094920 -3.216301 -4.160377
0.057285 -4.159055 -3.209025
0.258848 -2.374413 -4.017003
1.162776 -3.755899 -4.746588
-0.897950 -4.840900 -4.697337
1.842143 -4.689712 -3.786463
1.934825 -4.561491 -4.645987
1.461041 -3.182287 -4.761929
3.109286 -4.474620 -4.470124
3.426765 -2.892479 -4.400924
3.208123 -3.734407 -3.670044
3.728908 -4.812441 -4.933689
3.143896 -3.582822 -3.878153
4.891723 -4.173228 -3.918356
4.280013 -2.792334 -4.752264
4.778889 -3.633116 -3.276242
-4.689791 -3.900836 -4.604239
-4.512753 -3.594275 -3.914236
-4.700969 -2.709026 -4.476462
-4.090875 -4.121996 -4.261467
-4.079888 -3.215635 -4.562882
-2.688646 -4.107984 -4.893847
-2.068250 -4.045650 -4.567617
-2.365664 -3.698778 -4.606310
-2.830362 -3.531427 -4.972736
-2.067908 -3.316577 -4.988181
-2.306861 -4.438870 -3.724746
-0.886471 -3.429750 -3.942837
-2.344653 -3.043148 -4.100254
-0.539811 -3.849343 -4.429901
-0.499083 -3.033599 -4.715478
0.442448 -2.999386 -4.695336
0.447975 -2.960101 -3.679558
-0.374897 -2.494629 -4.416825
1.799398 -3.673977 -4.520498
0.759155 -4.414124 -3.999533
0.672582 -4.083330 -4.602433
2.196409 -3.356326 -4.603103
1.618977 -3.097872 -4.257893
1.122690 -3.385125 -4.903810
2.641323 -3.302866 -4.148116
4.709987 -2.178269 -3.704302
3.309624 -4.151886 -3.509680
4.199202 -3.456214 -3.806875
3.634569 -3.062094 -4.510021
3.900828 -3.653623 -4.506175
4.569010 -2.639600 -3.599188
3.345980 -3.322232 -2.778591
-4.332912 -3.354447 -4.053394
-3.978275 -4.770261 -4.128278
-4.295706 -3.102753 -3.847589
-3.949866 -2.412206 -3.427365
-4.598949 -3.630142 -3.548673
-3.646221 -3.548301 -3.734060
-3.304049 -3.849976 -3.502902
-1.956500 -3.381284 -4.245307
-2.961778 -4.352308 -4.685904
-2.388280 -3.417281 -2.932039
-0.789076 -3.665576 -4.445942
-2.632823 -3.258825 -4.438283
-0.935924 -2.143402 -4.554536
-1.200297 -3.757647 -4.437408
-1.347586 -3.538880 -4.261257
-0.305619 -2.544341 -4.864345
-0.362657 -2.570919 -4.217298
-0.675779 -4.107833 -4.676551
1.356453 -2.990269 -4.914092
2.465751 -3.789616 -3.629318
2.058513 -3.412129 -4.469856
0.466184 -3.318449 -4.674077
1.619703 -3.661611 -4.674773
1.235889 -3.499109 -4.893126
2.796116 -4.159536 -4.424119
3.509664 -4.002568 -4.916442
3.472593 -2.133236 -3.951260
3.699777 -2.904329 -4.735984
2.697086 -3.200151 -4.382236
2.764743 -2.691465 -4.754869
4.715940 -3.549003 -4.289456
4.461051 -4.028697 -4.023352
-4.875686 -3.266694 -4.997821
-4.742469 -3.074247 -4.240903
-3.813149 -2.500866 -4.731992
-3.863203 -2.536149 -4.307297
-2.327184 -3.513541 -4.476625
-3.599454 -3.328842 -4.394904
-3.343493 -3.324018 -4.357647
-2.456547 -3.449243 -4.418401
-2.074080 -2.193377 -4.209695
-2.417443 -1.784011 -4.757014
-1.505138 -2.282521 -4.136460
-2.173957 -3.095142 -4.284419
-1.935485 -3.923357 -4.602699
-1.219753 -3.754289 -3.389621
-0.294795 -3.002415 -4.815781
-1.300127 -3.425704 -4.154047
-0.355404 -3.355462 -4.375289
0.240235 -2.882046 -4.696672
0.657514 -2.564331 -3.703816
-0.057281 -2.675941 -4.042647
0.907553 -3.591888 -4.591890
0.086426 -2.893835 -4.402504
2.924035 -3.221633 -4.364240
2.918415 -2.740037 -3.255310
2.510427 -3.655776 -4.457422
2.657984 -3.096461 -4.592771
3.394313 -2.812037 -4.892619
3.048851 -2.811442 -4.210904
3.624482 -2.170693 -3.927364
4.613569 -3.176760 -4.892978
4.082968 -1.452359 -4.159413
4.090068 -2.379998 -4.003090
-4.217001 -2.402569 -3.908001
-3.778789 -2.506257 -4.892210
-2.670025 -3.257659 -4.652074
-4.090020 -2.680936 -4.181032
-3.353100 -1.928891 -4.187818
-2.598958 -2.627964 -4.870855
-2.505490 -3.417928 -4.261955
-2.435154 -2.448062 -3.726588
-2.116425 -1.831929 -4.379582
-1.335100 -2.368443 -3.516545
-1.601672 -2.577673 -4.772610
-1.821383 -2.546372 -4.626637
-1.258312 -3.379996 -4.831018
-1.408293 -2.879226 -2.898268
-0.800240 -2.813525 -4.742130
-0.996374 -2.902504 -3.862006
0.214911 -3.150668 -3.916094
0.298686 -1.498445 -4.731542
0.299400 -1.274868 -4.609125
1.223979 -2.767052 -3.664422
0.917897 -1.470731 -4.631856
1.918635 -1.801330 -4.347279
1.103048 -2.734323 -4.280825
2.265013 -3.251632 -4.783849
3.373911 -3.307246 -4.050758
2.743441 -3.245094 -3.431122
2.844272 -2.867352 -3.381884
2.787411 -1.349787 -4.925188
3.998122 -2.935399 -4.275574
3.474612 -2.083036 -4.381437
4.763840 -4.124765 -4.563216
4.687717 -2.606835 -4.865418
-4.860214 -2.617805 -3.038810
-4.567419 -2.621050 -3.817625
-4.811191 -1.672026 -4.436098
-3.261002 -1.090564 -4.953556
-3.943122 -2.573273 -4.545224
-3.692216 -2.163149 -4.445486
-2.726434 -0.803742 -3.995087
-2.442888 -2.857563 -4.752062
-2.669941 -1.524207 -4.914744
-1.014731 -2.562103 -4.879827
-1.537495 -0.929518 -4.472033
-1.347334 -1.946315 -4.815184
0.265016 -1.992134 -4.800982
-1.918305 -3.139873 -3.939281
-0.496323 -1.666128 -3.852137
-0.080007 -1.537759 -4.894458
-0.714025 -2.478053 -3.318125
0.759717 -1.951319 -3.880814
0.115184 -1.895849 -4.843549
1.650006 -2.371843 -4.742202
1.386696 -2.109106 -3.127106
1.768417 -2.482773 -4.870297
1.721878 -2.339009 -4.105050
0.811157 -2.675032 -3.847846
1.868384 -2.368378 -3.559515
3.186136 -2.503164 -4.387094
3.457722 -1.635494 -4.185076
3.274440 -2.355693 -4.896999
2.747614 -0.157308 -3.876718
3.795267 -2.287442 -4.264860
4.938478 -1.825739 -4.549985
3.923455 -1.775178 -4.510279
-4.528878 -1.576682 -4.820542
-4.961615 -0.518748 -4.754757
-4.765927 -1.857248 -4.351212
-3.554790 -2.549605 -4.711125
-3.163884 -2.030023 -4.047987
-2.969992 -2.150604 -4.166962
-3.379779 -2.213662 -4.940003
-2.386629 -2.344355 -4.613193
-1.831826 -2.074755 -4.367515
-2.378201 -2.834361 -4.477555
-1.970602 -1.730083 -4.282957
-1.480590 -1.665971 -4.401191
-2.113656 -1.986106 -3.811184
-0.661095 -2.174086 -4.416871
-0.302115 -2.453928 -4.180408
-0.176965 -2.351212 -4.621667
-0.505040 -0.921674 -4.603025
-0.296310 -2.748841 -4.349141
2.373284 -2.662501 -4.220759
0.747096 -1.433970 -3.810408
1.081874 -0.968509 -4.786377
3.168668 -1.756631 -4.138875
2.618762 -1.079682 -4.561826
1.368686 -1.539840 -4.594260
2.882401 -2.040980 -4.656585
2.940810 -1.937414 -4.855726
2.610709 -1.813315 -4.210101
3.715382 -3.917902 -4.728374
3.347319 -3.019131 -4.398953
4.041977 -3.335948 -4.899413
4.188563 -1.697060 -4.641682
4.556153 -1.734277 -3.386143
-4.982837 -1.114207 -4.432180
-3.433949 -1.258289 -4.859507
-4.020438 -2.301489 -4.548489
-2.502440 -1.979906 -3.906921
-4.449683 -1.928563 -4.230903
-3.856377 -0.919661 -4.442970
-3.311709 -2.145080 -4.133101
-2.198822 -0.989602 -4.130519
-2.968413 -1.942179 -4.613758
-2.263552 -1.348224 -4.992549
-2.129267 -2.496580 -4.993033
-1.069158 -2.813858 -4.146887
-3.216006 -1.670540 -4.567264
0.019006 -1.733005 -4.316194
0.460998 -2.306525 -4.455711
0.053039 -1.202889 -4.821265
0.549464 -1.791542 -3.330499
-0.628054 -1.778167 -4.539430
0.967159 -0.255824 -4.080148
1.558586 -2.240178 -3.253080
1.649794 -2.964543 -4.734497
1.699166 -1.619683 -4.507357
2.487500 -1.978654 -4.077496
2.460180 -2.483850 -4.669343
2.139648 -0.676686 -4.790432
2.701813 -1.305156 -4.008484
2.512671 -2.490084 -4.160739
2.913891 -1.624318 -4.389924
4.604723 -1.760554 -4.752807
3.799967 -0.912887 -4.217563
3.667679 -2.297767 -4.700099
4.465968 -1.516808 -4.703419
-4.612219 -2.223406 -4.807495
-4.643689 -1.525028 -4.642985
-3.503629 -2.411732 -4.225539
-4.771062 -1.470999 -4.712750
-3.190706 -1.694147 -4.998493
-3.459178 -1.717879 -4.950576
-4.015011 -2.098155 -4.362417
-4.047440 -0.675014 -4.283348
-2.773498 -0.890458 -4.865510
-1.220930 -1.950709 -4.343235
-0.882977 -0.863999 -4.585148
-2.181538 -1.059989 -4.627663
-1.543053 -1.414536 -3.742641
-0.643430 -1.371292 -4.390402
-1.392841 -2.044186 -4.312547
-0.397671 -1.559477 -2.876961
-0.539392 -1.633186 -4.913157
1.134186 -1.373580 -2.466301
-0.305316 -0.975691 -4.260978
1.247258 -0.971942 -3.873193
1.225936 -1.594493 -4.477812
2.194810 -1.308673 -4.279552
1.104530 -0.813235 -4.908468
3.030495 -2.244910 -4.270000
3.053234 -1.526052 -3.937592
2.771761 -1.196306 -4.673548
2.985495 -1.362152 -3.275287
2.937852 -1.762918 -3.565677
4.397888 -1.920340 -3.812473
4.954041 -1.077579 -4.098205
4.860831 -1.796361 -3.817826
4.077610 -1.949968 -4.052638
-4.739098 -1.016197 -4.985596
-4.719236 -1.312930 -3.534489
-3.820244 -1.106187 -3.723438
-3.320624 -0.401194 -4.801141
-2.976752 -2.039478 -3.601365
-3.908740 -1.059505 -3.257621
-3.493600 -1.406421 -3.349504
-2.149567 -2.155134 -4.769361
-4.061380 -1.453774 -3.217825
-2.693053 -0.730972 -4.822112
-1.913539 -0.802578 -4.898127
-0.837088 -1.184363 -4.688320
-0.629862 -1.466428 -4.843245
-0.341419 -1.575913 -3.838730
-1.161604 0.043951 -4.084968
0.022625 -1.859077 -4.702907
0.582825 -1.696209 -4.895577
0.047767 -1.068033 -4.546810
0.369582 -1.821490 -4.373452
1.879997 -2.181785 -4.535081
2.246556 -1.741171 -4.875151
1.751142 -0.697469 -4.346660
0.540213 -0.868194 -4.216847
3.156355 0.468779 -3.701716
2.243867 -1.090002 -4.165198
3.046697 -0.780272 -2.533950
2.741625 -0.308254 -4.494039
4.349370 -1.278039 -4.086588
3.586634 -2.645518 -3.480158
2.881258 -2.038736 -3.946843
4.203658 -1.847089 -3.597592
4.720538 -0.531566 -4.715355
-3.698371 -0.036930 -4.979780
-3.752524 -0.741420 -4.370625
-4.981815 -0.718948 -4.143379
-3.180764 -1.022805 -4.376273
-3.941931 -0.222039 -3.995138
-2.897023 -0.567900 -4.861596
-3.970484 -1.486650 -4.994512
-2.081474 -0.669635 -3.808022
-2.034641 -0.954504 -4.719396
-2.790415 -0.341504 -4.802371
-1.845661 -0.211340 -4.725986
-1.753056 -0.958832 -4.149419
-0.319142 1.266049 -4.704407
-0.430817 -0.242304 -4.887146
-0.373534 -1.093900 -4.637722
0.244895 -0.828033 -4.869987
-0.359913 -0.884133 -4.629278
0.532642 -1.250089 -3.967958
0.907212 -1.618664 -4.913448
1.257614 -1.568821 -4.903026
1.579547 -0.642699 -4.274917
2.804244 -0.482977 -3.610945
1.991336 -2.172607 -3.756976
2.724167 -0.572180 -4.085720
2.171067 -1.873111 -3.733740
3.107701 -1.057700 -4.600725
4.350057 -0.377483 -4.482604
4.150068 -1.744405 -3.312728
4.662354 -0.936620 -4.517240
4.928202 -0.990359 -4.933719
4.894855 -0.850180 -3.407386
4.692021 -2.339525 -4.473182
-4.864891 0.690208 -4.139431
-4.500619 -0.583729 -4.600455
-2.585832 -0.796837 -4.308686
-4.991794 -0.157898 -4.361701
-3.771974 -0.970641 -4.049106
-2.762379 -0.687742 -4.489020
-2.698343 0.274234 -3.670478
-2.065125 -0.498786 -3.907568
-2.923249 -0.666129 -4.972951
-2.612601 -0.955931 -4.472323
-1.720988 0.040896 -4.556718
-1.471173 -1.081901 -4.325358
-1.716749 -0.702341 -4.035523
-1.276645 -1.155136 -4.274053
-0.290046 -1.537078 -4.817314
-0.337599 -1.324347 -4.577355
-0.490865 -1.269794 -4.913102
0.460009 -2.377548 -3.660161
-1.050568 0.567144 -4.665777
-0.652587 0.441834 -4.062254
1.155115 -0.015134 -4.343389
1.939060 -1.176153 -3.748575
1.526928 -0.745370 -4.062503
2.838855 -0.398595 -4.951203
2.831816 0.486435 -3.868523
3.065002 0.213885 -4.918921
4.284878 0.245079 -3.946849
4.354933 0.086613 -3.434057
3.327028 -0.357529 -4.852748
3.556610 -0.880693 -4.098558
4.965252 -0.679286 -4.659536
4.984527 -1.021615 -4.808363
-4.343079 0.813558 -3.310240
-2.588529 -0.433602 -4.012123
-4.406094 -0.849204 -4.287567
-4.151594 -0.737899 -3.970575
-2.444862 0.774929 -4.144053
-2.792495 -0.370626 -4.525322
-2.300813 0.508613 -4.556850
-2.491953 0.631215 -4.939028
-2.354350 0.588326 -4.792277
-2.154497 0.097158 -4.714085
-0.408361 -0.467237 -4.579578
-0.802803 -0.330001 -4.704161
-1.306081 -0.155058 -3.654968
-1.374545 -0.272006 -3.848291
0.893948 0.157661 -4.329229
-0.108541 -0.205403 -4.642356
-1.059294 0.228091 -4.899344
1.346681 -1.160789 -3.638058
1.574757 -1.664764 -4.634130
1.862309 -0.574792 -4.661564
0.942714 -0.111990 -4.613944
1.801339 -0.359558 -3.927503
1.078568 0.108696 -4.991343
2.854896 -0.388081 -4.299819
2.459777 0.857286 -4.193885
2.659711 -0.608475 -4.727634
2.703149 -1.054501 -3.794382
3.556189 -0.850363 -4.663934
4.299601 -0.243931 -4.632016
4.257273 0.750379 -3.820435
3.453330 -0.252621 -4.316749
4.107888 1.583659 -4.893529
-4.257629 -0.568175 -4.491282
-4.071695 1.164678 -4.279245
-2.874333 -0.337540 -4.690559
-4.409661 -0.896173 -4.572991
-3.194124 1.353486 -4.907497
-3.131930 0.116392 -3.938549
-2.649890 1.566717 -4.277830
-2.955038 0.397232 -4.435724
-1.653624 -0.914130 -4.278908
-1.839611 -0.647516 -4.467165
-1.211528 -1.022699 -3.575974
-0.320266 1.239026 -4.402878
-0.909127 0.601104 -4.017704
-1.290125 -0.311882 -4.189177
-0.429280 0.780168 -4.778586
-0.134037 -0.095657 -4.982735
0.788967 -0.477038 -4.694396
0.049230 0.723096 -4.425583
0.643870 -0.124264 -4.516058
-0.233366 -0.204211 -4.535701
1.401050 0.012447 -3.497168
1.014855 0.240017 -4.948886
1.847310 0.987722 -3.967613
2.005637 0.422765 -3.296595
3.203306 0.296497 -4.029500
3.890105 -0.265144 -4.414138
3.665462 -0.941577 -4.987789
3.130161 -0.451222 -4.956498
3.527789 0.342720 -4.127572
4.374783 0.868392 -3.587263
4.874754 -0.255962 -4.662803
4.820910 -0.068709 -4.254219
-4.638151 -0.287547 -4.616862
-4.313891 0.559016 -4.216002
-3.901186 0.647203 -4.496891
-4.457848 0.582610 -4.242861
-3.596729 0.355762 -4.466190
-3.334097 -1.603320 -4.537430
-3.052380 0.517691 -4.817325
-2.857103 -1.310159 -4.426984
-2.976927 0.170429 -4.441062
-1.425559 0.206199 -4.232663
-1.227988 -0.163835 -4.219510
-1.975336 1.535897 -4.269852
-2.813631 0.770087 -3.338877
-0.768545 1.343465 -4.827802
-1.175516 1.931964 -4.556292
0.453312 0.727699 -4.241306
-1.184577 0.609594 -4.832356
0.819052 -0.378334 -3.460712
2.228950 0.249683 -4.548752
0.794133 0.030979 -4.827114
1.783104 0.760721 -4.024881
0.315796 0.203586 -4.650164
2.209100 0.848986 -4.127908
2.606250 1.298995 -4.196140
3.437577 0.446485 -4.825855
2.985781 1.548847 -4.252636
3.075541 1.261567 -4.841439
4.042144 0.366033 -4.754975
4.008337 1.502484 -4.859902
3.839473 1.505596 -4.714955
4.214419 -0.539129 -4.397673
4.624382 0.930380 -4.084302
-4.930744 0.487923 -3.400292
-4.420431 2.169298 -3.602211
-3.734871 1.888751 -4.467607
-3.957934 0.879772 -4.984635
-3.673573 0.787265 -4.557584
-3.435191 1.007630 -4.986003
-2.907162 -0.538909 -4.153768
-2.486891 1.228740 -4.924847
-1.600585 1.367333 -4.803386
-1.971999 1.191359 -3.894922
-1.891703 1.297970 -3.784984
-1.287266 1.173650 -4.030127
-1.586433 1.618604 -4.001200
-0.930669 0.531059 -4.449248
-1.296708 -1.093859 -4.560228
0.173932 1.283290 -4.579617
0.063457 0.367482 -4.622473
0.611426 0.268841 -3.917204
0.469091 0.744825 -4.877586
0.611209 0.329420 -4.089347
1.325902 1.109913 -4.494262
1.446688 0.255678 -4.805490
1.214205 0.171031 -4.856695
2.566120 0.035034 -3.764869
2.645224 2.175809 -4.853799
2.946079 0.710660 -3.911304
3.442391 0.110869 -4.975405
2.820203 0.819001 -4.597098
3.882049 1.142736 -4.673336
3.733380 0.659917 -4.779714
4.463989 0.617902 -4.433605
4.942853 1.461001 -4.004773
-4.909618 1.806152 -4.538296
-4.056621 -0.398279 -4.118021
-4.464889 1.888705 -4.280812
-3.987825 1.027800 -4.388560
-3.433523 1.641123 -3.966032
-3.320220 1.032957 -4.564869
-2.489235 0.879165 -4.518425
-2.104993 1.514689 -4.695411
-1.539817 0.584854 -4.862043
-2.190050 0.636498 -4.541960
-1.990024 -0.029696 -4.900322
-1.652951 1.012156 -3.389662
-1.447794 0.393749 -4.208197
-1.120663 0.686869 -3.686308
-0.390340 0.651510 -4.883620
0.428560 1.100476 -4.732997
0.456096 0.160288 -4.525095
-0.725132 0.146551 -4.718875
0.296131 0.765271 -4.413880
0.276886 1.819527 -2.999455
0.535306 0.368879 -4.516042
2.553853 0.332973 -3.065993
2.287480 0.819710 -4.877374
1.673069 0.487532 -4.745950
1.039918 1.051090 -4.461049
2.152930 1.272106 -4.926245
3.261796 2.045767 -4.545391
3.104871 1.705729 -4.872720
4.211188 1.021228 -4.252988
3.527426 0.352563 -3.956825
4.840250 1.264934 -4.484090
4.687577 1.518954 -4.830523
-4.469063 1.095175 -4.126874
-4.896788 2.917939 -3.587282
-4.632999 1.257731 -4.212273
-3.340638 1.587421 -3.588051
-2.592791 1.393586 -4.786145
-2.671772 3.086503 -2.902455
-3.605358 1.753148 -4.943801
-3.325218 1.442131 -3.829445
-2.018273 2.150604 -4.232647
-2.093986 1.939212 -4.520917
-1.949338 2.324533 -2.978744
-1.508392 -0.095862 -4.994625
-0.743249 1.890795 -4.956458
-1.097878 1.634261 -4.481434
-0.546440 0.959459 -4.256047
-0.092098 0.842771 -4.576437
-0.930118 2.477378 -3.936897
0.620069 0.861739 -4.545223
1.580046 1.626998 -4.204078
1.746389 0.805557 -3.660435
1.639910 1.726299 -4.650452
1.826924 1.247833 -4.774614
2.104308 1.623441 -4.668184
2.990413 1.272936 -4.317628
1.230342 1.922170 -4.288843
2.753715 1.265020 -4.078407
2.673501 1.043827 -4.491503
4.873434 2.478577 -4.611160
3.531098 1.925184 -4.502824
4.231506 -0.880259 -3.719784
4.542794 1.985034 -3.169954
3.201486 1.589903 -4.587855
-4.372938 1.158793 -4.988040
-3.636236 2.151531 -3.683717
-4.436438 0.289677 -4.853315
-4.347688 1.305000 -4.865026
-4.812575 1.957548 -3.602491
-3.769826 1.705680 -4.649951
-4.408234 1.441760 -4.510156
-2.707879 1.722486 -3.911191
-1.646366 2.518425 -4.742060
-1.767817 1.727712 -4.986056
-1.972904 0.713919 -4.894032
-1.102508 2.392888 -3.653236
-1.593830 1.197250 -4.406703
-1.066334 0.802308 -4.199408
-0.060039 0.882766 -2.387285
-0.021112 2.126828 -4.291038
0.716207 1.548357 -4.748488
0.711741 0.634408 -4.224522
0.646503 2.801479 -4.166007
1.217385 1.324103 -4.547853
1.646711 2.133604 -4.653023
1.175558 1.776626 -4.103495
1.646349 1.412074 -4.628386
0.992567 1.714543 -4.177386
2.677938 1.018784 -4.032262
3.584950 2.319752 -4.039989
3.917156 1.799778 -4.964954
3.860539 1.863129 -4.112665
4.788818 1.924608 -3.290173
3.664993 1.594167 -4.582351
3.587162 1.227733 -3.762197
3.730666 1.710242 -3.546056
-4.837955 1.955740 -3.795981
-4.417239 2.949585 -4.025617
-4.080913 2.183446 -3.383001
-3.996818 2.156467 -3.501955
-3.568918 2.170803 -4.341152
-2.654160 1.859617 -4.260637
-2.995306 1.798582 -4.278168
-3.218689 1.651266 -3.986151
-1.464366 1.757725 -4.879095
-1.900457 1.518113 -3.746628
-2.610466 1.769684 -4.061801
-1.680737 1.639286 -4.633669
-0.582771 2.342634 -4.027854
-0.497475 1.555841 -4.832017
-1.534518 2.689683 -4.213964
-1.901536 1.845550 -3.912761
-0.065031 1.112668 -4.516107
-0.380662 1.768875 -4.900813
0.621361 1.938476 -4.564044
0.763095 1.767295 -4.909337
2.083314 1.653670 -4.857325
1.613697 2.095312 -4.784175
3.296743 2.308007 -4.237531
3.446132 2.336878 -4.657444
3.677235 2.253495 -4.501606
3.092845 2.763600 -4.204945
3.516797 2.103741 -4.605940
3.839880 3.316366 -4.582623
3.614573 2.408114 -3.322999
3.700915 3.236827 -4.946534
4.536970 2.978881 -4.097724
4.284427 2.261841 -4.269410
-4.332625 1.479300 -3.912880
-4.884624 2.720197 -4.295172
-3.960104 2.630248 -4.947753
-3.402486 1.926786 -4.390190
-3.396230 2.298987 -4.952929
-2.674378 2.582762 -3.523492
-2.769787 3.101039 -4.828228
-2.801879 2.292469 -4.108420
-1.988805 2.910806 -4.136075
-2.397239 2.680434 -4.541115
-1.260379 3.382416 -4.996459
-1.108974 3.268974 -4.460096
-1.870610 2.843548 -4.336749
-1.681090 2.912500 -3.920979
-0.670431 2.619447 -4.114202
-0.061060 2.927720 -3.105145
-0.682916 1.110311 -4.930150
0.954296 2.017061 -3.455045
-0.117816 3.082664 -4.381094
2.702816 2.244640 -4.622232
1.349191 2.048443 -4.327314
0.818346 2.014957 -4.200626
1.479694 1.934761 -4.124240
2.917981 2.614043 -3.926914
2.710999 2.604072 -4.138063
3.663725 2.937938 -4.368893
2.997210 2.881988 -4.307340
4.279170 2.376934 -3.640127
3.287738 2.407010 -3.951709
4.248638 3.388516 -3.769177
4.973023 2.179965 -4.419886
4.833267 2.621742 -3.652431
-4.366053 2.697482 -4.315009
-4.303898 2.796290 -4.511725
-3.610552 3.173382 -4.880600
-3.786761 1.484127 -4.373047
-4.056230 3.770402 -3.609419
-2.407568 4.249814 -4.501339
-2.523836 3.387709 -4.261159
-3.560514 2.448745 -4.692054
-2.887808 3.518229 -4.695124
-1.263274 2.708393 -4.180722
-2.035129 4.691397 -4.723148
-2.437210 1.985818 -4.899550
-1.672834 3.897384 -4.701090
-1.380063 3.410341 -4.893337
-1.620543 2.738493 -4.494418
0.662164 1.685395 -4.012100
-0.332819 2.507266 -4.301358
-0.167284 1.710710 -4.779107
1.516829 2.476433 -3.972353
1.766688 2.562126 -4.041960
1.578510 2.748510 -4.916645
0.123836 2.536646 -4.057453
2.507444 2.125424 -4.900027
2.348794 3.363573 -3.198413
3.352799 4.246288 -4.823865
3.170607 3.020334 -4.370616
2.724147 2.633223 -4.466487
3.577672 2.803951 -4.714212
3.258999 2.305811 -4.955338
4.165694 3.052040 -4.221666
4.937409 4.383315 -3.697448
3.894377 3.877976 -4.840023
-4.416523 2.239889 -4.217024
-3.771923 2.112731 -3.667474
-3.673272 2.898103 -4.400341
-4.143989 3.130924 -4.050170
-3.308720 3.030540 -3.808508
-3.376432 2.970788 -4.655121
-3.375821 4.120765 -4.759557
-3.185401 2.459539 -3.607375
-1.778517 3.184947 -4.384282
-2.556046 2.761691 -4.977888
-1.833801 4.109675 -3.778831
-1.909749 1.849731 -4.048937
-0.843062 3.233310 -4.747839
-0.501713 3.953357 -4.202920
-0.803064 2.567758 -4.885613
-0.458547 2.349117 -4.113556
0.264621 2.648144 -4.165461
0.150266 2.581612 -3.931429
0.583529 2.499985 -3.483539
0.752028 4.535213 -4.875328
1.245191 4.059082 -4.427036
0.161873 3.854957 -4.646369
2.352547 1.732997 -4.053556
1.820877 2.288013 -3.194012
2.389314 2.678034 -4.368279
2.125872 3.441248 -4.866967
3.792892 3.419266 -3.789434
4.703641 3.169526 -4.351497
3.455479 2.690490 -3.347116
4.061502 3.475254 -4.997870
4.516143 3.513193 -4.753836
4.223272 3.082928 -4.445940
-4.100501 3.379668 -4.357177
-4.445411 3.328380 -4.642795
-4.674890 3.076147 -4.694723
-3.449094 3.886653 -3.935981
-4.285542 3.913901 -3.959679
-3.466033 3.593316 -4.952761
-3.430077 3.244243 -4.492639
-2.665106 3.876564 -4.259709
-1.135731 3.795482 -4.784372
-2.226123 2.937474 -4.637050
-2.402768 2.409275 -3.968181
-0.961381 2.909829 -4.413606
-1.525303 2.587218 -4.705039
-0.895201 4.173432 -3.728805
-0.894792 3.689042 -4.852139
-0.191429 4.323758 -4.795199
0.536318 3.558915 -4.757118
0.617547 2.167565 -4.476184
0.778558 3.563478 -3.292153
1.010196 2.308841 -4.836195
1.929956 3.383742 -4.586569
2.718003 3.113864 -4.344095
1.377912 2.201700 -3.772546
1.228271 4.051876 -4.927186
3.696057 2.954512 -4.598760
3.230046 3.562006 -4.615722
3.542194 3.025637 -4.589353
3.387948 3.225505 -4.479311
3.348763 3.672485 -3.975965
4.527429 4.205592 -4.645297
4.123881 3.466559 -4.281440
4.017098 3.906923 -4.970824
-4.868485 3.144001 -4.078560
-4.572227 2.357254 -3.776453
-3.750690 2.910238 -4.946556
-3.876007 3.697938 -4.878294
-4.259832 4.482793 -4.647221
-3.218836 2.310115 -4.701356
-3.747947 4.033843 -4.397745
-3.748793 2.957241 -2.937909
-3.660201 3.763112 -4.377293
-1.876876 2.671917 -4.610124
-1.171916 3.060195 -4.532396
-0.875444 3.762745 -4.505391
-1.389916 3.510569 -4.234837
-1.419502 4.610945 -4.200464
0.475797 3.210062 -4.147681
0.668584 3.106551 -3.577617
0.095297 3.647584 -4.886143
0.554693 2.766972 -4.724539
1.171728 3.870831 -4.185104
1.202025 3.571439 -4.788933
2.289796 3.746255 -3.688537
2.603938 4.387586 -4.281837
1.765383 2.024652 -4.638397
2.447313 3.873379 -4.981085
3.712502 3.761719 -4.254743
3.417118 4.266351 -4.503075
2.597501 3.078982 -4.936085
3.512324 3.619905 -4.133011
3.908874 2.882423 -4.383609
3.942165 2.989720 -4.714308
4.647756 2.906052 -4.326540
4.851247 3.343069 -3.811144
-4.983606 3.266789 -4.279908
-3.994176 3.582619 -4.129859
-3.741648 4.486768 -4.775326
-4.093678 3.899916 -4.910688
-2.534312 4.001994 -4.443905
-3.603228 4.498326 -3.903573
-1.758691 3.743703 -4.763130
-3.427068 3.068277 -4.900908
-2.293867 3.240916 -4.936033
-1.094336 4.162215 -3.562561
-1.276579 4.725699 -4.707248
-1.715412 4.068584 -4.821157
-0.660022 2.838132 -4.851863
-0.078974 3.183921 -4.902222
-0.614956 3.074917 -3.375895
0.564114 4.566159 -4.692257
1.210933 4.181746 -3.818045
0.425603 3.789190 -4.339724
1.042821 3.475515 -4.333366
0.125559 1.989441 -4.791215
1.698349 3.708125 -4.526386
2.068773 3.210543 -4.671860
0.895297 4.680045 -4.925033
2.014842 3.508507 -4.037969
2.838387 4.949104 -3.140915
2.915154 3.539047 -3.304014
3.586392 3.133052 -4.445270
4.105762 3.365962 -4.798862
3.263165 3.445167 -4.727794
4.258980 3.385912 -4.596203
4.774051 4.912616 -3.182338
3.709085 3.382775 -3.264373
-4.688018 3.291347 -3.838872
-4.273221 3.390777 -4.738769
-4.293067 4.514602 -4.951544
-3.473540 4.322734 -4.350683
-2.662160 3.732982 -4.377728
-2.962625 3.318671 -3.531712
-2.831363 4.749398 -4.583976
-2.415148 4.825710 -4.346246
-2.247827 4.749847 -3.362551
-2.590397 3.552852 -4.797453
-1.080968 3.317418 -4.227075
-2.078568 4.673922 -4.976646
-1.291639 4.024098 -4.349682
0.284376 3.064668 -4.710348
0.437847 4.428768 -4.659453
-0.919421 4.693290 -3.317683
-1.090707 3.650766 -4.919071
-0.921413 3.695745 -4.356911
1.327332 4.589419 -4.812343
0.922158 4.794721 -4.103923
1.613316 3.685377 -4.177308
2.889793 4.751482 -4.299393
2.043336 3.861998 -4.651820
3.092917 3.837442 -4.824130
3.206472 4.774948 -4.572342
3.563956 3.845558 -4.235830
4.518131 4.372103 -4.734116
4.252878 3.530057 -4.317013
3.277406 3.157919 -4.362225
4.040669 3.786132 -3.762204
4.671317 4.485043 -4.753807
4.370637 4.839781 -3.621677
-4.574836 4.852639 -4.365518
-4.806598 4.540380 -4.509777
-3.900018 4.840856 -4.891560
-4.451991 3.803740 -4.935187
-3.360800 4.739025 -4.654130
-2.693036 4.163123 -4.997157
-2.603656 4.959130 -4.293394
-3.135368 4.576359 -4.073700
-2.690857 4.491777 -3.125813
-1.946499 4.382925 -4.511960
-1.817123 3.849006 -3.632909
-1.180418 4.189516 -4.265400
-1.387906 4.196278 -3.941618
-0.393055 4.317615 -4.878248
0.295651 4.863138 -3.824576
0.441340 4.842591 -4.907919
-0.138984 4.555950 -4.740746
0.586014 4.223628 -4.013917
1.727390 4.850595 -4.326598
1.754644 4.402982 -4.173615
1.752774 3.674984 -4.870172
1.991578 4.478509 -4.672948
2.565482 4.803910 -4.788449
2.310766 4.481872 -4.863838
3.778855 4.215882 -3.858069
3.103332 4.986886 -4.714981
3.322096 4.411694 -4.492858
2.812748 4.490303 -3.660755
3.053107 3.561570 -3.089648
4.828913 4.061412 -3.825212
3.450274 4.443624 -4.420059
3.900087 3.210133 -4.144949
-4.730593 4.814875 -4.468796
-4.020338 4.311574 -4.588011
-4.054930 4.850924 -4.469604
-3.927404 4.575880 -4.597490
-4.453710 4.906487 -4.744233
-3.653032 3.952134 -4.301998
-2.999333 4.486966 -3.487560
-3.109053 4.690127 -4.648245
-2.145779 4.960747 -3.914627
-1.786194 4.250411 -4.142595
-1.515151 4.379496 -4.793205
-0.632300 4.950612 -4.571153
-1.571320 4.630377 -3.849598
-0.587546 3.575424 -2.336042
-1.008376 4.823043 -4.960089
0.655639 4.366579 -4.946435
0.701089 3.913401 -4.632416
0.976625 4.451879 -3.764923
1.013225 4.698804 -4.507699
1.004756 4.533882 -4.695757
0.443451 4.676429 -4.793042
1.850972 4.384017 -4.354129
1.383696 4.137258 -4.853609
2.331183 4.600400 -4.965304
2.947527 4.977027 -4.303188
2.339360 4.392751 -4.579523
3.938679 4.226379 -4.311049
3.361841 4.235403 -3.751900
3.531969 4.805919 -3.718692
4.935579 4.979680 -4.849103
4.251880 4.668526 -4.160990
4.337634 3.454821 -3.997910
-4.368216 -4.928152 -3.773529
-3.852924 -4.840524 -4.542766
-4.745606 -4.531547 -4.504014
-3.262323 -4.423812 -4.202120
-4.098608 -4.576931 -4.318516
-3.033142 -4.842285 -3.418861
-3.616901 -4.082238 -4.562893
-3.136358 -4.781499 -4.684200
-2.158469 -4.902509 -4.396348
-2.542666 -4.606173 -4.690794
-1.363204 -4.272776 -4.489532
-0.689230 -4.400355 -3.167361
-0.073926 -4.203451 -4.081306
-2.150142 -4.810334 -3.787734
-0.150485 -4.736378 -3.768938
-0.159509 -4.080845 -4.543036
0.313055 -3.928521 -4.393782
0.160612 -4.039570 -4.985439
2.316939 -4.162056 -4.383117
-0.132636 -4.950431 -4.209584
1.275428 -3.684467 -4.310145
1.701094 -4.723629 -4.267498
3.157815 -4.903014 -3.736471
4.237964 -4.673679 -4.896219
3.348278 -4.302767 -3.691017
3.139531 -4.734504 -3.318943
2.880689 -4.467582 -3.446197
3.848760 -4.797280 -3.718286
3.974899 -4.873392 -3.463593
3.265254 -4.984373 -3.668537
3.635851 -4.187817 -4.153221
4.893032 -4.798697 -4.581433
-4.285196 -4.750214 -4.293132
-4.862790 -4.035030 -3.581946
-4.226050 -4.901020 -4.902102
-3.534230 -4.633982 -4.467539
-3.549097 -4.437154 -3.892250
-3.473251 -3.771501 -3.460885
-3.730566 -3.630233 -3.906082
-3.269157 -4.555748 -3.868260
-2.181304 -4.406628 -4.628892
-2.258999 -4.345604 -4.365161
-3.233636 -3.903441 -2.043950
-1.229688 -4.649705 -4.440937
-1.369691 -4.962416 -4.915476
-1.754131 -4.513531 -4.126837
0.142275 -3.716146 -4.688394
-0.595696 -4.245258 -4.123552
1.881067 -4.354979 -3.999222
-1.135456 -3.953494 -4.107735
0.174926 -4.362789 -4.705842
1.534273 -4.829137 -2.790779
1.898156 -3.579328 -4.207092
1.220080 -4.374527 -4.363879
2.348530 -4.604943 -3.956767
1.532632 -4.949485 -3.177498
1.777530 -4.335896 -4.156385
2.685766 -4.211567 -4.233416
4.009199 -4.313429 -4.701590
4.504268 -3.760931 -4.536517
2.989202 -4.072833 -4.010932
3.435740 -4.748728 -3.866938
4.928701 -4.920218 -3.963736
3.944610 -4.108430 -3.711619
-4.978787 -4.591603 -3.887647
-4.995954 -4.477973 -3.281577
-4.029511 -3.369033 -3.614716
-3.317621 -3.942120 -4.504045
-3.007139 -3.378252 -3.486771
-3.622709 -3.881980 -4.017172
-1.766296 -3.788284 -4.978971
-2.294298 -4.191434 -3.974321
-2.178799 -2.514332 -4.625695
-2.419420 -4.937717 -4.509174
-1.184050 -3.196040 -3.102709
-1.449564 -4.077980 -3.849915
-1.029448 -4.528389 -4.984373
-1.509429 -4.763466 -3.520009
-1.121950 -3.663658 -4.583930
0.597172 -4.923888 -3.029009
-0.153718 -4.613637 -2.858984
0.326375 -4.594812 -3.254833
0.597495 -4.140153 -4.075384
0.741599 -3.823797 -4.955761
1.342731 -3.031164 -4.727731
0.712895 -4.697560 -3.437395
0.298740 -3.852551 -3.276992
2.064083 -4.037360 -3.591038
2.419251 -3.399760 -4.663939
2.459573 -4.673037 -3.935720
3.634678 -4.901093 -4.960119
2.927101 -4.953560 -3.303094
4.043155 -3.308698 -4.556553
3.965994 -3.673222 -3.008432
4.463998 -4.481005 -3.502977
4.153437 -3.739878 -3.850744
-4.688709 -4.544440 -3.082887
-4.738473 -3.435037 -3.689969
-4.881764 -3.847943 -3.388046
-4.571712 -3.722849 -3.843337
-3.120102 -3.952351 -4.013659
-3.354775 -2.758167 -3.488662
-3.081890 -4.563420 -3.098737
-3.318464 -3.749126 -4.080896
-3.610100 -3.800652 -4.819202
-0.680735 -3.894145 -4.360825
-2.275794 -3.682258 -4.141236
-0.785635 -4.863493 -4.987170
-0.419361 -3.076298 -4.882022
-1.432351 -3.854817 -4.950004
-0.965149 -4.733411 -4.076107
0.201132 -4.069499 -4.223902
0.101617 -2.394744 -3.683426
1.055048 -3.862064 -2.344319
-0.286835 -2.794593 -3.882704
1.552935 -4.182617 -3.877564
0.904722 -4.140960 -4.501658
1.462644 -4.679958 -4.201182
2.437882 -4.892684 -4.491899
1.546039 -3.765037 -4.196030
3.248595 -4.531919 -4.422430
3.042869 -3.108490 -4.260297
3.689674 -4.149254 -3.556049
2.918121 -4.902890 -4.888492
3.798091 -4.154672 -3.809101
4.925647 -3.954848 -3.038950
4.723821 -3.383038 -4.748284
4.955727 -3.807950 -2.867047
-3.987654 -4.531006 -3.486289
-4.490414 -3.135835 -4.354117
-4.585135 -3.246699 -3.172339
-3.814008 -3.553881 -4.262348
-3.246163 -3.059283 -4.631614
-2.871196 -3.784256 -4.886159
-1.594052 -3.927596 -4.173558
-1.448956 -3.659528 -4.660741
-2.632281 -3.983495 -4.718683
-1.746200 -3.552903 -4.845171
-1.273399 -4.123670 -3.494440
-0.886541 -2.995738 -3.515639
-1.434102 -2.951456 -4.041273
-0.440430 -3.826805 -3.628956
-0.652032 -3.968124 -4.853218
0.419013 -2.590621 -3.639952
0.626316 -3.896013 -3.106132
0.408208 -2.368017 -4.310941
0.875825 -3.754414 -4.857718
0.520233 -3.729552 -3.922094
1.084575 -3.812963 -4.019107
2.882418 -3.540796 -3.941555
1.881194 -3.341018 -4.039296
0.932262 -3.874874 -4.412852
3.129706 -3.050756 -3.415596
3.865151 -2.794437 -4.018557
4.208110 -3.728486 -3.171682
4.093182 -3.060440 -3.349444
4.118902 -3.182711 -3.915782
4.470640 -3.350686 -4.421293
4.516881 -3.471651 -3.442914
3.935673 -3.455141 -2.709720
-4.328449 -3.097476 -3.505418
-4.246025 -4.116690 -3.795289
-4.507139 -3.072834 -2.493456
-3.861330 -3.048857 -3.307437
-4.502099 -2.788313 -3.437263
-3.172526 -3.228176 -3.090840
-2.794729 -3.314337 -3.661440
-1.678938 -3.948568 -4.569897
-2.942584 -3.629299 -4.805559
-2.313731 -3.288421 -3.155431
-1.204403 -3.060879 -4.401513
-2.282902 -3.571244 -3.564443
-1.365359 -1.605465 -3.853813
-1.088555 -3.332466 -4.173273
-1.308778 -2.875948 -4.316177
-0.195602 -3.624827 -4.653482
0.023803 -3.038178 -3.543593
-0.820973 -3.309483 -4.740366
1.543085 -3.098309 -4.886983
1.835124 -3.374401 -4.349471
1.452978 -3.924619 -4.359696
0.496930 -2.732894 -4.732965
1.283337 -3.492507 -4.008727
1.300630 -2.787432 -4.373647
2.184264 -3.372139 -3.994746
2.925253 -4.035913 -4.734149
2.669046 -2.116070 -4.093962
4.797924 -3.212449 -4.381249
2.364010 -3.626038 -4.170813
3.413988 -2.589693 -4.702013
4.547834 -3.335898 -3.718755
3.796836 -3.570936 -3.794128
-4.878375 -2.521277 -4.717570
-4.328014 -2.527976 -3.720826
-4.246369 -2.818622 -4.556754
-3.878532 -2.355191 -4.076823
-2.017475 -2.524603 -3.852515
-2.887744 -3.064609 -4.691668
-3.604792 -3.184444 -3.189835
-3.366830 -3.519838 -4.163764
-1.489628 -2.654511 -3.660158
-2.121195 -1.638347 -4.414338
-2.132097 -3.024899 -4.122555
-1.879293 -2.704653 -4.215819
-2.003366 -3.342802 -4.822918
-1.135942 -3.448807 -3.333702
-0.421300 -3.683574 -4.068318
-1.447259 -3.454339 -4.165337
-0.469694 -3.233376 -4.234269
0.816573 -2.850338 -4.426875
0.663036 -3.573298 -3.381356
-0.156175 -1.857194 -3.250351
1.455875 -2.908503 -4.581326
0.406974 -3.000902 -4.460275
2.031201 -2.792591 -3.680583
2.268337 -2.562996 -3.924992
2.757338 -2.967797 -4.264833
2.356960 -2.248416 -4.531415
3.422341 -2.356429 -4.387826
3.284265 -3.060718 -3.971091
4.777035 -2.556288 -4.024379
4.364205 -2.907063 -4.964006
4.214376 -2.138954 -3.949512
4.511440 -2.179044 -3.401255
-4.345252 -2.914456 -4.465868
-4.011089 -2.426426 -4.745261
-3.248863 -3.539214 -4.584770
-3.507341 -2.963751 -3.777644
-3.353307 -2.585291 -4.046943
-2.679547 -2.568679 -4.718980
-1.597950 -3.476854 -4.179127
-1.758969 -2.618383 -4.083625
-2.639154 -2.473664 -3.977928
-0.608267 -2.350095 -4.408781
-0.919082 -2.919364 -4.354719
-2.352057 -2.858633 -3.886588
-1.481403 -3.436281 -4.325143
-1.363607 -2.483315 -2.980471
0.699846 -3.234243 -4.608604
-0.258834 -3.190986 -4.149647
-0.682759 -3.236356 -3.457675
0.101575 -2.346513 -4.559457
-0.297774 -2.083523 -4.614475
0.994021 -2.866315 -3.568072
1.322999 -2.583721 -4.956126
1.889448 -1.793795 -3.602364
1.110841 -2.483891 -4.027792
2.394499 -2.839857 -4.010085
3.666442 -2.839729 -3.952598
2.694060 -2.244463 -3.152313
3.191177 -3.402112 -3.663300
3.234603 -1.353871 -4.994812
4.213732 -2.716181 -4.176329
4.010620 -2.728119 -3.151805
4.292158 -3.972449 -4.459684
4.866405 -2.698576 -4.350588
-4.895103 -2.529674 -3.247513
-4.474221 -3.098203 -3.894537
-4.768285 -1.606210 -3.897221
-3.716899 -2.225800 -4.950659
-2.802135 -2.444702 -4.851155
-3.708787 -2.630963 -3.699139
-2.251863 -1.286312 -3.337844
-2.958318 -1.767371 -4.657081
-2.545646 -2.538671 -4.992249
-2.238170 -2.478695 -4.439312
-1.979079 -1.818699 -4.418158
-2.104858 -3.058539 -3.808452
-0.558940 -2.793534 -4.220765
-1.734307 -3.037942 -3.284032
-0.715869 -2.184855 -3.769647
-0.323916 -1.295781 -4.437276
0.328227 -3.056019 -2.928200
0.703573 -2.038140 -3.156121
0.253798 -2.358832 -4.368152
1.709120 -2.202457 -4.799592
1.767734 -2.148741 -3.022854
2.126545 -2.010331 -4.501376
2.091202 -2.239712 -3.836427
0.490538 -2.521924 -3.976151
1.866703 -2.857591 -4.256141
3.130649 -2.340276 -4.079767
2.971489 -1.712970 -4.092710
4.157000 -2.683264 -3.859067
3.041586 -0.083120 -3.858953
3.526911 -1.775560 -4.214470
4.988091 -3.086789 -4.514033
3.884472 -1.926952 -3.554835
-4.278944 -1.523183 -4.271805
-4.875124 -0.673251 -3.452972
-4.406809 -2.423345 -3.638908
-4.025051 -2.632246 -4.934461
-3.182814 -1.918178 -3.478658
-3.111205 -2.428398 -3.930050
-3.291160 -2.509401 -4.922174
-2.821934 -3.243399 -3.803207
-1.629798 -1.656024 -4.556961
-2.094659 -2.469382 -4.179663
-2.234514 -2.264941 -4.353505
-1.195976 -2.182251 -3.933099
-1.670148 -2.403986 -3.596749
-1.029600 -2.121045 -4.438734
-0.671829 -2.610819 -3.255216
-0.439114 -1.626796 -4.315291
0.140303 -1.668562 -4.629295
-0.311801 -2.261760 -3.905528
3.023565 -2.636065 -3.564123
0.607731 -1.076090 -4.139359
1.425180 -1.486693 -4.250058
3.216213 -2.360982 -3.743332
3.178306 -1.861793 -3.515245
1.307153 -1.605369 -4.297316
3.185588 -2.367035 -4.729306
3.424249 -1.648254 -4.470281
2.077008 -2.361237 -3.148646
3.184943 -3.947443 -4.759598
4.192813 -2.749315 -3.212320
2.988982 -3.216536 -4.726279
3.869808 -2.187738 -3.805250
4.123636 -2.190836 -3.216469
-4.909846 -0.847206 -4.453215
-3.602888 -1.542979 -4.132914
-4.531915 -2.231333 -4.206677
-1.964264 -2.543770 -4.297686
-4.175834 -2.168746 -4.757786
-3.684999 -1.001411 -4.418746
-3.663549 -2.421111 -4.137752
-3.104670 -1.645489 -4.131072
-2.647726 -1.880724 -3.790648
-1.241353 -1.287802 -4.973549
-2.319085 -2.359481 -4.742647
-1.694039 -2.362220 -4.077587
-2.456103 -1.469283 -4.155460
-0.212374 -2.134393 -4.873018
-0.385044 -2.805770 -4.540340
-0.775671 -1.583308 -4.556171
0.082607 -1.941102 -2.834168
0.350234 -1.301517 -4.410432
0.917322 -0.655286 -4.013112
1.011693 -2.606540 -2.911276
1.910365 -3.084463 -4.556230
1.586454 -1.297195 -3.429780
2.926084 -2.398767 -3.572513
2.299574 -1.417010 -4.297610
2.127490 -1.030535 -4.680063
2.574787 -0.942642 -4.262966
2.941949 -2.366573 -3.842788
2.845314 -1.269728 -3.645585
4.882614 -1.620799 -4.311573
4.617957 -0.717378 -3.889177
2.899632 -1.745154 -3.962999
4.611387 -1.361066 -3.920387
-4.521224 -1.404734 -4.602904
-4.543305 -0.929788 -4.026889
-3.701664 -1.995209 -4.471718
-4.120805 -0.914914 -4.330053
-3.390052 -1.226559 -4.296163
-3.766194 -0.881459 -4.288713
-4.252984 -2.484133 -4.065566
-2.798507 -1.153905 -3.273987
-2.944574 -0.899367 -4.810131
-1.136392 -1.533157 -4.422193
-1.148547 -1.351776 -4.376917
-2.034850 -1.383326 -4.115580
-2.330952 -0.887813 -2.839818
-1.385809 -2.411485 -4.040031
-1.196590 -2.147673 -3.796564
-1.413942 -0.707071 -2.952230
-0.245893 -1.139110 -4.749232
1.375773 -1.467729 -1.802114
0.381596 -1.340102 -4.064323
1.417374 -0.885064 -3.983553
0.872514 -0.345614 -4.013256
1.986305 -0.955524 -3.929135
0.638981 -1.515033 -4.686077
3.213534 -2.475146 -4.076549
3.069184 -1.901831 -4.067661
2.602863 -1.035980 -3.968096
3.136418 -1.956348 -3.361251
2.865597 -2.303073 -4.035328
4.535260 -1.428761 -4.825873
4.968160 -1.558783 -4.710505
4.877160 -1.648312 -3.902825
3.470615 -1.411073 -3.703237
-4.075544 -1.726066 -4.844381
-4.873415 -0.912057 -3.618245
-3.967586 -0.728921 -3.675003
-3.043866 -0.711819 -4.042141
-2.790861 -0.346173 -2.929383
-3.805678 -0.433374 -2.699826
-2.545700 -1.012893 -3.131738
-2.112441 -1.738161 -4.890707
-3.905898 -1.277170 -3.008806
-1.351740 -1.042314 -4.928133
-1.652714 -0.958008 -3.123153
-0.359954 -0.956459 -4.782545
-0.144680 -2.414968 -4.892582
-0.196877 -1.652415 -3.633084
-1.400121 -0.145071 -4.545592
-0.985880 -1.666211 -4.910859
-0.066242 -1.035883 -4.757518
-0.136412 -1.267400 -3.662781
0.128781 -0.931402 -4.669281
1.770136 -2.154445 -4.650514
1.775485 -1.992190 -3.586682
2.192154 -1.119732 -3.730305
0.894235 -0.018640 -3.886710
2.574104 0.024192 -3.561798
1.518214 -0.795473 -3.803245
2.917082 -0.944892 -2.666391
2.107582 -0.162623 -4.106493
3.864782 -0.923270 -3.727508
3.350711 -2.140131 -2.732469
4.035228 -1.419041 -3.328033
4.220499 -1.805197 -4.089138
4.310587 -0.407096 -4.189427
-4.089873 0.005768 -4.946877
-3.632235 -1.218274 -3.992343
-4.904593 -1.081739 -3.940054
-2.573311 -0.934645 -4.095918
-3.685526 -1.005165 -3.811504
-3.007356 -0.530281 -4.994154
-3.996334 -1.632488 -4.605552
-2.329406 -0.323093 -4.142848
-1.918344 -1.169324 -4.743878
-3.525370 -0.069196 -4.373496
-1.252153 -0.592025 -3.990605
-1.191768 -0.158688 -4.381537
0.056804 1.158963 -4.274745
-0.689221 -0.754892 -4.627300
-0.118058 -0.451105 -3.596374
0.473119 -1.285158 -4.953642
0.204402 -1.447234 -4.464459
-0.230002 -2.017313 -3.401640
1.325889 -1.155534 -4.552732
2.038616 -1.608709 -4.918524
0.705689 -1.186367 -3.611626
3.114593 -1.110480 -4.360471
1.915712 -1.120005 -4.068094
2.702113 -0.394693 -4.145058
2.021020 -0.904199 -3.064049
2.907276 -1.114108 -4.051440
3.930401 -0.683731 -4.583094
4.091331 -0.928030 -3.006428
4.174000 -1.030179 -3.969013
4.751476 -1.483533 -4.771617
4.846847 -1.060392 -3.226414
4.893267 -1.245605 -4.659816
-4.803896 -0.101376 -3.883238
-4.392303 0.217070 -4.650701
-2.631611 -0.693480 -3.850507
-4.874232 -0.535428 -4.219452
-3.413809 -0.771572 -4.857847
-1.895681 -0.384293 -3.783730
-2.884981 -0.258145 -3.804418
-1.786412 -0.849389 -3.529291
-3.416612 -1.177930 -4.464112
-2.330222 -0.379821 -3.699548
-1.296205 -0.495160 -3.894875
-1.839371 0.068895 -4.300901
-1.775486 -1.326057 -4.264238
-0.963457 -1.140042 -4.981064
0.510350 -0.829549 -4.907593
0.293444 -0.716448 -4.557041
0.117643 -0.668698 -4.568443
-0.037451 -1.152109 -3.830224
-1.113613 -0.042841 -4.787436
-0.048259 0.464321 -3.087203
0.936362 -0.965682 -4.925600
2.312350 -0.737123 -4.160139
2.009223 -0.116252 -3.973135
2.935283 -0.629143 -3.854285
2.556308 -0.553073 -3.279623
2.801585 -0.178289 -4.946183
3.324835 0.892940 -3.801238
3.461931 -0.189579 -4.064912
3.641586 -0.136277 -4.909453
3.059726 -0.680460 -3.301718
4.961616 -0.739278 -4.183334
4.799886 -1.027730 -4.899432
-4.199331 0.750539 -3.341037
-3.241988 -0.326106 -3.686090
-4.484357 -0.830495 -4.695881
-3.837503 0.114165 -3.407700
-3.223875 0.191317 -4.339036
-3.438325 0.796373 -3.693920
-2.690135 0.536472 -4.749298
-3.717472 0.280078 -4.186919
-2.000331 0.507307 -4.769341
-2.513350 0.158707 -4.401301
-0.846369 -0.730801 -3.587977
-0.858611 -0.098189 -4.590977
-0.660277 0.842511 -4.568603
-0.909752 -0.220666 -3.913373
0.378215 0.336526 -4.555697
-0.273783 -0.205219 -4.079751
-0.580710 -0.099729 -3.170065
0.303009 -0.896652 -3.533524
1.720915 0.000150 -4.387977
1.436339 -0.042731 -3.738364
0.594432 -0.902026 -3.894275
1.968136 -0.495085 -3.044243
1.335004 -0.647253 -4.738292
2.493378 0.287246 -4.493482
2.433262 0.558630 -4.173994
2.437670 0.042484 -4.219123
3.436579 -0.837668 -3.639370
4.170626 -0.699162 -4.144205
3.796887 0.373836 -3.988441
3.948595 0.606611 -3.680841
3.724262 -0.562660 -4.440164
3.798471 1.498927 -4.376281
-4.614234 -0.405246 -3.969123
-4.067905 1.948667 -3.814436
-3.538547 0.017271 -4.589383
-3.524831 -0.171046 -3.805045
-3.494560 1.156270 -4.494182
-3.071552 0.581275 -3.949784
-2.531862 0.984113 -4.153571
-3.225710 -0.184732 -4.365452
-1.737088 -0.028951 -4.682759
-1.869952 -0.149107 -4.326003
-1.448857 -1.333805 -3.956542
-0.590475 1.226238 -3.498101
0.126586 1.737533 -3.935412
-0.670195 -0.252927 -3.189477
-0.806082 0.911469 -4.922126
0.709163 0.319598 -4.475220
0.275948 -0.339573 -4.753717
-0.744757 0.958173 -3.881834
0.416336 -0.442315 -4.580522
0.435505 0.068254 -4.161348
1.229553 -0.636614 -3.277735
1.346099 -0.045907 -4.827135
2.189792 1.147284 -3.275356
1.707073 0.405411 -2.988385
1.988108 -0.199371 -3.597400
3.123471 -0.846426 -4.090978
3.514229 -1.383512 -4.713576
3.024000 -0.451094 -4.786666
3.385731 0.854893 -3.253689
4.412762 1.104073 -3.478665
4.773669 0.339774 -4.425695
4.402941 0.677897 -3.979992
-4.918828 -0.504504 -4.498164
-3.865550 0.749364 -4.048527
-4.130002 0.214824 -3.787363
-3.764385 1.433877 -4.550984
-3.085976 0.522793 -4.116824
-3.720730 -0.882751 -4.673306
-3.782328 0.772154 -4.715555
-3.044118 -0.539034 -3.907544
-2.399756 1.317908 -3.947729
-1.874564 0.066713 -4.651566
-1.599054 0.017134 -4.107437
-2.011179 0.842022 -4.435513
-1.238606 0.426961 -3.068180
-0.486811 0.778259 -4.500391
-0.985676 1.352096 -4.068505
0.144870 1.378539 -4.485931
-0.662361 1.298438 -3.968296
-0.168222 0.302169 -3.417236
1.483608 0.711465 -4.061751
1.359424 -0.323971 -4.890107
2.038262 0.801565 -4.454844
-0.352221 0.742964 -3.968140
1.471652 1.004014 -4.033240
3.091743 1.785591 -3.416468
3.946686 -0.298925 -4.580264
3.808401 1.528126 -4.046793
4.014008 1.205831 -4.598946
4.168612 0.249580 -4.749046
4.448504 1.201930 -3.907014
4.019888 1.487577 -4.329621
3.218822 -0.278834 -4.549139
4.123264 0.230958 -3.907084
-4.778434 0.329711 -3.338289
-4.986414 1.369159 -3.301964
-3.853305 0.972117 -4.682095
-3.739469 1.677066 -3.996001
-3.716284 0.657002 -3.341614
-3.081531 1.499924 -4.939689
-3.453933 -0.651009 -4.176954
-2.436016 1.765708 -3.942226
-1.569413 1.600732 -4.725056
-2.089636 0.937365 -4.517527
-2.115859 1.624206 -2.863467
-1.787484 1.742744 -3.637495
-0.813091 0.721853 -3.447848
-0.984817 -0.006319 -4.124456
-1.936331 -0.279831 -3.651778
0.302632 1.380446 -3.954585
-0.131067 0.053427 -3.890064
0.778504 0.818184 -3.973192
0.967760 0.902369 -4.839592
1.293283 -0.117226 -3.734598
1.393484 1.539403 -4.746810
1.508412 0.076047 -4.931592
1.449177 0.286271 -4.352949
2.528370 0.181930 -3.699622
2.362056 2.558636 -4.485799
2.969348 0.907908 -3.591409
3.179800 0.515254 -4.831142
3.304322 1.004496 -4.684430
4.345520 1.402311 -3.047288
3.599253 0.357269 -4.603906
4.531512 -0.871899 -4.534499
4.809004 1.122577 -3.851709
-4.912024 1.957016 -4.889031
-4.440650 0.006808 -4.238540
-4.841338 1.664223 -4.221951
-3.906812 0.358884 -4.360838
-3.370829 1.802155 -3.988763
-2.326249 0.920093 -4.863437
-1.980093 1.006900 -3.640556
-1.713811 1.915725 -3.952107
-1.169950 1.254198 -4.536448
-2.525272 0.395050 -3.860650
-2.301169 0.517638 -4.257312
-1.441812 0.554617 -4.237028
-1.704074 0.808156 -4.241605
-1.347337 0.828872 -3.370385
-0.699676 -0.070802 -4.691317
0.500240 1.389206 -4.562278
0.122460 -0.439730 -3.452083
0.011823 -0.190569 -4.772542
0.236958 -0.201313 -4.140870
0.414757 2.137229 -2.714069
1.151791 0.092448 -4.643349
3.064132 0.809908 -3.252704
2.925387 0.557880 -4.447817
2.042355 0.376747 -4.595559
1.893015 1.344451 -4.084205
2.512272 1.319392 -4.872418
3.267803 1.767144 -4.617096
3.819431 1.981717 -4.942677
3.724270 0.995053 -4.019481
3.359988 -0.379310 -4.473927
4.217160 1.063942 -4.737453
3.909640 0.306808 -4.928672
-4.587034 1.089758 -2.927093
-4.743093 2.394947 -3.952211
-4.691854 1.819363 -4.027890
-3.907823 0.933176 -2.805958
-3.285553 2.009924 -4.660821
-2.584397 3.014594 -2.784282
-2.574698 1.948224 -4.849527
-3.782372 1.567884 -3.232674
-1.920428 2.182259 -4.135178
-2.066867 1.879966 -3.981127
-1.993985 1.684144 -3.486599
-2.147753 0.858759 -4.973264
-1.208252 1.237438 -4.855435
-0.513403 1.041569 -3.755507
-0.626579 0.221255 -3.704985
-0.055743 0.245586 -4.471470
-1.219337 3.371067 -3.743123
-0.260714 1.184328 -4.913996
0.719222 1.101964 -3.711994
1.481718 1.631623 -3.379782
1.468768 1.764301 -4.394517
1.107102 1.992882 -3.680655
2.776510 1.712553 -3.949855
2.382963 1.491096 -4.827352
2.012790 2.265736 -4.313128
2.299455 1.174636 -3.839257
2.664432 1.170852 -4.221594
4.403948 1.946491 -4.050396
3.716944 1.389162 -4.694027
4.206942 -0.092440 -4.174315
4.524235 1.498744 -2.785428
4.130531 1.585560 -4.631540
-4.757533 1.221682 -4.674262
-3.537766 2.006457 -3.981555
-4.018367 1.832129 -4.259234
-4.068998 1.802952 -4.840493
-3.903862 2.777051 -3.339835
-3.563210 1.450809 -3.985009
-3.856790 2.291607 -3.733281
-2.787588 1.843568 -3.552385
-2.212778 2.141487 -4.719261
-1.807665 1.873749 -4.974043
-1.350410 1.403479 -4.891348
-0.988635 1.855224 -2.585787
-1.527013 0.929522 -4.459770
-1.121480 0.814166 -3.914709
-0.928170 0.927845 -3.049665
-0.390026 1.839697 -4.675897
0.629169 1.189523 -4.866920
0.825641 0.908982 -4.201725
1.069079 2.517402 -4.320874
1.328901 1.294361 -4.670946
1.268049 2.043906 -4.180997
1.591087 0.918752 -4.645780
1.918329 1.389703 -4.375276
1.767879 1.143241 -3.300698
2.653277 1.333946 -3.582751
2.862270 1.704529 -3.647279
4.125493 2.928417 -4.970623
3.677442 1.309566 -3.851136
4.455759 2.920946 -2.323191
3.608389 1.850895 -4.264376
3.924038 1.373285 -3.184841
4.393498 1.014548 -2.598400
-4.508732 2.065447 -3.622306
-4.912892 3.271245 -4.494189
-3.888390 1.647410 -2.649593
-3.950439 1.852623 -3.866841
-3.015451 1.504469 -4.133173
-2.848046 2.165037 -4.979685
-2.969929 1.949184 -4.543425
-2.868694 1.815876 -3.389920
-1.221358 2.245088 -4.757136
-1.316228 1.846029 -4.067504
-2.332939 2.389347 -3.803823
-1.780399 2.255576 -4.010810
-0.944428 2.715101 -4.580917
-0.963789 1.290994 -4.975599
-0.705833 3.264443 -4.274509
-1.202883 2.139976 -3.809077
0.782524 0.247727 -3.927577
-0.233918 1.389302 -4.802735
-0.250419 1.855721 -4.872734
0.183549 1.808442 -4.810133
1.955955 1.662998 -3.515753
1.727365 1.227913 -4.632440
3.125871 1.546669 -3.242682
3.011173 3.047644 -4.514653
3.170891 2.587986 -4.538826
3.376519 2.107948 -3.131080
3.895925 2.028889 -4.292481
4.272965 2.621285 -4.864925
3.651795 1.882031 -3.817753
3.026428 2.749248 -4.944396
4.280929 2.973774 -3.685397
4.810212 1.716953 -3.576420
-3.898581 1.664274 -3.736330
-4.763082 2.986712 -4.626087
-4.169918 2.117882 -4.957866
-3.964328 2.130632 -3.949440
-3.579019 2.051229 -4.627653
-3.074902 2.481282 -2.948464
-2.861540 3.128382 -4.606655
-2.875202 2.248099 -3.575366
-2.441051 3.408066 -3.946550
-2.074435 2.469268 -4.280120
-1.928847 3.331347 -3.742357
-1.178215 2.999750 -4.139799
-1.165446 2.443219 -4.415991
-0.477349 2.251276 -3.837667
-0.589410 1.994408 -3.835222
-0.695863 3.387022 -4.218896
-0.623805 1.436085 -4.790233
0.963752 2.376383 -4.045246
-0.250583 3.138647 -3.782167
1.757376 2.235431 -4.587030
1.703756 2.342292 -3.340144
0.627597 2.375621 -4.385215
2.078590 2.054559 -3.842597
1.425324 3.159226 -4.401439
2.680743 2.207759 -3.939208
3.060020 1.570117 -4.753618
3.668810 1.324099 -4.341107
3.623358 2.380221 -3.530769
3.777824 2.269435 -4.108437
4.050575 3.072667 -3.685588
4.702664 1.909829 -3.917007
4.535007 3.251339 -3.211264
-3.851268 2.356837 -4.517697
-4.492167 2.677051 -3.839530
-3.691978 1.982771 -4.805773
-3.376958 1.924641 -3.905640
-3.448950 4.586183 -3.736887
-3.094302 2.824858 -3.815482
-1.828530 3.733336 -4.274400
-2.862074 1.623191 -4.884296
-2.348572 2.918996 -4.737411
-1.902942 3.032176 -3.929656
-2.110235 4.372393 -3.869102
-2.107037 2.212507 -4.849266
-0.956492 3.974972 -4.519155
-0.792668 3.352654 -4.063988
-1.305408 2.417681 -3.342755
0.058483 2.657188 -3.425208
-0.297933 2.831866 -4.262406
0.083724 2.861662 -4.032448
0.971853 2.167274 -3.317028
1.206242 3.022761 -4.045511
0.853776 2.923168 -4.948647
0.086598 2.460104 -3.228005
2.479919 1.878654 -4.767768
1.680011 4.115287 -3.354678
3.902289 3.713091 -4.729369
3.179997 2.508364 -4.693396
2.867931 2.751461 -3.972126
2.852263 2.922755 -4.846467
3.207409 3.170004 -4.603729
4.355066 3.454836 -4.241771
4.948636 4.272260 -3.037657
4.740023 4.392881 -4.632420
-4.473275 1.443177 -3.883021
-3.281768 2.751265 -3.217786
-3.089850 2.822797 -3.998369
-3.985719 2.322753 -3.583397
-3.496494 2.569976 -2.709774
-3.093433 3.551185 -4.472879
-2.616683 3.939619 -4.752234
-2.166237 2.479650 -3.278335
-1.703743 2.700074 -4.108687
-1.968427 3.392615 -4.535526
-2.663066 3.939824 -4.034274
-1.944394 1.993437 -4.199818
-2.264949 2.686004 -4.672746
0.177501 2.406339 -3.450509
-0.478086 3.251260 -4.874681
-0.240696 3.014035 -3.469880
-0.289321 3.271816 -4.663217
0.093862 2.160164 -3.596197
1.346450 2.852842 -3.464460
-0.179800 3.796816 -4.634722
1.060377 3.550477 -3.800657
0.682436 3.689987 -3.310565
2.690138 1.960764 -4.349322
2.269285 3.208883 -3.169322
2.949982 2.505235 -4.679363
2.570424 3.866471 -4.484182
3.407522 2.543410 -3.474436
4.130687 3.368126 -4.505066
3.248737 2.543127 -3.306147
3.701603 3.366512 -4.867327
4.699524 4.139668 -3.598804
3.525792 2.747137 -4.283440
-4.029628 2.745055 -4.141655
-4.182581 2.934770 -4.862874
-4.445045 2.765008 -4.427936
-4.064754 3.770393 -4.196554
-4.015176 3.278785 -3.246569
-3.142917 3.966451 -4.338170
-2.953819 3.051593 -4.121332
-2.399297 4.049246 -3.500612
-1.149580 3.396506 -4.798295
-1.550388 3.681244 -4.782936
-2.480743 3.449454 -3.139205
-0.493200 3.003610 -4.912834
-1.983543 2.668122 -4.999071
-0.206883 4.821786 -3.127496
-0.517164 2.705545 -4.294726
0.026697 4.150408 -4.320126
0.734735 3.378532 -3.884337
0.985208 2.263582 -4.129073
0.819538 3.228183 -2.577682
1.366673 3.525565 -3.926369
1.840160 3.519249 -3.956868
2.247665 2.897761 -3.681133
0.904620 2.972214 -4.128162
1.281885 3.730495 -4.863855
3.120085 3.110876 -4.699249
3.612805 3.397223 -4.284582
2.915126 2.954921 -3.792884
4.025497 3.017342 -4.488392
3.141433 3.179448 -4.372400
4.281777 4.726477 -4.923271
4.340293 2.053484 -4.157396
4.403973 4.254625 -4.908907
-4.570842 2.768085 -3.498166
-3.875327 2.945987 -4.098106
-4.057172 2.442639 -4.962599
-3.936845 3.389752 -4.659132
-4.531035 4.619531 -4.179970
-3.099338 3.516675 -4.043334
-3.507167 3.960881 -4.179204
-3.178063 3.144371 -3.253835
-3.658280 3.164486 -4.277187
-1.959077 2.461615 -4.726825
-1.285052 2.905959 -3.686466
-1.325378 4.053257 -4.005388
-1.791933 3.343300 -4.483496
-1.250209 3.851669 -3.296026
0.538903 3.419961 -3.800987
0.441985 4.190772 -3.635076
-0.025552 3.450985 -4.340147
0.439712 2.893420 -4.203127
0.874542 4.053517 -3.893578
1.391631 3.796834 -4.479049
1.515661 3.810234 -3.378989
1.827357 4.583396 -4.531043
1.465992 2.520250 -4.550694
1.786159 3.487063 -4.293180
3.483107 3.722511 -4.311608
3.678705 4.116333 -3.627201
2.289598 3.351651 -4.283057
3.847006 2.941413 -3.950482
3.503359 3.232345 -4.963232
3.804987 3.494020 -4.611963
4.208573 3.570585 -3.778017
4.726693 3.290695 -3.128356
-4.983571 2.489250 -4.390704
-4.402478 4.237133 -4.363827
-3.619249 4.453697 -4.394686
-4.604514 3.606899 -4.841751
-2.193055 3.777807 -4.215409
-3.328310 4.623538 -3.914321
-2.095622 2.767444 -4.386418
-3.171185 4.101621 -4.513966
-1.540582 3.453398 -4.899090
-0.873830 4.406725 -3.294487
-2.579437 4.416600 -4.603913
-1.011497 4.285386 -4.931631
0.041094 2.616373 -4.471646
0.225560 3.384739 -4.496377
0.394652 3.130622 -3.242896
-0.203664 4.555678 -4.347783
0.848811 4.682400 -3.981415
0.112100 3.762210 -4.105417
0.366264 3.459820 -4.308554
0.445471 2.135179 -4.986180
1.268328 3.583101 -4.043301
0.635497 3.478223 -4.292394
1.897470 3.298156 -3.898046
2.483398 3.385775 -2.929483
2.689670 4.989264 -3.056548
2.031404 3.696882 -2.678174
3.255035 2.949591 -3.645474
3.696667 3.730654 -4.524385
2.772170 3.768977 -4.321397
3.694566 3.290265 -4.180648
4.442663 4.440855 -2.894705
4.399287 4.061897 -2.759185
-4.682138 4.525413 -3.159122
-4.735016 3.874631 -4.860075
-4.565054 4.310111 -4.531655
-4.083659 4.657316 -4.509134
-3.415587 2.790784 -4.429631
-3.189886 3.660274 -3.536049
-3.179924 4.054954 -3.335803
-2.927394 4.773834 -4.427465
-2.064928 4.981143 -2.406321
-3.042675 3.316157 -4.185849
-1.627978 3.155695 -4.231976
-1.340453 4.290747 -4.675187
-1.576021 4.443910 -4.477367
0.403080 3.026290 -4.399374
-0.248608 4.017923 -4.459229
-0.420593 4.065660 -2.981647
-0.821545 2.898121 -4.680394
0.288392 4.129758 -4.061182
0.550509 4.779527 -4.541877
1.653430 4.776518 -3.624199
1.551307 4.101062 -3.750224
2.438357 4.478645 -3.843497
2.102301 4.201520 -4.843907
3.222183 3.310341 -4.913760
2.984286 4.876017 -4.167204
3.748992 3.498892 -4.085803
4.177360 4.851816 -4.209474
3.904146 3.388473 -4.293409
4.037104 4.314768 -4.387379
3.737300 3.877639 -3.247670
4.287021 4.301580 -4.985839
4.232435 4.989949 -3.336948
-4.183055 4.515927 -3.561539
-4.853832 4.155162 -3.881154
-4.020880 4.202507 -4.888693
-4.357065 3.712457 -4.857301
-3.498050 4.344973 -3.852418
-2.836218 4.274823 -4.818640
-2.805299 4.977267 -3.858465
-3.621994 4.799981 -3.632617
-2.334606 4.546880 -2.798776
-1.916045 3.874485 -4.642536
-1.996215 4.028935 -3.682202
-1.335719 4.471181 -3.723602
-1.388651 4.182202 -4.139283
-0.010269 3.612474 -4.228926
1.302118 4.841644 -3.917435
-0.097321 4.599765 -4.960341
-0.478185 4.684299 -4.500223
0.118522 4.119980 -3.738444
1.427665 4.271310 -4.654205
2.290509 4.617167 -4.560896
1.537887 3.409854 -4.933407
1.697811 4.623086 -4.550346
2.736290 4.810404 -4.750325
3.263658 4.065775 -4.040182
3.182054 4.044500 -3.315718
2.052583 4.802616 -4.630572
3.244794 3.964797 -3.744801
2.721928 4.404621 -3.516800
3.415769 3.994112 -3.930076
4.951917 3.973528 -3.783570
3.539735 4.093227 -4.191614
4.462542 3.254052 -4.107808
-4.468235 4.866391 -3.910586
-4.871994 3.999786 -3.708364
-4.713872 4.694549 -4.245790
-3.598224 4.857959 -4.691041
-4.660220 4.842113 -3.960329
-2.848866 4.537092 -4.697104
-3.751385 4.357220 -3.943113
-3.278962 4.609606 -4.200831
-2.711986 4.825595 -3.648135
-2.046345 4.753881 -3.787458
-0.953552 4.551811 -4.634173
-1.139933 4.934271 -3.533732
-1.228071 3.924063 -3.860782
-0.223000 4.141870 -3.171767
-0.571902 4.925474 -4.939664
-0.047174 3.905256 -4.727634
0.201822 4.127113 -4.632454
1.265902 4.964934 -4.611588
1.130257 4.590772 -4.286035
1.540829 4.844269 -4.990211
0.498465 4.076347 -4.359582
1.594096 4.978895 -3.365755
0.284838 4.320899 -4.364185
2.156421 4.932053 -4.175847
3.158471 3.863771 -4.926794
2.455249 3.904833 -4.688129
4.022586 3.839592 -4.492550
2.963649 4.891537 -3.331022
4.608298 4.849843 -3.645169
4.825323 4.952137 -4.943847
4.482871 4.370638 -3.308420
4.441853 3.874485 -4.019586
-4.293634 -4.456811 -3.801387
-3.623791 -4.498322 -4.074944
-4.304670 -4.464621 -3.538199
-3.790302 -4.506811 -3.565552
-3.784638 -4.743028 -3.922554
-3.538365 -4.954345 -3.025192
-3.019499 -3.524318 -3.898351
-3.152702 -4.928997 -4.746167
-1.859205 -4.926340 -3.585473
-2.009944 -4.449520 -4.029289
-1.455790 -4.078552 -3.696776
-1.132779 -4.026563 -3.814061
-0.934829 -4.498720 -4.210098
-1.864063 -4.550765 -3.222677
-0.522813 -4.796605 -3.159440
-0.265439 -3.499884 -4.491349
0.869586 -4.032494 -3.689291
0.777369 -3.411465 -4.990485
1.741565 -4.672114 -4.443945
0.109092 -4.796422 -4.169725
1.466433 -4.301338 -3.725140
1.592223 -4.639008 -3.503377
3.533194 -4.616211 -4.135946
3.567645 -4.848555 -4.121666
3.393377 -3.986693 -4.171116
2.645569 -4.523545 -3.701320
2.722262 -4.769779 -3.455487
3.605223 -4.762647 -3.108081
4.225839 -4.671402 -3.516338
3.638932 -4.783445 -3.881155
3.999275 -4.220165 -4.140728
4.903341 -4.692786 -4.214191
-4.275651 -4.577108 -4.420176
-4.269462 -3.853380 -3.410777
-4.482632 -4.820123 -4.638698
-3.050524 -4.695761 -3.606857
-3.806673 -4.656251 -3.319331
-3.363297 -3.935498 -3.251662
-3.523140 -3.398568 -3.597091
-3.191157 -4.686444 -4.005453
-2.416143 -4.091321 -4.314921
-1.834170 -4.683113 -4.285638
-2.747071 -4.262402 -1.921007
-1.058757 -4.478449 -4.233507
-1.050748 -4.684413 -4.927505
-2.446168 -4.638432 -4.096565
0.089172 -4.232735 -3.912284
-0.364232 -3.209506 -3.718463
1.193823 -4.675602 -2.911051
-0.510766 -4.279970 -3.111027
-0.266690 -3.901661 -3.758889
1.073246 -4.737610 -3.666307
2.262391 -4.213574 -4.195132
0.893233 -4.523588 -4.961028
2.290649 -4.553340 -4.318274
1.411406 -4.914869 -2.630987
1.702677 -3.961499 -4.142300
2.802105 -3.191743 -4.484008
3.875740 -4.100730 -4.094225
4.930211 -2.996071 -4.297363
3.382139 -4.088326 -3.621526
3.554169 -4.527294 -3.448753
4.849123 -4.908145 -3.509301
4.267332 -4.139204 -3.633110
-4.942191 -4.064384 -3.159356
-4.994507 -4.088321 -2.929095
-4.097043 -2.854448 -3.190218
-3.083327 -3.634253 -4.354740
-3.968204 -3.512709 -3.006395
-3.017193 -4.306452 -3.885176
-2.099538 -3.741148 -4.614202
-2.165203 -3.652282 -3.600068
-2.820803 -2.278419 -4.541369
-1.579866 -4.862587 -4.313030
-1.088664 -3.924702 -2.721370
-0.717196 -3.928790 -3.450622
-0.769168 -3.900719 -4.146885
-1.796249 -4.607040 -3.645673
-0.212721 -4.386841 -4.222531
0.959578 -4.616144 -3.032142
0.922620 -4.764859 -3.441078
0.369960 -4.132312 -2.792815
0.545267 -3.775760 -3.177272
1.576585 -4.833786 -4.119525
1.520749 -4.025461 -4.106097
1.094238 -4.588395 -3.465545
-0.047524 -3.365296 -2.637745
1.933913 -3.390394 -3.046943
3.949966 -3.866009 -4.661591
2.740296 -3.892743 -4.152623
3.734081 -4.371989 -4.947299
2.935848 -4.993873 -2.454721
4.540370 -3.185221 -3.677466
4.420798 -3.488506 -2.147264
4.871149 -4.638221 -3.516420
4.844315 -3.633066 -4.109022
-4.573572 -4.494200 -3.935665
-4.497959 -3.105813 -3.312562
-4.776535 -3.718006 -2.556772
-4.005847 -4.003265 -3.766034
-3.448141 -3.293697 -3.651186
-2.574334 -3.179619 -3.254782
-3.940189 -4.418182 -3.625425
-2.657209 -4.007319 -3.917027
-3.056911 -3.160711 -4.943415
-2.271748 -3.193987 -4.660276
-2.059255 -3.783078 -4.241661
-0.876856 -4.754138 -4.302766
0.039169 -2.709318 -4.773890
-1.339375 -3.907664 -4.741251
-0.740870 -3.681853 -3.981577
0.498170 -4.232562 -4.743077
-0.013771 -2.634383 -3.788052
0.848399 -4.298347 -3.521214
0.424679 -3.002647 -3.478917
0.369841 -4.058372 -3.497816
0.618219 -4.742975 -3.820051
1.215196 -4.487689 -3.781370
1.625958 -4.123545 -4.306261
1.876495 -3.423978 -4.522853
2.543324 -4.761190 -3.729564
3.491383 -3.083221 -3.662091
3.512698 -3.373388 -3.786760
3.722814 -4.919490 -4.797498
3.969946 -4.054163 -3.220716
4.775393 -3.316408 -3.313702
4.422353 -3.206386 -4.875162
4.791117 -3.753172 -2.734996
-4.439136 -3.699877 -3.701499
-4.552095 -3.391148 -4.033765
-4.311936 -2.270017 -3.888487
-4.114390 -4.097689 -3.537441
-2.890772 -3.219640 -4.582924
-2.615489 -3.652652 -4.648456
-2.256397 -3.920070 -4.125626
-2.103244 -3.303696 -4.410289
-2.660289 -3.769285 -4.095073
-1.771259 -3.977072 -4.974955
-1.588756 -3.324968 -2.701272
-0.579542 -3.735122 -3.526195
-1.394542 -3.048799 -2.961852
-1.017397 -3.127596 -3.767884
-0.770088 -2.821604 -4.105891
0.405667 -2.595660 -4.465476
1.008120 -3.573824 -3.454346
-0.014871 -2.795391 -4.614293
1.659327 -3.779849 -4.084055
0.979407 -3.950224 -3.345836
1.265140 -3.801050 -4.435670
2.505382 -2.734637 -3.345554
1.094855 -3.822283 -3.457825
1.136180 -4.313977 -4.944262
2.374588 -3.019227 -4.002859
4.320292 -2.232727 -3.308989
3.633626 -3.603271 -3.187521
4.008383 -3.315598 -3.696708
3.938814 -2.854063 -4.467583
4.100545 -3.101928 -4.351243
4.430193 -2.918663 -2.884385
4.120570 -3.292533 -2.948796
-4.233843 -3.038916 -2.387279
-4.699180 -3.444362 -3.041034
-4.553335 -2.974352 -3.008314
-4.201944 -3.564648 -3.494578
-4.126822 -4.092088 -3.145617
-4.422557 -4.231414 -3.276252
-3.409004 -3.816893 -3.033605
-1.236650 -3.877043 -4.625265
-3.332169 -4.103748 -4.532703
-2.584550 -3.007622 -3.037733
-1.104129 -2.655483 -4.406309
-2.069470 -2.940090 -4.599696
-1.395511 -1.869605 -3.536497
-0.647947 -3.677372 -3.878876
-0.025274 -2.113324 -3.692237
-0.698713 -2.993919 -4.196619
0.330645 -2.516656 -2.986960
-0.602182 -3.977467 -4.138222
1.068288 -3.007008 -4.252572
1.429383 -3.627826 -3.636322
1.621206 -4.393091 -4.021652
0.278839 -3.688020 -4.880735
1.609185 -4.576063 -4.443872
1.260784 -3.130189 -3.887395
3.118165 -3.445958 -4.070210
3.036697 -3.755999 -4.337065
3.880771 -2.296195 -3.905446
4.074336 -2.633829 -4.453972
3.294151 -3.437483 -4.594170
4.498541 -2.452995 -4.308385
4.544393 -3.161621 -3.809730
4.899291 -3.897930 -3.491036
-4.598792 -2.593214 -4.593905
-4.821422 -2.803237 -3.666046
-3.413028 -2.162237 -3.613006
-4.105595 -2.888856 -3.691890
-3.035585 -2.824428 -2.911566
-2.466733 -2.399316 -3.855919
-3.861698 -3.328094 -3.368710
-3.467128 -3.320405 -3.508482
-2.451823 -3.018868 -3.070087
-2.223006 -1.911584 -4.267531
-1.727623 -2.631699 -3.771842
-2.026148 -3.175799 -3.578384
-2.303092 -4.114839 -4.112761
-0.846498 -2.953598 -3.988869
-0.435942 -3.816715 -3.301548
-2.078637 -3.243097 -3.159711
0.225049 -3.706546 -3.991890
0.104536 -2.890730 -3.602481
0.041339 -3.104580 -2.986317
-0.394309 -2.847827 -3.312271
1.352342 -3.275262 -4.776725
0.831461 -2.048252 -3.537991
1.848134 -2.747802 -3.578235
2.599149 -2.859309 -2.632031
2.782733 -3.788398 -3.992141
3.028979 -1.917945 -3.298802
3.641605 -2.564870 -4.649800
3.247611 -2.741032 -3.229321
4.014302 -1.929127 -3.670260
4.608584 -3.232054 -4.333931
4.114114 -1.734894 -3.879500
3.851447 -2.649835 -3.218495
-4.146358 -2.791863 -3.537266
-3.626130 -2.473886 -3.966409
-3.389006 -2.810911 -4.517265
-4.455532 -2.116664 -3.642211
-3.075730 -1.938677 -3.925855
-2.725247 -2.922057 -4.453674
-1.620487 -3.470562 -4.041543
-1.961770 -2.697577 -3.405815
-2.126040 -3.101077 -3.481062
-1.407855 -3.577841 -4.133451
-1.397149 -2.560865 -4.835994
-1.569238 -3.132382 -3.613230
-0.955773 -4.538289 -3.572872
-1.484882 -2.206351 -2.697996
0.139422 -3.090726 -4.388495
-0.234757 -2.717771 -3.408376
-0.089511 -2.946460 -3.413924
-0.297505 -2.014964 -4.392792
0.671510 -2.068449 -4.877705
0.599583 -3.298388 -3.696854
0.731323 -2.243194 -4.360115
2.883490 -2.415387 -2.588349
2.184581 -2.846813 -4.167598
2.869885 -3.094928 -4.244318
3.550505 -1.940690 -3.130013
3.444405 -2.221067 -3.418291
3.434805 -2.933394 -3.849077
3.189724 -2.173721 -3.849106
4.164559 -3.636543 -4.001449
3.722474 -2.554953 -3.875880
4.436991 -2.985888 -3.773789
4.987726 -2.633887 -4.418936
-4.826486 -2.391045 -3.515158
-4.744859 -3.199019 -3.220097
-4.689046 -1.720972 -4.176391
-3.070316 -1.842536 -4.414536
-3.123962 -2.876938 -3.728180
-2.816422 -2.016273 -3.653734
-2.451876 -1.255202 -2.740609
-2.206765 -2.732955 -4.392332
-2.988981 -1.546461 -4.988511
-1.818425 -2.029317 -3.770253
-1.890007 -2.049843 -4.196934
-2.110611 -1.514258 -3.536768
-0.684932 -1.841916 -3.490970
-2.297287 -3.114526 -3.270657
-1.627416 -2.034717 -3.954995
0.073618 -1.436293 -4.348424
-0.604575 -2.190113 -2.378434
0.865701 -2.618302 -3.055648
0.263988 -2.111743 -4.351243
1.376227 -2.180223 -4.561912
0.667420 -2.436526 -3.346178
1.978631 -2.263381 -4.732311
1.709850 -2.230253 -3.448493
0.997167 -2.541500 -3.885385
2.760448 -3.099785 -3.276788
3.191171 -2.423131 -3.217799
3.626101 -1.723433 -3.990194
3.862354 -2.340876 -3.749413
3.081447 -0.862625 -3.538722
3.909302 -2.211681 -3.150051
4.966331 -1.599167 -3.737743
3.992742 -2.337718 -3.409159
-4.760287 -1.102425 -4.341037
-4.750197 -0.724202 -3.805498
-4.904570 -2.225585 -4.004476
-3.942334 -2.854345 -4.887849
-4.053924 -2.416127 -3.725050
-3.055745 -2.253008 -3.934133
-2.613779 -2.123291 -4.388469
-2.774137 -2.930017 -3.128300
-1.812177 -1.439327 -3.336691
-1.585107 -2.263658 -4.488476
-1.688325 -2.614917 -3.962666
-1.189747 -1.871057 -4.221786
-1.644349 -2.819137 -3.424354
-0.987998 -2.488556 -4.666998
-0.972074 -2.071012 -3.345908
0.020880 -2.149313 -4.676655
-0.320837 -1.127025 -4.289595
-1.028438 -1.793939 -3.795883
3.067972 -2.565107 -3.332447
0.367666 -1.129917 -3.496600
0.998088 -1.142120 -3.936268
2.333873 -2.231429 -3.879740
2.237144 -2.253425 -3.998350
1.483065 -1.569182 -4.427099
3.332752 -2.242810 -4.692509
2.763865 -1.594483 -3.707207
2.778760 -1.733778 -2.745147
3.083066 -3.467764 -4.531505
4.097708 -2.899231 -3.063002
4.189818 -4.181490 -3.977176
3.739696 -2.250735 -3.861425
4.705810 -1.662084 -2.871778
-4.939998 -0.282239 -4.329813
-3.905727 -0.595906 -3.731068
-4.487979 -2.855468 -3.723138
-2.889895 -2.243736 -3.362752
-3.985294 -2.103522 -3.789227
-4.018945 -0.994335 -3.384986
-3.228087 -2.445002 -4.186948
-3.207610 -1.608658 -3.791166
-3.338642 -1.417358 -4.020525
-1.257131 -1.833625 -4.974019
-1.173720 -2.793461 -4.308900
-1.596247 -2.028030 -3.161599
-1.760591 -2.025274 -3.417559
0.111366 -1.915262 -4.029915
0.125641 -2.001969 -4.281939
-0.660577 -0.869000 -4.699749
0.726782 -1.638654 -2.585032
0.256455 -1.833957 -4.158399
0.852076 -0.053202 -3.719604
0.354541 -2.030503 -2.829762
1.595784 -2.641102 -4.184973
1.186895 -0.787507 -3.306516
2.389954 -2.462546 -3.911770
2.249830 -1.898388 -4.268169
1.868157 -0.990732 -3.770723
2.657577 -0.543912 -3.067684
3.808918 -1.538092 -3.000183
2.837394 -1.229199 -3.797826
4.368739 -1.433509 -4.022892
4.007250 -1.634337 -3.545073
3.821728 -2.107878 -4.300017
4.437653 -1.044099 -4.009119
-4.727025 -2.484707 -4.887096
-4.967327 -1.687521 -4.202023
-3.443586 -1.704747 -3.697026
-3.113421 -0.864079 -4.655978
-3.174101 -2.054757 -3.586612
-3.552076 -1.610921 -4.876432
-3.568872 -1.879691 -3.920044
-3.696150 -1.233529 -3.425502
-2.490623 -1.612545 -4.398432
-0.776301 -1.226894 -4.363500
-1.120996 -0.916943 -4.585719
-2.537606 -1.087992 -4.025267
-1.493385 -1.880306 -3.402034
-0.639176 -1.827611 -4.009576
-1.478462 -2.564146 -3.527030
-1.064184 -1.417095 -3.151968
0.139299 -1.619764 -4.382942
1.199150 -2.054626 -2.079866
-0.762027 -1.228664 -4.068241
1.636747 -0.707913 -3.667537
1.487358 -0.849726 -3.530675
1.804492 -1.334899 -3.890237
1.702538 -1.253810 -4.851212
2.753929 -2.166718 -4.329946
2.905566 -1.910283 -3.386882
2.945384 -1.629024 -3.349201
2.290204 -0.882437 -3.051759
3.147125 -1.746777 -3.608973
4.747039 -1.649338 -3.632971
4.954844 -1.719347 -3.561228
4.867852 -2.119448 -4.046648
3.756948 -1.533227 -3.723166
-4.477040 -1.216662 -4.559976
-4.598788 -1.416129 -2.720980
-3.667345 -1.416253 -3.273489
-3.281860 -0.537287 -3.809504
-3.510269 -1.049025 -2.704769
-3.798169 -1.577161 -2.335334
-3.293100 -1.576342 -4.117230
-2.708062 -1.915868 -4.776304
-3.855896 -1.333961 -2.656020
-2.129631 -0.745289 -4.396609
-1.694251 -0.981651 -3.708257
-0.205768 -0.744324 -4.143704
-0.773775 -1.303646 -4.837194
-0.652566 -0.778875 -3.508603
-1.559181 0.211182 -4.195125
-0.319355 -1.883188 -4.676893
-0.337260 -1.192996 -4.112857
0.947408 -0.828939 -3.357635
-0.341962 -0.546660 -4.079237
1.110115 -1.789097 -4.301106
1.304640 -1.653031 -3.757671
1.975484 -0.840958 -3.653896
0.677915 -0.752772 -3.544925
3.227277 0.360998 -2.976149
2.031847 -0.364229 -3.735852
3.171161 -0.566780 -2.801841
2.200175 -0.303402 -4.050762
4.198302 -0.751734 -3.311682
3.762484 -2.851578 -2.405038
3.769081 -2.158369 -2.762404
4.037176 -2.018369 -3.313771
4.948809 -0.581354 -4.805204
-4.082421 -0.504063 -4.512080
-3.945916 -0.575680 -4.026242
-4.729559 -0.893829 -3.626420
-2.953507 -0.115969 -3.665227
-3.264767 -0.594070 -3.576199
-2.313660 -0.506177 -4.903267
-3.199765 -1.953698 -4.546519
-2.313064 0.251086 -3.680091
-2.457186 -0.502298 -4.565152
-2.311245 -0.969478 -3.340257
-1.556241 -0.889357 -3.961944
-1.934140 -0.177579 -3.944960
-0.724731 0.819901 -3.976461
-0.568182 -0.699641 -4.546409
0.057923 -0.281200 -3.559243
0.853762 -0.994033 -3.973401
-0.018377 -1.566210 -4.215572
0.116593 -1.900007 -3.434226
0.812384 -1.142056 -4.121964
1.414396 -1.784659 -4.220693
1.831133 -1.184367 -3.993158
2.116767 -1.239033 -3.443377
1.697539 -2.185416 -3.889124
2.517536 -1.367678 -3.805536
2.184618 -1.837951 -2.984601
2.560276 -1.479207 -4.511935
4.064258 -0.309230 -4.623952
4.350449 -0.775484 -2.614640
4.688070 -1.655100 -3.292405
4.200997 -0.675420 -4.880117
4.888681 -1.695722 -2.835610
4.545181 -1.293091 -4.206951
-4.300450 0.227302 -3.682330
-4.582149 -0.489886 -4.802280
-2.874973 -0.346672 -3.895977
-4.996816 -0.039551 -4.143041
-3.948195 -1.234746 -3.283945
-3.287220 -0.269354 -3.468712
-2.602015 -0.874850 -3.403240
-1.487348 0.272735 -4.072992
-2.604775 -0.724778 -4.006158
-2.694052 -1.812093 -4.166164
-1.398044 -1.085363 -4.145699
-1.795271 -0.217211 -3.596973
-1.112491 -0.656019 -3.717691
-1.128155 -1.268816 -4.159500
0.261096 -1.490210 -3.811960
-0.816031 -1.934478 -3.860519
-0.541475 -1.305677 -4.194620
0.065346 -1.998648 -3.594321
-0.929044 0.501025 -4.763870
0.327406 0.997961 -3.614341
0.946923 -0.382909 -4.758188
1.716803 -1.027042 -3.548092
1.902330 -0.664114 -3.740490
2.730411 -0.829946 -4.485883
2.437808 0.037992 -3.580702
2.974816 0.108855 -4.756592
3.306371 0.133871 -2.701013
4.121965 0.406377 -3.703979
3.321206 -0.516450 -4.889988
3.432478 -0.979194 -2.757144
4.959549 -0.562341 -4.180533
4.991253 -1.049877 -4.401724
-4.321342 1.207263 -3.531923
-2.867300 -0.778715 -3.159617
-4.460101 -0.027545 -3.977097
-4.036921 -0.681849 -3.247465
-2.293406 0.797059 -3.515259
-3.994024 0.125115 -3.973634
-2.737096 0.051853 -4.048585
-3.075116 -0.015559 -4.229224
-2.442545 0.864044 -3.712453
-2.815368 -0.435356 -4.091560
-1.086877 -0.233789 -3.201905
-0.925640 -0.401505 -4.412097
-1.050750 0.059094 -3.894129
-1.645775 -0.633803 -4.349497
0.433955 -0.168845 -3.925185
-0.070701 -0.280984 -3.767638
-0.659984 -0.509031 -3.855982
0.999575 -1.412126 -3.512133
0.981951 -0.275942 -4.466491
0.956715 0.257464 -3.911166
0.677037 -0.546557 -2.721385
2.446855 -0.555676 -3.619854
1.364594 -0.266688 -4.742660
2.630255 0.216322 -4.622874
2.754802 0.238668 -3.487835
3.066639 -0.311390 -4.157982
2.931408 -0.786454 -3.590062
3.703508 -0.194917 -4.236106
3.888624 0.435182 -3.400597
3.364558 0.412998 -3.777976
4.390903 0.457730 -3.831203
4.296597 1.319316 -4.405909
-4.594842 0.056861 -4.078725
-4.405402 0.668983 -4.078226
-3.803598 -0.304045 -4.725069
-4.075406 -0.553677 -3.938867
-3.557762 1.122009 -3.717907
-3.589267 -0.126017 -3.507561
-2.756852 1.707698 -4.226010
-3.374153 0.276254 -3.450466
-1.468883 -0.051206 -4.705226
-2.214383 -0.335138 -3.865201
-1.328683 -0.840821 -3.728515
-1.520511 1.087389 -3.020084
-0.405199 0.893402 -4.067307
-1.211707 0.786136 -3.425305
-0.283227 1.398434 -4.203462
0.471321 0.400649 -4.259504
0.606283 -0.692036 -4.708278
0.605514 0.974705 -3.317042
0.637917 0.295494 -4.780931
0.415136 0.200489 -4.002843
0.989068 -0.221100 -3.275601
1.628745 -0.306110 -4.561861
2.416023 1.031561 -3.233704
2.032041 -0.090752 -2.630613
1.999066 0.693230 -2.459654
2.747038 -0.921304 -4.138543
2.977562 -0.747268 -4.608057
2.960792 -0.920007 -4.782323
2.929594 0.906986 -3.799611
4.142847 0.824945 -3.178314
4.662681 0.029304 -3.351021
4.527709 0.619263 -4.073569
-4.740811 0.091920 -3.147920
-4.119306 0.815503 -3.123096
-3.499305 0.699066 -4.366101
-4.359794 1.120873 -3.809342
-2.904037 1.133989 -3.232514
-3.466971 -0.882727 -3.878767
-2.658429 0.472104 -4.117588
-2.392901 -0.934299 -3.912111
-2.465627 1.466997 -4.630553
-1.879430 0.239946 -4.393400
-1.214089 -0.488619 -3.622515
-1.364658 1.553792 -4.105108
-1.397169 0.136985 -3.139344
-0.837523 1.409665 -4.660750
-1.330592 1.621724 -3.913013
0.311403 1.147847 -3.542231
-0.151840 0.505226 -3.903587
0.857262 0.076238 -3.190279
1.261006 0.070444 -3.735934
1.010557 0.032457 -4.790914
1.844552 0.335154 -3.813817
0.654038 -0.187810 -4.312359
1.914688 1.121098 -4.081094
2.799235 0.982573 -3.455393
3.086902 0.702175 -4.232475
3.061292 1.491422 -3.663604
3.745682 1.060551 -4.882260
4.069229 0.798002 -4.511823
4.619765 0.844074 -3.417812
3.982739 2.165315 -3.713598
3.834200 0.154702 -3.739973
4.022405 1.144743 -4.169574
-4.894700 0.333892 -3.625885
-4.541860 1.421124 -3.346446
-3.820693 0.733484 -3.733933
-2.871384 0.936261 -4.394866
-3.284166 0.562007 -3.713332
-4.116581 1.145784 -4.921044
-2.449838 -0.099074 -3.337852
-1.858319 1.329064 -4.001494
-3.093548 1.607668 -4.526157
-2.342866 1.285382 -4.515475
-1.631852 1.447384 -2.836441
-1.642869 1.854662 -3.491960
-1.754578 0.821826 -3.650590
-0.244727 1.269750 -4.026929
-1.071952 -0.872987 -3.534798
0.179029 1.258671 -3.783480
-0.075071 -0.046817 -3.404219
0.717559 1.269629 -3.628795
0.567018 1.544314 -4.942990
0.353950 0.193824 -3.419285
1.050242 1.028375 -3.893970
1.874641 -0.089061 -4.830805
1.223765 0.630478 -4.040015
2.018189 0.754229 -2.699446
2.455830 2.398333 -4.277297
2.619367 0.657199 -3.826958
3.499455 0.869929 -3.972630
3.020310 1.628955 -4.087696
2.353220 0.546466 -3.511147
4.590573 0.091851 -4.716789
4.903218 0.019882 -3.862527
4.861355 1.478112 -3.368116
-4.856579 1.380265 -4.612408
-4.149590 -0.001065 -4.171765
-4.648160 1.551234 -4.113076
-4.396162 1.322337 -4.195749
-3.309223 1.748842 -4.415524
-2.558163 0.847604 -4.042147
-2.385734 0.644336 -3.170954
-1.548173 2.207562 -4.089170
-1.148531 1.508662 -4.184399
-2.056661 0.905284 -4.262204
-1.788205 -0.349003 -4.356486
-2.110833 0.996694 -3.703526
-2.172931 1.594197 -3.351268
-1.157791 1.439793 -3.786723
-0.575633 0.660231 -4.358987
0.751255 1.107507 -3.387446
0.451922 -0.733126 -3.488999
-0.109532 0.314693 -4.361031
0.283504 0.095025 -3.508525
0.272178 1.734476 -2.323568
1.032390 0.993967 -4.152177
2.286255 1.311735 -2.935841
2.225548 0.841242 -3.920952
2.142179 0.701843 -4.278334
1.929526 1.824832 -3.889251
3.356507 0.930993 -3.662387
4.369877 1.783286 -4.296289
3.749068 1.333674 -4.891017
3.767200 0.834601 -3.329528
3.539657 -0.576355 -3.681534
4.405069 1.070941 -4.750493
4.229620 1.464540 -4.771598
-4.435564 1.809923 -3.639685
-4.757587 1.832276 -3.440802
-4.688344 1.374394 -3.610913
-3.426111 0.776186 -2.429878
-3.126645 2.732770 -3.185009
-2.538928 1.661007 -2.609823
-3.754332 1.711666 -4.794079
-3.582189 1.675283 -2.961581
-2.949308 1.955672 -3.833826
-3.059754 2.000650 -4.271813
-1.916302 2.519769 -2.377153
-1.931188 0.199170 -4.990636
-0.586811 1.691408 -4.628540
-1.224631 1.549866 -3.515741
-1.473265 0.972530 -3.151949
0.213998 -0.129543 -4.559482
-0.633299 2.617043 -3.332003
-0.206776 0.801849 -3.833827
0.522595 2.175581 -3.910200
2.022442 0.880515 -3.698443
1.630136 1.685429 -4.401451
1.438457 1.332763 -4.174281
2.187315 1.528597 -3.531342
3.272405 1.026671 -4.274692
2.704227 2.228909 -4.461010
2.256238 0.756167 -3.618818
2.712131 1.188233 -3.921405
3.524363 1.967440 -2.684275
4.409820 1.838774 -4.433859
4.362933 0.419376 -3.409162
4.653637 1.883908 -2.849337
3.624174 1.799688 -4.635779
-4.672330 1.744909 -4.705390
-3.094596 1.964405 -3.791558
-4.646574 0.706840 -4.122699
-4.192855 1.051308 -4.294905
-4.605160 1.515863 -3.104270
-3.547619 0.923986 -3.651797
-4.234587 2.063494 -3.783189
-2.334108 1.630193 -3.357548
-2.251429 2.563036 -4.144234
-2.199958 2.046698 -4.374432
-1.402836 0.908682 -4.788547
-0.621656 1.814700 -3.096841
-1.248467 1.387755 -4.727746
-1.193434 0.714591 -4.002172
-0.912402 1.344505 -2.115869
-0.340304 2.207108 -4.549470
1.665083 1.036473 -4.832116
0.918842 0.347250 -4.116604
1.332150 2.815686 -4.263980
1.247552 1.029986 -3.011724
1.229869 1.510188 -4.527528
1.542082 2.518953 -3.805586
1.276459 1.295941 -4.124549
2.402162 0.724245 -3.676507
3.309073 1.184215 -3.555949
3.055584 1.959345 -3.789790
3.174732 2.174516 -4.862922
3.413494 2.030018 -3.341492
4.186174 2.174476 -2.558630
2.979308 2.217714 -4.152922
4.294839 1.653711 -3.090657
3.264501 1.951908 -2.806492
-4.371169 2.009703 -3.753623
-4.975287 3.217436 -3.942518
-4.349791 1.454496 -2.223869
-4.756047 2.051744 -3.479445
-2.916477 2.097371 -3.838854
-3.461489 1.875504 -4.970969
-3.438975 2.394636 -4.370181
-3.042606 1.872333 -3.251969
-1.677186 2.246614 -4.820365
-1.668468 1.900048 -3.637799
-2.690815 2.166235 -4.384092
-2.280354 1.788790 -4.189734
-1.203018 2.044702 -3.373451
-0.594466 1.636509 -4.043826
-0.278793 3.068097 -4.218068
-0.244129 2.226234 -3.868957
-0.463295 0.740116 -4.245182
-0.431645 1.443498 -4.651196
0.055103 2.339906 -4.889736
0.119354 2.344865 -4.089333
1.430167 1.558719 -4.287172
1.747054 2.393898 -4.742955
3.067062 2.023875 -3.012939
3.045628 2.140602 -4.027750
4.175019 2.621456 -4.081284
2.610351 2.089099 -3.062545
3.854544 1.983095 -4.011575
3.913127 3.536983 -4.094299
4.445972 2.413426 -4.043158
3.690147 2.662557 -4.487425
4.165528 2.521604 -3.340498
4.771899 2.904980 -3.764951
-3.798595 1.460410 -3.433611
-4.231362 2.659189 -4.204108
-4.522363 2.749787 -4.963330
-4.157680 1.753107 -4.056036
-2.578840 2.476495 -4.962358
-3.474147 2.469276 -3.386932
-2.517564 3.028361 -4.799838
-2.300470 2.584344 -4.369780
-2.198932 1.656035 -3.884365
-2.172726 2.156779 -4.047357
-1.868142 3.703545 -3.872210
-1.850167 4.365128 -4.218782
-1.185396 2.303524 -4.213546
-0.808756 2.680484 -3.578897
-0.464011 2.817244 -4.036906
-1.021491 2.859881 -3.476398
-0.711951 1.611661 -4.788248
1.399321 1.480180 -3.423696
-0.134204 3.126113 -3.656251
2.083385 2.435396 -3.668336
1.558452 1.074090 -3.949243
0.058605 2.236148 -4.204492
2.086192 1.904773 -3.383680
2.597897 3.050353 -3.977933
2.902719 2.374730 -3.622925
3.217618 2.866832 -3.187601
3.401620 2.712545 -4.292278
3.267958 2.541149 -3.022307
3.283286 2.597011 -3.747052
4.075424 2.947949 -3.322659
4.841319 2.859790 -3.282000
4.773408 2.643991 -3.379265
-4.513532 2.168585 -3.205534
-4.689149 2.409913 -3.748618
-3.459591 3.239465 -4.375414
-3.651938 0.941719 -4.425980
-3.679994 3.455605 -3.066961
-2.240706 3.460206 -3.898646
-1.956389 3.687072 -3.585522
-3.299019 2.351631 -4.880106
-2.935407 2.889994 -4.714286
-1.554579 2.505984 -3.885143
-2.222517 4.600291 -4.496202
-2.044650 2.467649 -3.687177
-1.151387 4.243553 -4.646286
-1.423127 3.183642 -3.813627
-0.791303 2.762364 -3.205217
0.228888 1.420622 -3.307984
-0.810203 2.801086 -4.268544
-0.547188 0.982047 -4.440338
1.259036 2.319800 -3.683847
1.506839 1.524623 -3.249058
0.543957 3.107845 -4.700189
0.301217 1.665588 -2.857122
2.476857 1.938612 -4.625516
1.856290 3.896277 -3.557297
4.029994 3.502254 -4.377717
3.195336 2.214719 -4.294977
3.132215 2.417585 -3.696166
3.466121 2.838640 -4.422573
4.029539 2.396706 -4.679018
4.762914 2.126551 -3.762921
4.837090 3.784164 -3.542297
3.977295 3.217583 -4.617453
-4.437118 1.651340 -3.998466
-3.803457 2.500837 -3.361920
-3.814594 2.445699 -4.122124
-4.358307 2.505905 -3.559602
-3.029605 2.827175 -2.390168
-3.481740 3.582997 -3.751601
-2.931332 3.329929 -4.089095
-2.464086 1.921218 -3.122154
-1.707235 2.749426 -3.876226
-2.472972 2.696761 -4.642835
-1.876377 4.048823 -3.043827
-1.623940 1.810297 -3.724515
-1.559396 3.677661 -3.862477
-0.615696 3.365802 -3.475204
-0.979198 3.002424 -4.795555
0.004167 2.189804 -2.734055
0.536113 3.560009 -4.028540
-0.301476 2.101708 -3.186997
0.782690 2.884719 -2.791210
0.306781 3.092609 -3.699766
1.011051 3.513974 -3.485504
0.773436 3.691032 -3.184387
2.333000 0.999339 -3.525478
1.979749 2.240602 -2.534231
2.837488 2.647810 -4.328071
2.333382 3.695261 -4.002121
3.882309 2.238416 -3.448308
4.166661 2.427443 -4.047182
3.723411 2.809123 -2.863101
3.247068 4.117864 -4.201630
4.557431 3.858138 -3.566883
4.928961 3.057688 -3.957723
-3.716900 2.904442 -4.702093
-4.005828 2.876880 -4.693835
-4.384740 3.488961 -4.292064
-3.389088 3.739303 -3.696391
-3.488328 3.591656 -4.387795
-3.308671 4.469354 -4.534141
-2.917379 2.878024 -3.001661
-2.488107 3.687264 -4.281183
-1.191944 3.641381 -4.634002
-1.922167 3.314213 -4.792296
-1.834090 2.904735 -2.179870
-1.381259 3.290735 -4.604513
-1.006132 2.117224 -4.579896
-0.426601 3.259953 -2.493048
0.189097 3.030351 -4.317542
0.448269 3.706654 -4.854849
0.694387 2.558465 -3.202844
1.003897 1.941236 -3.790786
0.878399 3.364856 -2.633611
1.469181 3.362957 -3.419861
1.447799 4.038757 -4.457621
2.418392 3.926217 -3.931075
1.772254 3.043122 -3.656899
1.424853 3.992453 -3.915176
2.992420 3.727336 -4.181381
3.734574 3.386383 -3.431891
2.404749 3.176289 -4.272806
4.301558 3.200753 -3.658011
3.147780 3.662503 -4.369222
4.593699 4.526846 -4.450254
3.823723 2.534565 -3.703787
4.779458 3.539441 -4.901731
-4.879277 3.014968 -3.496348
-4.007893 2.931305 -4.196990
-4.046612 2.557808 -4.844681
-3.386162 3.180560 -3.617045
-3.858008 3.795698 -4.202717
-3.374918 2.789621 -3.406350
-3.884453 3.609549 -4.212709
-2.718389 3.013227 -3.126852
-3.863173 4.049283 -3.678610
-2.026175 2.576296 -4.375637
-1.339795 3.760621 -4.408520
-0.976477 2.759299 -4.387432
-1.742733 3.290142 -3.748602
-1.029221 3.947229 -3.627681
0.049680 3.718641 -3.496918
0.738195 3.094547 -3.298997
-0.283059 3.434705 -4.478966
0.734528 2.835159 -3.583190
1.262230 3.762680 -4.151247
2.093899 4.013557 -4.506121
2.250863 3.402023 -2.149138
2.096377 3.870751 -3.840748
1.457171 3.085840 -4.595442
2.513910 3.852950 -4.221841
3.123347 3.184656 -4.172604
3.038651 4.029963 -3.030580
2.462966 2.717011 -3.872776
3.575975 2.831945 -4.014049
3.536473 4.102908 -4.381161
3.520647 2.394792 -4.811273
4.266532 3.235471 -4.085093
4.650479 3.040393 -2.709296
-4.984562 2.998328 -3.939036
-3.820325 3.773742 -3.409923
-3.387323 4.266543 -4.522754
-3.804634 3.928430 -4.926167
-2.559795 4.029968 -3.758013
-3.177505 4.747624 -3.664531
-1.785425 3.023324 -4.806041
-3.703005 3.726127 -3.983141
-1.986197 3.520999 -4.859721
-1.670420 4.561679 -3.425006
-2.378942 4.784110 -3.893866
-1.955688 4.100809 -4.262113
-0.166314 2.550178 -4.626310
0.058440 3.359089 -3.745870
-0.038170 3.213008 -3.796659
-0.191140 4.409849 -4.164218
2.168251 4.676268 -3.342130
1.026532 4.367539 -4.563925
0.381640 3.088883 -4.047214
0.327395 3.248482 -3.708247
1.916569 3.654888 -3.967166
1.847869 4.008818 -4.103013
1.689543 4.651184 -4.339928
2.592486 2.804338 -3.831078
2.313187 4.985577 -2.622823
2.279629 3.731699 -3.172885
4.173769 2.949802 -4.114656
3.651572 3.228552 -4.744800
2.336591 3.588891 -3.524671
3.508579 3.891859 -4.542689
4.207210 4.552371 -2.383824
4.329718 4.487865 -2.734823
-4.398285 4.036476 -3.342043
-4.294281 3.441140 -4.879886
-4.190905 4.385760 -4.178539
-3.987003 4.552667 -4.861234
-3.135247 2.603714 -4.433758
-2.830014 3.486097 -4.052419
-3.229478 4.829898 -4.170433
-2.183422 4.722634 -3.715950
-2.621686 4.964934 -2.216896
-3.094351 3.875049 -3.971354
-0.476839 3.048521 -3.724313
-1.986021 4.798512 -4.546537
-1.625838 4.364009 -4.260448
-0.368665 3.744569 -4.116625
-0.433586 3.950253 -3.770680
-0.509738 4.100807 -2.731189
-2.082562 3.282835 -3.827627
0.342610 3.800317 -2.850484
2.006530 4.735905 -4.334696
1.857651 4.941107 -3.622349
1.889371 3.898991 -2.957773
1.758763 4.937465 -3.992510
2.758945 4.574579 -4.084974
2.845560 3.714481 -3.981253
2.739230 4.998757 -3.998564
3.305112 4.399851 -3.271255
3.569119 4.371976 -4.165307
4.035480 3.290179 -3.740816
3.271550 3.578780 -3.699734
3.319574 3.795805 -3.882960
4.179027 4.308887 -4.523675
4.070578 4.992452 -3.370340
-4.400170 4.288842 -4.009621
-4.718279 4.180863 -3.530843
-3.994479 4.964555 -4.638998
-4.910389 3.478916 -4.941238
-4.377193 4.542385 -2.730319
-3.209324 3.674169 -3.776711
-3.357831 4.955908 -3.447701
-3.262774 4.599437 -3.339951
-2.384262 4.701148 -2.060413
-2.200166 3.655954 -3.729553
-2.035216 4.493925 -3.235796
-1.456550 4.305109 -4.197015
-0.770395 4.571720 -3.156164
0.321993 3.802857 -4.864066
0.629184 4.910746 -4.110252
0.376899 4.658017 -4.508434
0.175723 4.664863 -4.706950
0.256346 4.124547 -3.381575
2.150573 3.780787 -4.293342
1.361813 4.711599 -4.450125
0.935057 3.999872 -4.428013
2.092561 4.923667 -4.595101
2.675474 4.954469 -4.818196
3.535160 4.574564 -3.803934
2.864870 4.279895 -3.364132
3.128005 4.913853 -4.168087
3.686300 4.506985 -4.036447
2.867955 4.810993 -3.890721
3.524970 3.824842 -3.824122
4.503894 4.229284 -2.667585
4.066437 4.403944 -3.367986
4.598866 3.871986 -3.943287
-4.592361 4.528254 -3.912067
-3.579343 3.652030 -4.553993
-4.988032 4.945956 -4.048896
-3.942187 4.688227 -4.114433
-4.013157 4.849463 -3.894306
-3.687806 3.935973 -3.624470
-3.484330 4.633038 -3.464169
-2.680533 4.623394 -3.482801
-2.746610 4.753943 -3.393012
-2.297964 4.468376 -3.112497
-0.957483 4.478473 -4.359783
-0.758509 4.379749 -3.485722
-1.028334 3.713706 -3.539867
-0.601839 4.232970 -1.961172
-1.087370 4.958798 -4.946884
0.014344 3.760433 -4.639077
0.641479 4.196845 -4.485911
0.346725 4.829599 -4.000970
1.015088 4.974591 -3.855965
1.518445 4.834447 -4.519667
1.149895 3.983574 -3.826934
1.448064 4.873036 -3.361478
0.445580 4.600475 -4.000054
1.561146 4.880991 -4.042427
3.640343 4.001556 -3.937235
2.017302 3.817049 -3.969445
3.335840 4.309575 -4.042384
2.625443 4.895082 -2.844249
4.203951 4.886358 -3.019770
4.570202 4.955932 -4.866570
4.378622 4.810435 -3.930706
4.590424 3.675777 -3.654657
-4.461643 -4.353460 -4.058156
-4.120203 -4.668732 -2.986674
-4.526569 -4.545456 -3.552531
-2.918217 -4.142031 -3.364638
-3.961906 -4.733356 -3.732555
-3.565485 -4.835220 -2.562550
-3.657978 -4.379183 -2.885012
-3.369233 -4.910394 -4.230419
-1.959766 -4.702969 -3.737975
-2.964402 -4.635979 -3.950941
-1.058512 -4.332372 -4.094757
-0.613915 -4.397869 -4.014157
-0.769220 -4.367099 -3.401706
-1.865821 -4.842342 -3.075558
-0.503278 -4.969437 -3.593725
-0.136334 -3.519424 -4.331293
0.269690 -4.699827 -2.880437
0.564525 -4.054904 -4.797153
1.480060 -4.361707 -3.915932
0.163817 -4.546981 -4.044540
2.210707 -4.102983 -3.604087
1.094169 -4.958621 -2.910978
2.449286 -4.369307 -3.394674
3.621748 -4.138775 -4.013324
3.608271 -4.360517 -3.866443
2.761769 -4.539735 -3.118385
3.357738 -4.844285 -3.533907
3.749604 -4.592663 -3.595572
4.303481 -4.605055 -2.493745
3.899408 -4.947914 -3.855313
3.865195 -4.519650 -3.693633
4.967702 -4.984418 -3.518357
-4.858045 -4.924689 -4.901783
-4.741632 -3.979256 -3.459124
-4.616426 -4.841743 -3.754320
-2.764227 -4.701333 -4.375660
-3.320085 -4.432279 -3.291780
-3.735757 -3.894975 -2.157287
-3.539686 -3.572779 -3.300270
-3.525207 -4.597765 -4.026813
-2.663302 -4.351585 -4.139819
-1.731920 -4.150413 -3.504614
-2.271288 -4.160696 -2.031060
-0.483566 -4.821959 -4.209866
-0.804703 -4.550325 -4.715536
-1.484690 -4.551255 -3.633674
0.153312 -3.567128 -4.411235
-0.054813 -3.748053 -3.532383
0.861815 -4.175318 -3.937589
-0.354995 -3.664134 -3.853189
0.665371 -3.920565 -3.749659
0.723169 -4.764142 -3.289507
2.065371 -4.098640 -3.239684
1.963242 -4.231566 -3.715597
2.876286 -4.572730 -4.127204
1.681823 -4.841216 -2.110667
2.530344 -3.688035 -3.778833
2.968708 -4.316877 -3.237981
3.831392 -3.954232 -4.157454
4.716150 -3.859935 -3.766295
3.059933 -4.447865 -3.706212
3.416549 -4.629001 -2.766029
4.991130 -4.858018 -3.561430
4.198812 -3.931273 -3.167485
-4.980647 -3.777105 -2.740331
-4.975999 -4.338930 -2.917495
-4.210664 -3.085733 -2.550951
-3.400978 -4.075623 -3.921156
-2.946365 -3.980601 -3.000133
-2.565449 -4.067595 -3.457944
-2.729344 -4.609318 -4.289395
-2.728428 -3.420910 -4.006203
-2.413027 -3.370340 -4.665976
-1.328221 -4.838337 -4.491252
-1.428842 -3.743945 -3.155032
-1.751956 -4.440374 -3.086583
-0.582714 -4.848838 -3.641345
-1.372526 -4.235096 -2.721150
-0.439549 -4.145187 -4.044363
0.197759 -4.840822 -2.867925
0.881076 -4.665878 -2.377787
1.277412 -4.850725 -2.756485
0.379195 -3.226949 -3.147297
0.965343 -3.988486 -4.317995
1.360907 -3.306468 -4.195991
0.495133 -3.681132 -2.618748
0.855291 -3.506977 -3.025727
2.089918 -3.910370 -3.069771
2.588718 -4.266663 -3.956563
2.944344 -3.922749 -3.914784
3.404299 -4.866272 -4.944613
3.034017 -4.896049 -2.603772
4.844027 -3.396832 -2.933641
4.350134 -4.073626 -1.492706
4.364912 -4.849082 -3.206720
4.841218 -3.638436 -2.997627
-4.819011 -4.360405 -2.499324
-4.604191 -2.986684 -2.778496
-4.893231 -3.972593 -2.000690
-3.901608 -4.167814 -2.878773
-3.149410 -3.748816 -3.466347
-3.120978 -3.031056 -3.772058
-2.795152 -4.007301 -3.393070
-2.906590 -3.052574 -3.231817
-3.224668 -3.980624 -4.736358
-1.437895 -3.971407 -4.246688
-2.115302 -3.467514 -3.041716
-1.378203 -4.685714 -3.543924
-0.673937 -2.970979 -4.843478
-1.027642 -4.176018 -4.653412
-0.941923 -3.909664 -3.524887
0.028385 -4.702026 -3.474925
-0.283355 -2.744524 -3.089769
-0.007075 -3.792942 -2.808946
0.204739 -3.377838 -3.455998
0.571260 -3.487106 -2.917311
0.273500 -4.273199 -2.846266
1.324969 -4.725021 -3.630929
2.823358 -4.119351 -3.583113
1.517898 -4.247064 -4.093648
2.673020 -4.642529 -3.200166
2.592500 -2.753671 -3.641004
3.600192 -3.903021 -3.348144
3.818502 -4.987469 -4.698743
4.079683 -4.165790 -3.661310
4.681604 -4.170348 -2.463067
4.307675 -3.479655 -4.135031
4.876162 -4.028448 -2.139119
-4.592326 -3.507411 -2.664062
-4.701097 -3.616328 -3.792983
-3.836951 -2.781325 -3.379512
-4.238274 -3.463619 -3.063663
-2.992628 -3.515769 -4.470301
-2.810964 -3.776208 -3.745379
-2.193017 -4.803239 -2.654454
-1.925175 -2.523031 -4.424530
-1.845868 -3.928847 -3.647057
-2.310575 -4.006231 -4.531887
-1.765445 -3.688267 -2.848656
-1.101090 -4.187601 -3.191570
-1.917413 -3.115226 -2.849236
-0.708052 -3.608339 -3.312487
-0.992983 -3.332584 -3.821138
0.519988 -2.207130 -3.809053
0.673819 -3.317693 -2.631916
-0.743182 -2.434088 -4.560611
1.906221 -3.669316 -3.953378
-0.150932 -3.720315 -2.673120
0.946582 -3.430992 -3.663309
2.531986 -2.881474 -3.386762
1.206153 -3.339088 -2.856501
1.122677 -4.208636 -4.311204
2.415645 -3.407683 -4.187100
3.791466 -2.022913 -2.774855
2.923583 -2.848234 -2.858404
4.782267 -3.155462 -3.037292
3.134475 -3.985642 -3.317561
3.749840 -3.538357 -3.507023
4.598510 -2.972077 -2.553057
4.084338 -3.500848 -2.437781
-4.788171 -3.528302 -2.673529
-4.399385 -4.891020 -3.907409
-4.272719 -2.731532 -2.419889
-4.411721 -3.156476 -2.732419
-4.813458 -2.982979 -2.539492
-3.769968 -3.602306 -3.380373
-2.846890 -3.835013 -3.010470
-1.908562 -3.953531 -2.961756
-3.161025 -3.749663 -4.766718
-2.123448 -3.045911 -2.351960
-1.960154 -2.881277 -4.165077
-2.557548 -2.469665 -3.424048
-1.316169 -1.424369 -3.341807
-0.567679 -3.460747 -4.325708
-0.677655 -3.422728 -3.092958
-0.848678 -3.401793 -4.347052
0.182981 -3.294593 -3.687251
0.011063 -4.410124 -4.678555
0.704694 -2.875807 -4.820863
1.571100 -3.507587 -2.798672
0.856609 -4.002101 -4.545157
1.201050 -3.260476 -3.457806
1.278338 -3.903293 -3.616404
1.217789 -3.171485 -3.121071
2.917153 -4.138051 -3.270866
3.523135 -3.124582 -3.954112
2.542339 -2.521408 -3.489413
4.620212 -3.508575 -3.044218
2.853477 -3.538514 -3.795112
4.131670 -2.734840 -4.614154
4.426676 -3.863202 -2.759683
4.898730 -4.017005 -4.164378
-4.864684 -2.917337 -4.646417
-4.770305 -2.824026 -3.889773
-4.683489 -2.685578 -3.637656
-4.710231 -3.163753 -4.058818
-3.315067 -2.775700 -2.633949
-3.021844 -2.722289 -3.458638
-3.751368 -3.374369 -3.129737
-2.646462 -3.353825 -3.347440
-2.283356 -2.090616 -3.859095
-1.966417 -2.864861 -4.030486
-1.366772 -3.253316 -3.605690
-1.616869 -2.947348 -3.830404
-1.910108 -3.680377 -4.411161
-1.616569 -2.683448 -2.453899
-0.302883 -3.082959 -4.428839
-0.839203 -3.718044 -3.806285
-0.230251 -4.075768 -3.722150
1.169872 -2.989857 -3.330898
0.697386 -3.636891 -2.342125
-0.443847 -2.044143 -2.663006
1.050822 -3.879923 -4.466564
0.627472 -3.474586 -3.908615
2.711095 -2.655969 -3.603096
3.085502 -2.335511 -2.940776
2.783349 -3.699903 -3.875777
2.550400 -2.580791 -3.981400
3.492345 -2.400575 -3.701692
3.437745 -2.712055 -3.475040
4.651045 -2.827795 -3.649099
4.736986 -2.868422 -3.941493
4.270918 -2.049858 -2.733386
4.195854 -2.433909 -2.940011
-4.173573 -2.718497 -2.926167
-3.950703 -3.167928 -4.299262
-2.990491 -3.438768 -4.174949
-3.393200 -2.399122 -2.985982
-3.372990 -2.413208 -3.592028
-3.210175 -3.211062 -4.269141
-1.128583 -2.711120 -3.552751
-1.782542 -2.370440 -2.930800
-2.764684 -2.608486 -3.798983
-1.278987 -2.606777 -3.023604
-1.485880 -2.673398 -4.066544
-1.853813 -2.996732 -3.886030
-1.167181 -3.995052 -3.055859
-0.720047 -1.862079 -2.482875
-0.247395 -3.184188 -3.808242
-0.525873 -3.200188 -2.730751
-0.236400 -2.960014 -2.951558
-0.893348 -2.395568 -4.250579
0.459967 -2.598304 -4.197856
1.514763 -2.217633 -3.486473
0.912087 -1.729643 -4.089995
1.780115 -2.367993 -2.886660
1.223794 -3.061763 -3.518149
2.793065 -2.715259 -3.834623
3.611592 -2.869790 -2.981372
2.412009 -2.742128 -2.276180
3.293017 -3.046499 -3.232310
3.167632 -1.609011 -4.039021
4.513023 -3.342086 -3.559958
3.362500 -2.476446 -3.312992
4.506616 -3.049987 -4.271898
4.857958 -2.102703 -3.844443
-4.865592 -2.167737 -1.942479
-4.150136 -3.556198 -3.711919
-4.834728 -1.569615 -3.125683
-3.564451 -2.245950 -4.637383
-3.521847 -2.215751 -4.300463
-3.628343 -2.098571 -3.375966
-2.732930 -1.551981 -2.635078
-3.070623 -2.574942 -4.037721
-3.069865 -1.268419 -4.221659
-2.221989 -2.275203 -3.960397
-1.116185 -2.005244 -3.732722
-1.831429 -2.259859 -2.817213
-0.539636 -2.654489 -4.540257
-1.981291 -2.643337 -2.928083
-0.607120 -2.171495 -2.657152
-0.003441 -0.750820 -4.818850
-0.596518 -3.219530 -2.481647
0.878096 -2.464412 -3.016119
0.446809 -2.176874 -4.066036
0.757425 -2.281770 -3.943778
1.237457 -2.005085 -2.591972
1.969515 -2.369611 -4.575787
2.039175 -1.658486 -3.253560
0.867257 -2.807481 -3.037527
2.617048 -2.571561 -2.722071
3.742206 -2.141930 -1.865198
3.171522 -2.309543 -3.573314
3.558407 -2.398581 -3.838580
2.620031 -1.110028 -2.939762
3.908527 -1.671863 -3.407790
4.909888 -2.582564 -3.578609
4.364241 -1.848115 -3.206794
-4.958278 -0.756670 -3.573954
-4.632285 -1.561038 -3.284811
-4.822077 -1.946969 -3.478855
-3.572397 -2.700451 -4.907527
-3.659579 -2.084265 -1.662072
-3.626490 -2.404428 -2.956788
-3.723802 -1.312523 -4.855608
-2.461684 -2.490014 -3.986460
-1.378061 -2.237387 -2.916253
-2.575794 -2.141505 -2.729497
-1.428668 -1.965714 -3.705331
-1.315856 -2.180497 -3.264051
-2.075764 -2.453352 -3.122411
-0.511470 -2.393337 -3.753448
-0.220355 -1.678661 -2.279064
0.147750 -2.224006 -4.461302
-0.583771 -2.132872 -3.948875
-1.204414 -3.013538 -3.776272
3.036460 -2.137029 -3.589910
0.590240 -1.699793 -2.719585
1.136297 -1.226985 -4.129358
2.586086 -2.957495 -3.251666
2.897818 -1.868436 -3.164798
0.972643 -1.677230 -4.292066
2.514157 -2.379907 -4.758622
2.294147 -2.341726 -3.804033
2.650691 -1.803692 -2.567247
3.397807 -3.852949 -4.632160
3.934526 -2.581244 -3.445972
3.810770 -2.700187 -3.400692
4.093789 -1.588942 -3.108105
4.041441 -2.476275 -2.889291
-4.639300 -1.509755 -3.084885
-3.569987 -0.944561 -3.535329
-3.746677 -1.990938 -3.118970
-1.872617 -1.708397 -3.639802
-3.039085 -1.584494 -3.903409
-4.736289 -0.906244 -3.890642
-3.229290 -2.283022 -3.068846
-2.698275 -1.779271 -3.295775
-3.129128 -1.488187 -3.603700
-2.447392 -2.183491 -4.203168
-2.049849 -1.886607 -4.996601
-2.251088 -2.735749 -3.359595
-2.267884 -1.025046 -3.970254
-0.071536 -1.918398 -3.537111
-0.705015 -2.092015 -3.615219
-0.216374 -1.652043 -4.181075
0.666790 -1.608525 -2.440058
-0.017753 -2.030607 -4.136176
1.062546 -0.002309 -3.648568
0.973538 -2.733283 -3.160655
2.016696 -2.808407 -3.487578
1.303100 -1.329944 -3.223809
2.872268 -1.757686 -3.026360
2.075405 -1.413692 -4.273887
2.298101 -0.683509 -3.960649
2.780919 -0.947774 -3.025526
2.909839 -2.531449 -2.413994
2.382975 -1.488008 -3.313829
4.379456 -1.685947 -4.135817
3.903813 -1.412632 -3.304563
3.241304 -2.482591 -3.909937
4.651738 -1.118037 -4.374561
-4.638711 -2.205293 -3.711090
-4.674317 -0.849589 -3.340331
-4.056210 -1.526276 -3.485627
-4.904785 -1.026009 -4.062737
-3.752740 -1.677051 -3.709061
-2.448095 -1.832659 -3.934651
-3.017264 -0.830053 -3.780859
-3.480852 -1.081812 -2.363087
-2.969939 -0.599670 -3.689015
-0.628153 -0.853630 -4.161349
-0.570256 -0.880090 -3.438896
-2.035348 -1.511814 -3.383763
-1.564896 -1.161656 -2.389192
-1.258836 -1.790467 -3.817744
-0.891605 -1.305042 -3.074853
-0.353514 -0.997249 -2.647352
0.475763 -1.792009 -3.548431
0.968602 -1.724397 -2.382946
-0.870524 -0.807646 -3.755359
1.198952 -1.266898 -2.913444
1.273805 -0.356243 -3.595740
2.331290 -1.276996 -2.880163
2.259242 -0.576429 -4.996460
2.717371 -2.308409 -4.453571
3.142289 -1.573807 -3.307702
2.658546 -1.003843 -3.521502
3.404817 -0.618993 -2.129221
3.133957 -1.543263 -3.165322
4.836596 -2.023122 -3.081090
4.978788 -0.211634 -3.434608
4.850966 -2.088240 -3.583845
3.817946 -1.411524 -2.715383
-3.747386 -1.157871 -4.542899
-4.847082 -0.448715 -3.693858
-4.125773 -1.367543 -2.909253
-2.754445 -1.130528 -2.969190
-3.063118 -1.723574 -2.903983
-3.719216 -0.224477 -2.277558
-3.384957 -0.528629 -3.262314
-1.816027 -1.408751 -4.897197
-3.691007 -1.428676 -2.623748
-1.795559 -0.165901 -4.164227
-1.740789 -1.146139 -3.557554
-0.437098 -0.931427 -3.962913
-0.259800 -2.312985 -4.855251
-0.302075 -1.132895 -3.734664
-1.503335 -0.490082 -3.871225
-0.477494 -1.474940 -4.164522
0.214721 -2.307833 -3.616630
-0.208333 -1.185109 -3.446027
0.348397 -0.490084 -3.695492
1.642446 -2.039406 -3.065013
1.765488 -1.750283 -3.468755
2.093629 -0.234790 -3.130219
0.368079 -0.841613 -2.594691
2.333704 0.662849 -2.958456
1.847465 -1.311259 -3.070522
3.510667 -0.834807 -1.833483
2.442097 -0.175243 -3.163064
3.789823 -1.312103 -2.309866
2.983579 -2.260777 -1.678206
3.667346 -1.499885 -2.885574
4.286912 -1.351976 -2.628688
4.842082 -0.273111 -4.403816
-3.854939 -0.194005 -4.148917
-3.351244 -1.722028 -4.409400
-4.758752 -0.880432 -4.101405
-3.324249 -0.370620 -3.121787
-3.837582 -1.446531 -3.367325
-2.976823 -1.141044 -3.736239
-4.406609 -1.871224 -3.778856
-2.523618 -0.555466 -3.636102
-2.339261 -0.814585 -3.744517
-1.937346 -0.427956 -3.537476
-2.263507 -0.505662 -3.664116
-1.853948 0.446925 -3.129925
0.318906 0.688433 -3.659477
-0.921343 -0.737488 -4.305799
-0.165481 -0.673643 -3.851036
0.356895 -0.966227 -4.478776
0.057552 -1.741928 -4.118626
0.487750 -2.312503 -3.552601
0.493050 -0.779955 -3.905678
1.702631 -1.331959 -4.413689
0.959740 -0.811382 -3.690033
3.103692 -0.357077 -3.133144
2.347515 -1.913793 -2.443713
2.471227 -1.931897 -3.261392
1.443382 -1.169433 -2.791499
2.532786 -0.988108 -3.866949
3.809668 -0.220653 -4.598906
4.388520 -1.050282 -2.205260
4.348817 -0.969713 -3.616205
4.086505 -1.093951 -4.044640
4.190727 -1.287128 -2.298040
4.741001 -1.366093 -4.358404
-4.914016 0.256049 -3.045964
-4.585602 -0.162226 -4.275277
-2.600347 -0.530612 -3.767643
-4.658577 -0.549525 -3.682672
-4.040072 -0.319838 -2.984200
-2.695851 0.047799 -3.334254
-2.996447 -1.108259 -3.293058
-2.289785 -0.240309 -3.025807
-2.668530 -0.851163 -3.804608
-2.017793 -0.630504 -4.166864
-1.135597 -0.426089 -4.022659
-1.874401 -0.332464 -3.494427
-1.614324 -0.716195 -3.708483
-0.939698 -1.166885 -4.178512
-0.432527 -1.184117 -3.671445
0.064824 -1.322836 -3.757241
-0.324715 -1.257346 -3.836520
-0.872695 -2.012289 -3.632317
-0.472052 -0.396503 -4.230797
-0.508167 0.681438 -3.365288
0.867685 0.369568 -4.767368
1.851980 -0.573534 -3.551805
2.051640 -0.080994 -3.263070
3.157840 -0.223454 -3.902204
3.180747 0.921855 -3.056309
3.068292 0.195653 -4.111542
3.196407 0.749579 -3.355824
3.437095 -0.632321 -3.005995
4.043395 -0.952818 -4.886957
3.497550 -0.302163 -2.275081
4.953563 -1.450575 -3.849528
4.852439 -0.639223 -4.299381
-3.513945 1.315805 -2.250089
-3.356803 -0.355537 -2.720150
-4.277935 -0.756008 -3.422495
-3.941600 -0.170777 -2.984370
-2.627377 1.024347 -3.378276
-3.374310 0.207689 -3.887412
-2.662906 0.200956 -3.505604
-3.254426 0.366975 -3.777869
-2.404545 1.266515 -4.750009
-2.982767 0.065544 -3.616797
-0.642008 -0.549327 -3.059218
-1.354483 -0.205853 -3.516895
-1.413602 0.665622 -3.419652
-0.878313 -1.066403 -3.972557
0.322228 0.228038 -3.595236
-0.240078 -0.665872 -3.740442
-0.495590 0.220096 -3.467893
0.495287 -0.669461 -3.142717
1.151994 -0.868033 -3.947248
1.885628 -0.029336 -4.236227
0.926545 -0.519355 -2.653334
2.858642 -0.537539 -3.221877
1.443758 -0.074007 -4.708388
3.539481 0.140652 -3.876874
2.765798 -0.117278 -3.993773
2.559550 0.100990 -3.400021
2.000763 -0.817594 -2.905078
4.171748 -0.039657 -3.899771
3.743597 0.100501 -3.424562
3.588465 0.796955 -3.437092
3.626161 -0.465723 -3.008917
4.556395 1.122311 -4.390585
-4.808153 -0.178273 -3.530867
-4.106627 1.561144 -4.495063
-3.725535 -0.209420 -3.878019
-4.213030 -0.390005 -3.139725
-3.175901 0.971233 -4.338255
-3.736657 0.333390 -3.180726
-2.619148 0.898444 -4.214744
-2.856000 0.337172 -3.291187
-1.058741 -0.751509 -4.029164
-2.309431 -0.149298 -3.263084
-2.120570 -1.295526 -3.178368
-0.616805 1.887487 -2.916470
-0.245518 0.155821 -3.636631
-0.857201 0.819041 -3.334465
-0.887680 0.981181 -3.474868
0.549456 0.712829 -4.547868
0.308232 -0.713836 -4.110249
-1.018555 0.232947 -3.855247
0.669809 -0.145374 -4.867052
0.916415 -0.175592 -3.579671
1.203656 -0.604415 -2.849648
1.381520 -0.074583 -4.359962
2.163006 1.107435 -1.784803
2.099725 0.319870 -2.330176
2.326353 0.112079 -2.395600
3.071091 -0.556812 -4.143640
3.967133 -1.031180 -4.000014
3.296739 0.512770 -4.940747
3.163725 0.959118 -3.713887
4.317027 0.934801 -2.442177
4.834902 -0.709303 -3.817594
4.706267 0.868488 -3.519645
-4.944431 -0.092229 -3.707284
-4.469800 1.078079 -3.009954
-3.864688 0.395286 -3.706268
-3.157066 1.523413 -3.298683
-2.881136 0.723897 -3.703300
-4.067817 -0.891093 -3.198912
-2.934793 0.750567 -4.447010
-2.404303 -0.419597 -3.191148
-2.513806 0.898146 -4.375319
-1.188084 -0.029437 -3.374673
-1.342227 -0.860395 -3.972613
-1.470587 1.368012 -3.549243
-1.685906 0.436368 -3.107659
-0.700219 1.506017 -3.212678
-1.415514 1.998724 -3.406471
1.032787 0.709805 -3.244116
-0.050827 1.089908 -4.281087
0.663766 -0.352325 -2.812303
1.293835 0.306823 -3.465007
0.512946 -0.423707 -4.291648
1.652626 0.657701 -3.408434
-0.166843 0.986634 -3.890960
1.911147 1.663110 -3.244996
2.263983 1.073097 -3.016001
3.771223 0.273212 -4.618841
3.339542 1.248404 -4.076868
2.920699 0.915915 -4.437462
3.400720 0.114809 -3.677866
4.289227 0.919285 -3.253023
3.510543 1.753993 -3.577694
4.187898 0.151260 -3.986864
4.214588 1.307653 -3.620721
-4.946706 0.137761 -3.260988
-4.951254 2.171517 -3.091895
-4.337710 0.982785 -4.016083
-3.187811 1.376865 -4.470828
-4.144203 0.991107 -3.531312
-2.732896 1.131272 -4.652629
-3.054903 -0.058502 -3.850048
-2.381019 1.335470 -3.202714
-1.946711 1.753216 -4.672842
-1.646894 0.473235 -4.730602
-2.247876 1.157196 -2.235165
-1.547679 2.144635 -3.101143
-1.373440 1.299797 -3.381841
-1.314837 0.371654 -4.280622
-0.920898 0.168580 -3.105120
0.224862 1.993197 -4.264069
0.523986 0.239738 -4.136202
0.651978 1.076073 -3.481303
0.497921 1.356916 -4.390890
1.154581 0.074183 -2.719717
1.393142 1.692277 -3.887882
1.201471 0.718483 -4.834948
1.301414 1.364015 -3.783959
2.284595 0.802623 -2.888041
3.443919 2.325724 -3.989330
2.653720 0.530432 -3.042671
3.105108 0.840408 -4.172854
2.738155 0.891950 -4.310938
3.748029 1.106636 -2.778072
3.876425 -0.510657 -4.790437
4.386866 -0.321847 -3.526812
4.947186 1.095738 -3.539484
-4.951369 2.212782 -4.041707
-4.456625 0.115013 -3.061531
-4.778708 1.327466 -4.021854
-3.972172 0.828347 -3.993741
-2.971097 1.293373 -3.799843
-2.215739 2.128258 -4.211090
-2.265429 1.524713 -3.239175
-2.030560 2.046887 -4.603942
-1.285967 1.294596 -3.791272
-2.209967 0.774555 -3.240179
-1.995035 0.289666 -4.330326
-1.246042 0.952911 -4.161942
-1.563031 0.822147 -3.751270
-1.361990 0.656784 -2.959460
-0.680444 0.195213 -4.286090
0.446920 1.328250 -3.490616
0.671362 -0.522592 -3.338827
-0.250720 0.040419 -4.070798
-0.223942 1.107450 -3.191286
1.228349 1.758798 -1.854567
0.620166 0.732133 -4.331948
2.555943 1.295501 -3.220269
2.549529 0.460909 -3.258338
1.985642 0.684256 -4.155756
1.656732 1.095783 -3.712366
2.315628 1.278229 -4.471944
4.059546 0.449376 -4.194169
3.631259 2.004967 -4.513976
4.298725 0.878190 -2.878793
3.085915 0.348980 -3.062223
4.876964 1.015635 -4.360573
4.288208 1.211799 -4.599467
-4.036925 1.650750 -3.710204
-4.812151 1.507256 -3.589472
-4.128867 0.951096 -3.867135
-4.360044 0.447329 -2.252824
-3.747027 2.377432 -3.810284
-2.888494 2.454228 -2.350173
-3.242530 1.840976 -4.296566
-3.559391 0.863179 -3.456865
-2.850640 2.576768 -3.613302
-2.769396 1.162175 -3.510791
-2.408840 1.764620 -2.714818
-1.549332 0.517371 -4.410396
-0.458953 1.918679 -3.678503
-1.330234 1.196011 -3.112973
-1.241844 0.750094 -2.378881
0.495108 1.292622 -3.636278
-1.181065 2.683225 -2.937070
-0.812373 1.123694 -3.517645
0.774168 1.601167 -3.231691
1.517198 1.647548 -2.957767
1.502395 1.463527 -4.518570
1.302201 1.604117 -3.983952
1.989194 1.808906 -3.497742
3.153064 1.823339 -4.715212
1.559334 2.382455 -3.656707
2.086714 1.471015 -2.618506
2.418487 1.359587 -4.226838
4.806371 2.131526 -3.506518
4.052926 1.453819 -4.499188
4.552005 -0.382890 -3.377829
4.828783 2.044767 -2.602958
4.051954 1.883296 -4.601326
-4.200478 1.198287 -4.640560
-3.450320 1.522039 -3.471245
-4.045374 0.832599 -3.325476
-4.550230 2.038442 -3.745648
-4.924643 2.170525 -2.055132
-3.584556 0.717237 -3.257809
-4.267666 2.277399 -3.237942
-2.812352 2.084834 -3.017788
-1.879029 2.494250 -4.041717
-1.523116 1.698071 -4.272923
-2.912214 0.101366 -4.882666
-1.445395 2.164994 -2.916562
-1.801149 0.942733 -3.785529
-0.937325 0.364239 -3.009279
-0.623235 1.684823 -1.549117
-0.579564 1.683374 -3.649182
0.855814 1.052882 -4.854074
0.908575 0.818925 -4.085776
0.467325 2.324937 -3.189264
1.205663 1.663527 -4.491889
1.656041 1.830936 -4.062111
1.158055 1.375302 -3.288986
1.770058 1.239380 -4.269597
1.811501 1.135283 -2.834107
3.216266 1.551174 -2.337707
3.002770 2.229431 -3.744233
3.961166 2.702799 -4.983013
3.282853 1.539340 -3.273493
4.508821 2.075896 -2.662516
3.436805 1.880421 -3.037026
4.444293 1.973160 -2.008111
4.360412 1.829190 -2.086725
-4.821741 2.347989 -3.065432
-4.562102 3.538869 -3.409071
-4.488856 1.806160 -2.425071
-4.470945 2.459273 -2.989304
-2.829404 1.666232 -3.755001
-3.246456 1.922109 -4.533514
-2.428485 2.227987 -4.508924
-3.320579 1.809034 -2.939664
-2.019744 2.076042 -4.855116
-1.574963 1.580850 -3.612468
-2.421439 1.304415 -3.453601
-1.631755 2.444230 -3.620549
-1.267416 2.609081 -3.362075
-0.524327 0.973478 -4.710513
-0.728598 3.502252 -3.890732
-1.021318 2.272841 -3.309752
0.233136 0.837603 -3.613090
-0.342311 1.104833 -4.730604
0.183965 2.783967 -3.987537
-0.286099 2.180263 -3.462187
1.882011 1.644542 -4.125549
1.487713 2.196950 -4.748902
2.895568 1.707636 -2.626582
3.201995 2.894078 -4.109772
3.722475 2.312762 -3.246706
2.728730 1.895649 -3.443924
3.888819 1.654073 -3.104531
4.002212 3.614542 -4.007276
3.392336 3.099842 -3.903351
3.412052 3.069779 -4.484765
3.759384 2.381372 -2.846516
4.857737 1.792223 -2.986032
-4.169769 1.562884 -2.975771
-4.725283 2.701412 -3.787046
-3.997478 3.191565 -4.727362
-3.831530 2.317008 -3.276447
-3.451308 2.786354 -4.082986
-2.888678 2.680144 -3.097909
-2.709018 3.334564 -4.546957
-3.135047 2.713993 -2.793357
-2.066940 2.716832 -3.643193
-1.703955 2.021539 -3.590174
-1.408605 2.872972 -4.451595
-0.962925 4.188634 -3.510011
-0.893122 2.880935 -3.181366
-1.617965 2.863684 -3.724499
-0.227897 2.135897 -4.029361
0.315578 2.214776 -3.368572
-0.664557 1.996003 -4.105662
1.077808 1.843302 -3.509056
0.123083 2.937508 -3.424386
1.460237 2.828305 -3.918614
1.286092 2.052203 -2.934945
0.375745 1.673227 -3.293981
1.929843 2.017470 -3.702755
2.594068 2.913388 -3.697960
3.168563 1.949646 -3.165337
2.894460 2.410788 -2.785421
3.232705 2.212004 -3.296564
3.586846 2.788523 -2.855775
3.546610 2.598680 -3.989325
3.951656 2.890006 -3.447558
4.504108 1.939507 -3.593360
4.983495 2.918061 -2.183344
-4.173393 2.873182 -3.670465
-3.899896 2.552837 -3.885989
-4.028925 2.650759 -3.873180
-3.770477 2.016904 -2.924144
-3.651463 3.989710 -3.767715
-2.485116 3.451130 -3.818689
-2.327049 3.727111 -3.552539
-2.821987 2.136234 -3.987668
-3.949630 2.786243 -4.337423
-1.843789 3.492013 -3.825656
-1.918447 4.798490 -3.695816
-2.864992 2.417319 -3.771123
-1.806334 3.074815 -4.166454
-0.741780 2.394264 -3.313652
-1.120397 2.257639 -2.873483
-0.113496 2.311018 -3.123777
-1.022183 3.186168 -3.226583
0.324247 1.779588 -3.890592
1.255070 2.357242 -3.164987
1.083149 2.271979 -2.180276
1.051685 2.233965 -4.733079
0.440655 1.761785 -2.856544
2.371914 1.825565 -3.814814
2.585178 3.851808 -2.844419
3.816272 3.258231 -3.331046
2.615587 2.959869 -3.249659
2.879684 2.084409 -3.866778
3.056242 2.955114 -4.735984
3.806803 2.858764 -4.233089
4.149566 3.188785 -3.900466
4.681839 3.048245 -3.103940
4.680650 3.299176 -4.243128
-4.650879 1.844540 -4.168712
-3.929788 3.101237 -3.574237
-3.320226 2.420912 -3.506249
-4.582166 3.105806 -3.344066
-3.234925 2.912642 -2.771004
-3.481064 2.991717 -4.281848
-2.359802 4.152304 -4.054984
-2.597472 1.311580 -3.399081
-1.788617 2.785839 -3.338507
-1.963608 3.664827 -4.194255
-2.036009 3.653363 -2.401833
-2.003447 1.824088 -3.823652
-2.405028 2.106079 -3.288347
0.250081 3.735053 -3.748713
-0.500650 3.090669 -4.354496
-0.385283 2.867504 -3.456927
0.152263 2.352529 -3.721789
-0.362079 2.842940 -2.948290
0.854324 2.921657 -2.546659
0.311124 3.857893 -4.371654
0.628436 3.912165 -3.144350
0.860980 3.789469 -3.583627
2.396434 1.250296 -3.573806
2.460625 2.715781 -2.046013
2.833948 2.411989 -4.659114
2.357117 4.294904 -4.221357
3.056617 2.624862 -3.458308
4.985867 2.321575 -4.012068
3.127491 2.951557 -2.335250
3.383804 4.616390 -4.832448
4.727764 4.860982 -2.652629
4.661796 3.494256 -3.707698
-3.390275 2.530476 -2.940257
-4.715133 3.786465 -4.249357
-4.515738 3.138895 -4.225807
-2.947937 3.966168 -2.510681
-3.132351 4.000702 -2.581156
-3.109788 4.832770 -4.016717
-2.608569 3.313138 -2.936749
-1.688552 4.065149 -3.995836
-0.998786 3.581034 -3.832461
-2.277060 2.909417 -4.323247
-2.446177 2.359665 -2.723921
-1.059568 2.793525 -3.796084
-0.467235 2.665345 -3.131629
-0.790861 3.015420 -2.623679
-1.104948 2.984896 -4.688497
-0.083509 4.339617 -4.667468
0.475357 3.373897 -3.936457
0.592756 2.459970 -2.989675
0.859942 3.273657 -1.916656
0.792882 3.233935 -3.349658
1.397109 4.153260 -3.950063
2.413149 3.612452 -3.053805
0.752671 3.391325 -3.680082
1.900870 4.175603 -3.991291
3.280974 3.777449 -4.372677
2.897586 4.054110 -3.699935
2.666391 3.212385 -2.863414
3.309494 3.239442 -3.634491
2.670765 3.562839 -3.703428
3.696765 4.569859 -4.163837
3.920292 2.175882 -3.264099
4.733748 3.697339 -4.850112
-4.260028 2.881293 -2.821451
-3.880670 2.571941 -3.756515
-4.554678 2.990883 -4.231197
-3.035542 3.335178 -3.197945
-3.697226 3.466227 -3.583850
-2.959849 2.898029 -3.816442
-3.457081 3.785393 -4.399433
-3.092102 3.126339 -2.311519
-3.462898 4.021121 -3.527491
-2.455827 2.286019 -3.844303
-1.020501 3.682588 -3.321598
-1.186226 4.080775 -3.987867
-1.444196 3.100665 -4.269240
-1.073698 4.111827 -3.443956
0.254914 3.445077 -3.023540
0.618899 3.727904 -3.018969
0.259583 3.374681 -3.940100
1.033933 2.869190 -4.138434
0.734284 4.048548 -2.896716
2.076323 4.366570 -4.126344
2.165233 3.008777 -1.880876
2.319985 4.292982 -3.314631
1.686315 2.713835 -3.672561
2.269558 4.724026 -4.259693
3.682017 3.314303 -3.781780
4.067162 4.352077 -2.962769
3.160464 3.149616 -3.810195
3.794123 3.066171 -3.150286
3.460626 3.845807 -3.076894
3.724293 2.913618 -4.742165
4.494315 3.387283 -3.324877
4.704094 3.006365 -2.301520
-4.766483 3.341454 -3.581846
-4.811495 3.461266 -3.200495
-3.027684 4.658121 -3.500156
-3.989100 4.285235 -4.054865
-2.763115 4.429119 -3.585893
-3.598865 4.651951 -3.145587
-1.356238 2.670808 -4.027376
-3.163247 4.136628 -3.454234
-2.066233 2.838510 -4.762717
-1.191507 4.888652 -2.954660
-2.483463 3.864460 -3.719899
-2.524637 4.400867 -3.668167
-0.402730 3.192789 -4.359457
-0.021278 3.163123 -4.042448
-1.013046 3.277837 -3.020344
-0.899101 3.570714 -4.427618
1.851985 4.796488 -3.462161
0.090583 4.327830 -4.024475
-0.158206 2.250560 -2.824080
0.183460 2.145651 -4.240693
2.491301 4.047304 -4.125408
1.531879 2.759661 -3.320978
2.130180 4.214141 -4.003047
2.336654 3.043593 -3.563683
2.296427 4.691380 -3.050939
2.598215 3.505430 -3.317124
3.112967 3.003308 -3.597960
3.610167 3.632782 -3.974568
2.390224 3.340564 -4.053015
3.614592 3.401518 -3.646426
4.871634 4.526026 -1.948820
3.793579 4.232610 -2.421071
-4.663960 3.837595 -2.446870
-4.623446 3.306674 -4.534801
-3.953023 4.594859 -4.340180
-4.433690 4.431454 -3.896271
-3.134351 3.293065 -3.630961
-2.219220 4.117529 -3.297208
-3.373417 4.917899 -4.068772
-1.668107 4.079660 -2.992812
-2.018333 4.997316 -2.251283
-3.282107 4.748774 -3.789962
-1.332429 3.495084 -2.709895
-1.975544 4.467028 -4.167920
-1.973713 4.075834 -4.406589
-0.181181 2.931029 -3.857396
-0.243186 4.436862 -3.975451
-0.246067 4.332909 -2.206880
-1.227633 3.276573 -3.578660
-0.080138 4.476913 -2.545261
1.685843 4.280641 -4.307426
1.583952 4.805062 -3.364918
2.163611 4.063750 -2.982796
2.539760 4.495347 -3.943914
1.809790 4.400737 -3.861899
2.663211 3.374985 -4.434122
3.676376 4.929881 -3.516804
3.778171 4.446126 -3.887735
4.052233 4.705372 -2.976569
4.140144 2.924975 -3.587331
2.100241 3.081862 -3.417174
3.766157 3.287515 -2.599733
4.122318 4.763369 -3.586124
4.493229 4.008265 -3.086819
-4.239824 4.591876 -3.200964
-4.804081 4.514421 -3.630508
-4.595738 4.222131 -4.949733
-4.758156 4.333907 -4.907202
-3.427085 4.363650 -3.489104
-3.239422 3.305238 -4.157578
-3.388493 4.973585 -3.177938
-2.971475 4.843008 -3.684689
-2.533092 4.538975 -1.982753
-2.458025 3.950161 -4.084463
-1.797490 4.419846 -2.297688
-2.192392 4.507930 -3.513205
-0.654559 4.153033 -2.815898
0.294731 4.211463 -4.248533
0.559153 4.752967 -3.798517
0.433852 4.888162 -4.495839
-0.366772 4.254182 -3.647273
0.170346 4.166135 -3.055047
1.556511 4.617096 -3.351847
1.354476 4.374317 -3.345076
1.229426 3.363388 -3.795203
1.448913 3.684235 -4.848580
2.617980 4.920796 -4.138444
2.656727 4.698476 -4.163781
2.849002 4.177301 -2.751851
2.205454 4.914200 -4.781870
3.122132 4.510115 -3.762643
2.514851 4.588048 -3.194355
3.069278 3.534365 -2.695061
4.152834 3.579655 -2.680568
2.761364 4.207807 -3.088441
4.148533 4.198250 -3.380173
-4.465295 4.850147 -3.386153
-4.202241 3.572618 -3.143349
-4.142542 4.907098 -4.232250
-3.640879 4.356851 -3.561308
-4.236388 4.931544 -3.870955
-3.362689 4.094010 -3.713387
-3.654944 4.664390 -3.864376
-3.372854 4.712566 -4.114465
-2.562821 4.836772 -3.115091
-1.973017 4.963716 -2.929907
-1.182580 4.504865 -4.595015
-1.133092 4.772388 -3.304397
-1.330448 4.721836 -4.310779
-0.220367 4.391332 -1.812124
-0.271597 4.978571 -4.930707
0.453552 4.484178 -4.470301
0.583367 4.110969 -4.105765
0.419652 4.313489 -3.843357
1.777156 4.632969 -3.591486
2.114819 4.812486 -4.366617
0.995951 3.964125 -3.795470
1.434287 4.717480 -3.407159
1.336970 4.696431 -4.173305
2.157845 4.550192 -3.584135
3.045836 4.780341 -3.923514
2.363605 3.782152 -3.852747
3.960435 3.490299 -4.882180
4.025418 4.830311 -2.287506
4.321223 4.720015 -2.947853
4.293368 4.980690 -4.356464
4.723465 4.647036 -3.791306
4.543942 3.327291 -2.809150
-4.259471 -4.390591 -2.332355
-3.270103 -4.809654 -3.481978
-4.442967 -4.202360 -2.753863
-3.166666 -4.473907 -2.433956
-3.778308 -4.664458 -3.777060
-3.397050 -4.959578 -2.696790
-2.970524 -3.613861 -3.781841
-2.656423 -4.942162 -4.145161
-1.983738 -4.879750 -3.067033
-2.098233 -4.783732 -4.256965
-1.603688 -4.269274 -3.245588
-1.158310 -4.496276 -3.152425
-0.895922 -4.530050 -3.276530
-2.012131 -4.771679 -2.950534
-0.666817 -4.642525 -3.598838
-0.300927 -3.448492 -4.030881
0.992322 -4.693571 -2.614237
0.583259 -3.871327 -4.215712
1.996159 -4.617399 -4.217494
0.068956 -4.683123 -4.030429
1.693434 -3.964225 -3.550608
1.896864 -4.779429 -2.165089
2.828779 -4.750493 -2.728836
3.490106 -4.272789 -3.317330
2.376079 -4.665301 -3.631997
2.595368 -4.704021 -2.600172
3.597175 -4.518397 -3.011335
4.731066 -4.764545 -2.788345
3.901626 -4.798785 -2.108740
3.019796 -4.644532 -3.133005
3.349580 -4.449708 -3.334764
4.973933 -4.981529 -3.217850
-4.462012 -4.852420 -4.177888
-4.707766 -4.060285 -3.330800
-4.595071 -4.926462 -3.960260
-2.919462 -4.685509 -3.270896
-3.837208 -4.888669 -3.233817
-3.477037 -3.195941 -2.936023
-2.937749 -3.743779 -3.031858
-3.364202 -4.660897 -3.712420
-3.240252 -3.606642 -3.423147
-1.562999 -4.151400 -4.465795
-2.671731 -3.605130 -1.020719
-0.763448 -4.301917 -3.837901
-0.862331 -4.764797 -4.830390
-1.615067 -4.556545 -3.300903
0.073980 -3.825233 -3.751845
-0.057064 -3.969506 -3.120799
1.271958 -4.396302 -3.458549
-0.544155 -4.190132 -2.909840
0.739994 -4.548374 -4.072241
0.931737 -4.829710 -2.607868
1.689791 -3.504512 -2.911031
1.665605 -4.518439 -4.068357
2.957502 -4.663138 -2.521598
1.920914 -4.841774 -1.929817
2.207553 -3.978013 -3.135354
2.030180 -4.550566 -3.892948
3.796850 -4.350024 -3.292590
4.131348 -3.725829 -3.494764
3.533660 -4.588448 -3.785897
3.530030 -4.782913 -2.795496
4.966731 -4.883569 -2.936652
4.362111 -3.801280 -3.159166
-4.987363 -4.438366 -3.514500
-4.799180 -4.196493 -2.666384
-4.747350 -2.855144 -1.683749
-3.223923 -4.298479 -3.547026
-2.500397 -3.779472 -2.707387
-3.474429 -3.972218 -2.981329
-1.828419 -4.336793 -4.596350
-1.249326 -3.999615 -3.164378
-2.683314 -3.039360 -4.141983
-2.070512 -4.937717 -3.925543
-1.279183 -3.422719 -2.695278
-1.696429 -3.449398 -2.070229
-0.881787 -4.977486 -3.460199
-0.889514 -4.998888 -2.298162
-0.223917 -3.811424 -4.375013
1.253779 -4.462984 -2.474303
0.082073 -4.272542 -2.505355
0.343503 -4.291425 -2.615211
0.217417 -4.050789 -2.360272
1.065841 -4.091951 -3.544025
1.587935 -3.650802 -3.849566
0.596043 -4.488175 -2.682484
1.055176 -3.513626 -2.770454
1.311411 -3.970570 -3.149478
2.546038 -3.310634 -3.689026
2.528068 -4.135511 -3.653244
2.578012 -3.935912 -4.690727
3.097412 -4.891325 -1.977489
4.940952 -2.924606 -2.911349
4.397320 -3.865952 -1.594120
4.627753 -4.871929 -2.369102
4.488122 -3.519103 -3.069551
-4.360654 -4.819673 -1.838659
-4.911286 -3.211026 -2.771794
-4.939602 -4.168361 -2.504956
-3.805091 -3.950553 -3.280793
-3.365876 -3.153674 -2.098696
-3.605135 -2.758416 -3.351012
-3.651294 -4.092404 -2.771697
-2.818395 -2.397209 -2.970870
-3.057032 -3.318854 -3.853146
-0.526298 -4.115468 -3.839920
-2.138315 -2.960550 -2.851378
-1.454230 -4.773956 -4.107285
-0.821776 -3.183492 -4.938060
-1.075061 -4.123405 -4.385527
-0.403171 -3.964737 -3.682809
0.173808 -4.745462 -3.593600
-0.104724 -2.933471 -2.441357
0.319635 -3.097439 -2.354247
0.236475 -2.469248 -3.361875
1.093128 -3.927512 -3.185852
-0.038735 -4.528343 -3.507602
0.795644 -4.472663 -3.513756
2.603165 -4.563360 -3.547665
1.712247 -3.616792 -3.572271
3.339402 -4.575696 -2.962022
3.029934 -2.743146 -3.367862
3.156360 -3.695845 -2.955322
2.916276 -4.929203 -4.471624
4.237253 -4.223598 -3.123754
4.514843 -3.928873 -2.370698
4.738302 -3.552567 -4.707261
4.927160 -3.230881 -2.080222
-4.091017 -3.794730 -2.893124
-4.486967 -3.299848 -2.991479
-4.012111 -2.536776 -3.277854
-3.735945 -4.344697 -3.135735
-2.350367 -3.841879 -4.511611
-3.111610 -4.351908 -4.242410
-2.574111 -4.150511 -3.734675
-1.942440 -3.096697 -4.086359
-2.692687 -3.359477 -3.891515
-1.725281 -3.393224 -4.768419
-1.976669 -3.831958 -1.619051
-0.315518 -3.797637 -3.601105
-2.002730 -3.205015 -2.978883
-0.853020 -2.651590 -3.187168
-0.860470 -2.729007 -4.207156
0.673270 -3.006209 -3.292091
0.579212 -3.259359 -3.271379
1.100635 -2.827324 -3.324734
1.926371 -2.583695 -3.807849
0.865974 -3.948942 -3.148138
1.397115 -4.526141 -3.120514
2.315316 -3.724265 -3.034561
1.459140 -3.778633 -2.507255
1.122748 -3.642965 -3.779694
2.177182 -3.089235 -3.490912
3.844553 -2.583158 -2.349473
3.361270 -3.385880 -2.457994
4.804698 -3.453604 -2.353913
4.484552 -3.050601 -3.566868
4.147962 -3.579573 -3.449746
4.486430 -4.009957 -2.174960
4.186787 -3.343832 -1.964345
-4.263666 -3.267375 -2.071826
-4.392924 -3.659254 -3.132962
-4.244419 -2.808623 -1.979545
-4.066135 -2.945009 -2.477691
-4.410742 -2.807908 -2.423618
-4.232867 -3.917654 -2.316873
-2.343194 -3.122407 -2.746834
-1.124456 -3.485272 -3.132373
-3.625631 -2.858579 -3.521551
-2.483643 -3.699272 -1.631306
-1.258709 -2.864581 -3.435545
-2.278550 -3.150657 -3.034917
-1.179397 -2.586738 -2.543776
-1.250618 -3.916484 -3.691978
-0.526543 -3.633757 -3.269283
0.031274 -3.203071 -3.648789
0.193131 -2.247825 -2.908831
0.008082 -4.367690 -4.969046
1.382411 -3.400765 -3.437534
1.681423 -3.109700 -2.579629
1.122186 -3.810421 -3.771399
0.850670 -3.222127 -3.510147
1.694806 -4.062718 -3.663543
1.326478 -2.984954 -4.030366
3.216277 -4.422948 -2.867775
3.693859 -3.744562 -3.997278
3.300870 -2.463514 -3.724155
4.006127 -2.100940 -3.508124
2.933289 -2.718434 -3.469512
4.491600 -1.984953 -4.637530
4.631795 -3.306355 -2.704298
4.936263 -4.506832 -3.470252
-4.742847 -2.531615 -4.257724
-4.672324 -2.894476 -3.478074
-4.322380 -2.831272 -3.030855
-4.580101 -2.848124 -3.061353
-2.382242 -1.983884 -2.747585
-2.637363 -2.263777 -3.701683
-3.313406 -3.832731 -2.323255
-2.908518 -3.622661 -3.007564
-2.071224 -2.520052 -3.672619
-1.603243 -2.239413 -3.687562
-1.791229 -3.756704 -2.278477
-2.057416 -2.664495 -2.719277
-1.705304 -3.743346 -4.082804
-0.945363 -3.817601 -2.285315
-0.242428 -3.634903 -3.386460
-1.025152 -2.859076 -3.657692
-0.322741 -3.436501 -3.430954
0.320712 -3.341061 -3.848673
0.835889 -3.245891 -1.826992
0.031247 -2.599408 -3.016676
1.277967 -3.357121 -4.471897
0.832182 -2.765931 -2.757157
2.238357 -2.947565 -3.228555
2.332089 -2.450824 -2.696539
2.964764 -4.347201 -3.717114
2.744963 -2.403027 -3.827887
3.082241 -2.766277 -3.929229
2.268010 -2.045211 -3.301912
3.944591 -1.846516 -2.589222
4.669983 -2.846902 -4.114450
4.328076 -2.428239 -3.496390
4.002496 -2.926866 -2.673054
-4.279735 -2.898220 -2.705506
-3.862294 -3.106236 -3.845118
-3.007524 -3.682636 -3.516951
-3.900915 -2.520121 -3.173650
-2.923476 -1.938773 -2.854618
-2.976620 -2.859931 -3.989114
-1.641256 -3.325201 -3.329623
-1.921881 -2.904065 -2.625931
-2.083991 -2.407763 -2.837515
-1.237209 -2.388422 -2.390649
-1.345630 -3.165707 -4.043889
-2.670522 -2.879172 -2.384949
-1.614182 -3.893011 -3.089907
-0.744085 -2.328130 -2.368026
0.479360 -3.452579 -4.211021
-1.208162 -3.219527 -2.873412
-0.340510 -2.484126 -2.635008
-0.406296 -2.047643 -3.552206
0.817419 -2.198251 -4.165293
0.696267 -2.686428 -2.732938
1.193221 -1.732665 -3.377631
2.335659 -2.057115 -2.732162
1.068831 -1.991633 -3.611038
2.264108 -2.437439 -3.067409
3.656524 -3.384244 -2.980506
3.060987 -2.069824 -2.317366
2.960586 -2.882218 -3.038989
3.212263 -2.151814 -4.084704
4.112831 -3.260137 -3.265362
4.326700 -2.888787 -2.049083
4.408467 -2.942276 -4.227983
4.922445 -2.301636 -3.871929
-4.729340 -2.392074 -2.543700
-4.645839 -3.431951 -3.436752
-4.746249 -1.992391 -2.477881
-3.609641 -2.154582 -4.738663
-3.450963 -2.279602 -3.427231
-4.045660 -1.755323 -2.551871
-2.667784 -1.544174 -2.505726
-2.016547 -1.471560 -3.672304
-3.294643 -1.389751 -4.932604
-1.850578 -2.500827 -3.665711
-1.454751 -1.634103 -3.548170
-1.576496 -0.794603 -3.525427
-0.441417 -2.200159 -3.582728
-1.710743 -3.089807 -1.886292
-1.569560 -2.092168 -2.727962
-0.033887 -0.867337 -3.889283
-0.321042 -3.380745 -2.658254
0.939609 -2.915461 -2.943314
0.143347 -1.515135 -3.529113
1.307754 -2.966275 -3.866112
1.785661 -2.081569 -2.038787
2.136948 -2.468019 -3.853596
2.098169 -1.992985 -3.622971
0.825319 -3.350599 -2.662190
2.358096 -2.999279 -2.819925
3.867273 -2.816017 -2.764127
4.390667 -2.635055 -3.039861
3.167668 -2.253650 -3.284633
2.783919 -0.949792 -2.048827
4.343298 -2.746178 -3.322548
4.975804 -1.839772 -3.413411
4.138303 -2.025709 -3.055211
-4.450044 -1.221718 -3.916799
-4.847134 -1.224894 -3.444468
-4.829921 -2.087271 -3.057665
-3.417792 -2.448421 -4.852507
-3.542853 -2.587446 -2.493957
-2.682851 -1.571271 -3.409164
-3.447349 -1.721164 -3.911116
-2.129376 -2.189287 -3.016490
-1.976129 -1.677828 -2.958266
-1.036201 -2.532849 -3.707393
-1.749200 -1.851864 -3.003965
-1.668423 -1.675441 -3.036703
-1.410442 -2.531615 -2.229711
-0.584363 -2.599185 -4.059902
-0.350210 -1.736198 -2.879155
-1.112428 -2.192400 -4.073536
-0.214838 -2.337481 -4.060913
-0.615224 -1.982461 -3.435343
2.936337 -2.266430 -3.494577
0.748461 -1.000194 -2.624779
0.781813 -2.224015 -3.290472
2.055849 -2.564728 -2.288308
2.790936 -1.951896 -2.962418
1.173681 -2.265412 -2.930879
2.913163 -2.769643 -3.818629
1.724280 -1.667087 -2.875883
2.685833 -2.305522 -2.697648
3.901382 -3.215489 -3.747083
3.960974 -2.537040 -2.589700
3.493180 -3.304994 -3.073395
3.576563 -2.263615 -3.622730
4.148764 -2.165449 -1.879110
-4.973562 -1.002259 -3.596107
-3.205196 -1.469447 -3.210576
-3.880166 -1.710001 -3.148562
-2.369778 -1.852424 -2.589024
-4.465600 -1.739659 -3.605778
-4.237460 -1.151735 -4.048294
-3.151157 -2.705050 -2.960624
-2.763301 -0.838447 -2.992555
-3.341065 -1.734444 -3.133192
-2.842144 -1.437094 -3.892196
-1.359731 -2.779552 -4.227618
-0.923887 -1.663954 -3.555085
-2.044151 -2.053313 -3.175993
-0.517542 -2.679147 -3.667546
-0.617033 -3.565433 -4.797582
0.137307 -1.754315 -3.540774
-0.026593 -1.170664 -2.336477
-0.714866 -1.225672 -3.892978
1.620535 -1.216678 -3.637379
1.414224 -2.713913 -2.212023
1.829297 -2.561060 -3.910580
1.491995 -1.404747 -3.479337
2.072436 -2.791798 -3.025625
2.427959 -1.114519 -2.999964
2.572123 -0.476571 -3.443045
2.914418 -1.446817 -3.398544
3.379323 -2.103194 -2.254194
2.784265 -1.378924 -3.337017
4.673479 -2.088912 -3.439774
3.718970 -1.478971 -2.504480
4.223149 -2.266963 -3.143015
4.654382 -1.284871 -3.299456
-4.673884 -1.483259 -3.632548
-4.494173 -0.942022 -3.470274
-3.107939 -1.924838 -3.118065
-4.463487 -0.681441 -3.195331
-2.921767 -1.938502 -3.116222
-2.909030 -1.366369 -4.055615
-2.789618 -0.888720 -3.366923
-2.611940 -1.304334 -2.605057
-2.577429 -1.758474 -3.517133
-1.535948 -1.597395 -4.132446
-0.878210 -1.138239 -3.205209
-2.475119 -1.015809 -3.436517
-1.765882 -1.673329 -2.297390
-1.741197 -1.633041 -4.043066
-0.853926 -2.446008 -3.062096
-0.788399 -1.493308 -2.150105
-0.612160 -2.160609 -3.503300
1.406525 -1.897230 -2.002914
-0.556833 -1.139375 -3.769228
1.146969 -0.725032 -2.833266
1.252723 -0.768190 -3.934282
2.254178 -1.584452 -3.010463
1.729916 -0.693507 -4.133323
2.638692 -2.365391 -4.187419
2.429791 -2.093025 -3.195813
3.605725 -1.115431 -4.097251
2.855643 -1.159454 -2.535091
2.888322 -1.332317 -2.675784
4.643223 -1.215824 -3.071066
4.975344 -1.247786 -3.205062
4.889457 -1.502403 -3.269998
3.649459 -1.522008 -2.037411
-4.239268 -1.659244 -3.651769
-4.784515 -0.982403 -2.944456
-3.501999 -0.687595 -2.067520
-3.450707 -1.170014 -3.840361
-3.078562 -1.447781 -2.521087
-3.728647 -0.846307 -1.423211
-3.298726 -1.017663 -2.926084
-2.166292 -2.165795 -3.574204
-3.000994 -1.578528 -1.668991
-2.833920 -0.135444 -4.178662
-2.213629 -1.395557 -3.863222
-0.092055 -0.301933 -4.346022
-0.686316 -1.574339 -4.344341
-0.063314 -2.114978 -3.024721
-1.383929 -0.093970 -3.927851
-1.104586 -1.099438 -3.638491
-0.654277 -2.007828 -4.319372
0.576453 -1.278587 -2.711339
0.675671 -1.049421 -3.269973
2.260919 -1.615648 -3.268286
1.456697 -2.206839 -2.737036
0.924848 -0.564380 -3.147059
0.479639 -1.035857 -2.464425
2.441187 0.669428 -3.272485
2.077599 -1.338028 -3.009584
3.640668 -1.144937 -2.199889
2.162893 -1.126027 -3.017455
4.297131 -0.963919 -2.546433
3.342612 -2.022287 -1.670065
3.814604 -1.641723 -2.903880
4.657867 -1.511397 -2.354054
4.572764 -0.171786 -4.292252
-4.034904 -0.176302 -3.273854
-4.118664 -1.086158 -3.276255
-4.764089 -1.226690 -3.079047
-2.226074 -0.653588 -3.070016
-4.019497 -1.485125 -2.563820
-2.982068 -1.287167 -3.825002
-4.048214 -1.487677 -2.967653
-2.179648 0.354383 -3.368662
-1.353469 -1.161629 -3.741189
-2.242662 -0.351109 -2.541886
-1.836752 -0.499631 -3.060638
-1.322973 0.480063 -2.785700
0.054731 1.212048 -3.478691
-0.545615 -0.530387 -4.243066
-0.176646 -0.295544 -3.832743
0.547087 -1.015533 -3.518197
-0.053139 -0.249920 -3.184856
0.526838 -2.608075 -3.212075
0.878495 -0.717094 -3.429532
1.949656 -0.867695 -4.245771
1.966001 -1.433229 -2.869861
3.658699 -0.631967 -2.558107
1.455129 -1.775230 -3.152790
2.535854 -1.247873 -2.881598
2.300311 -0.904963 -2.495263
2.838611 -1.427448 -3.563757
4.078827 -0.505172 -4.674377
4.343490 -1.277087 -2.205817
4.660556 -1.346117 -2.879218
4.165456 -0.946515 -3.293528
4.352697 0.030197 -2.607481
4.857371 -1.657889 -4.469092
-4.922173 0.061359 -2.655678
-4.520369 -0.462099 -4.402210
-2.798823 -0.884121 -3.577592
-4.856660 -0.090348 -2.672722
-4.044683 -0.049594 -2.486356
-3.175097 -0.116742 -3.111698
-2.694589 -0.652607 -2.551136
-2.069342 0.225518 -2.897698
-2.677773 -0.624538 -3.390085
-3.193568 -1.281688 -3.035419
-0.879671 -0.631176 -3.117971
-2.056561 -0.068115 -3.263350
-1.228583 -1.171901 -3.122659
-0.996325 -0.965479 -3.833678
0.016823 -0.941644 -4.045828
-0.415505 -0.926550 -3.520019
-0.196488 -1.017086 -3.635854
0.603869 -1.490551 -3.328073
-0.870515 0.078322 -3.981350
-0.187297 1.000170 -3.279996
0.994083 0.038336 -4.638077
2.590770 -1.361366 -3.001469
1.347125 -0.374500 -3.920764
3.717736 -0.390797 -3.254173
2.688205 0.173748 -2.835860
2.979390 0.400807 -4.402452
2.807558 1.132405 -2.464493
3.371595 0.167591 -3.257193
3.411244 -0.662169 -4.913404
3.386570 -0.742847 -2.757820
4.953624 -0.594897 -3.729314
4.899368 -0.272566 -3.301609
-3.752685 1.246857 -2.195993
-2.665757 0.109769 -3.156250
-4.450770 -0.291311 -3.257889
-4.131770 0.326904 -3.232410
-3.132290 0.416256 -3.679399
-3.191360 0.927659 -3.384790
-2.866688 0.630091 -3.343741
-2.969406 0.585651 -4.137968
-2.415694 0.483665 -4.135026
-2.838123 -0.066773 -3.532450
-1.011128 -1.433005 -3.456492
-1.241315 -0.957947 -3.443223
-1.670072 0.708001 -2.668799
-1.039003 -0.484012 -3.669766
0.473542 0.358486 -3.411849
-0.316015 0.077276 -3.090806
0.050721 -0.848854 -3.202902
0.636599 -0.596993 -2.578492
1.155661 -0.407538 -4.254959
1.432425 -0.599670 -3.729788
0.702587 -1.071628 -1.689489
2.261569 -0.661593 -2.328855
1.488075 -0.503552 -3.973393
2.618011 0.162797 -3.518874
2.813734 0.168877 -2.801316
2.313436 0.215982 -3.938588
2.406953 -0.294734 -2.971568
3.586860 -0.876883 -3.722108
3.628783 0.215453 -3.436876
3.460468 0.832562 -2.564460
3.493657 -0.232634 -2.952416
4.430866 1.206887 -4.833829
-4.730116 0.504379 -3.058487
-3.618230 1.438183 -3.343440
-4.146843 -0.575638 -3.415301
-3.896423 0.023856 -2.892256
-3.948770 0.383023 -4.138708
-3.258412 0.363010 -2.895484
-2.236161 1.454585 -3.898460
-2.675474 -0.271579 -3.204121
-0.997960 0.089867 -3.253269
-1.606136 0.563436 -3.039632
-1.557012 -0.958265 -2.219344
-0.949456 0.900094 -2.576020
-0.656755 0.603825 -2.896609
-1.711001 0.127016 -3.545585
-0.617629 0.488000 -4.289160
-0.003718 -0.048142 -4.279228
0.181378 -0.442806 -3.721375
-0.818482 0.528292 -4.079590
0.307456 -0.017777 -3.190140
0.171774 -0.458715 -2.429709
1.786048 -0.497131 -2.976928
1.966639 0.195446 -4.173909
2.051662 0.614905 -2.001733
2.858290 0.345356 -1.517756
2.000046 0.495245 -2.443684
3.385197 -1.033425 -3.028607
3.291778 -0.381739 -3.499625
3.190922 0.011271 -4.384455
3.723551 0.640650 -2.795281
4.397050 1.403253 -2.766935
4.891932 -0.047986 -2.722147
4.739897 0.624236 -3.336901
-4.957670 -0.984448 -3.294287
-4.779340 1.079489 -2.847926
-4.431465 -0.218217 -3.010721
-3.819641 0.954296 -3.242183
-3.284294 0.623320 -3.241298
-3.833432 -0.421450 -3.246273
-3.675169 -0.300656 -4.355286
-3.433996 -0.718072 -2.802561
-2.690654 1.202907 -4.095059
-1.300512 -0.041314 -3.244978
-1.334551 -0.283604 -2.935276
-1.932798 1.410490 -2.891727
-2.361970 0.474432 -3.383388
-1.198422 1.463139 -2.970340
-0.279923 1.291091 -3.307434
0.265535 -0.150982 -3.242340
-0.248805 0.847991 -3.534122
1.360423 -0.084222 -2.894958
1.226891 -0.398512 -2.910096
1.956698 -0.148406 -4.190590
1.763710 0.606852 -3.654585
0.517482 1.063427 -3.588096
2.237117 0.642750 -3.570687
2.137008 1.670209 -2.661477
3.481679 0.469566 -4.364773
3.180605 1.122224 -4.367655
3.447603 0.823471 -4.677652
4.016510 0.086604 -3.412178
4.766665 1.490996 -2.901104
4.204980 0.700756 -3.644267
4.017506 -0.022327 -3.721870
3.863446 0.875647 -3.028015
-4.802333 0.158319 -3.304201
-4.484182 1.952570 -2.240062
-3.325520 0.434229 -3.610698
-4.056938 1.023552 -4.082468
-3.782143 1.249200 -3.780311
-3.839997 1.940634 -4.096752
-2.319339 -0.387217 -3.361017
-2.552037 1.038590 -3.711847
-1.869352 1.677348 -4.780496
-2.409402 0.198395 -3.984935
-1.917320 1.597037 -1.828961
-1.160384 1.488931 -2.821850
-1.530911 0.713080 -2.377054
-1.213466 -0.143977 -3.994405
-1.686702 -0.640028 -2.960617
1.144720 1.294645 -3.697638
0.566345 0.554676 -3.456820
1.178898 0.650197 -2.769587
0.421132 1.131691 -4.322917
0.174041 0.679008 -3.025770
1.451158 1.225696 -3.137135
1.580244 -0.602941 -4.410656
1.231830 0.516980 -3.591231
2.055286 0.979242 -2.778114
2.727268 1.704200 -3.528867
2.577531 0.787060 -3.549578
3.698025 0.110114 -3.690160
3.119549 1.607492 -3.718877
3.236222 1.026532 -2.910381
4.364157 0.110390 -3.892815
4.322539 -0.438311 -3.427183
4.854070 0.655736 -2.838826
-4.965033 1.971096 -3.354445
-4.582851 0.569767 -3.200772
-4.705680 1.621992 -4.263116
-4.069331 0.463898 -3.197896
-3.315588 1.563823 -3.232548
-2.735430 0.768964 -4.141909
-2.482707 1.059575 -3.162600
-2.582068 2.154401 -3.112964
-0.709412 1.361202 -3.500663
-1.897900 -0.441527 -2.640765
-2.524580 -0.254849 -3.428652
-1.575599 1.245387 -2.129918
-2.138005 0.784904 -3.120476
-0.636367 1.074036 -2.598111
-0.536045 0.479446 -4.500689
0.645962 1.406405 -3.511174
0.372541 0.540041 -2.996671
-0.266427 0.370343 -3.775016
-0.078999 0.601442 -3.093737
-0.029912 2.044237 -2.007416
0.405100 0.689227 -3.983025
2.685636 0.723118 -2.766370
2.389603 0.448175 -4.045016
1.926742 0.114408 -3.621737
1.599013 1.638057 -3.239922
2.037432 1.014643 -3.738300
3.351600 1.411630 -3.766887
3.797826 1.753569 -4.253540
4.343866 0.397595 -3.001292
4.292746 0.266527 -2.726707
4.294179 1.098261 -3.773097
4.136783 0.574878 -3.614779
-4.478037 1.201292 -2.474079
-4.803289 2.618535 -3.131687
-4.913523 1.930545 -3.224897
-3.750117 0.532330 -1.806187
-3.143837 1.970422 -3.042234
-3.189924 2.034507 -1.510499
-2.955497 2.291855 -3.926633
-3.099937 0.824789 -2.662070
-1.868244 3.223124 -2.907681
-2.995421 1.743153 -3.672943
-1.458091 2.372651 -1.830005
-1.266110 0.175731 -4.658094
-0.844769 1.986641 -4.279361
-0.927579 1.480204 -3.652726
-0.823914 0.972806 -3.261054
-0.063818 0.333048 -3.321332
-1.138562 2.547455 -2.791094
0.008901 1.082128 -3.631454
0.993400 1.512428 -3.371196
2.078386 0.614940 -3.203314
1.891237 2.399538 -4.059406
1.440303 1.633157 -3.557883
1.873953 1.790403 -2.948294
2.444152 1.699358 -3.181164
1.931706 2.243423 -3.497896
2.629815 1.110392 -2.958571
3.073029 1.439559 -4.476344
4.795649 2.293851 -3.475552
3.933127 2.239936 -4.486721
4.947473 -0.289601 -3.029388
4.629121 1.886756 -1.085132
3.365473 1.571522 -4.603130
-4.236206 1.534230 -4.556859
-3.924846 1.817447 -3.171265
-3.994031 0.422906 -3.516091
-4.706003 2.101875 -3.711731
-3.812497 1.238140 -2.708097
-3.914875 0.744968 -3.028517
-4.691947 2.323444 -2.345727
-2.803145 2.124190 -2.463999
-2.315337 2.440722 -3.593249
-1.419564 2.812072 -3.417630
-2.169195 0.841918 -3.829933
-1.625545 1.666017 -2.381763
-0.528874 1.319449 -3.633295
-1.168000 1.048684 -3.322296
-0.329413 1.145801 -1.312539
-0.015291 1.843675 -3.567806
1.015613 1.640262 -4.420999
0.906033 0.323105 -2.664975
0.910031 2.560391 -3.160852
1.640406 1.012971 -2.989738
2.036977 2.849629 -3.848044
1.460764 1.065693 -3.790813
1.231909 1.446548 -4.050456
1.697637 1.480435 -2.551655
3.344762 0.777821 -2.685464
2.674639 1.831481 -3.071830
3.346404 2.162859 -4.983403
3.417857 1.704708 -3.373955
4.571693 2.052976 -2.178518
3.609035 2.369452 -3.123335
3.872731 1.869381 -2.043914
4.113879 1.391222 -2.591604
-4.860442 1.797064 -2.536026
-4.904402 3.145324 -3.071907
-4.520221 1.791439 -2.257553
-4.772881 2.206669 -3.371859
-3.039038 1.782198 -3.369080
-2.620515 2.305100 -3.992310
-3.013413 2.643284 -4.089780
-2.698033 2.016568 -2.969600
-1.303167 1.900530 -4.822808
-1.568951 1.457218 -3.112411
-2.382604 2.438097 -2.602266
-1.446413 2.217571 -3.244652
-0.289352 2.372756 -2.651906
-0.410695 1.538459 -4.096664
-0.820150 3.651759 -3.728589
-0.530067 2.267088 -2.263842
0.198695 0.686177 -3.639337
-1.207669 0.964699 -3.766712
0.445931 2.242717 -4.591124
-0.221649 1.590989 -4.459958
2.130904 1.710946 -3.391935
1.048021 1.333071 -4.866584
3.663763 1.481425 -2.487461
3.115529 2.356484 -3.382846
3.708921 2.397922 -3.652421
3.306295 2.328071 -2.943683
3.235225 2.365660 -3.137405
4.353720 3.523259 -3.665835
3.941807 1.854098 -3.462332
3.090697 3.127327 -3.393476
4.040919 1.813638 -2.422362
4.376190 2.637042 -3.173969
-4.697219 1.287725 -1.824478
-4.892981 2.623584 -4.054486
-4.365175 2.566263 -4.122267
-4.084773 2.317710 -2.617971
-4.123593 2.935496 -3.490072
-3.002418 2.257573 -2.737599
-2.446077 3.193732 -3.992611
-3.057309 1.956315 -2.500096
-2.588624 2.520897 -3.750434
-2.267817 2.896437 -4.082058
-1.491692 2.931775 -3.607291
-1.872237 3.425416 -3.679761
-0.874714 2.173054 -2.674199
-1.675630 2.325460 -3.472798
-0.874753 2.512444 -2.628571
-0.474450 2.626905 -2.435514
-0.711713 1.076464 -4.364222
1.278041 1.158046 -2.838209
-0.172327 3.160145 -2.990093
2.180916 2.494342 -3.404323
0.831182 1.695463 -2.737236
-0.056277 1.551934 -3.141532
2.345994 2.072464 -2.560635
3.162373 2.627623 -3.884542
3.701770 2.578727 -2.855366
3.400401 1.807093 -2.744540
3.624252 2.771734 -3.007880
4.516718 2.916895 -2.087080
3.366359 2.372764 -2.674948
4.234198 2.368776 -2.545833
4.446502 1.857857 -2.547060
4.600267 3.161279 -1.930313
-4.309299 2.913460 -3.123199
-4.412257 2.260120 -2.377200
-4.515697 2.441550 -2.730902
-3.032807 1.146138 -2.880599
-3.656454 4.055580 -2.582428
-3.494992 3.411890 -2.864155
-2.169542 3.347287 -3.305843
-2.582320 2.468633 -4.111407
-3.093036 2.458615 -3.828372
-1.873752 3.020321 -2.778536
-2.347456 4.561197 -3.401212
-2.250942 2.909416 -3.547235
-1.141542 4.676674 -3.761719
-1.298051 3.128010 -3.205725
-1.558712 2.953210 -2.753523
-0.228343 1.758972 -2.643053
-0.739297 2.424074 -2.664039
0.317015 1.671714 -4.175081
0.962977 1.965111 -3.191564
1.533560 2.308855 -2.531312
0.797637 2.745147 -3.889554
0.117581 2.453028 -2.494015
2.260267 2.462029 -4.793224
2.580710 4.056756 -2.800564
3.755825 4.485856 -3.270261
2.754158 2.885011 -3.323384
2.883641 2.988672 -2.071644
3.065859 2.657135 -4.317114
3.922904 2.970599 -3.660561
3.935715 2.904781 -2.824492
4.957936 4.182097 -2.594652
4.634774 4.046222 -4.082958
-4.605713 2.472764 -3.641292
-4.050128 2.585812 -3.310180
-4.109301 2.324301 -3.488828
-4.722905 2.796457 -3.349283
-3.965545 2.937520 -2.487235
-3.656668 3.252188 -3.710925
-2.748298 4.025724 -3.736716
-3.087683 2.593135 -3.139981
-2.532384 3.721911 -3.200192
-2.135334 3.255165 -4.323664
-1.816425 3.878478 -2.269313
-1.612673 1.744858 -3.301524
-1.861474 2.444304 -3.713682
-1.268398 3.757995 -2.103689
-0.600703 2.621775 -3.866382
-0.783289 2.782468 -2.537487
0.046760 2.960427 -3.323198
0.188335 1.847471 -2.723010
1.304317 3.209311 -2.366657
0.423403 4.457841 -3.937778
1.807470 3.859376 -2.815621
1.132113 3.921901 -3.542763
2.856160 1.484031 -3.269849
2.662092 3.169422 -1.831696
2.820837 2.751770 -3.698822
1.566889 3.949995 -2.758507
4.032823 2.817188 -2.672054
4.935172 2.886666 -3.583715
3.587326 2.488190 -2.021198
2.984038 3.259871 -3.721838
4.135334 4.317474 -3.505780
4.549768 3.012745 -3.188673
-4.721503 2.632979 -3.253190
-4.546959 3.060912 -4.363968
-4.284628 3.754612 -4.253689
-3.353872 3.759421 -2.513119
-3.575766 3.280598 -3.004596
-2.544296 4.278722 -3.868597
-3.313796 3.294062 -2.646724
-2.374252 3.677406 -2.692103
-2.060153 4.010557 -3.896333
-1.984146 3.264174 -4.348642
-2.289837 3.161133 -1.894852
-1.849915 2.691668 -3.026763
-0.839415 3.331391 -3.510099
-0.434242 3.133216 -1.557184
-0.116616 2.921184 -3.746973
-0.032311 3.824184 -3.218687
0.495587 3.059720 -2.318228
1.379556 3.389884 -3.564302
1.104411 3.505170 -1.788812
1.096244 2.867925 -3.245808
1.517648 3.996319 -3.416294
2.895808 3.503879 -3.010910
1.241962 2.687257 -2.240433
1.879403 3.940246 -3.201680
3.663341 3.095104 -3.109513
3.269199 3.160819 -2.427323
2.648423 3.755986 -3.147319
4.251638 2.408455 -2.819833
3.003187 3.114523 -2.669816
3.456568 4.403024 -3.334872
3.744583 2.971645 -3.816964
4.600338 4.272441 -4.867405
-4.641044 2.807985 -3.065589
-3.785243 2.802638 -3.732428
-3.854404 2.887123 -3.541087
-4.340735 4.114332 -4.038881
-3.139372 3.540985 -3.591846
-3.079999 3.401040 -3.001970
-3.252330 3.805519 -3.418755
-3.427611 3.088264 -1.894549
-3.011663 4.177065 -3.439941
-2.133126 2.481769 -4.429706
-0.859709 3.482649 -3.648871
-1.150587 4.090602 -4.415465
-1.638075 3.311696 -3.390962
-1.194262 4.266405 -3.726571
0.270075 2.717422 -2.754160
0.519056 3.379468 -2.417349
0.590715 3.059245 -4.184045
0.458810 3.205201 -3.964410
1.130380 2.916812 -2.711774
1.595951 3.409882 -3.793869
2.258169 3.240764 -1.976960
2.145325 4.527127 -3.030888
1.414859 3.249332 -3.782369
1.984993 4.254031 -4.408847
3.790576 3.570100 -3.411666
3.663146 4.346685 -2.443009
3.198177 3.601656 -4.012772
3.830450 3.444515 -3.171471
3.114794 3.151855 -3.270003
4.066214 2.878385 -4.198541
4.670168 2.846919 -2.948091
4.644588 3.635854 -2.523722
-4.614755 2.875240 -3.304107
-4.293371 3.919742 -2.739474
-3.551718 3.870781 -3.347583
-3.670859 4.600034 -4.140425
-2.552380 3.584344 -2.840693
-3.006798 4.234467 -2.986498
-1.968782 3.189446 -3.980379
-2.837043 3.343916 -3.903716
-2.496718 2.921804 -4.453257
-1.700601 4.534778 -2.779026
-2.042611 4.485654 -3.639741
-1.210037 4.196211 -3.524115
-0.775459 3.015984 -4.260524
-0.450982 4.193496 -4.058709
-0.862859 3.073622 -2.460642
-0.245565 4.576533 -3.540649
1.005437 4.832497 -3.611582
0.693970 3.571410 -3.178929
0.018964 2.703247 -2.469043
0.839767 2.953946 -3.711624
1.488195 4.466549 -3.210207
1.603936 3.463968 -3.136693
1.704589 4.515232 -3.011300
2.025773 2.505838 -3.047248
2.131934 4.744431 -3.074574
1.978125 3.600501 -2.217780
3.475738 3.516478 -3.963641
3.231905 3.405477 -3.531753
3.271532 3.416003 -3.102689
3.833785 3.649334 -2.942755
4.552029 4.024460 -1.801726
4.490604 4.610569 -2.759662
-4.446577 4.214823 -2.818966
-4.832735 3.681570 -4.231542
-4.794780 4.008005 -4.830186
-3.724537 4.727624 -3.687543
-3.146383 2.849790 -3.006147
-3.318979 4.139081 -2.179295
-2.861964 4.776934 -3.889160
-2.647136 4.877720 -3.403730
-2.288827 4.609468 -2.367374
-2.721101 3.490710 -3.387732
-1.726392 2.280101 -2.499743
-1.412906 4.585710 -3.091100
-1.699298 4.467295 -3.713997
0.553619 3.175847 -3.548567
-0.487546 4.479657 -3.479442
-0.797184 4.502283 -1.643113
-0.736059 3.011352 -3.940381
-0.041448 4.189360 -3.066015
1.705952 4.303776 -3.827357
1.694202 4.800724 -3.272216
2.057180 3.188430 -2.645502
2.507704 4.915286 -2.675210
1.636146 4.151409 -3.934733
2.790223 2.994925 -3.890466
3.228638 4.172722 -3.186120
3.581155 4.458101 -2.897657
3.381740 4.570906 -3.285757
3.921534 3.402121 -3.594296
2.860285 3.127500 -3.541867
4.141780 4.231926 -2.657879
4.150984 4.348217 -4.275452
4.335501 4.992282 -2.554332
-4.824783 4.231906 -2.669269
-4.868954 4.366332 -3.246222
-3.556357 4.740983 -3.914287
-4.018042 3.494924 -4.501640
-3.589505 4.947257 -2.440193
-2.916555 3.739190 -3.570226
-2.992537 4.989356 -2.962805
-3.181134 4.815658 -2.792911
-2.115589 4.684450 -1.415371
-2.571213 3.488582 -3.387898
-1.770706 4.403419 -2.866711
-0.942317 4.452168 -2.821289
-0.423314 4.385746 -3.306634
-0.025314 3.933223 -4.094355
-0.110950 4.793487 -2.321250
1.064595 4.396679 -4.141123
-0.149262 4.412019 -3.780882
0.859327 4.380093 -3.142005
1.787240 4.423662 -3.469065
1.763084 4.781089 -2.877927
1.164340 3.618893 -4.182193
2.286544 4.744731 -4.097678
1.737074 4.353703 -4.019186
2.542049 4.368636 -3.460167
3.387689 4.470232 -2.635851
2.491770 4.868226 -3.065418
3.915049 4.059322 -3.373861
2.988149 3.993081 -3.543389
3.599171 4.162485 -2.649953
4.876516 4.264542 -2.331124
3.211883 4.390770 -3.015404
4.308427 3.860781 -3.606778
-4.113158 4.816454 -2.737204
-4.363932 2.986507 -3.304305
-4.415164 4.975550 -3.527753
-4.017031 4.774629 -3.730834
-4.035484 4.936792 -3.226921
-3.038303 3.961052 -3.511431
-3.860579 4.544760 -3.329974
-2.811956 4.933688 -3.487791
-1.961862 4.734642 -2.753705
-2.866873 4.815801 -2.693948
-0.627443 4.226091 -4.683983
-0.845293 4.939227 -3.407381
-1.578876 3.972282 -3.604476
-0.561467 4.404407 -1.491808
-0.429241 4.990299 -4.895456
0.391029 3.990452 -3.890697
0.547541 4.381582 -3.301424
0.061084 4.712390 -3.432175
0.652587 4.787651 -2.629636
2.056371 4.926539 -3.923501
1.021995 4.306856 -3.613322
1.325918 4.858871 -3.511327
0.737852 4.529832 -3.431371
2.046705 4.157608 -3.418056
3.999406 4.960668 -3.516734
3.183014 3.855510 -4.045584
3.705732 4.003757 -3.400090
3.789331 4.726884 -2.297262
4.868079 4.787821 -3.008114
4.760409 4.978258 -3.559306
4.539288 4.746130 -3.387779
4.256702 3.430516 -2.649023
-3.941023 -4.608885 -3.157905
-3.707705 -4.765989 -3.600471
-4.323545 -4.274813 -3.471164
-3.855038 -4.576169 -3.040122
-4.270679 -4.828042 -2.944695
-3.344161 -4.989915 -2.210907
-3.442836 -3.811184 -2.757456
-2.301704 -4.665016 -3.315168
-2.133536 -4.973672 -2.651138
-2.340191 -4.556462 -4.165344
-1.465934 -4.326686 -3.102465
-1.286030 -3.767842 -2.449889
-0.000949 -4.442050 -3.155275
-2.246973 -4.596651 -3.074713
-0.302969 -4.777646 -2.474114
-0.086315 -3.234293 -3.555262
0.753408 -4.347844 -2.960144
-0.058236 -3.689477 -3.897585
1.929114 -4.398920 -3.582838
-0.374906 -4.464453 -4.028142
2.084237 -4.339391 -2.493868
2.185590 -4.914301 -2.763240
2.676060 -4.745525 -2.922151
3.025351 -4.698185 -3.529648
3.349458 -4.743186 -2.688159
2.470311 -4.510460 -2.315930
3.441844 -4.407485 -2.522908
4.504619 -4.692647 -2.880717
4.339388 -4.865889 -2.241446
3.797230 -4.952395 -2.145614
3.762699 -4.342798 -3.620630
4.950353 -4.932022 -3.361188
-4.710564 -4.824942 -4.053908
-4.642546 -3.817478 -2.674853
-4.192651 -4.877813 -3.580141
-2.925127 -4.381688 -3.757662
-3.314947 -4.559699 -3.148646
-3.186154 -3.853297 -2.781069
-3.350212 -3.638003 -2.883684
-3.501797 -4.632196 -2.704777
-2.372882 -4.280166 -3.701321
-2.038901 -4.463995 -3.494103
-3.508381 -4.211433 -1.190320
-0.723801 -4.512919 -3.418749
-1.472877 -4.990188 -4.226871
-1.152332 -4.480412 -3.427714
0.123413 -3.928823 -3.625166
-0.042279 -4.259549 -2.832670
0.993450 -4.736245 -2.960890
-0.741193 -3.791829 -3.000370
0.297336 -4.801568 -3.114598
0.693769 -4.758586 -1.896150
2.099728 -4.051847 -2.767226
1.225988 -4.291663 -3.395770
2.850531 -4.632105 -2.605491
1.406931 -4.933127 -1.931254
2.172858 -4.180192 -2.784391
2.982342 -3.967926 -3.036544
3.474266 -4.383887 -3.053613
3.514336 -4.091228 -3.194162
3.569710 -4.272141 -3.558294
3.556646 -4.368116 -2.379679
4.986526 -4.710503 -2.555053
4.031808 -3.976075 -2.829871
-4.963890 -4.132236 -2.712025
-4.955091 -4.794646 -2.783842
-4.075254 -3.260135 -2.367349
-3.669162 -4.086273 -3.187676
-3.471535 -3.839836 -2.543062
-3.326487 -4.172037 -2.344366
-1.977721 -4.395134 -3.911095
-1.904042 -4.666786 -3.313142
-2.511613 -2.588472 -4.213599
-2.303038 -4.918196 -3.808890
-1.480532 -2.825810 -1.808210
-1.735345 -3.728768 -2.454038
-0.964398 -4.565371 -3.764577
-1.620484 -4.844529 -2.189071
-0.695035 -4.093841 -3.636482
0.290545 -4.730636 -1.510592
-0.017818 -4.966487 -1.328229
0.165509 -4.732731 -2.589175
0.533836 -3.599013 -2.831195
0.693083 -3.632327 -4.073955
1.587502 -3.744996 -3.697850
0.526950 -3.652172 -2.157385
1.211894 -4.219962 -3.167848
1.433950 -3.953696 -2.581499
3.311194 -3.554884 -3.435667
2.632941 -3.790664 -3.083307
3.813956 -4.788128 -3.438170
3.144844 -4.768643 -1.635419
4.430820 -3.741105 -2.548831
4.434992 -4.303366 -1.576406
4.919912 -4.867311 -1.844080
4.351370 -3.577089 -2.974715
-4.857166 -4.670680 -2.714250
-4.626914 -3.611660 -2.787288
-4.981746 -3.964527 -1.468827
-4.030718 -3.826597 -2.371475
-3.262419 -3.703735 -2.594771
-3.378583 -3.001889 -2.575906
-3.555326 -3.709791 -1.983092
-2.643013 -3.396511 -3.047410
-3.119014 -3.386690 -4.120666
-1.970434 -4.400917 -3.264800
-2.531481 -3.224048 -2.552045
-0.956170 -4.620958 -4.009315
-0.826286 -3.415143 -4.864637
-0.811796 -3.985707 -4.335938
-1.090752 -4.108075 -3.652112
-1.631767 -4.505841 -3.455414
-0.495156 -3.475223 -2.560649
0.370404 -3.496454 -2.326566
0.411589 -3.283231 -2.491703
0.799181 -4.294515 -2.255535
-0.157216 -4.851982 -2.977280
1.510448 -3.879650 -2.757212
2.763669 -4.883853 -3.142604
1.108041 -3.564922 -4.040647
3.130089 -4.204085 -3.186425
2.056142 -2.800693 -3.169579
3.273978 -4.263864 -1.864969
3.945939 -4.933110 -4.262235
4.010410 -3.872937 -1.742042
4.623720 -4.110733 -1.939561
4.430455 -2.179377 -4.022953
4.803026 -3.260107 -2.353994
-4.286601 -3.447464 -2.650322
-4.710312 -3.622885 -2.085147
-3.867605 -3.026000 -2.773493
-3.519563 -3.816552 -2.395156
-3.680636 -3.827435 -3.868313
-2.433827 -4.206948 -4.423469
-1.755103 -4.337609 -2.904634
-1.656402 -3.252233 -3.688726
-3.019575 -3.784556 -3.382198
-2.051349 -3.547752 -4.426645
-1.703792 -4.139403 -2.315821
-0.481142 -2.892694 -1.936541
-2.182107 -2.553169 -2.431175
-1.562876 -4.255423 -2.936842
-0.543816 -2.951020 -3.594710
0.566235 -1.926491 -2.892005
1.444916 -3.186883 -2.756969
0.336119 -2.064253 -3.389120
1.749301 -2.934469 -3.002461
1.080524 -4.075035 -2.625724
1.325115 -3.774758 -3.461398
2.527570 -3.668268 -2.967055
0.949077 -3.437621 -1.985375
1.805656 -4.411581 -3.410010
2.540265 -3.242021 -2.672150
4.481237 -3.069734 -2.213169
3.540822 -3.557203 -2.242831
4.323608 -3.391142 -2.388149
4.107619 -3.478759 -3.579607
4.057979 -3.359073 -3.487902
4.610158 -3.209239 -2.566922
4.423785 -3.273812 -2.193523
-4.569863 -3.351060 -1.880320
-4.110938 -4.496992 -2.582509
-4.665297 -3.664762 -1.911493
-4.093223 -3.171050 -1.427770
-4.322242 -3.319655 -2.511112
-4.322572 -3.838278 -1.859407
-2.797392 -4.570771 -2.338798
-2.150734 -2.955952 -3.928825
-3.989865 -3.790245 -3.572766
-2.697153 -3.911457 -1.906188
-1.414837 -1.902181 -3.004559
-2.272486 -2.644473 -3.105367
-1.199611 -2.379409 -2.792872
-0.833745 -4.073168 -3.497445
-0.778765 -2.935436 -3.097951
0.030624 -3.565444 -2.764341
0.702334 -2.840734 -2.398201
-0.079627 -3.751682 -3.062019
2.020217 -2.606964 -3.524376
1.174835 -3.077185 -2.053893
0.674396 -4.044998 -4.239806
0.924040 -3.540291 -3.333151
1.790668 -4.067305 -3.444925
1.152140 -3.171748 -3.604251
2.805267 -4.077538 -2.448864
2.364126 -3.497137 -3.394641
3.215169 -1.448076 -3.482980
4.674077 -3.169280 -3.643800
2.144833 -3.186399 -3.063627
3.828640 -1.847403 -3.339538
4.286676 -4.695863 -2.755355
4.898231 -3.299272 -2.721587
-4.878717 -3.717190 -3.057920
-4.862120 -2.979095 -2.976308
-4.358465 -3.023320 -2.956223
-4.754703 -2.652339 -2.718495
-2.759992 -2.578540 -3.086972
-2.811562 -2.956571 -3.648597
-3.929369 -3.277780 -2.442270
-3.273328 -3.464412 -2.409196
-2.054984 -3.450096 -2.513093
-1.616177 -2.763765 -3.646893
-2.372372 -2.509245 -2.963266
-1.838928 -2.818737 -2.993214
-1.944260 -4.002073 -2.719313
-1.091480 -3.354192 -2.597983
-1.123237 -3.002925 -3.151617
-2.163839 -2.980989 -3.180146
0.120508 -4.075546 -2.998580
-0.462352 -2.448835 -3.231049
0.227663 -3.151821 -2.136084
0.006653 -1.983399 -2.182372
1.051990 -3.972226 -3.860774
0.237952 -2.814623 -2.562814
2.107393 -2.780120 -3.338712
2.670662 -2.800606 -1.762266
3.493215 -2.887756 -2.943703
2.182926 -2.707026 -3.994918
3.012787 -2.209212 -3.864620
3.078866 -1.878255 -2.607163
3.677968 -2.327213 -2.931015
4.652132 -3.044363 -2.986731
3.783497 -2.562530 -2.499640
4.613579 -2.494171 -2.139610
-4.272151 -2.681768 -1.981579
-4.055641 -2.462726 -3.085701
-3.011197 -3.158355 -3.654859
-4.056842 -2.927810 -1.990414
-3.578688 -2.585613 -3.324890
-2.499024 -3.562108 -3.615095
-2.723912 -3.028664 -3.402689
-2.405124 -2.665920 -2.889276
-2.590803 -2.823178 -3.063766
-1.055735 -2.710458 -2.198669
-1.208658 -2.486389 -3.859599
-2.426017 -2.777357 -2.490129
-0.965417 -3.780744 -3.169479
-1.566041 -3.019660 -2.209363
0.213460 -3.017904 -3.407710
-0.889728 -2.824573 -2.186453
0.201723 -3.179025 -2.400537
-0.068155 -2.050029 -3.354413
0.141740 -2.287733 -4.821095
1.022356 -2.872419 -2.616304
0.735144 -1.782812 -3.515156
1.716824 -1.588223 -2.318645
1.955018 -2.645308 -3.182891
1.345957 -2.962281 -3.550560
3.454946 -3.036721 -2.277223
3.765229 -2.618348 -1.611684
2.888673 -3.560572 -2.960240
3.127357 -2.186488 -2.774085
3.951373 -3.895730 -3.484685
3.866947 -2.745795 -2.899584
4.744991 -2.821603 -3.308101
4.987560 -3.752849 -3.571921
-4.774752 -2.584269 -2.284602
-4.738046 -3.065164 -2.905530
-4.786853 -1.799336 -2.363446
-3.415103 -2.289260 -4.807428
-3.585584 -2.250898 -3.004741
-3.303538 -2.101096 -3.302129
-3.230255 -1.115839 -1.992637
-3.276434 -2.066180 -3.500645
-2.923173 -1.680321 -4.417371
-1.582672 -2.639119 -2.786754
-1.367477 -1.695373 -3.338347
-1.519042 -1.747329 -3.188133
-0.854847 -1.755476 -3.784824
-1.513363 -3.657478 -2.209599
-1.279267 -2.747992 -1.589329
0.028622 -1.486931 -4.017211
-0.198249 -3.112282 -2.004954
0.770995 -2.371731 -1.848855
0.824228 -1.659535 -3.349816
1.382925 -2.921218 -3.384907
0.787439 -2.683627 -2.234533
1.792508 -2.294416 -3.764862
2.018127 -1.975733 -2.841132
0.497593 -2.808552 -2.326614
2.390045 -2.728482 -2.823513
3.145981 -2.663373 -2.293792
4.173996 -2.266327 -2.198753
3.862383 -2.352781 -2.478652
3.037991 -0.460923 -2.574727
3.484838 -2.182561 -2.323972
4.880110 -2.294088 -2.919171
4.135411 -1.787019 -3.008023
-4.241609 -1.433356 -2.970199
-4.912822 -1.221120 -3.223380
-4.960997 -2.202103 -3.151738
-4.151806 -2.912449 -4.296883
-3.234347 -1.988925 -1.694661
-2.895670 -2.269737 -3.206869
-3.386804 -1.928733 -4.753068
-2.887810 -2.670467 -3.111589
-1.854189 -1.679115 -2.818627
-1.549047 -2.236656 -2.481795
-2.473271 -1.566228 -2.645304
-1.355693 -2.126429 -3.024914
-2.111252 -2.281179 -1.987252
-0.789594 -2.506324 -3.213342
-1.120348 -2.000357 -2.701366
-0.089241 -1.789551 -3.593311
0.292764 -1.610561 -2.936375
-0.813330 -2.553477 -2.561782
3.113780 -2.591129 -3.187462
0.973743 -1.156916 -2.536729
1.243970 -2.135406 -3.338740
2.655728 -2.070216 -2.124151
2.817857 -1.385853 -2.066015
0.923795 -2.116423 -3.076752
2.663375 -2.340944 -4.029943
2.627977 -1.672740 -3.065647
3.309558 -2.589564 -1.975794
3.670384 -4.208162 -3.750417
4.094517 -1.806937 -2.100371
3.325461 -2.418344 -2.131346
3.637340 -1.928914 -3.401495
4.718209 -1.589042 -1.795282
-4.667606 -1.103155 -2.839467
-4.497325 -1.363141 -2.837783
-3.930679 -2.439542 -2.498279
-2.387143 -2.318363 -2.992148
-4.172026 -2.255387 -3.235651
-3.516884 -0.803730 -3.176505
-3.591002 -2.589349 -2.819793
-2.170246 -1.492955 -2.596931
-3.107671 -1.239268 -3.452686
-1.417656 -2.070408 -3.810494
-1.878730 -2.303407 -4.125895
-2.128769 -1.937262 -2.480137
-2.411307 -1.823472 -2.348731
-0.392556 -1.423099 -3.540426
-0.293492 -2.582123 -3.582767
-0.478422 -1.793110 -3.362181
-0.286096 -0.528181 -3.092036
0.042639 -1.452368 -3.420805
1.125535 -0.547809 -3.324993
1.277259 -2.874621 -1.934489
1.862504 -2.753221 -2.899428
1.660602 -0.906968 -2.549128
1.585685 -2.602250 -2.302932
2.350602 -1.563550 -3.573751
2.628614 -0.376897 -2.677986
2.620355 -1.562432 -2.316716
2.985658 -1.579184 -1.806212
2.643292 -1.503124 -2.876169
4.863547 -1.683180 -3.411626
4.170930 -0.860257 -2.501143
3.605766 -2.549021 -3.212160
4.628045 -1.658739 -2.286339
-4.696146 -2.524051 -3.061711
-4.770966 -1.647471 -2.848304
-3.497773 -1.637333 -3.243596
-4.409429 -0.786776 -3.591634
-3.861091 -2.092744 -3.055024
-2.770193 -1.139097 -3.962352
-3.550028 -1.141273 -2.804466
-3.878493 -1.388178 -2.287079
-2.439229 -1.339850 -3.478951
-0.984750 -0.985900 -3.223170
-1.266589 -0.801599 -3.283751
-2.308885 -1.970287 -3.082945
-2.137257 -2.240408 -1.527489
-0.842065 -1.767070 -3.377146
-1.216907 -1.874064 -2.685576
-0.818432 -0.893106 -2.238991
-0.591501 -1.446002 -3.076988
1.785891 -1.717408 -0.851065
-0.283220 -0.998194 -2.930615
1.260576 -0.830631 -2.703963
1.845971 -0.747177 -2.843167
2.293320 -1.178742 -2.536003
1.621314 -0.113463 -4.062636
3.051972 -2.576207 -3.817604
3.513224 -1.559043 -2.156332
3.347924 -1.212783 -2.733760
2.890727 -0.866618 -1.184026
3.817381 -1.749613 -2.563196
4.819108 -0.970052 -3.113544
4.992143 -1.394540 -3.110937
4.740355 -1.079060 -3.084165
3.855413 -1.560741 -2.551118
-4.509209 -0.903309 -3.120748
-4.828858 -0.822429 -2.551746
-3.367814 -1.467949 -2.152246
-3.121091 -0.512481 -2.434179
-2.665316 -1.475685 -2.868803
-3.880153 -0.662593 -1.996645
-3.025112 -1.075685 -3.050934
-2.535543 -1.376229 -3.824240
-3.221818 -1.557387 -2.100795
-2.315910 -0.906496 -3.552180
-1.933641 -1.473269 -2.401955
0.068792 -0.786802 -2.289224
-0.761802 -2.262847 -4.310951
-0.260689 -1.421024 -2.405939
-0.423555 -0.194640 -3.785018
-0.509870 -2.260433 -4.011045
-0.321531 -1.813927 -4.159550
0.606463 -1.352996 -2.187428
-0.211874 -0.825880 -3.267519
1.514759 -1.509754 -2.820136
1.699219 -2.084954 -2.810674
1.799881 -0.663281 -2.715604
0.976710 -0.535070 -2.441820
2.788005 0.735187 -2.903885
1.884099 -0.871004 -2.384146
2.734770 -0.141791 -1.206097
2.850768 -1.415363 -3.027505
3.563922 -0.456398 -2.101802
2.987119 -2.436599 -1.236114
4.386221 -1.824460 -2.857120
4.599229 -2.086383 -2.386726
4.803953 -0.061577 -4.092795
-4.340165 -0.546069 -3.401552
-3.763549 -0.768753 -2.124803
-4.972061 -0.515198 -3.782002
-2.837808 -0.748283 -2.855830
-3.904434 -0.583530 -2.761567
-2.853971 -1.208319 -3.718832
-3.647459 -1.011279 -3.258393
-2.384071 -0.126651 -2.543208
-2.080547 -0.132850 -3.719067
-3.081367 -0.560022 -3.080414
-1.531860 -0.585481 -3.394582
-1.355459 -0.371625 -2.783078
0.252151 0.347987 -3.770492
-0.042756 -1.037241 -3.898599
-0.287978 -0.948387 -3.174006
0.047590 -1.068441 -3.674469
0.444494 -1.694639 -2.549852
0.029522 -1.669562 -2.315897
0.631309 -0.731169 -3.221296
1.486182 -1.984352 -3.643517
1.022918 -1.059724 -2.632635
3.331862 -0.784379 -2.884495
2.117166 -1.975855 -2.605484
2.596292 -1.134986 -2.786472
2.332311 -1.236451 -2.079317
2.470657 -1.187241 -3.345526
3.967475 -0.817977 -4.700015
3.908945 -1.883041 -2.122735
4.597684 -1.260245 -3.560417
4.465293 -0.406100 -3.603054
4.503473 -1.043694 -1.991841
4.712123 -1.465716 -3.933568
-4.904847 0.232665 -2.178005
-4.101932 -0.307745 -3.420024
-2.465425 -0.526442 -2.985677
-4.988633 -0.606061 -2.550334
-4.160213 -0.562963 -3.193007
-3.022758 0.179735 -3.092362
-2.704681 -0.010408 -1.946105
-1.485778 -0.044274 -2.720912
-2.836073 -0.607432 -3.311119
-2.570063 -1.267530 -4.054551
-0.980415 -0.807293 -3.194837
-1.185726 -0.901446 -3.095521
-1.018379 -1.521515 -2.973083
-1.476151 -0.835387 -3.437593
-0.383480 -0.879295 -3.805122
-0.239912 -1.345486 -2.578090
-0.001879 -1.029081 -3.311430
-0.292544 -1.220154 -2.889096
-0.114901 0.412401 -3.541684
0.077980 0.988074 -2.568347
1.175774 -0.261348 -3.675151
1.915031 -1.175701 -2.875533
1.873823 -1.582160 -3.545194
2.910363 0.089590 -3.177737
2.811011 0.012280 -2.970780
3.534192 -0.713779 -3.583461
3.939651 -0.057341 -2.511440
4.069858 -0.005112 -2.488251
3.823869 -1.504774 -4.866198
3.869433 -0.433608 -1.345913
4.955809 -0.625310 -2.899448
4.840742 -0.552603 -4.067855
-2.899389 0.808114 -1.820608
-2.685789 -0.399745 -2.522287
-3.822661 -0.976292 -3.592801
-4.224512 -0.196145 -3.479593
-2.693603 0.819254 -2.936529
-3.482418 0.161919 -3.184872
-2.464435 0.834787 -3.324249
-3.095035 0.942020 -2.598947
-1.781732 0.235726 -3.907735
-2.455850 -0.273396 -2.870825
-0.720352 -0.390535 -2.883455
-1.367856 -0.860178 -2.589092
-0.676206 0.950094 -2.189368
-0.566898 0.042423 -3.356366
0.417173 0.227840 -2.751461
0.157269 -0.061339 -3.505589
-0.301628 -0.342209 -2.410793
1.013256 -1.120531 -1.975765
0.976031 -0.732964 -3.550118
1.822272 -0.039355 -2.649196
1.186836 -0.933307 -1.971904
2.005299 -0.332578 -2.470321
1.290194 -0.355873 -3.211888
2.176072 -0.549458 -3.528826
2.896698 -0.523938 -2.740956
2.427765 0.751210 -3.112586
3.112939 -0.680882 -2.054861
4.157727 -0.958190 -3.465640
4.213300 0.529071 -2.424042
3.944916 0.818326 -2.224663
3.796103 0.102945 -3.099792
4.131002 0.851393 -3.706256
-4.263436 -0.124154 -2.935050
-4.306263 1.328838 -3.004683
-3.651506 0.512852 -2.674331
-4.444802 -0.526255 -3.153112
-2.989845 1.321616 -3.671655
-3.540897 0.003290 -2.576837
-2.660455 1.107966 -2.917863
-3.123089 0.068128 -3.251090
-2.141003 -0.161643 -3.570675
-2.296989 -0.529909 -3.140995
-1.687817 -1.916035 -2.794009
-0.776318 1.363319 -2.527041
-1.114787 0.782181 -2.906579
-0.939823 1.063370 -2.242334
-0.828179 0.130989 -3.624248
0.312196 0.332840 -3.323269
0.688135 -0.518709 -4.012835
-0.838086 0.441948 -3.240185
1.071338 0.240856 -3.174674
-0.106623 -0.034408 -2.852297
1.611296 -0.482562 -2.632754
1.062331 -0.338016 -3.603581
2.016604 1.072572 -1.683719
1.799231 0.214272 -1.553353
2.565454 0.768492 -2.246201
2.917188 -0.394631 -2.938114
3.169746 -0.751834 -3.592209
2.457739 0.317791 -4.949062
3.421115 0.871135 -2.046083
4.560721 1.360082 -2.185362
4.739239 -0.368321 -2.840671
4.716350 0.525482 -3.034017
-4.908801 0.363575 -2.698189
-3.851847 1.207455 -2.925896
-4.021422 0.693223 -2.658630
-3.934498 0.611642 -2.416858
-3.499675 0.869826 -3.033584
-4.275419 -0.700835 -2.318425
-2.550870 0.206256 -3.600054
-2.728892 -0.531271 -3.986004
-2.978419 0.778958 -3.806450
-2.501776 0.426359 -2.859390
-0.907507 -1.211545 -2.939738
-1.577569 1.141626 -3.226241
-1.909624 0.536081 -2.075955
-1.779907 0.852145 -3.132995
-0.684871 1.992677 -2.746090
0.158792 1.058220 -3.547500
-0.084714 1.456459 -3.366740
0.791853 -0.312326 -2.535776
1.590572 0.346045 -1.975636
0.471657 -0.120327 -3.799007
2.139230 0.393750 -2.503432
0.006173 0.605453 -3.335194
1.067331 0.864776 -3.200645
2.043908 1.812298 -2.678064
3.152749 1.179315 -4.039192
3.233246 1.564141 -2.961333
4.238234 1.818473 -4.111322
4.617395 0.759164 -3.164746
3.877012 0.814132 -2.422661
4.287273 1.045943 -2.869460
3.627683 -0.517588 -3.387517
3.955774 0.769794 -3.216735
-4.791461 0.863412 -2.703899
-4.411087 1.857623 -2.070837
-3.744729 0.904904 -3.381636
-3.836412 1.024250 -3.505798
-3.604892 0.682386 -3.648347
-3.054868 1.107612 -3.950241
-2.894020 -0.087350 -3.291633
-2.545411 1.338886 -3.025043
-1.582854 2.090723 -3.903421
-2.101897 0.550536 -4.365601
-1.491619 1.336476 -2.217307
-1.878453 1.863998 -3.277387
-1.419170 0.541062 -2.624306
-0.327876 0.342234 -3.626896
-1.246968 -1.189089 -2.910645
0.545574 0.647501 -3.606913
-0.743910 0.211230 -2.839604
1.407086 0.756083 -2.671947
1.084329 0.595843 -3.911908
0.708125 -0.369574 -1.928935
1.270478 1.198919 -3.507920
2.115483 0.156165 -4.246885
1.159936 0.905213 -3.461530
1.876704 0.892689 -2.285993
2.573368 2.193850 -3.675490
2.910888 0.615910 -2.550964
3.686778 0.523720 -3.540598
2.319047 1.280499 -3.180411
3.950736 1.294848 -2.128201
3.997790 0.464680 -3.743866
4.761495 -0.516941 -3.471868
4.809985 1.860713 -2.884039
-4.947263 1.745251 -2.937768
-4.953960 0.688805 -3.019460
-3.634405 1.454871 -4.347042
-4.055812 1.387926 -3.781818
-3.513579 2.098504 -3.103496
-2.788086 0.959543 -3.841863
-3.037315 1.016474 -2.420296
-2.504429 1.519269 -3.450191
-1.741900 1.164954 -3.355371
-2.523274 0.455222 -2.474979
-2.444417 0.283767 -3.191107
-1.292357 0.678941 -2.572932
-1.776801 1.073070 -2.846417
-1.340276 0.902508 -3.087966
-0.686123 0.666368 -4.043779
0.313396 1.030985 -2.859158
0.290748 -0.039249 -2.878507
-0.237161 0.120186 -3.509733
0.206221 -0.065196 -3.332786
-0.579819 2.006139 -1.038375
0.122524 1.369180 -3.432836
3.161200 0.704067 -1.596281
3.205889 1.133172 -3.448729
2.275277 0.425261 -3.399302
1.913110 1.029614 -2.963147
2.182076 1.037472 -3.694316
4.224370 1.313532 -3.760803
3.514556 1.326727 -3.546942
4.132502 0.355988 -2.517435
4.235176 0.095335 -2.196999
4.928142 0.990926 -4.640768
4.372072 1.365445 -3.540783
-4.578324 1.260866 -2.081557
-4.893686 1.961130 -2.607236
-4.609056 1.422124 -2.951728
-3.794371 1.038792 -0.940360
-2.838802 1.768389 -2.857425
-2.376239 2.709260 -1.411900
-3.400326 1.685017 -3.347660
-3.460083 2.000153 -3.381026
-2.511612 1.793507 -3.603120
-2.524226 2.343746 -3.495222
-2.769740 2.572995 -2.073616
-1.626603 1.010742 -3.793269
-0.907041 1.113030 -3.003275
-1.087137 1.820022 -2.847797
-1.203914 0.723727 -2.122107
-0.894792 0.567887 -3.331766
-0.250336 2.008987 -2.443095
-0.062786 1.079044 -3.126971
0.647214 2.081652 -1.935435
1.606995 0.941902 -2.501860
2.240567 1.771435 -3.633758
1.316210 1.327011 -2.929053
2.566935 1.487955 -2.810358
2.399985 1.130517 -3.752417
2.951601 2.106788 -2.908612
3.453695 0.750648 -1.719883
1.800828 1.100525 -3.094943
3.850023 2.629647 -2.660207
4.346576 1.873844 -3.828402
4.233790 0.314747 -3.377931
4.745754 0.885493 -1.983833
3.500766 1.475884 -4.845590
-4.422750 1.159926 -3.191495
-3.531219 1.917154 -2.776113
-4.196675 0.824141 -2.773483
-3.748167 2.002014 -3.268733
-4.353690 1.603323 -2.486994
-3.532169 1.143531 -3.118157
-4.093321 1.695716 -2.602890
-1.457021 1.720243 -2.194407
-1.626029 2.768723 -3.421783
-1.864748 1.932539 -2.720972
-2.053535 0.739278 -4.210689
-1.388179 1.788037 -1.982661
-1.227929 1.146975 -3.389004
-0.663207 0.846429 -2.780903
-0.707341 0.961523 -0.993818
0.058468 1.983790 -3.405110
1.034437 1.383008 -3.805323
0.943607 0.293108 -3.340045
1.279471 2.382990 -2.854886
1.400771 0.997986 -3.086342
1.944124 1.355913 -3.273194
2.868170 2.357747 -3.012213
1.748418 0.657823 -2.791842
1.848153 0.967221 -1.476894
2.768453 1.421492 -2.187140
2.984519 2.207110 -3.016057
3.953064 2.583630 -4.878934
3.063394 1.595622 -2.484209
4.519188 1.955445 -1.460968
3.446032 1.006531 -2.381870
4.322775 1.369599 -2.441406
4.629579 1.397808 -1.867746
-4.555224 2.343487 -3.211182
-4.708362 2.617082 -3.038480
-3.670515 2.088679 -2.202317
-3.928601 2.105364 -3.055127
-3.485247 2.076526 -2.769450
-3.158607 1.745883 -3.717891
-3.688401 0.839302 -3.527483
-3.428223 1.974046 -2.407707
-2.341319 2.300196 -4.039961
-1.062125 2.567529 -2.668948
-2.334228 1.349438 -2.980510
-0.875343 2.043937 -3.306124
-0.817356 3.117563 -2.741218
-0.978450 1.790940 -4.403661
-0.057039 2.802101 -3.349222
-1.414330 2.147603 -2.425973
-0.399534 0.966659 -2.593168
-0.581417 1.446664 -3.922934
1.117401 2.019261 -4.108331
0.102504 1.689950 -3.237271
2.120300 1.447459 -3.317684
1.755935 1.988531 -3.331787
2.789415 2.045456 -3.104442
2.738967 1.971610 -2.429882
3.485618 3.127675 -3.440472
3.156762 1.815689 -2.936632
4.358987 2.004510 -3.315222
4.427287 3.633070 -3.504615
3.433274 1.986045 -2.793902
3.432932 2.158058 -3.649847
4.622026 3.173159 -2.503197
4.644249 2.500414 -2.891159
-4.435621 1.589061 -2.299833
-4.844042 2.876635 -2.914299
-4.142321 2.843626 -3.824918
-3.963147 1.948123 -2.625571
-2.496159 2.758955 -4.389821
-2.968769 2.702564 -1.967879
-2.697746 3.086851 -3.668303
-2.442075 2.195440 -2.711070
-2.349291 1.737433 -2.910385
-2.021429 2.503279 -3.092824
-1.839312 3.537692 -2.254805
-1.200563 3.630860 -2.856107
-1.240750 2.712317 -2.666414
-1.311825 2.456908 -2.684709
-0.484704 2.749851 -2.694510
0.331010 2.748372 -1.909024
-1.691801 1.728094 -4.347818
1.163380 1.346030 -2.357958
0.092426 3.493928 -2.531074
2.559068 2.617505 -3.680084
1.849551 1.862933 -2.509926
0.263355 1.017412 -2.249011
2.295172 1.441629 -2.864539
2.692041 2.483912 -3.317130
3.552452 2.296647 -2.508783
3.089292 3.087258 -2.306734
3.318456 3.138038 -2.776066
4.099654 2.219797 -1.865976
3.278989 2.805313 -2.669117
4.863072 2.852123 -1.961213
4.973162 2.206738 -2.383817
4.839378 2.982396 -1.805892
-4.489169 2.278575 -3.051216
-3.796380 2.508985 -2.587920
-4.427584 2.956383 -3.611642
-3.828960 1.358373 -2.945234
-4.281464 4.016661 -3.205982
-2.860430 2.825415 -2.768409
-2.410335 4.085537 -3.143746
-2.481070 2.421948 -3.298146
-2.567476 2.985089 -3.185999
-1.916025 2.899926 -2.950103
-2.025095 4.207220 -3.248221
-1.717720 2.346763 -2.312348
-1.595348 3.371010 -3.948875
-1.149719 3.016523 -2.712540
-1.590906 2.536524 -2.417098
0.236735 1.967892 -2.941832
-0.902846 3.167542 -2.036666
-0.325435 2.332277 -3.882906
0.547425 2.152272 -2.272387
2.192870 2.205263 -2.265190
0.834734 2.442392 -3.637951
0.010853 2.384372 -2.025195
2.404956 2.156780 -4.233072
2.235949 3.669615 -1.595455
3.768284 3.385599 -3.020379
3.079881 3.921117 -2.842944
3.083452 2.585564 -2.296483
3.244462 2.632448 -4.186407
4.481941 2.706727 -3.785939
4.788486 3.204053 -2.650453
4.933282 4.161244 -2.057651
3.987932 3.216515 -3.104460
-4.799258 2.608754 -3.525704
-3.542170 3.128568 -2.611203
-4.212910 1.867970 -3.352686
-4.840081 2.669957 -2.904150
-3.390567 2.933902 -2.136348
-2.978285 3.138898 -3.025009
-2.790717 3.949462 -3.515764
-1.987760 2.050374 -2.067366
-1.937452 4.022532 -2.924776
-3.233417 2.810760 -3.676427
-1.603511 4.288648 -2.193735
-2.030979 1.983896 -2.854667
-1.980066 3.036604 -3.548685
-0.330927 3.260512 -2.060219
-0.516624 2.937763 -3.566158
-0.392007 1.883124 -1.520737
0.376992 3.006451 -2.972821
0.525205 2.344912 -2.175487
0.349752 2.451218 -2.070796
0.524414 4.024570 -3.015017
1.739537 3.712716 -2.382667
1.268243 3.780212 -3.129730
2.732350 1.353868 -3.071964
2.139274 2.783004 -2.220511
1.728638 2.323209 -3.926907
1.782396 3.382583 -2.760643
3.789615 2.551810 -2.363322
4.164137 2.255859 -3.540564
3.710421 3.157300 -1.550395
3.215193 3.912715 -3.422527
4.358564 3.805954 -2.804899
4.582882 2.690996 -3.185654
-3.655820 2.925548 -3.518205
-4.766315 3.685526 -3.505800
-4.397750 2.123350 -3.118418
-3.088241 3.934358 -2.277094
-4.192014 3.182886 -1.975287
-2.587018 4.197392 -2.829177
-2.614070 3.710546 -2.408741
-2.416579 3.354271 -2.914084
-0.980047 3.802807 -3.389174
-1.716335 3.214617 -3.880327
-2.363584 2.792472 -2.044196
-1.734667 3.220328 -3.192841
-1.020335 2.717424 -2.513672
-0.478410 3.999177 -2.340080
-0.288843 2.882229 -3.339758
0.580759 3.576078 -3.427586
0.561226 3.621399 -2.430869
1.180535 3.536138 -2.750562
0.880607 3.185114 -1.792348
1.747433 3.344491 -2.555779
1.416179 3.904779 -2.917739
2.730848 3.069530 -3.284575
1.236509 2.705612 -2.738912
1.104761 3.849237 -3.236991
3.273973 3.998225 -3.576579
2.750774 3.929194 -2.731604
2.957632 3.100333 -3.061257
3.576583 2.361544 -2.759360
3.118961 3.580928 -3.400104
4.521448 4.493914 -2.995360
4.358370 2.448471 -2.503753
4.379262 3.990141 -4.320265
-4.993140 2.599914 -2.374472
-4.203101 2.090785 -3.109763
-4.780261 2.868563 -3.219871
-3.952957 3.881303 -2.510728
-3.243767 3.899069 -2.941949
-3.094417 2.309162 -2.515835
-3.323161 3.939636 -3.480855
-2.393725 3.517016 -1.280722
-3.097277 3.621913 -3.103478
-2.119118 2.824192 -3.958616
-0.841603 2.766259 -3.419009
-1.542870 3.281778 -3.564212
-2.146410 3.049585 -3.576266
-1.317106 4.112870 -2.842758
1.008151 3.197739 -1.636791
0.885853 3.841182 -2.218711
0.498584 3.487513 -4.206338
0.703805 3.234359 -3.724929
0.310468 3.913056 -2.690161
1.505920 4.176440 -3.049467
2.210176 3.372813 -1.569892
2.423852 4.350556 -2.546225
1.524031 2.545552 -3.330806
2.338434 4.550772 -3.362939
3.360537 3.757004 -3.385767
3.087089 4.322143 -2.395791
3.102767 2.539025 -4.096255
3.845832 3.486856 -2.648406
3.403681 3.241962 -2.468674
4.337159 2.435410 -4.206561
4.371003 2.823358 -2.554041
4.883389 3.201216 -1.768845
-4.996577 2.472206 -3.331491
-4.353024 3.382002 -2.607352
-3.261964 3.748379 -2.768853
-3.965442 3.958995 -3.300329
-3.071019 3.986378 -3.053066
-2.737109 3.605163 -2.900750
-1.876332 3.381146 -2.929659
-3.241137 3.846272 -3.643070
-1.731633 3.067528 -3.833390
-1.732338 4.613575 -2.069156
-2.443736 3.849626 -3.030736
-2.237330 4.401431 -3.923744
-0.300602 3.276632 -4.222140
0.678592 3.926047 -3.406684
-0.926517 3.115692 -2.191759
-0.480650 4.994666 -3.262324
1.372382 4.644608 -2.762947
-0.440022 3.323542 -3.172797
0.253580 3.007638 -2.116558
0.140172 3.112412 -3.059831
1.644742 3.784469 -3.040373
0.959100 3.387682 -3.369502
1.784967 4.322795 -2.863132
2.016703 2.786808 -2.291614
2.205738 4.991441 -2.397814
2.141188 3.747231 -2.359679
3.221405 3.495244 -3.402947
3.338291 3.866949 -4.286283
2.331376 4.011165 -3.195454
3.380788 2.986901 -3.192701
4.543336 4.352122 -2.447693
3.943224 3.397449 -1.995259
-4.315549 3.778693 -2.156874
-4.793009 3.405322 -3.727281
-4.814027 4.463154 -3.486579
-3.898295 4.382921 -3.697607
-3.458547 3.483706 -2.595947
-3.142927 3.395807 -1.655312
-3.183543 4.904246 -3.559355
-2.364305 4.365084 -2.994185
-2.815777 4.978905 -1.468986
-2.441240 4.301029 -2.649269
-1.213534 3.417851 -3.164724
-1.708019 4.038830 -3.586350
-1.938431 3.848334 -3.000359
0.050056 3.128193 -3.499474
-0.181543 4.324703 -3.080389
-0.482982 4.590933 -1.100712
-0.862297 2.938665 -2.794168
-0.008005 4.487741 -2.395835
1.524024 3.790739 -3.625442
2.154609 4.220949 -2.920325
1.432707 3.597941 -2.155935
2.038974 4.936092 -3.017292
2.025665 4.267859 -3.693941
3.427245 3.378732 -2.912107
2.966508 4.939768 -2.826318
3.422337 4.607196 -3.649537
3.748665 4.990304 -3.140537
3.925793 3.175672 -2.731102
3.387174 3.588007 -2.677399
3.844065 4.103236 -1.945561
4.234141 4.007790 -3.330887
4.260176 4.862788 -1.988877
-4.373439 4.514373 -2.528209
-4.528549 4.020686 -2.147653
-4.155651 4.939946 -3.555105
-4.756579 4.199949 -4.764612
-4.202778 4.134106 -2.740695
-2.863392 3.921124 -2.942496
-2.753312 4.953799 -2.697906
-3.249880 4.947760 -2.640016
-2.201758 4.629693 -1.214024
-2.003267 4.326165 -2.856175
-2.552611 3.932497 -2.255544
-1.309213 3.960582 -3.009210
-0.962808 3.995512 -2.776491
-0.536436 4.230924 -3.611931
1.239656 4.748221 -2.914272
0.898926 4.519923 -3.399728
-0.465115 4.476878 -4.400696
0.300886 4.068672 -1.992574
1.830883 4.439003 -2.993735
1.334766 4.993952 -2.792323
1.102947 3.272728 -3.930317
1.849244 4.965644 -3.153489
2.498573 4.296446 -4.076754
2.963299 4.705989 -2.838874
3.476518 4.079114 -2.552851
1.857145 4.991605 -3.861230
3.629097 3.835966 -2.717990
2.794913 3.714228 -3.304664
2.933838 4.169201 -2.006508
4.718985 4.059729 -2.344939
4.081906 4.548139 -2.962059
4.615732 4.370543 -3.685515
-4.251275 4.720540 -2.659882
-3.981482 3.883623 -3.032207
-4.888496 4.936574 -3.172828
-3.619364 4.899096 -3.229864
-4.621853 4.814768 -3.605104
-2.783719 3.995782 -3.204093
-3.324082 4.754753 -2.771384
-3.829742 4.792910 -2.254817
-2.268821 4.940149 -2.334949
-1.826234 4.695035 -2.438523
-0.616327 4.591216 -3.147269
-0.964168 4.939782 -2.825572
-0.547247 4.710943 -2.751803
-0.575758 3.354196 -0.415621
-0.868129 4.955556 -4.528839
-0.571537 3.772201 -3.915631
0.713120 4.238110 -3.237852
0.604104 4.769789 -3.147049
0.931578 4.883983 -2.616379
2.375039 4.835613 -3.485973
1.390858 3.885640 -3.609310
1.023649 4.583147 -3.072755
0.597512 4.716450 -4.042967
1.771947 4.580142 -2.753408
2.769776 4.954321 -2.832389
2.547196 4.625210 -3.792429
4.326346 4.230916 -3.203118
3.342095 4.663314 -1.990590
3.700268 4.651631 -2.632276
4.868778 4.968108 -3.931263
4.542323 4.620396 -2.902464
4.502296 3.831577 -3.193256
-3.756224 -4.823816 -2.545217
-3.663893 -4.739416 -3.392739
-4.376676 -3.944672 -2.891477
-3.738909 -4.193336 -2.158848
-3.955718 -4.765248 -2.866813
-3.007664 -4.728769 -2.369893
-3.597642 -3.652757 -2.461008
-3.040095 -4.817994 -3.209421
-1.699177 -4.932458 -2.694340
-2.376632 -4.783782 -3.215824
-1.503021 -4.657105 -3.062201
-1.263059 -3.963785 -2.302873
-0.692195 -4.011683 -3.226501
-1.377671 -4.674068 -2.451657
-0.818804 -4.774017 -1.822468
0.388247 -3.770089 -3.491132
0.930972 -4.558373 -2.700700
1.146233 -4.563790 -3.307973
2.524492 -4.797487 -3.955513
-0.171509 -4.067049 -3.127144
1.683918 -4.513149 -2.106266
1.630460 -4.893817 -1.520050
3.242461 -4.896145 -2.660415
4.096752 -4.773633 -2.584368
3.398663 -4.591279 -2.594897
2.784551 -4.816301 -2.405559
2.864393 -4.815786 -2.899560
3.927004 -4.847333 -2.508420
3.850488 -4.830519 -1.445290
3.755386 -4.986790 -2.001065
4.461577 -4.351806 -2.316033
4.946670 -4.889903 -2.530383
-4.557657 -4.795692 -3.628942
-4.631905 -3.954656 -2.892588
-4.219833 -4.913041 -3.755831
-3.137147 -4.162313 -3.207176
-3.861043 -4.808775 -2.279735
-4.350882 -4.096898 -2.368787
-3.308238 -3.747246 -1.869598
-3.233366 -4.533874 -2.651267
-2.425462 -4.015025 -3.322634
-1.739293 -4.248663 -3.335328
-2.070556 -4.409595 -0.247451
-1.108190 -4.281549 -2.565619
-1.089307 -4.996222 -3.496764
-1.790137 -4.476421 -2.890147
-0.301377 -4.050726 -2.545974
-0.600514 -3.960921 -2.698781
1.898701 -4.769542 -2.958208
-0.260729 -3.875936 -2.644532
0.229280 -4.375665 -3.765516
0.913805 -4.658592 -1.534083
1.766678 -4.158078 -2.691575
1.426151 -4.383214 -3.475002
2.541768 -4.673141 -3.282307
2.437890 -4.969393 -1.345831
2.398304 -3.950572 -2.888802
2.890187 -4.236882 -2.625804
3.697345 -4.171715 -2.746441
4.010201 -3.755560 -3.348503
3.043272 -3.966592 -3.541125
3.308654 -4.413623 -1.726071
4.963012 -4.879245 -2.775023
4.247845 -3.961628 -2.491458
-4.994944 -3.926485 -2.183116
-4.995132 -4.634151 -2.001175
-3.851169 -3.084352 -2.926387
-3.081903 -4.168822 -2.630185
-3.111513 -3.984601 -2.183947
-3.194803 -4.114789 -2.176186
-2.536473 -3.479595 -3.513447
-2.181717 -4.515285 -2.704043
-2.317034 -2.707052 -3.643114
-2.012179 -4.956556 -3.337469
-0.826328 -3.132243 -1.897728
-1.106993 -4.065725 -1.880622
-0.736947 -4.929070 -2.874266
-1.082504 -4.290815 -1.967505
-0.106524 -3.286985 -2.864336
0.214248 -4.927186 -1.285062
-0.179326 -4.609066 -1.682548
0.026399 -4.570002 -2.116176
0.260407 -4.690899 -2.459776
1.138906 -4.089243 -3.356192
2.091422 -3.359422 -2.819522
0.240655 -3.414664 -2.332747
1.198014 -4.366801 -2.006995
1.956043 -3.847325 -2.209705
2.806633 -3.515778 -3.090348
2.667986 -4.593434 -2.973700
2.803360 -4.827660 -4.146834
3.358302 -4.838386 -1.761005
3.987254 -2.898821 -2.975188
4.016366 -3.940240 -0.878753
4.383497 -4.884961 -1.965373
4.785742 -3.816112 -3.212420
-4.343806 -4.634918 -1.783879
-4.398746 -3.218888 -2.267027
-4.947257 -3.733209 -0.812929
-3.758325 -3.743577 -2.315873
-3.603806 -3.409132 -2.002917
-3.208598 -2.662872 -2.665716
-2.953437 -4.127562 -2.297042
-3.075279 -3.662398 -2.257229
-3.163744 -3.934027 -4.259435
-1.283505 -4.569159 -3.741933
-2.269361 -4.161446 -2.222411
-0.508090 -4.756492 -3.548814
-0.562751 -3.094094 -4.246068
-1.484685 -4.139929 -2.875691
-0.639582 -3.767501 -3.192415
-0.232998 -3.746252 -2.786756
0.648268 -3.788346 -2.328114
0.261222 -3.463889 -1.428344
-0.009339 -3.383354 -2.979218
0.680336 -4.310279 -1.787352
0.413926 -4.470893 -2.322147
1.422025 -4.053872 -2.203588
1.943560 -4.855288 -3.282328
2.231628 -3.827852 -2.790566
2.666260 -4.128171 -2.664851
2.888807 -3.199296 -3.294208
3.573944 -3.789239 -1.927772
2.594524 -4.982665 -3.631679
4.433798 -3.625102 -2.615719
4.218187 -3.771007 -1.731876
4.214185 -3.227844 -3.765452
4.692676 -3.676185 -1.917416
-4.407198 -3.935406 -2.401947
-4.575956 -3.035719 -2.301454
-4.083598 -3.297687 -2.866112
-3.624340 -3.927581 -1.591877
-2.917368 -3.167559 -2.983402
-2.445741 -3.541978 -3.069453
-2.056481 -4.003439 -2.808374
-1.332247 -3.754855 -3.511602
-1.974870 -3.818366 -2.863890
-1.556506 -3.656049 -3.469617
-1.529679 -3.646208 -1.707247
-0.420326 -3.732651 -1.749276
-2.266069 -2.987008 -1.790196
-1.213228 -3.594744 -2.832494
-0.458767 -3.772003 -2.995895
0.432888 -2.205374 -2.679682
0.595685 -2.968438 -2.012858
-0.685282 -2.564704 -2.928437
1.014408 -3.148118 -2.887379
0.035394 -4.113524 -1.844999
1.433783 -4.089353 -2.915593
2.456870 -3.094817 -2.658175
1.203113 -3.691957 -2.376583
0.626036 -3.894180 -3.499222
2.240175 -3.264827 -3.069788
3.288180 -2.829434 -1.485175
4.114532 -3.891747 -2.276704
4.172865 -2.451216 -2.733674
3.779773 -2.978399 -3.368849
4.400317 -3.189189 -2.530010
4.746184 -3.605295 -1.823525
3.555943 -2.767835 -1.401302
-4.565296 -3.720588 -1.365624
-4.423547 -3.659947 -2.649462
-4.617838 -2.578841 -2.152586
-4.191209 -3.342218 -1.182350
-4.664492 -3.438260 -1.799936
-3.700476 -2.622424 -2.001282
-2.549764 -3.102545 -2.462027
-1.876697 -3.579636 -2.421890
-3.016269 -3.989375 -3.135900
-2.875675 -3.250232 -0.563007
-1.281892 -2.659717 -2.791493
-2.674303 -2.336594 -2.792099
-1.699614 -1.998054 -2.676548
-1.055532 -4.156409 -2.937942
-0.153516 -2.977707 -2.779564
-0.576608 -3.048724 -2.560858
0.240834 -3.265561 -2.218731
-0.473471 -4.325907 -3.515070
1.418356 -2.939854 -3.004824
1.699916 -3.225621 -2.429213
0.831988 -4.115846 -3.282886
0.387553 -2.648533 -3.362710
1.082907 -3.475733 -2.449702
0.957559 -3.096148 -3.247901
2.521394 -4.688256 -2.437863
2.988989 -4.025420 -3.337688
3.575598 -2.739756 -1.628653
3.751114 -3.239085 -3.120222
2.066729 -3.578838 -2.053511
3.658792 -2.098261 -3.336223
4.609589 -3.523848 -1.631881
4.697613 -3.985195 -2.474433
-4.892722 -2.848011 -3.211766
-4.556195 -2.932477 -1.960402
-4.060635 -3.085050 -3.162775
-4.695195 -3.296986 -2.100723
-3.240977 -2.267698 -2.449045
-2.568184 -2.880989 -2.127991
-4.066319 -3.543270 -2.265709
-2.228954 -3.315969 -2.775632
-1.716022 -2.763388 -2.897976
-2.425210 -2.670275 -3.089551
-2.142376 -3.132334 -2.008216
-1.483598 -3.019819 -2.671031
-2.198091 -4.575737 -3.235194
-1.242418 -3.942823 -1.858402
-0.353510 -2.897671 -2.698352
-1.111030 -3.177452 -3.424793
0.239690 -4.320595 -3.367927
0.012609 -2.451031 -2.369036
1.429621 -3.467152 -2.571087
0.047383 -2.402982 -1.438668
0.972019 -2.659413 -3.410308
0.173055 -2.615329 -2.813558
2.846576 -2.454206 -2.125754
1.919875 -2.355884 -1.948344
2.429489 -3.116922 -2.231197
2.742999 -3.028944 -2.645108
3.887832 -2.370393 -3.177455
2.514277 -2.311737 -2.207094
3.720444 -2.404929 -1.524004
4.664538 -2.893294 -3.158231
4.743462 -1.875211 -2.233856
4.232607 -3.161558 -2.281031
-4.365736 -2.493743 -1.974605
-4.313208 -3.080534 -2.156200
-3.250562 -2.906034 -4.322604
-3.690772 -3.135173 -2.622829
-2.927930 -2.717726 -2.852170
-3.072845 -2.673297 -3.790774
-2.277850 -2.948596 -2.838474
-1.783928 -2.657929 -2.058246
-2.580776 -2.700447 -2.513718
-0.868034 -3.448857 -2.228692
-1.149877 -2.297577 -2.899721
-2.121081 -2.774155 -2.451124
-0.289961 -3.007238 -2.656804
-0.642852 -3.486897 -2.156284
0.122916 -3.145441 -3.155645
-0.653170 -3.147310 -1.866428
0.000326 -2.661034 -2.592942
0.174308 -2.421942 -2.690198
0.517074 -1.926058 -3.165649
1.540944 -2.885702 -2.320066
1.260332 -2.414942 -2.873472
2.639832 -1.929779 -1.732852
1.615351 -2.727539 -2.848999
2.374626 -2.965307 -3.385067
3.190384 -2.577263 -2.436487
3.014966 -2.274243 -1.270874
3.167785 -3.682478 -2.552920
2.914882 -1.808922 -2.664019
4.548615 -2.665781 -2.862016
3.932507 -2.005561 -2.375824
4.912665 -4.077330 -2.629562
4.882752 -2.519050 -3.208052
-4.906887 -2.688560 -1.608904
-4.335231 -3.031531 -2.784927
-4.828648 -1.612800 -2.712572
-3.451741 -2.131156 -4.546650
-3.582338 -2.287735 -3.297537
-3.607594 -2.375771 -2.707007
-2.520303 -1.649259 -1.702112
-2.429802 -2.890102 -3.221447
-2.471990 -1.743887 -3.393865
-1.189002 -2.811348 -2.753023
-2.508834 -1.442402 -2.520829
-1.440538 -1.238260 -2.913188
-0.340417 -1.761815 -2.475835
-1.922635 -3.167783 -1.680983
-1.309233 -2.155309 -2.186195
-0.361171 -1.508648 -3.148377
-0.216252 -2.872975 -1.498688
1.128694 -2.698666 -1.954006
0.193268 -2.308528 -3.215617
1.474838 -1.852955 -3.046588
1.389859 -2.654318 -1.703904
1.745217 -2.223734 -3.635953
2.125456 -2.125651 -2.272306
0.909247 -2.871115 -2.356479
2.458827 -2.544435 -2.321412
3.595407 -1.719656 -1.813436
3.189188 -2.776458 -2.807327
3.827722 -2.546268 -2.977493
3.173691 -0.345045 -2.552388
3.469491 -1.880385 -1.757506
4.965101 -2.190779 -2.760689
3.761157 -1.490761 -2.316766
-4.688880 -1.787054 -3.073377
-4.762406 -1.092506 -3.050517
-4.949656 -2.294837 -2.297812
-4.154756 -2.343743 -4.624451
-3.671706 -2.238799 -1.832797
-2.801691 -2.221978 -2.339470
-4.544864 -1.937357 -3.415202
-2.035105 -2.792664 -1.995388
-2.110743 -1.489068 -1.674796
-2.348518 -2.049777 -2.358280
-1.627030 -1.429454 -2.833522
-1.364273 -2.148079 -2.548939
-1.296048 -2.235210 -2.089759
-0.795001 -2.332198 -2.142001
-0.590678 -1.708605 -1.990819
-0.338632 -2.617958 -3.351936
0.422032 -1.748559 -3.902587
-0.479195 -2.361593 -2.602699
2.700521 -2.386932 -2.282323
0.943383 -0.655460 -2.516834
1.453224 -1.594711 -2.917536
2.646254 -2.517325 -2.144596
3.673091 -1.729588 -2.360492
1.131251 -2.296209 -3.084435
3.456214 -1.456579 -2.725803
2.648762 -2.040906 -3.659766
3.016979 -2.393438 -2.002726
3.840326 -4.202257 -3.268443
4.254488 -2.351918 -2.029993
3.852360 -3.600191 -2.436428
3.152333 -1.733694 -2.955884
4.501903 -1.809848 -1.693291
-4.971995 -0.698322 -2.923020
-3.347730 -1.204443 -3.072068
-3.445845 -2.326776 -2.412908
-2.434083 -2.180298 -2.401874
-3.849553 -2.065574 -2.683031
-4.138668 -0.706546 -2.825150
-3.239668 -2.539063 -2.595694
-2.723810 -1.342850 -2.098412
-2.914141 -1.991270 -1.980139
-2.180213 -1.447845 -4.150154
-0.400626 -2.239724 -3.059412
-2.284711 -2.299376 -2.113697
-2.106121 -1.185663 -2.095757
-0.936087 -2.259610 -2.365444
0.223239 -3.079629 -3.575153
-0.602192 -2.186284 -3.129912
0.453576 -0.713412 -1.515798
-0.206202 -1.560509 -3.267787
0.503325 -1.462805 -2.262274
1.427119 -2.128000 -0.623124
1.976930 -2.583861 -2.958581
1.867269 -0.720205 -2.252650
2.841975 -2.601500 -2.533925
2.610495 -1.306008 -2.367411
2.281987 -0.524201 -3.012687
1.945571 -1.144646 -2.135487
2.973726 -1.906878 -2.095609
2.761777 -1.574110 -3.051311
4.371591 -2.054005 -2.931288
3.658242 -0.919825 -2.422369
4.254560 -2.296104 -2.746559
4.541943 -1.219138 -2.420186
-4.550577 -2.413411 -3.529642
-4.879623 -1.746863 -2.927499
-3.344479 -1.645269 -3.330723
-3.946349 -1.014368 -2.955318
-3.383128 -1.262020 -2.236425
-2.757274 -1.819726 -3.463672
-3.500928 -1.514316 -2.229117
-3.254632 -0.254163 -2.283416
-3.234098 -1.245012 -3.346802
-0.784078 -1.629701 -3.166634
-0.796490 -1.305089 -3.162720
-2.516454 -1.825520 -3.020742
-1.085315 -2.307879 -2.013122
-1.387606 -1.756971 -3.081591
-0.843211 -1.912037 -3.156797
-0.407693 -1.326724 -2.085038
-0.241842 -1.686174 -3.348994
1.179869 -1.653936 -0.759280
0.091580 -0.525041 -3.162373
1.195516 -0.819548 -2.228527
1.623347 -0.840589 -3.329684
1.824441 -0.507609 -2.567381
2.023907 -0.384550 -3.170506
2.651488 -3.045632 -3.385384
3.267722 -2.212138 -2.094628
3.295306 -1.169769 -3.009052
2.808405 -1.305342 -1.566370
3.312742 -0.847604 -2.180625
4.814287 -1.528714 -2.350471
4.983532 -1.012417 -2.712372
4.815829 -1.688449 -2.434203
4.039923 -1.849381 -2.238497
-4.358809 -1.340830 -3.408348
-4.664432 -0.799474 -2.184652
-3.780341 -1.322400 -1.675845
-3.143185 -0.890057 -2.206421
-3.552152 -2.445640 -2.370986
-3.458147 -0.938372 -1.331353
-2.418986 -0.700826 -2.074833
-2.236088 -1.858498 -2.826570
-3.067006 -0.864641 -2.059255
-2.008113 -0.234263 -4.336705
-1.869101 -1.310007 -2.346862
-0.377191 -0.298651 -2.771960
-0.621864 -1.652585 -3.763163
-0.556247 -1.089086 -1.791900
-1.516877 0.296902 -2.923415
-0.962850 -2.422350 -3.276910
-0.662845 -1.878626 -3.236155
-0.281953 -0.813577 -2.504859
0.504031 -0.487920 -3.265413
1.823015 -2.112047 -2.678570
1.971910 -1.827931 -2.211936
2.257273 -0.307171 -1.577980
0.073185 -0.106316 -2.253382
2.102433 0.764297 -1.498119
2.019750 -1.083831 -2.678799
2.989763 -0.354941 -0.962225
1.807107 -0.114029 -1.997868
4.261249 -0.664804 -2.774195
3.276010 -1.764641 -1.920355
4.052331 -1.355750 -2.350874
4.233622 -1.489037 -2.300653
4.430946 -0.466852 -3.113492
-3.871860 -0.585084 -3.285234
-3.671146 0.181901 -2.645897
-4.986749 -0.297156 -2.685687
-2.534403 -0.443992 -3.406925
-3.491696 -0.788521 -3.026405
-2.616207 -1.296589 -3.363115
-4.224821 -2.169944 -2.764929
-3.129966 0.268167 -2.486095
-2.383070 -1.232663 -3.326757
-2.776005 0.287144 -2.259162
-1.573811 0.203246 -3.006297
-1.493707 0.381952 -2.447850
-0.284766 0.542480 -2.546254
-0.683484 -1.195645 -3.321512
-0.487482 -0.636974 -2.311568
0.157374 -0.763819 -3.133545
0.256479 -0.861787 -2.872774
0.407370 -1.635701 -2.265141
0.991795 -0.768257 -3.074470
1.553968 -1.114537 -3.276356
1.011519 -1.068087 -2.131558
3.189774 -0.894774 -1.835539
1.324453 -3.062795 -1.848658
2.884054 -1.604295 -2.997551
2.268687 -0.675791 -2.464967
2.140755 -1.314981 -2.224554
3.448054 -0.684002 -4.375867
4.114164 -1.316585 -1.831438
3.938706 -1.636648 -2.403744
4.264598 -0.897062 -2.922256
4.639706 -1.158581 -1.394836
4.717825 -1.341477 -3.441310
-4.926994 0.133254 -2.822016
-4.453839 0.184783 -2.746675
-2.423827 -0.538631 -2.824118
-4.753778 -0.250138 -2.009863
-4.015292 -0.583907 -1.983374
-3.169550 -0.531158 -2.802467
-3.479618 -0.824426 -1.899398
-1.231109 0.247324 -2.016673
-2.878049 -0.834807 -2.410888
-2.467229 -1.252860 -3.190023
-1.293649 -0.900021 -2.937671
-1.483240 -0.191497 -3.085340
-1.615195 -0.583455 -3.613744
-1.037564 -0.397305 -2.813995
-0.485453 -0.777376 -3.083313
0.394411 -0.579701 -3.558108
-0.595061 -1.145840 -2.346483
0.352773 -1.838907 -2.710479
-0.767063 0.642105 -2.285332
0.187257 0.769338 -2.312080
0.944994 0.053078 -3.070515
2.119743 -0.955273 -2.234863
1.925766 -0.815636 -3.164428
3.298187 -0.721867 -2.256582
3.195736 0.373022 -2.230188
3.439304 0.319784 -2.895769
2.869947 0.996803 -2.200033
3.802941 0.273031 -2.014440
3.199785 -0.633370 -4.243965
3.697145 -0.725308 -1.200632
4.968742 -0.830611 -2.572848
4.858446 -1.198493 -3.186460
-3.245202 1.066553 -2.055108
-3.529900 -0.488033 -2.411158
-4.442146 -0.457876 -3.438944
-4.182190 -0.039300 -2.161191
-2.439831 0.000787 -2.973365
-3.223196 -0.140600 -2.717471
-2.585588 0.231484 -3.271142
-3.588768 0.183443 -2.854110
-2.179986 -0.095710 -2.785889
-2.403537 -0.162627 -2.776598
-0.935399 0.005389 -1.384983
-0.654342 -0.503834 -2.932522
-1.202627 0.477043 -2.161236
-0.816514 -0.705085 -3.267277
0.457092 0.627078 -1.981032
-0.112574 -0.108465 -3.241371
-0.717735 -0.541454 -3.171889
0.087652 -0.558046 -2.450380
1.609569 -0.876997 -2.730399
1.384339 -0.321755 -2.439357
0.978129 -0.310328 -1.583025
2.908035 -0.133250 -1.977566
0.809032 -0.201329 -3.256394
3.305181 0.302862 -2.608868
2.903672 0.197171 -2.066669
2.159965 0.234695 -3.005412
2.449705 -0.896647 -2.093580
4.155071 -0.161771 -2.509979
3.933821 0.096691 -2.925632
3.380725 0.618708 -2.284045
3.239469 -0.036817 -2.848716
4.158300 0.980901 -3.644438
-4.167786 -0.223411 -2.659982
-4.112803 0.661942 -3.071754
-3.790760 0.178888 -2.951735
-3.940193 -0.797122 -2.185524
-2.711560 1.405359 -2.729720
-3.574773 0.265323 -2.554036
-2.755310 1.282196 -3.650437
-3.298182 0.556947 -3.039319
-1.928153 -0.156857 -2.679496
-1.867071 -0.315697 -2.055784
-0.792820 -1.758335 -2.889780
-1.341755 0.909274 -2.032432
-0.534374 0.719873 -2.102977
-0.046596 0.415128 -1.947180
-0.383568 0.040131 -3.219713
-0.043366 1.450083 -3.817872
1.136040 -0.283266 -3.248524
-0.324594 0.836239 -3.008803
0.695443 0.466762 -3.592780
0.949187 -0.336162 -2.614383
1.642378 -0.546890 -2.486392
1.759603 0.345810 -3.204205
1.672774 1.136549 -1.939319
1.149333 0.743878 -1.842156
2.751048 0.652727 -1.444318
2.714394 -0.812107 -3.420438
3.460656 -0.099212 -2.381875
3.076482 -0.040861 -4.337989
3.008770 0.741285 -2.531019
4.731149 0.944012 -2.440330
4.674754 -0.031214 -3.187226
4.646325 1.184120 -2.419962
-4.787933 -0.142392 -2.807798
-4.988894 1.015116 -2.691123
-3.949712 0.877688 -3.412453
-3.895203 0.276847 -2.682970
-2.870172 1.125148 -2.548655
-3.913860 -0.736710 -2.663235
-3.433593 -0.080431 -2.615786
-3.327899 -0.827438 -2.700660
-3.000455 1.356432 -3.234587
-1.613494 0.064951 -2.291867
-1.757703 0.259186 -2.742724
-1.229335 1.149104 -2.503423
-1.659732 0.962822 -2.081791
-0.174524 -0.812456 -2.969059
-0.754896 2.138157 -2.790507
0.054758 0.449194 -2.261542
-0.201489 1.763970 -2.956684
1.157575 0.424239 -2.365610
1.093499 0.289880 -2.069710
0.915232 -0.574921 -2.952702
1.599010 0.561965 -2.907945
0.447754 1.486577 -3.043254
1.481621 0.061304 -2.215915
2.219368 0.986575 -2.880655
3.611051 0.208077 -2.988830
3.243257 1.378256 -2.221740
3.996772 1.462939 -3.789209
3.723637 0.961824 -2.922413
4.752820 0.770811 -3.304586
4.454667 2.090633 -2.839206
3.642260 -0.026562 -3.341260
3.603015 1.202413 -2.671051
-4.730011 0.457082 -1.795551
-4.121862 1.859446 -1.956639
-4.029847 1.416885 -3.013059
-3.735644 1.027019 -2.921458
-4.121389 1.665276 -2.479366
-3.370685 1.461196 -3.966532
-2.514659 -1.072725 -2.319170
-2.162857 1.237265 -2.449080
-1.236040 1.115588 -3.818391
-2.635993 0.858615 -3.727010
-2.091558 1.371180 -1.432194
-1.422712 1.297337 -2.100398
-1.040847 0.325647 -2.559121
-1.278375 -0.144760 -3.859754
-1.142864 -0.548390 -2.021323
0.130700 1.008685 -2.917806
0.454724 0.442365 -2.872706
0.603428 0.982310 -2.521873
1.785419 1.494723 -3.133976
0.754985 0.107860 -1.633887
1.823532 1.282034 -2.528935
1.316177 -0.402072 -4.178438
1.218846 -0.233976 -3.137022
2.331259 1.111770 -2.217518
2.775302 2.718379 -3.117599
2.887603 1.368843 -2.858664
2.775118 0.551311 -3.102484
2.283019 0.426895 -2.609178
3.381757 1.047263 -2.133116
3.988483 0.122493 -3.782450
4.865711 -0.299173 -2.432028
4.869103 1.879701 -2.276522
-4.711291 1.982701 -2.615529
-4.622586 0.804906 -2.444126
-4.296377 1.653901 -3.906506
-4.044327 0.497678 -2.682418
-3.321765 1.229100 -2.181487
-2.907338 0.911557 -3.599161
-2.247500 1.330689 -2.269279
-1.829396 1.989204 -2.256343
-1.259517 1.791879 -2.654363
-2.416829 0.294345 -1.970814
-2.838208 0.290170 -2.578791
-1.451890 1.052614 -1.972492
-1.605124 0.968107 -2.311429
-1.136939 1.403785 -1.726943
-0.116414 0.216650 -3.170164
-0.451101 0.796625 -2.026031
0.076389 -0.078095 -2.045682
-0.722583 0.649770 -3.181072
0.709882 0.435924 -3.049076
0.414987 1.679849 -1.424157
0.427153 0.962945 -3.207485
3.264386 0.986148 -1.577430
2.435130 1.560816 -3.222594
2.525045 0.863899 -3.333932
1.825631 1.088736 -2.170725
2.861658 1.741296 -3.309529
3.579774 1.613905 -2.581306
3.486825 1.403428 -3.194272
3.885878 0.505246 -2.299873
3.276238 -0.453796 -2.401653
4.871578 1.306611 -3.247706
4.301198 1.301223 -2.902589
-4.503165 1.670121 -2.129591
-4.580563 1.829181 -3.363092
-3.954346 0.988132 -3.092651
-3.407111 1.066636 -1.213379
-1.754279 1.791934 -3.336396
-2.679020 3.187231 -1.559348
-3.044579 1.502677 -3.389783
-3.683888 1.395788 -2.239957
-2.829330 2.307048 -2.015934
-2.644884 0.892622 -2.716691
-2.639143 2.095208 -1.876585
-1.630279 0.659914 -3.594169
-0.722816 1.380112 -2.857730
-0.462698 1.590379 -2.070948
-1.360139 0.191512 -1.745563
-0.558685 0.455603 -2.837565
-0.675876 2.315286 -1.879985
-0.450085 0.658642 -2.899544
0.464435 2.198677 -2.438823
1.599859 0.397948 -2.243851
1.522757 1.028096 -3.316758
1.260030 1.421631 -2.609514
2.564164 1.415468 -2.417282
2.916085 1.308212 -3.787794
2.301683 2.666813 -2.604930
2.013682 1.324153 -2.019415
2.493405 1.316287 -2.513167
4.647102 1.790329 -2.311542
3.834154 1.670306 -3.743472
4.499964 -0.446737 -1.821170
4.731211 1.776221 -1.574217
3.921704 1.622193 -3.653898
-4.371555 1.405361 -3.547469
-3.937559 1.388131 -2.106281
-3.550614 0.224387 -2.386190
-4.358838 1.886588 -3.434696
-4.500969 2.509722 -2.488162
-3.420763 1.233019 -2.353012
-4.384077 2.076313 -1.445751
-2.782531 1.484085 -1.765416
-1.560841 2.842279 -2.916002
-1.797703 1.726148 -2.295886
-2.330849 1.221225 -3.635085
-0.670542 1.775938 -2.215262
-1.081279 1.237816 -3.317087
-0.974186 1.096568 -2.747705
-1.064085 0.292974 -1.253787
-0.583506 2.199159 -2.713121
0.528599 0.759065 -3.373602
0.585581 1.253870 -2.597152
1.895442 2.097690 -2.589098
1.574872 1.350213 -2.978200
0.911833 2.112280 -2.393715
1.144108 2.040203 -3.128558
1.750392 1.594345 -2.675958
1.336706 1.031711 -2.680900
2.701880 1.395352 -2.036343
2.228161 1.508720 -1.853959
3.166318 2.198646 -4.621455
3.370350 1.388708 -2.675792
4.920647 2.285801 -0.941059
3.535913 1.965552 -2.283690
3.540929 0.990478 -1.962188
4.332110 1.739361 -1.029423
-4.633432 1.825430 -1.981059
-4.941322 2.289391 -2.315172
-4.048833 2.362716 -1.452986
-4.461029 2.223101 -2.831962
-3.322072 1.493140 -2.763389
-2.665750 1.808307 -3.436784
-3.469807 1.805829 -3.206912
-3.241757 1.767549 -2.107376
-1.838396 2.104091 -3.969364
-1.918047 1.610785 -2.535401
-2.407081 2.530350 -2.378669
-1.883289 1.851318 -2.367910
-0.537077 1.735385 -2.370960
-0.447470 1.092569 -3.474344
-1.071099 3.054780 -3.482930
-1.400998 1.943498 -2.002864
-0.007229 0.685156 -2.683318
-0.527362 1.497000 -3.285101
0.497468 1.924219 -3.736779
-0.053488 1.800002 -3.390459
2.108444 1.325647 -2.948301
1.419642 1.654971 -3.723889
3.290370 1.698699 -1.748237
2.453265 3.240756 -2.884060
3.394506 2.599928 -1.843342
2.454932 2.456297 -2.592962
3.488315 2.134698 -2.633487
4.079532 3.515371 -3.603817
3.936363 2.146843 -1.923293
4.418630 2.434854 -3.613602
4.699478 2.242993 -1.335951
4.449595 2.246502 -2.186085
-4.688250 0.811459 -1.554301
-4.811281 3.205293 -3.376197
-4.530943 2.212316 -4.551399
-4.073813 2.111727 -2.260158
-3.351007 2.658428 -3.324812
-2.609300 2.753435 -2.956016
-3.458346 3.316572 -2.599533
-2.587690 2.161932 -2.024940
-1.741784 2.024300 -2.644454
-1.704670 2.198212 -2.992177
-2.296657 2.963424 -2.703712
-1.302156 3.571447 -2.181623
-1.186833 2.757862 -2.392702
-1.908371 2.086433 -2.754681
0.553920 2.662892 -2.947571
-0.138571 2.627398 -2.346322
-0.741915 1.104694 -3.765549
1.198138 2.774189 -1.881759
0.142124 2.827682 -2.444917
1.566489 2.054124 -2.601317
1.601873 2.547060 -1.853874
1.349649 1.606137 -2.549355
2.465995 1.375940 -2.000152
2.730923 2.336826 -2.238355
3.478728 2.469583 -2.395683
3.371400 1.993895 -2.506927
3.082458 2.848426 -3.089861
4.365049 2.041120 -2.282783
3.005350 2.046064 -1.751004
4.348438 2.763008 -2.874519
4.884710 1.888634 -2.446401
4.438452 3.253380 -1.578494
-3.464146 3.104691 -2.882131
-3.794900 2.445304 -2.752821
-4.391024 3.079330 -3.080291
-3.938089 0.781950 -2.596332
-3.832153 2.844733 -1.765535
-2.852859 3.775545 -2.670792
-1.583352 3.750057 -2.110210
-2.788237 2.369728 -3.234487
-3.093297 2.320472 -3.442699
-2.070778 2.600420 -2.562623
-1.354739 3.796072 -2.901680
-1.764073 2.319334 -2.786398
-1.360137 3.492476 -2.849701
-0.901879 3.415485 -2.679506
-1.195333 2.566996 -2.403241
-0.391699 2.027511 -1.659014
-0.854874 2.807914 -2.205025
0.312124 2.164227 -3.729945
1.250014 1.840445 -2.066696
2.272903 2.150701 -2.032547
0.705902 2.639815 -3.820370
0.348320 1.478065 -2.552124
1.765776 2.678350 -2.813946
2.524185 3.585798 -1.923213
4.253524 4.353114 -2.698948
3.316042 3.287648 -2.638108
2.961206 2.595241 -2.084852
3.509928 2.510345 -4.319495
3.829956 3.070040 -3.452030
4.881059 2.507983 -3.147625
4.663478 3.739215 -1.368521
4.458316 3.415104 -3.071944
-4.791702 2.262414 -2.224146
-4.112818 2.522099 -1.615689
-3.214699 2.836414 -1.907837
-4.558393 2.720397 -2.602566
-3.323300 2.052224 -1.359144
-2.787463 3.347077 -2.768179
-2.387214 3.907265 -3.487411
-2.287108 1.716356 -1.602745
-1.685413 2.978578 -3.633802
-1.822650 3.735011 -3.470501
-1.836069 3.932794 -1.854753
-2.229910 2.519363 -2.955745
-1.605388 2.136940 -3.538612
-0.444176 3.386279 -2.475120
-0.994901 2.871970 -3.079933
-0.249502 2.981135 -2.391447
-0.195247 2.114061 -2.807555
0.160775 2.445546 -2.808343
0.760737 2.986504 -1.900402
0.407196 3.545525 -3.035928
0.728523 3.705017 -2.255810
1.385758 3.848397 -2.045485
2.713163 1.848119 -2.681876
2.390236 1.806804 -0.802090
2.948263 2.680083 -3.301841
2.536123 3.752484 -2.920022
3.670937 3.264749 -1.803689
4.990840 2.830674 -2.892181
3.241843 2.785024 -1.067876
3.341472 4.241963 -3.567385
3.949088 4.202623 -2.180897
4.161005 2.224999 -2.747515
-3.691196 2.632936 -2.954293
-4.713795 3.828431 -3.262110
-4.112425 1.750121 -3.410230
-3.731158 3.479467 -2.108782
-4.063166 3.277677 -2.180333
-2.546211 4.381222 -2.857159
-2.839870 3.272752 -2.495662
-2.001228 3.370804 -2.698963
-1.633166 3.718102 -3.084730
-2.654339 3.192294 -3.353633
-2.069838 2.743604 -1.671764
-1.843519 3.545968 -3.188698
-1.093295 1.980971 -2.603098
-0.355921 3.810301 -1.066649
0.295061 3.583843 -2.936872
-0.629654 4.407474 -3.736543
0.954162 4.039763 -2.111865
0.820220 3.318166 -2.808719
0.955556 3.095100 -1.135655
2.097776 2.884884 -2.641019
1.503083 4.629611 -3.561973
2.986372 3.554432 -2.575638
1.515636 2.504612 -2.533392
1.586631 4.033000 -3.297096
2.584745 3.688034 -3.512618
3.296808 4.007515 -2.175110
2.336182 2.989179 -2.785661
3.865488 2.660040 -2.413845
3.371983 3.251549 -2.847434
4.255353 4.403463 -3.323722
3.610554 2.500409 -2.603770
4.316259 3.840740 -4.622324
-4.554409 3.816382 -1.976065
-4.228877 2.725083 -3.049430
-4.094458 3.072220 -3.162737
-3.820570 3.746381 -3.113604
-4.165615 4.620842 -2.507559
-3.155421 3.085982 -2.561090
-3.819261 3.864956 -3.289937
-3.506316 3.070785 -1.097290
-4.041367 3.801875 -2.658230
-2.537391 2.331604 -3.659817
-1.481519 3.116551 -2.835937
-0.679720 4.074975 -3.330096
-0.739868 3.401051 -2.745566
-1.455530 4.100805 -2.294939
0.233654 3.399210 -1.849325
0.421274 3.848234 -1.705260
0.456264 3.483793 -3.302669
1.296249 2.223652 -2.976516
0.599531 3.455241 -1.915538
0.993815 3.485761 -2.709378
1.966736 3.677224 -1.741612
2.551877 4.675090 -2.362616
1.701442 2.719102 -2.947882
2.573626 3.555651 -2.868097
4.043789 3.369326 -2.961013
3.782177 3.954493 -2.620742
2.649802 3.094450 -2.637243
3.403014 2.820780 -2.876152
3.599129 2.854262 -2.500793
4.250787 2.775363 -3.577941
4.669750 4.224980 -2.645734
4.849772 3.295481 -1.610185
-4.976961 2.508728 -2.814152
-4.079612 3.701508 -2.977183
-2.771916 4.067539 -2.448098
-3.792742 4.520107 -3.598088
-2.537519 4.474361 -2.600767
-3.723858 4.699574 -2.724521
-2.354498 3.740862 -3.206427
-3.478471 3.929463 -3.114088
-2.087369 2.881783 -3.571964
-1.473175 4.742715 -2.804070
-2.500695 4.563495 -3.309978
-1.694080 3.785224 -2.767977
-0.726742 2.849928 -3.129210
0.639258 3.449904 -2.924467
-1.272856 3.275982 -1.596937
-0.757361 4.013832 -2.994431
1.162045 4.262457 -2.346094
0.410731 4.338922 -2.775048
0.148521 3.159147 -3.182497
0.381141 3.032991 -2.615842
1.787647 3.708899 -1.870995
1.464616 3.049835 -3.202653
1.372502 4.020359 -3.013830
2.259879 3.144532 -2.365951
2.162280 4.899637 -1.593350
1.915330 3.744035 -2.024687
3.500277 3.146716 -2.888402
3.724354 3.192663 -3.185437
2.739842 3.925037 -2.414906
2.857843 3.215386 -2.403704
4.456779 4.698004 -2.026620
4.314307 4.060725 -1.680652
-4.720006 3.872102 -2.102181
-4.438025 3.361983 -3.072228
-4.964175 4.614979 -3.264483
-3.965774 4.738624 -3.038560
-3.569563 2.598967 -2.346436
-3.180976 4.140382 -1.416918
-3.641319 4.037436 -2.915443
-2.391928 4.694596 -2.332187
-2.750134 4.885810 -1.899134
-2.564769 3.987398 -2.441556
-1.123778 3.050581 -1.993270
-1.062739 4.731036 -2.956301
-1.397458 4.078720 -3.691715
0.290569 3.699651 -2.722008
-0.341353 3.844216 -2.608209
0.159634 4.506569 -1.747340
-0.970402 3.957135 -2.480949
-0.231797 4.126650 -2.321148
1.285715 3.779751 -3.542214
2.156901 4.778734 -2.055133
1.375529 3.977982 -2.370665
2.785341 4.874502 -2.706577
1.910975 4.313591 -3.522987
3.487178 3.409968 -2.753249
2.711955 4.742457 -3.457149
3.203450 4.260313 -3.439614
3.924546 4.369812 -2.045835
4.464032 3.331909 -3.682481
3.219217 4.020389 -2.881463
4.403034 4.036725 -2.169368
3.495574 4.967176 -3.004503
3.946325 4.949664 -1.673070
-4.309434 4.302588 -2.433029
-4.442088 4.699674 -2.041995
-3.758000 4.479596 -3.416188
-4.763895 4.058795 -4.522304
-4.452148 4.760814 -1.748716
-3.114214 4.175804 -3.304490
-3.203442 4.987383 -2.205171
-3.224394 4.928351 -1.636440
-2.103276 4.682315 -0.669172
-1.780276 4.118878 -2.783463
-1.126850 3.700143 -3.000813
-1.396927 4.538879 -2.700469
-1.845636 3.800833 -2.538090
0.779604 3.978921 -3.301579
0.727088 4.740658 -2.397965
1.265135 4.700931 -3.817791
-0.214098 4.543407 -2.432070
0.334735 3.897197 -2.419878
2.081386 3.930900 -2.285889
2.042266 4.459475 -3.158682
1.684174 4.049573 -3.786556
2.200612 4.353161 -3.517806
2.244227 4.865451 -3.139407
2.664877 4.559670 -3.369956
3.666670 4.872536 -3.031947
3.209611 4.952544 -2.654179
3.238022 4.194791 -2.204536
2.008291 4.640780 -2.393233
3.899762 3.628771 -2.044151
4.353985 4.165285 -2.083229
4.060520 3.386535 -2.113801
4.202762 3.488464 -2.491226
-4.411444 4.789367 -2.605934
-4.205865 3.926143 -2.985485
-4.389265 4.944686 -3.303878
-3.568357 4.835077 -2.184210
-4.717308 4.899501 -1.897916
-3.511195 3.678126 -3.022943
-3.293338 4.247082 -1.888879
-2.965932 4.686159 -2.131164
-2.041985 4.819580 -2.889543
-2.035278 4.145956 -1.865164
-0.940794 4.746416 -4.010923
-0.909434 4.766159 -2.678134
-1.120932 4.358456 -2.417517
-0.191885 4.218478 -0.427937
-0.523275 4.926565 -4.774259
0.065357 4.208034 -3.484046
0.540670 3.938822 -3.550954
0.489211 4.999924 -2.450078
1.457171 4.472738 -2.901753
1.439423 4.739334 -3.640377
1.193813 3.933606 -3.108540
0.442692 4.782159 -2.441986
0.910660 4.243665 -3.486131
2.411715 4.570680 -2.412683
3.462907 4.748899 -3.361964
2.155722 3.811393 -3.300226
4.586287 3.915881 -3.338574
2.864638 4.712875 -1.646805
4.237240 4.861076 -2.369473
4.839854 4.964423 -3.780573
4.495435 4.681911 -2.393798
4.560090 3.974725 -2.177095
-4.213504 -4.201886 -1.948412
-3.750011 -4.617690 -2.468149
-4.836052 -4.493897 -2.307687
-3.513326 -4.388881 -2.149630
-4.750566 -4.613457 -2.085575
-3.229680 -4.672500 -0.894582
-3.517053 -4.055871 -2.462935
-2.159097 -4.715648 -3.377690
-2.515917 -4.799735 -2.793889
-2.239151 -4.801315 -3.297152
-1.340319 -4.430928 -2.727440
-0.601991 -4.764144 -2.119779
-0.219259 -4.411027 -2.186448
-1.982216 -4.636682 -1.471712
-0.511370 -4.600012 -1.891746
0.225412 -3.409742 -3.028678
1.044813 -4.572366 -1.562350
1.087531 -4.154224 -3.092800
2.576650 -4.311075 -2.402663
0.499595 -4.559910 -3.076679
1.397547 -4.440362 -1.794788
1.724785 -4.954931 -2.186770
3.487801 -4.925548 -2.052469
3.197782 -4.899064 -3.319667
2.800575 -4.500897 -2.317653
3.334292 -3.911061 -1.870920
2.471539 -4.787765 -1.476771
3.715538 -4.784507 -1.888654
4.279947 -4.769138 -0.793405
3.499158 -4.964797 -2.508606
3.609642 -4.271686 -2.896559
4.952983 -4.905519 -2.033300
-4.723395 -4.716082 -2.467198
-4.831764 -4.071797 -2.353785
-3.805688 -4.901015 -3.413522
-3.265851 -4.156500 -2.529453
-3.114563 -4.524741 -2.248906
-3.700377 -3.573933 -1.247839
-2.594198 -4.050086 -1.786248
-2.675593 -4.629613 -2.422607
-2.584256 -3.460609 -2.926783
-2.531684 -4.573415 -3.413637
-3.073341 -4.223500 -1.354512
-1.502610 -4.086278 -2.552621
-1.430723 -4.518058 -3.386097
-1.880643 -4.314826 -2.133002
0.144353 -3.769857 -2.673568
-0.850133 -4.552157 -2.794563
1.504852 -4.513240 -2.203548
-0.557646 -3.777008 -2.383091
0.612965 -4.474682 -2.117612
0.348377 -4.866685 -1.840674
1.562466 -4.148377 -2.693610
1.452877 -4.436246 -2.542870
2.339306 -4.793848 -1.677468
2.316645 -4.773055 -1.817468
2.584550 -3.976730 -2.534949
2.751500 -3.822439 -2.762130
3.811132 -4.545021 -2.432658
4.153828 -3.403613 -2.617238
2.945540 -3.937732 -2.461856
4.034182 -4.572661 -1.659388
4.948377 -4.873736 -1.604290
4.486453 -3.902253 -1.349316
-4.971424 -3.959826 -1.787876
-4.768386 -4.251741 -1.522026
-4.481718 -3.985523 -2.048748
-3.740034 -4.186595 -2.551034
-2.578316 -3.832856 -1.791808
-3.525989 -4.163769 -2.261185
-2.859544 -3.540173 -3.250348
-3.121605 -4.050999 -2.720817
-2.405424 -2.437395 -2.747387
-2.147095 -4.942370 -3.223448
-0.709711 -3.540801 -1.119594
-1.825112 -4.192283 -1.402409
-1.089178 -4.165071 -2.385786
-2.083823 -4.921753 -1.381403
0.336733 -4.557739 -2.611413
1.130476 -4.799253 -1.805391
0.118632 -4.765153 -1.686974
-0.540574 -4.741285 -0.459477
0.719050 -4.412802 -2.655169
1.748594 -3.738097 -3.471899
2.364436 -3.634799 -3.212475
0.598874 -4.061689 -0.865228
0.026888 -3.604744 -1.957834
1.401903 -4.072395 -1.624894
3.279373 -3.810734 -3.252787
2.859167 -4.540835 -2.708944
3.768187 -4.702678 -4.302432
3.208808 -4.913260 -1.532562
4.160639 -2.666200 -2.152440
4.387327 -4.109283 -0.729457
4.974868 -4.842689 -1.463564
4.914657 -3.506691 -1.884431
-4.600736 -4.852159 -1.627385
-4.837169 -3.514094 -2.490411
-4.922846 -3.677526 -0.970715
-4.481113 -3.836207 -1.292857
-3.367923 -2.995652 -1.566140
-3.733602 -2.584652 -1.382057
-3.517399 -4.144528 -1.334187
-2.222389 -3.410421 -2.641073
-3.106272 -4.100338 -4.244534
-1.781188 -3.942130 -2.641361
-2.358871 -3.813041 -2.745265
-1.244307 -4.793995 -2.966901
-0.578318 -3.296208 -3.700933
-0.238707 -3.833919 -3.298609
-0.717083 -3.789443 -2.784543
-0.049713 -4.706229 -2.547232
-0.102991 -2.412542 -1.741047
0.385189 -3.819324 -1.199206
-0.768490 -3.148003 -2.461376
1.116878 -4.150774 -2.349931
0.519095 -4.693091 -2.252079
1.048732 -4.610620 -2.141255
2.201209 -4.464110 -3.215430
1.815369 -3.712169 -2.535152
3.414384 -4.730124 -2.099289
3.457029 -3.487605 -2.341458
3.561090 -3.596203 -1.791949
3.481281 -4.977917 -3.493248
4.072903 -3.960850 -1.523408
4.854113 -3.375094 -1.211140
4.598515 -3.140328 -2.850476
4.973388 -3.741676 -1.406957
-4.440094 -3.409717 -1.810951
-4.784037 -3.269697 -1.852671
-3.640641 -2.882568 -1.996340
-3.637964 -3.766030 -1.779670
-3.265053 -3.347483 -3.530647
-3.389928 -3.287204 -3.788557
-2.175507 -4.538994 -2.333855
-1.797881 -3.843833 -4.001169
-2.567611 -3.740448 -3.745909
-1.804132 -3.740689 -3.362291
-2.184475 -4.403782 -1.260890
0.086962 -2.980215 -2.082907
-2.037519 -3.444978 -1.160925
-0.668179 -3.598880 -2.334491
-0.695918 -3.455367 -2.351418
0.382678 -1.843615 -2.269692
0.692262 -3.738967 -2.160977
-0.154910 -2.603527 -2.940707
1.004145 -3.124894 -2.649372
0.503107 -3.832988 -2.777808
1.432844 -4.130157 -2.736732
1.739476 -3.525968 -2.362588
1.619917 -4.078863 -1.482138
0.984601 -3.408569 -3.265419
2.568473 -2.995576 -1.836326
2.851540 -2.507032 -1.566486
3.167545 -3.984301 -1.431857
4.526520 -3.795718 -1.513727
3.553758 -3.101171 -2.374804
3.994174 -2.522237 -2.275234
4.482706 -2.990984 -1.734202
4.240580 -3.114063 -1.413064
-4.430205 -2.241086 -0.829403
-4.232528 -3.923489 -1.734675
-4.054798 -3.156248 -1.641395
-4.175313 -3.018451 -1.457754
-4.839243 -3.305451 -1.078819
-3.959990 -3.122139 -1.413983
-3.254678 -3.738385 -1.735018
-2.528771 -3.654814 -2.442264
-3.034467 -4.249165 -3.124520
-2.174147 -3.483899 -1.111619
-1.976675 -3.272496 -2.775517
-2.059911 -3.111709 -2.117157
-1.101911 -2.136053 -2.863210
-1.271863 -3.389794 -2.991875
-0.696181 -3.244420 -2.696714
-0.644254 -3.039501 -2.999300
0.961134 -2.801422 -2.463319
-0.640888 -4.278297 -3.204988
0.737164 -1.962219 -2.847503
2.155591 -3.383295 -2.150177
1.185894 -4.203351 -2.819295
0.559664 -3.637721 -2.463447
1.533666 -3.318760 -2.242725
1.622966 -3.653883 -2.419064
3.600759 -3.968203 -2.268878
2.929837 -3.946307 -2.311391
3.142584 -1.659527 -1.494690
4.799531 -2.938663 -2.146161
3.007362 -3.934243 -2.881031
4.057383 -2.974666 -2.797060
4.437297 -3.897491 -1.859000
4.812799 -3.976148 -2.631255
-4.926240 -2.763036 -3.536384
-4.740643 -2.693950 -2.585609
-4.050352 -2.847439 -2.685457
-4.338226 -2.323253 -2.312971
-2.602169 -2.739714 -2.321591
-2.884172 -2.888414 -2.725191
-3.815267 -2.849807 -1.768857
-2.329886 -3.512860 -2.226956
-2.508009 -3.093984 -1.916215
-1.911761 -2.448525 -2.218564
-1.314072 -3.212732 -2.168133
-1.872674 -3.052446 -2.551568
-1.922024 -4.031799 -2.278261
-0.861723 -3.790580 -1.382858
-1.049275 -3.389260 -2.422566
-1.049381 -2.838779 -2.028054
0.306639 -3.818667 -2.554951
-0.198438 -4.077037 -1.329136
1.189069 -3.349781 -1.197546
-0.309012 -2.197220 -1.341189
0.785793 -3.631059 -3.154969
0.618979 -2.526701 -1.734280
1.944510 -3.577780 -2.182653
2.487198 -2.443863 -1.897155
2.690092 -3.367857 -2.910794
2.690638 -2.698215 -3.080888
3.050901 -2.699314 -3.227241
3.257208 -3.298802 -2.503757
4.312140 -2.329839 -2.164587
4.373525 -2.597767 -2.325253
4.095987 -1.688473 -2.031097
4.186332 -3.089791 -1.830727
-4.604428 -2.869896 -1.429129
-3.431670 -2.802036 -1.913704
-3.020526 -3.918186 -2.535690
-4.328174 -2.629934 -2.144862
-3.323275 -1.684390 -2.052498
-3.266063 -3.008716 -3.231327
-2.256300 -2.898920 -1.991686
-2.465570 -1.578418 -2.166177
-2.786679 -2.124499 -2.541535
-1.159225 -2.696470 -2.007757
-1.433916 -2.876612 -3.038145
-1.770350 -2.330250 -2.230962
-1.608321 -3.586994 -2.330703
-0.892711 -2.243270 -1.638754
-0.070441 -2.870744 -3.008210
-0.626945 -3.045887 -2.118094
-0.919804 -3.089769 -1.974481
-0.356395 -1.964182 -2.829642
0.323335 -1.981347 -3.904332
0.787494 -3.015593 -2.057094
0.788382 -1.834159 -2.345783
1.562845 -1.757489 -2.097129
1.195451 -2.070823 -1.944830
2.466261 -2.864482 -2.649825
3.539097 -3.191218 -2.214136
3.052554 -2.491596 -1.608129
3.225570 -3.696474 -2.209183
2.796788 -1.952202 -2.832593
3.858422 -3.450368 -2.507622
3.967920 -2.176348 -2.375105
4.524361 -3.445658 -2.060923
4.781054 -2.471110 -3.085960
-4.741722 -2.404535 -1.079028
-4.442713 -2.511293 -1.342671
-4.520839 -2.201975 -1.721100
-3.133882 -2.258096 -3.740385
-2.953692 -2.738259 -2.570875
-3.278488 -2.680152 -2.250034
-2.586382 -1.500301 -1.437657
-2.687119 -2.256241 -3.023323
-2.544952 -1.681202 -2.929417
-1.678386 -2.113681 -2.416155
-2.061453 -1.533207 -2.907941
-1.841188 -0.715569 -1.570149
-0.533021 -2.287228 -2.918759
-2.391381 -3.000056 -0.999341
-0.764302 -2.110889 -1.537239
0.302723 -0.947675 -3.083849
0.195581 -2.265891 -1.327041
0.840081 -2.034924 -1.319700
0.434563 -2.109171 -1.977212
1.423656 -2.343047 -2.289569
1.246526 -2.434117 -0.797169
1.264537 -2.256251 -2.278864
2.142200 -2.624995 -2.169763
0.899579 -2.049197 -1.589607
2.510686 -2.535418 -0.841142
3.242553 -1.518157 -1.478337
3.663476 -2.371187 -2.163256
4.115858 -2.045537 -1.783543
3.389016 -0.668999 -1.782725
3.910955 -1.647434 -1.827455
4.888810 -2.263123 -2.237267
4.528089 -2.275550 -2.735754
-4.808474 -0.953438 -2.594805
-4.935042 -1.116558 -1.846254
-4.962583 -1.892419 -1.543106
-3.781199 -2.679225 -4.885411
-3.393582 -2.104332 -2.070544
-3.684029 -2.169644 -2.043683
-3.059452 -1.941689 -3.311151
-2.952961 -2.020864 -2.229657
-2.556025 -1.591672 -1.980891
-1.647619 -2.467012 -1.750046
-2.757950 -2.060515 -1.641927
-1.188580 -1.343688 -1.903098
-2.049880 -1.842650 -1.318038
-1.127817 -2.035186 -3.066777
-0.300661 -2.094106 -1.770302
-0.217892 -1.405350 -3.437196
0.134487 -1.401929 -3.667292
0.167272 -2.535939 -2.445996
2.558552 -2.021549 -2.356626
0.278580 -0.648426 -1.404574
0.707668 -2.095556 -2.399628
2.985118 -1.656778 -1.939767
2.870135 -1.679239 -1.803887
1.455998 -1.972292 -2.444442
2.746141 -2.555900 -2.652227
2.738719 -1.961936 -2.335978
2.565746 -1.548862 -1.991733
3.195100 -3.832329 -3.503747
3.255261 -2.649213 -2.553577
4.119912 -2.914171 -2.359726
3.403993 -2.476729 -2.252213
4.370752 -1.820248 -1.353356
-4.915181 -1.098352 -1.552175
-3.681825 -0.504845 -2.287464
-4.316087 -1.853935 -2.282007
-2.244659 -1.701438 -1.895361
-3.651533 -1.993133 -2.241114
-3.353177 -1.691667 -2.785954
-3.434311 -1.817722 -2.419249
-2.318197 -1.267697 -1.674104
-2.570401 -1.318222 -2.431775
-1.813044 -1.368175 -3.616556
-1.670092 -1.614025 -2.876593
-1.242115 -2.103353 -1.232754
-2.380049 -1.464108 -2.078043
-0.280337 -1.337205 -2.126965
-0.371256 -2.784720 -2.899705
-0.413331 -1.672741 -3.417088
1.483099 -1.292779 -1.793708
-0.527090 -0.918730 -2.880361
1.339525 0.090708 -2.240384
1.070158 -2.328191 -1.847937
2.088221 -2.928676 -2.847432
0.997067 -1.661366 -1.707705
1.640659 -1.921177 -2.260083
2.021455 -1.142952 -3.036747
2.718220 -1.216052 -1.889028
2.937643 -1.853784 -1.787334
3.242415 -2.116626 -1.354190
2.158023 -1.281775 -1.804194
4.315848 -1.040584 -2.433367
4.402809 -1.318227 -2.473141
3.349898 -2.200638 -3.166828
4.550745 -1.382802 -2.294059
-4.546046 -2.227724 -2.453701
-4.814915 -1.486307 -2.456099
-3.534657 -1.912529 -2.643144
-3.888483 -1.064229 -2.440707
-3.100817 -1.136162 -3.177667
-3.407782 -1.503298 -3.449288
-3.854791 -0.363848 -2.329566
-3.624949 -1.110106 -1.676531
-2.595678 -1.451067 -2.340619
-0.987944 -1.394916 -2.477413
-1.627557 -1.218296 -2.973390
-2.290783 -1.683950 -2.781045
-2.122441 -2.147111 -1.414370
-0.905312 -1.646287 -2.720414
-0.828332 -2.455174 -2.309288
-0.070447 -1.625244 -1.855709
0.020060 -1.237736 -2.953101
0.632433 -1.565933 -0.661193
-0.599891 -1.191891 -2.132285
0.319684 -0.892516 -2.059973
1.712175 -1.042709 -2.660502
2.057686 -1.066035 -2.466287
1.953168 -0.706410 -3.864808
2.454294 -2.921922 -3.518479
3.365096 -1.521479 -1.698751
3.020339 -1.206130 -2.152251
2.909682 -1.311427 -1.171377
2.967530 -1.840552 -1.554486
4.070194 -2.484917 -2.150816
4.920263 -0.424826 -2.408870
4.772675 -1.830242 -2.457916
3.733088 -1.765484 -1.356568
-4.313900 -1.505561 -2.862513
-4.793908 -1.599692 -2.197999
-3.736428 -1.476002 -1.978733
-3.032174 -1.086856 -2.068172
-3.337571 -1.134134 -1.848192
-3.905759 -0.873918 -1.026067
-2.385557 -1.702846 -1.992444
-2.811380 -1.722174 -3.672193
-3.681075 -1.320903 -1.861388
-2.281821 -1.148213 -2.691480
-0.933523 -0.944963 -2.010955
0.055078 -0.808579 -2.564714
-0.795449 -2.131104 -2.954411
0.030540 -1.290587 -1.778543
-0.954213 0.020850 -2.724699
-1.221011 -1.385929 -2.806243
0.332738 -2.144944 -3.066912
0.366912 -1.573190 -2.724442
0.097131 -0.358902 -2.328749
1.523831 -1.418136 -2.320909
1.942514 -1.685867 -2.323701
1.981335 -0.593404 -2.070597
0.117468 -1.725058 -1.492366
2.948213 0.767096 -1.203164
1.599066 -1.105359 -1.992716
3.537031 -0.899768 -0.841310
2.502781 0.156138 -1.855268
4.035848 -0.950310 -2.224163
3.189432 -2.476201 -1.694282
3.473170 -1.663617 -1.760649
4.232518 -1.422192 -1.518140
4.661753 0.050693 -3.636328
-4.190034 -0.465775 -2.441071
-3.761775 -1.107116 -2.470240
-4.878492 -0.222025 -2.752051
-3.477314 -0.778564 -2.589782
-3.981791 -2.114532 -2.124433
-2.956891 -0.112085 -3.102823
-3.704472 -1.871001 -3.095387
-2.434084 0.054851 -2.768360
-2.538001 -1.343056 -2.245800
-2.911836 -0.389315 -2.087578
-1.938825 -0.394004 -2.494295
-1.303000 0.307721 -2.362244
-0.639201 1.213931 -2.191265
-1.010516 -0.636226 -3.258729
-0.422596 -0.128737 -1.730528
-0.146369 -0.979066 -3.239792
0.061148 -1.329886 -2.738827
0.183212 -2.148756 -1.559144
0.573283 -0.975588 -2.649421
1.136222 -0.975340 -2.660811
1.947500 -0.179335 -2.582522
3.084460 -1.402068 -1.871784
2.457654 -2.207369 -2.125483
2.461265 -1.130307 -2.331489
1.316014 -1.252803 -2.164890
2.424200 -1.376599 -2.490043
3.729437 -0.125063 -3.489866
4.801609 -1.574301 -1.027186
4.515010 -0.764717 -2.670051
4.159989 -0.498558 -2.860797
4.377947 -1.123540 -1.084213
4.460802 -1.002876 -2.731611
-4.728822 0.524256 -2.180554
-4.358112 0.008819 -3.122308
-3.437773 -0.923907 -2.118786
-4.872524 -0.570466 -2.443328
-3.674315 -0.913316 -2.269205
-3.581422 -0.530034 -2.155485
-2.391488 -0.314518 -1.597189
-1.468199 0.092444 -2.509288
-2.538619 -0.806907 -2.696102
-2.878981 -1.234571 -2.646276
-1.611515 -0.681923 -3.148358
-1.577862 -0.057981 -2.028581
-1.807347 -0.358814 -2.853086
-0.871954 -1.034956 -2.508431
-0.498225 -1.321443 -3.085697
-0.252636 -1.244881 -3.142900
-0.799338 -0.986200 -2.011476
0.171458 -1.134027 -2.261948
-1.011931 0.261777 -2.862032
-0.643158 0.213117 -2.117549
1.349423 -0.294584 -2.797678
2.478616 -0.972577 -2.826644
1.726621 -0.209227 -2.377209
2.921485 -1.230083 -2.353013
2.814809 -0.553496 -1.353300
2.999055 -0.157310 -3.322516
3.282533 0.642632 -1.315344
3.850937 0.452968 -1.894261
3.644998 -0.604616 -4.059964
3.173796 -0.815871 -1.282669
4.965004 -1.300997 -2.101341
4.951522 -1.035901 -3.525354
-3.655302 1.645733 -1.457249
-2.258731 -0.392630 -1.902731
-3.804649 -0.590076 -2.263863
-4.324385 -0.375788 -1.506423
-2.692143 0.273380 -1.716829
-3.946676 0.223309 -2.557930
-2.375089 0.458049 -2.278296
-3.080441 0.508339 -2.633877
-1.989869 0.372992 -3.422144
-2.169894 -0.432477 -2.307764
-0.824152 -0.660028 -2.333085
-0.677185 -0.685017 -2.393601
-2.040690 0.437744 -1.532270
-1.342869 -1.203737 -2.185176
0.053836 0.335787 -2.985838
-0.379211 -0.045168 -2.995136
-0.045225 -0.409661 -2.791988
0.803756 -0.841995 -1.588707
1.353999 -0.761297 -2.231642
0.695324 -0.257675 -2.362897
1.037170 -0.260858 -1.900099
2.319126 0.265029 -1.890226
1.382918 -0.209357 -2.965537
3.522475 -0.272912 -2.497641
2.957016 -0.094836 -2.702565
2.337066 -0.180662 -2.714232
1.831556 -0.401012 -1.623605
3.961852 -0.784000 -2.782452
4.217064 0.428536 -2.060756
3.255582 0.347427 -1.627520
3.604387 0.183227 -2.133158
3.246650 1.320283 -3.525490
-4.648360 -0.140364 -1.418932
-4.028189 0.944656 -2.565790
-3.677392 -0.259038 -2.737581
-3.634180 -0.409930 -2.046927
-3.228954 0.845564 -2.522652
-2.676901 0.308972 -1.922141
-2.532827 0.621793 -2.921004
-3.162184 0.709735 -2.709265
-1.615741 -0.532699 -2.666510
-2.053071 0.070969 -2.423430
-1.515571 -1.558023 -1.882317
-1.181227 1.245505 -2.216590
-0.390425 1.279241 -2.458210
-0.917935 0.673564 -1.310355
-0.799711 0.673671 -2.755273
0.246104 0.377215 -2.681342
-0.070105 -0.896414 -2.809932
-0.138324 0.287529 -2.674144
0.704981 -0.148572 -3.326249
0.324724 -0.488751 -1.869693
1.326793 0.483766 -2.363882
1.931213 0.442267 -3.060838
1.888056 1.079168 -1.219084
2.010500 0.569094 -1.221066
2.952333 0.742033 -0.712740
2.962960 -0.339947 -2.609840
3.521066 -0.783323 -3.425736
3.601663 -0.064574 -3.729568
3.569693 0.974774 -2.083985
4.378179 1.261008 -1.174958
4.652679 0.221305 -2.383051
4.579716 0.375204 -2.172688
-4.577839 -0.541333 -2.616653
-4.938416 0.928492 -2.409378
-4.342119 0.093564 -2.190997
-4.155598 0.911401 -2.026292
-3.531265 0.974556 -2.378966
-3.888026 -0.968618 -2.714425
-3.054970 0.754087 -3.080534
-2.987002 -1.390567 -2.207521
-2.823138 1.142091 -2.782591
-1.693876 0.260872 -2.318541
-1.100037 0.076064 -1.519586
-1.944947 1.050566 -2.462723
-1.545639 0.528354 -1.513777
-0.674189 1.123765 -2.331243
-0.628922 1.999303 -2.574596
0.834033 1.110013 -1.978388
0.457009 0.836726 -2.141606
1.311918 -0.617487 -2.564097
1.338169 -0.158605 -1.187519
1.260229 0.201019 -2.888185
1.151064 0.184476 -1.969138
0.501462 0.644906 -2.604315
1.870239 0.412045 -2.510906
1.771285 1.122197 -1.808148
3.151459 0.634712 -2.529698
3.253601 0.892230 -2.833948
3.792371 1.518256 -2.442817
3.436431 0.811093 -2.413940
4.338220 1.118025 -2.132720
4.167542 1.830949 -3.229960
3.729463 -0.085315 -2.545966
3.735672 0.763115 -2.494815
-4.771416 0.154071 -1.403916
-4.969275 1.655153 -2.031430
-3.558769 0.567449 -2.516716
-4.264587 0.877667 -3.056065
-3.324979 0.582814 -2.785306
-3.022538 0.970553 -3.264372
-3.207156 -0.807461 -2.133952
-2.246558 1.569862 -2.566967
-1.810002 1.980089 -3.830681
-2.055979 0.547463 -3.777555
-2.052623 1.618351 -0.579378
-1.537487 1.823895 -1.616435
-1.231015 0.638794 -1.873923
-0.908105 0.449241 -3.508305
-0.952360 -0.985394 -2.326838
1.068920 1.014115 -2.548915
0.997272 0.745747 -2.919402
0.361658 0.470604 -1.633245
0.851036 0.492198 -2.768787
0.744020 0.298265 -1.607276
1.123350 0.833980 -2.009922
1.635967 0.441530 -3.937145
0.334355 0.106068 -1.887583
2.238806 0.946436 -1.999020
3.306605 2.123728 -1.995118
2.540681 0.104585 -2.765205
3.480742 0.262665 -2.675545
2.505406 0.576863 -2.205701
3.870223 0.721171 -1.221053
4.564969 0.273938 -2.580868
4.298389 -0.629396 -2.620188
4.876153 1.303702 -2.501341
-4.629299 2.076269 -2.924692
-4.519082 0.546624 -2.099038
-4.888570 2.092572 -3.548809
-4.250405 0.960960 -2.940865
-3.609288 1.724778 -2.177334
-2.378124 1.393394 -2.840045
-2.131801 1.463410 -2.243971
-1.736254 1.620068 -2.709743
-1.561289 1.270400 -3.098739
-2.341350 -0.215504 -1.728538
-2.068548 0.592510 -2.707248
-1.896662 0.739560 -1.780415
-2.052461 0.997115 -2.284825
-1.013739 0.980271 -2.059938
-0.488266 0.195524 -3.329969
0.356334 1.173152 -1.269475
0.541488 -0.673577 -1.937643
-0.742151 0.768084 -2.982549
0.211593 -0.000809 -2.482245
0.525038 2.107786 -0.912920
0.643560 1.152607 -2.356255
2.455979 0.553817 -1.916089
2.222955 0.858857 -3.129803
2.061756 0.914226 -2.596524
1.882016 0.784146 -2.107873
2.818692 1.752880 -2.959333
4.145511 2.360995 -3.329579
3.600446 1.659854 -3.514413
4.104261 1.056188 -2.741307
3.391567 0.378751 -1.333562
4.982346 1.374819 -2.902477
4.670836 1.160165 -3.704786
-4.236500 1.865958 -1.853613
-4.228739 1.933667 -2.251085
-4.968506 1.641576 -1.806979
-3.852058 1.834781 -1.935918
-2.869839 2.214314 -2.250651
-2.238202 3.291747 -1.557183
-3.297793 1.855384 -2.391444
-3.103399 0.987104 -1.980646
-2.520060 2.296555 -2.265208
-2.837296 1.286421 -2.510289
-2.168479 2.666967 -0.947868
-1.834457 -0.121049 -3.076338
-0.707223 1.234309 -2.837496
-1.279483 1.768506 -2.188744
-1.042006 0.174881 -2.363595
-0.360250 0.411326 -2.576207
-1.089994 2.646075 -1.082128
-0.796484 0.892990 -3.008416
1.150679 0.775964 -2.246300
2.113169 1.490137 -2.149349
2.044559 2.298786 -3.046077
1.429123 1.355069 -2.461091
2.014939 2.458669 -2.077137
2.631347 1.666278 -2.667073
2.297936 2.578644 -2.739963
3.013422 0.981732 -2.102219
2.890341 1.382303 -2.053534
4.174427 2.049020 -2.079626
4.048858 1.968746 -3.629942
4.141515 0.196340 -2.717936
4.570221 1.209005 -0.780175
3.956590 2.151237 -2.462311
-4.407428 1.802737 -3.823491
-3.467616 1.628572 -2.401616
-4.379018 0.819710 -2.333439
-4.718652 1.624948 -2.585147
-3.798230 2.682980 -1.132505
-3.318447 0.675106 -2.624684
-4.129749 1.840498 -2.315768
-2.313323 1.510663 -1.854784
-1.564851 2.088981 -2.001403
-1.357453 1.259774 -2.619079
-2.368460 0.344530 -3.324922
-0.797785 2.076197 -1.068486
-0.655646 0.868232 -3.388056
-0.989158 1.690770 -2.329940
-0.588566 0.783236 -0.211477
-0.528276 2.838170 -3.058911
0.773122 1.614420 -3.681790
0.558701 0.417581 -2.979292
0.778568 2.538270 -2.563811
1.291984 1.158495 -2.458808
1.612636 1.758204 -2.665401
2.069238 1.507670 -1.772583
1.973854 0.590021 -2.276120
2.063380 0.840149 -1.676080
3.641093 1.373986 -1.725976
3.186326 1.932188 -2.362147
3.340764 2.383396 -3.730422
4.283534 1.166916 -1.390357
4.012346 3.037354 -1.195945
3.472164 2.113677 -2.763099
4.327029 1.475758 -1.864370
4.510207 1.539204 -1.419131
-4.786887 1.906599 -1.635386
-4.653773 2.862903 -2.056437
-3.848696 1.615436 -0.677021
-3.484880 2.084836 -2.089332
-3.027692 2.531820 -2.269293
-3.250989 2.103679 -2.850943
-3.462070 1.942251 -2.971040
-2.728681 1.585519 -1.550878
-1.855613 2.754543 -3.965061
-2.413799 0.756691 -1.929523
-2.386440 1.976704 -1.776817
-1.530251 2.504017 -2.767642
-1.133485 2.230482 -2.065426
-0.771308 1.730848 -3.203964
-1.131975 3.464470 -2.656900
-0.820870 2.358663 -1.497009
-0.558046 0.534804 -1.934714
-0.227338 1.229039 -2.751229
0.247695 2.927397 -3.308068
0.465769 2.706282 -3.191220
1.825106 1.288319 -2.717274
1.323956 1.501171 -3.542596
3.322952 2.201638 -1.324418
3.463223 2.472301 -2.097548
4.190242 2.308612 -2.231697
3.058893 2.456987 -1.914570
3.718380 2.229234 -2.841985
4.146702 3.335587 -2.729167
4.269723 2.239088 -1.985237
4.012495 2.733865 -2.926806
3.998634 2.678488 -2.009610
4.619206 1.922833 -2.027283
-3.935758 1.807527 -1.815456
-4.792492 2.466482 -2.906214
-4.447409 1.932083 -3.258039
-3.866811 1.759683 -2.243505
-3.137033 2.667154 -3.302698
-3.387924 2.404519 -1.955315
-2.664418 3.109566 -2.053564
-2.034772 2.900969 -1.987300
-2.715059 2.928692 -2.205727
-2.907357 2.852524 -2.342378
-1.868638 3.531266 -1.907562
-1.546874 3.740026 -2.817279
-0.682301 2.172772 -2.214508
-1.613335 2.291620 -2.082150
-1.035649 2.357612 -2.708353
-0.641998 2.352411 -1.717240
-0.904369 1.601813 -3.291882
0.697509 2.199174 -2.167439
0.086290 2.795440 -2.252419
2.220813 2.397133 -2.178919
1.770276 2.146959 -1.038999
0.262552 2.163861 -2.327826
1.558282 2.071556 -1.550733
2.433347 3.045377 -2.412017
3.343347 2.173012 -1.813675
3.994678 2.092564 -2.113094
3.343171 2.236962 -2.377078
3.299975 1.929787 -1.925702
3.050523 2.650832 -2.636282
3.842805 3.287208 -1.866041
4.655733 2.356266 -2.186164
4.699400 2.856341 -1.137355
-4.228263 2.580834 -1.884456
-4.447285 2.822374 -2.960686
-3.679666 2.798476 -2.507357
-3.143632 0.643821 -2.220290
-3.902738 2.897483 -1.923957
-3.586776 3.444712 -2.055153
-2.445405 4.048523 -2.171319
-3.069856 1.400766 -3.000880
-3.234955 3.321620 -3.290693
-1.415494 2.047861 -1.863779
-2.482639 4.081665 -2.993930
-2.396933 1.953345 -2.766777
-1.486661 4.106690 -3.208988
-1.634779 2.873266 -2.627364
-1.253116 3.141174 -2.040636
0.360734 1.828382 -2.673930
-0.847706 2.999318 -1.821645
-0.141783 2.112428 -3.169403
0.543888 1.907903 -2.179025
1.317076 2.231772 -1.581660
1.674288 2.845986 -3.316481
0.116522 2.030383 -1.716568
1.919135 2.637223 -2.414721
1.602973 3.780680 -1.688193
3.800623 4.046102 -2.725898
3.383293 3.075373 -2.393371
2.851460 2.499331 -1.845386
3.244804 2.819004 -2.972998
4.199691 2.541620 -2.767604
3.915249 2.847411 -2.049133
4.956482 3.923414 -1.548617
3.599673 4.061625 -2.466474
-4.571758 2.116218 -2.130183
-4.357835 2.215752 -1.582902
-3.924933 3.372384 -1.798949
-4.226621 2.696001 -1.431392
-3.281841 3.152462 -0.778693
-3.202920 3.450646 -2.795970
-3.048693 3.416250 -2.757202
-1.965589 1.493206 -1.584940
-2.108832 3.534015 -2.000752
-2.234758 3.380117 -2.371475
-1.751024 4.027906 -2.048535
-2.111209 1.281764 -2.725729
-2.165784 2.924667 -2.732770
-0.342187 3.489884 -1.705364
-0.284402 2.731186 -2.681419
-0.312899 2.373813 -1.573459
0.106683 2.563489 -1.898055
0.620408 2.533283 -1.233188
0.753838 2.846189 -1.688888
0.765094 4.202172 -2.463349
1.262958 4.204876 -1.886766
1.453226 4.082446 -2.418949
2.144084 1.291332 -2.626997
2.394453 3.624228 -0.363735
2.845535 2.040726 -2.672884
2.610836 3.645779 -2.015932
3.441826 2.927157 -1.516271
4.203736 2.346970 -2.683962
3.282095 3.151798 -1.248634
3.941492 4.200395 -3.286345
4.072853 4.710896 -2.065076
4.952811 2.696168 -2.942245
-4.357690 2.916566 -2.615223
-4.868095 3.065295 -2.522997
-4.494169 1.928013 -3.426163
-3.483441 3.675395 -2.079502
-3.453641 3.999364 -2.124807
-3.436348 4.396014 -2.662107
-2.630014 3.033921 -2.232045
-1.724731 3.920138 -1.961684
-1.650095 3.912502 -3.000778
-2.133579 3.040543 -3.172832
-2.362999 3.063478 -2.384248
-0.933670 2.803834 -2.375109
-2.078712 2.196179 -3.206513
-0.656482 3.757270 -1.277517
-0.830974 2.899258 -2.967904
0.343319 3.910433 -3.190497
0.774997 3.649296 -1.459767
1.480160 3.092813 -1.501409
0.512836 3.520363 -0.807090
0.975016 2.896507 -1.996590
1.021699 4.138264 -1.697274
2.929602 3.656943 -2.000724
1.044653 2.566936 -2.292981
1.443130 3.948085 -2.661642
2.833663 3.344372 -3.813183
3.211897 3.250630 -2.292032
2.501175 3.876243 -2.093151
3.621835 2.877028 -1.961584
3.120958 4.004341 -2.004101
4.321940 4.202836 -2.634717
4.476911 2.410525 -2.272543
4.691478 3.933532 -3.827893
-4.980665 2.856969 -1.392108
-4.627640 2.474586 -2.910406
-4.497426 2.709751 -3.613966
-3.455746 3.050964 -3.076635
-4.119320 4.161189 -2.900679
-3.176495 2.825747 -2.865803
-3.653269 3.478439 -3.374220
-2.992258 2.845168 -1.375944
-3.833045 3.815081 -2.702613
-1.759417 3.063615 -3.234538
-1.228938 3.984570 -2.534215
-1.515332 3.580647 -2.711094
-1.570232 3.341740 -2.010334
-1.251126 4.187490 -2.188909
0.675094 3.499272 -1.462942
0.452612 3.123271 -1.596556
0.398670 3.303933 -3.145960
0.337413 3.328578 -2.670764
0.785368 3.368375 -2.077960
0.904046 3.263677 -2.986215
2.374218 3.799398 -0.408930
3.262511 4.567856 -2.510376
2.269474 3.077849 -3.368498
3.108755 4.268015 -2.882183
3.122683 3.537483 -2.053730
3.557351 4.576315 -1.618827
2.446348 3.530823 -1.494626
3.866324 3.351096 -1.724488
3.229136 3.193441 -1.663511
3.506199 3.344843 -3.780023
4.354744 3.305411 -2.070101
4.894858 2.831796 -1.706816
-4.859142 3.393826 -2.342746
-3.970775 3.715243 -2.292149
-3.235459 4.519905 -2.166051
-3.900794 4.150255 -2.742183
-3.170992 3.713979 -2.429976
-3.251831 3.977221 -2.666752
-1.751780 3.489119 -2.928207
-3.160709 3.551108 -3.243808
-2.834895 3.481237 -3.459893
-1.781612 4.880906 -1.597071
-1.539835 4.744735 -3.093776
-1.879525 4.343976 -2.515950
-0.685135 2.523525 -3.217420
-0.120980 2.764805 -3.128180
-0.271727 3.507576 -1.295111
0.156594 4.051205 -2.530906
1.441547 4.581653 -2.401437
0.524563 3.667564 -2.901577
0.385949 2.789685 -2.827161
0.546912 2.899235 -2.809612
1.511083 3.623069 -3.005615
1.440571 3.258840 -2.045669
1.726829 4.183476 -2.790597
2.209911 3.376856 -2.673910
1.884448 4.963510 -1.368852
2.011139 3.231563 -1.655609
3.845321 3.628512 -2.386327
3.642174 3.137936 -2.512466
2.866450 3.648378 -2.303913
3.724992 3.545606 -2.020518
4.281856 4.923233 -1.058838
3.465291 3.773309 -0.925574
-4.877626 3.848420 -1.409123
-4.530970 2.362225 -2.847792
-4.771734 3.518254 -3.068984
-4.084771 4.556374 -2.943802
-3.109102 3.357424 -2.117465
-2.693236 3.865330 -1.871828
-2.558649 4.839927 -2.600085
-2.188196 4.521196 -1.944672
-3.094033 4.978134 -0.780752
-2.748818 4.202205 -2.521264
-0.505077 2.691788 -1.529229
-2.410900 4.524151 -3.187238
-1.084077 4.404941 -2.286132
0.246712 3.506274 -2.691940
-0.443342 4.310699 -3.145111
-0.520355 4.017023 -0.577934
-0.801255 3.469287 -3.119468
0.436447 4.480849 -1.470539
1.790370 4.953865 -2.680811
1.837804 4.640836 -2.163310
2.065441 3.182810 -1.823395
2.255421 4.887086 -2.151097
1.916420 3.986866 -2.474142
3.920766 3.834798 -3.142015
2.832521 4.823085 -2.342486
3.820487 3.812027 -1.839647
3.665717 4.521091 -1.869822
4.091075 3.777263 -3.137397
2.835410 3.273935 -2.592769
4.316034 3.879422 -2.533453
3.837259 4.920821 -2.999325
4.071459 4.979989 -1.627370
-4.449579 4.246470 -1.850529
-4.775815 4.500372 -2.241563
-3.888613 4.188709 -3.172698
-4.875016 3.920633 -4.248296
-3.347446 4.869140 -2.127843
-3.606958 3.157342 -3.343047
-3.356061 4.939622 -2.385533
-2.968408 4.456808 -1.367592
-2.020790 4.706322 -1.286266
-2.281695 4.137728 -2.622251
-1.576186 4.295907 -1.715588
-0.994671 4.522463 -3.284401
-1.824956 4.198167 -1.999140
-0.299321 4.027565 -2.775919
0.479838 4.899384 -2.631214
0.630722 3.760783 -3.449829
-0.349596 4.644311 -2.777046
0.166697 3.927774 -2.042093
2.036071 4.269003 -1.877173
1.595899 4.431261 -2.137780
1.444749 3.509956 -3.709863
2.035686 4.763100 -3.831669
2.738069 4.425968 -2.890380
3.523708 4.886342 -3.547896
3.126714 4.488229 -2.015954
2.395308 4.660223 -2.861152
3.597119 3.809308 -1.989153
3.143197 4.432474 -1.671365
2.896986 3.565931 -1.544284
4.969472 3.545622 -1.845195
3.509609 3.790333 -2.601715
4.220711 3.912853 -2.116973
-4.468100 4.959216 -2.347178
-4.135021 3.624303 -2.369677
-4.977710 4.928813 -2.578128
-3.479962 4.872604 -2.584301
-4.062431 4.877203 -1.673526
-3.432045 4.381049 -2.893462
-3.352897 4.625627 -1.974487
-2.351164 4.828152 -2.471442
-2.467094 4.835634 -1.741207
-1.869419 4.421520 -2.037276
-1.295891 4.586057 -2.189205
-0.937669 4.890947 -2.202904
-1.675547 4.846458 -1.925023
0.373853 4.323551 -0.261758
-1.220951 4.888292 -4.149672
0.634246 3.831350 -4.160781
0.675023 4.451524 -2.406868
0.641612 4.665898 -2.924607
0.701201 4.806094 -2.239409
2.243253 4.710551 -2.694743
0.885635 4.304688 -2.622256
0.811544 4.734258 -2.062338
1.037238 4.324257 -2.995629
2.501794 4.883733 -2.391024
3.485957 4.789304 -2.808008
2.631629 4.599639 -3.592545
3.484232 3.931848 -3.181137
3.380809 4.617784 -1.115366
4.821673 4.750328 -1.467201
4.486832 4.947453 -2.689395
4.670471 4.496902 -1.721023
4.668307 3.943461 -1.398784
-4.629021 -4.592201 -1.447390
-3.697909 -4.795294 -2.049071
-4.134918 -4.551131 -2.264908
-3.333899 -4.402376 -1.858146
-4.101910 -4.687770 -2.706854
-3.129777 -4.673754 -1.220266
-3.475941 -3.713291 -1.672084
-2.959053 -4.860587 -2.756186
-2.461274 -4.965940 -2.523390
-2.715298 -4.887792 -2.223247
-1.623087 -3.941913 -2.224730
-1.774796 -4.786778 -1.517658
-1.000100 -4.672278 -2.318107
-1.410952 -4.464419 -1.371794
-0.842580 -4.326114 -1.744919
-0.019610 -3.494187 -2.063430
0.339292 -4.543031 -1.871591
1.028110 -3.723755 -2.462772
2.372099 -4.336469 -2.318687
-0.337612 -4.620445 -2.649590
1.510859 -4.024468 -1.739058
1.164530 -4.921717 -1.637346
2.747508 -4.776983 -1.319652
3.207618 -4.216406 -2.795663
3.068388 -4.628912 -2.420126
2.896351 -4.248281 -1.207721
3.156949 -4.376982 -1.928823
3.817227 -4.774909 -1.161612
4.539403 -4.740339 -1.270658
3.967173 -4.949515 -1.564063
3.702523 -4.354958 -2.435513
4.982743 -4.749238 -3.056202
-4.309745 -4.956032 -2.735670
-4.767893 -3.605123 -1.487567
-4.423478 -4.729972 -2.808321
-2.831736 -4.474350 -1.779887
-3.613449 -4.803599 -1.654505
-3.377572 -3.661329 -1.167818
-3.120785 -4.338300 -1.794840
-2.575871 -4.540960 -2.153312
-2.626257 -3.773893 -2.409576
-1.861728 -4.439552 -2.404323
-2.353890 -4.346734 0.187063
-1.386931 -3.632883 -2.341919
-0.667055 -4.976956 -3.132247
-2.240845 -4.463794 -2.149528
-0.114988 -3.698623 -2.281468
-0.257763 -4.233702 -1.790306
1.535876 -4.515759 -1.760036
-0.271303 -4.156955 -2.214708
0.134351 -3.982358 -2.054216
1.086709 -4.774617 -1.183856
2.231667 -3.981766 -2.687329
0.838282 -4.224064 -2.521699
2.202821 -4.853239 -1.580099
2.244228 -4.784565 -1.158656
2.512506 -4.165277 -2.635715
2.283346 -3.933396 -1.647107
3.916862 -4.177396 -2.336836
3.925377 -4.014402 -1.889743
2.804683 -4.294262 -3.102627
3.664745 -4.344222 -1.997637
4.992220 -4.967317 -2.161637
3.900427 -3.650790 -1.736266
-4.970775 -3.525837 -2.034941
-4.972418 -4.276808 -0.943862
-4.114855 -3.593465 -1.499596
-3.783802 -3.800879 -2.677626
-3.660430 -4.001787 -1.212260
-3.086668 -3.174286 -1.965311
-2.876234 -3.895290 -2.429401
-2.428918 -4.519082 -2.315816
-2.868332 -2.763391 -2.394988
-2.053691 -4.369077 -2.706470
-1.226781 -3.250186 -1.027794
-1.969362 -4.313352 -0.944516
-1.400892 -4.962985 -2.199932
-2.013644 -4.422131 -0.738816
-0.042991 -4.586997 -3.046638
0.465523 -4.668608 -1.285457
0.238450 -4.982041 -1.145744
0.772059 -4.308331 -1.549723
0.182382 -4.102401 -2.207411
1.220242 -3.781254 -2.547485
2.360518 -4.059232 -1.751070
0.332212 -3.334166 -1.398963
1.588976 -4.293202 -0.615916
2.088393 -3.824551 -1.129137
2.887793 -3.310103 -3.247578
2.432746 -3.722996 -1.526077
3.116180 -4.596372 -3.684449
4.008065 -4.632335 -1.072281
3.798477 -3.585716 -1.627707
4.268910 -4.165280 -0.640354
4.713350 -4.493181 -1.205417
4.768601 -4.062901 -1.911134
-4.811834 -4.479416 -1.608736
-4.429034 -2.788753 -1.420798
-4.996584 -3.952345 -1.005267
-4.165815 -4.740315 -1.230402
-3.437641 -3.444804 -1.429490
-3.434646 -2.599247 -1.607268
-2.854320 -4.040636 -2.734279
-3.272669 -3.520550 -2.146534
-2.582494 -3.100999 -3.443403
-0.867429 -4.131805 -2.348534
-2.560090 -3.338771 -1.569351
-1.558889 -4.838909 -2.849696
-0.642563 -2.892651 -3.941029
-1.301153 -4.446533 -2.938114
-0.955591 -4.345553 -1.551430
-0.133757 -4.534287 -1.523279
-0.083412 -3.292559 -1.714597
1.072535 -4.076552 -1.820339
0.116874 -2.983959 -1.827865
0.945453 -3.438729 -2.116487
0.354619 -4.801702 -1.717082
1.699630 -4.720610 -2.071225
2.540554 -4.832330 -2.260699
1.996234 -3.902749 -2.498855
2.748651 -4.992569 -1.277195
3.899652 -3.127426 -1.840297
3.483667 -4.097623 -1.068375
3.347492 -4.997891 -2.668909
3.805970 -3.793788 -1.443488
4.465562 -3.689889 -1.731495
3.848517 -3.706698 -3.231970
4.492917 -3.828299 -1.087206
-4.475369 -4.720199 -1.733467
-4.765026 -3.242311 -1.672715
-3.917329 -3.321765 -2.858905
-4.340607 -3.576628 -1.974385
-3.040291 -2.492017 -2.555303
-2.705723 -3.449249 -3.605394
-2.340195 -3.908092 -2.595179
-2.046268 -3.643373 -2.424904
-2.655598 -4.024869 -2.901355
-1.465567 -4.074296 -3.141223
-1.786297 -4.333069 -0.884964
-0.553154 -3.462118 -1.952268
-2.133648 -3.343164 -1.016923
-1.372638 -3.257311 -1.475714
-0.913855 -3.624804 -2.574220
0.905235 -1.932637 -1.938283
0.357250 -3.990752 -1.833077
-0.050438 -2.842586 -1.997466
1.099877 -3.565008 -2.354859
0.175784 -4.104342 -1.165042
0.171618 -4.482234 -2.317430
2.595884 -3.152520 -1.885204
2.306949 -3.608006 -1.938670
0.965570 -3.597346 -2.282961
2.375628 -2.691425 -1.726372
3.695950 -2.809203 -1.904853
3.644271 -3.140568 -0.852002
4.018640 -3.330684 -1.345120
3.685951 -3.384594 -2.208129
3.766909 -3.366060 -1.765388
4.604259 -3.231823 -1.299996
3.877461 -3.888465 -0.923353
-4.103710 -2.876120 -1.576492
-4.432082 -4.452541 -1.813978
-4.151432 -3.415720 -0.644515
-4.044382 -3.729971 -0.376666
-4.598413 -3.815017 -1.998376
-3.446237 -3.953980 -1.604767
-2.485468 -3.372676 -1.426263
-1.954381 -3.544922 -3.063422
-3.017357 -3.653647 -2.762594
-2.954363 -3.566651 0.126102
-1.061924 -3.467330 -2.212833
-2.809679 -3.594208 -1.793923
-1.475179 -1.756818 -2.195308
-1.083686 -4.092021 -2.784986
-0.424102 -3.541705 -2.005238
-0.403331 -3.014887 -2.294121
0.313169 -3.009072 -1.557737
-0.056758 -3.435607 -2.375312
1.070138 -2.981400 -2.320488
2.032259 -2.830087 -1.133262
0.206297 -4.370696 -2.495061
1.178670 -3.072482 -2.220411
0.617398 -3.567991 -2.026690
1.376999 -3.417681 -2.227948
2.968921 -3.541265 -1.497788
3.222411 -3.790565 -1.959398
3.947995 -1.995225 -1.695768
3.743079 -3.057791 -1.954293
2.682747 -3.716724 -2.861699
4.243968 -2.736844 -2.480472
4.485156 -3.504056 -1.733389
4.912953 -3.346934 -1.736010
-4.600293 -2.354893 -2.797612
-4.645806 -3.103252 -2.542221
-4.616150 -2.378561 -1.775707
-4.216980 -2.765266 -1.564766
-2.823520 -2.882522 -1.686971
-2.992398 -3.158445 -2.523021
-3.611929 -3.528997 -1.696985
-2.822421 -3.602443 -1.958221
-2.089649 -2.282751 -1.719161
-2.207145 -2.597592 -1.927734
-1.364593 -3.321000 -1.874706
-1.900856 -2.626725 -2.353333
-2.078445 -4.096017 -1.903535
-1.239155 -2.412527 -1.096124
-0.490131 -3.419169 -2.899807
-2.016207 -3.844461 -2.200579
0.292335 -3.761384 -2.246856
0.036128 -3.228651 -1.290847
1.233258 -3.370835 -1.729829
0.327681 -2.680595 -1.328617
0.666132 -2.846852 -2.836354
0.898189 -3.966931 -1.503954
2.078539 -2.581595 -1.953212
3.085394 -2.319156 -0.842800
2.714288 -3.052598 -1.692323
2.753546 -2.619935 -2.212875
3.013917 -2.719791 -3.087729
2.571114 -2.745238 -1.835465
3.330781 -1.938782 -1.303595
4.826087 -3.193820 -2.780545
4.305310 -1.626260 -2.065836
3.827124 -2.602523 -0.890109
-4.354063 -3.314497 -1.184323
-4.129085 -2.963347 -2.750844
-3.466120 -3.373937 -3.066172
-4.311366 -2.168252 -1.337764
-3.070131 -2.256486 -1.891274
-2.787452 -3.429267 -3.056115
-2.058703 -4.167096 -2.048136
-2.376526 -2.390216 -1.999369
-2.256277 -2.657336 -1.590627
-1.230593 -3.690585 -1.719231
-1.296379 -2.686784 -1.839405
-1.035733 -2.478283 -2.499665
-0.782728 -3.991533 -2.017436
-1.146756 -2.554690 -1.056479
-0.415308 -2.636918 -3.042718
-0.414561 -2.988678 -1.680467
-0.298436 -3.310992 -1.651189
0.022316 -1.928808 -2.307108
-0.131622 -2.108876 -3.867590
0.534063 -2.850514 -1.521812
1.330263 -1.982334 -1.649446
2.329391 -2.392937 -1.963542
1.712487 -3.135444 -2.772909
1.576956 -2.851530 -1.899353
3.401809 -2.661047 -1.411842
2.744742 -2.408828 -0.554039
2.762534 -2.856051 -2.182654
3.501134 -1.698748 -2.052214
4.287354 -2.529025 -2.489144
3.559716 -2.540107 -1.466396
4.240797 -3.077313 -2.475677
4.801217 -3.092593 -1.918118
-4.856456 -2.788521 -0.776176
-4.736115 -3.450665 -1.905408
-4.781864 -1.951018 -1.219433
-3.279839 -3.096078 -3.095638
-3.041326 -2.580845 -2.445529
-3.749216 -1.926946 -2.487210
-2.903218 -0.863842 -1.750926
-2.604328 -2.191704 -2.246455
-2.639664 -1.334856 -3.119993
-1.054515 -2.916737 -2.715560
-1.071895 -1.241205 -2.007239
-1.748572 -1.399504 -1.776982
-0.506761 -2.394833 -2.184186
-2.056630 -3.249049 -1.271492
0.010757 -2.786103 -1.065505
0.121321 -1.223672 -2.745141
-0.203815 -3.274818 -1.506332
-0.120989 -2.560587 -1.136535
0.351771 -1.772094 -2.388299
0.727117 -2.674871 -2.446613
1.524251 -2.485968 -0.875520
1.641608 -2.634278 -2.647200
1.973904 -2.363419 -1.702641
0.463640 -2.655348 -1.827835
2.645833 -2.645452 -1.202429
3.715447 -2.193847 -1.446844
3.995911 -2.222461 -1.487571
3.668350 -2.632527 -2.795958
2.732166 -0.776296 -1.986153
3.729625 -1.380333 -1.445574
4.877655 -1.991946 -2.229815
3.782417 -2.627426 -1.810033
-4.696025 -1.805201 -2.473262
-4.908723 -1.213555 -3.046651
-4.950010 -2.456760 -2.799923
-3.914299 -2.287483 -3.877644
-3.158907 -2.929144 -1.235215
-3.252624 -1.824269 -1.849530
-3.476005 -2.005844 -2.817723
-2.425152 -2.027090 -1.921674
-1.905769 -1.696201 -2.195491
-2.137428 -2.581795 -2.093966
-1.859567 -2.125648 -1.999713
-0.940179 -2.000283 -2.166120
-2.060025 -2.123262 -1.207098
-1.037088 -2.342138 -2.568119
-0.935855 -2.530886 -1.203777
0.013198 -2.142619 -2.568134
-0.153918 -1.831341 -2.925055
-0.800400 -3.440532 -2.072414
3.052102 -3.018523 -2.230188
0.581532 -1.284806 -1.802575
0.586181 -2.097481 -2.709437
2.531418 -1.890844 -2.076003
2.903031 -1.741234 -0.967034
1.308084 -2.384981 -2.996448
3.351331 -1.749128 -2.309896
2.764495 -1.452465 -1.561725
3.157053 -2.553538 -1.114999
3.617362 -2.951677 -2.587241
4.175737 -2.346012 -1.805038
4.000123 -2.971016 -1.753161
4.234982 -1.613551 -1.812462
4.263193 -1.542978 -0.972629
-4.962011 -0.881429 -2.255076
-3.548092 -0.598730 -1.164721
-3.907008 -1.992824 -1.369512
-2.554202 -2.714397 -1.701728
-3.739881 -1.656390 -1.672471
-3.374738 -0.589772 -2.346649
-3.160896 -2.689034 -2.404075
-1.837815 -0.907129 -1.443604
-2.554989 -0.758884 -1.856440
-1.982906 -1.736531 -2.638866
-1.949166 -2.515003 -2.048285
-1.363804 -2.351530 -1.226572
-2.489620 -1.854934 -1.306087
-0.250479 -2.109481 -2.122481
0.064552 -2.449459 -1.969313
-0.705925 -1.360546 -3.331917
-0.380542 -1.551168 -1.001142
-0.157753 -1.562855 -2.360617
0.844245 -0.956663 -1.935159
0.947449 -1.792357 -1.028536
2.114074 -3.206723 -2.697165
1.034802 -1.461201 -1.986835
1.942197 -1.855292 -1.783062
2.299433 -2.101288 -2.367062
1.873490 -0.641727 -1.375617
2.845806 -1.332436 -1.446720
3.041770 -2.046099 -1.825487
2.896833 -0.959720 -1.778529
4.391419 -1.777739 -1.951082
4.141947 -0.941633 -1.338806
3.711834 -1.977159 -2.357989
4.624281 -0.833137 -1.912503
-4.227258 -2.089615 -1.789354
-4.206778 -1.487338 -1.768131
-3.246287 -1.727657 -2.431443
-4.013515 -1.234041 -2.787496
-3.046588 -1.895944 -2.772428
-3.004825 -1.392015 -3.387618
-3.585328 -1.379947 -2.061431
-3.218090 -1.100160 -1.707989
-3.334796 -1.287563 -2.527869
-1.273807 -0.839932 -2.434648
-1.187748 -0.475281 -2.341867
-1.914879 -1.414121 -2.935176
-1.846954 -1.972617 -1.194456
-0.742138 -1.748618 -2.320362
-0.794026 -2.045232 -1.807802
-0.898205 -1.938998 -0.991762
0.096360 -1.279764 -3.277989
0.940823 -1.900539 0.366930
0.005838 -0.421710 -1.722335
0.918697 -0.350522 -2.232829
1.222764 -0.800922 -2.507525
1.800556 -0.812449 -1.933708
1.888591 -1.109741 -2.677922
1.698086 -1.649005 -2.015345
3.400100 -2.327396 -1.508437
3.333764 -1.603249 -2.519271
2.926588 -0.722868 -1.145790
3.070765 -1.954774 -1.416499
4.406191 -2.354368 -1.518237
4.977549 -1.028553 -1.789380
4.934950 -1.825092 -2.378814
3.734591 -1.793218 -1.597149
-4.019587 -1.638221 -3.279829
-4.921167 -1.162852 -1.202602
-3.397481 -1.121795 -0.843710
-3.117827 -1.690861 -2.156181
-3.290716 -2.260315 -1.739986
-3.506757 -1.205779 -0.467908
-3.052046 -0.705893 -2.227644
-2.309772 -1.396041 -2.501126
-3.602765 -1.574482 -0.435043
-2.260318 -0.811182 -2.604794
-1.295289 -1.484526 -2.315079
-0.112442 -1.228871 -2.813105
-1.257486 -2.321733 -2.535466
-0.895161 -2.255028 -1.881804
-0.310387 -0.481129 -2.191091
-0.640719 -1.630168 -2.697749
-0.442983 -1.826533 -3.610764
0.535306 -0.913128 -1.661602
-0.624891 -0.264444 -2.047080
1.359283 -1.794701 -1.909686
2.162211 -1.978922 -2.160337
2.057014 -0.449563 -1.803565
0.334682 -0.904371 -1.030395
1.837204 0.137751 -1.041759
1.457769 -0.308246 -1.592107
3.320524 -0.528177 -1.243876
1.952652 -0.725371 -1.926385
4.263540 -1.375824 -1.095833
3.368909 -2.009057 -0.779110
3.871542 -0.872263 -0.948977
4.572690 -1.689884 -1.530329
4.801501 -0.889061 -2.483117
-3.815537 -0.077015 -1.641778
-4.261922 -0.834722 -1.876142
-4.891617 -0.548968 -2.682908
-3.326131 -1.055397 -2.617244
-4.509354 -0.704981 -1.310608
-2.659263 -0.968757 -2.795645
-3.337314 -2.853060 -2.129313
-2.415731 -1.106130 -1.664973
-2.033932 -1.176339 -2.517738
-2.245553 -0.332677 -1.055227
-2.263237 -0.719898 -1.848655
-0.987415 -0.314339 -0.916549
0.290879 1.121914 -1.995357
-0.573191 -0.208566 -2.494010
0.410299 -0.559501 -2.024700
0.556644 -1.093630 -2.584255
-0.123311 -0.899305 -1.344383
0.770964 -2.395801 -0.683196
0.855176 -1.396640 -2.769766
1.182953 -1.497996 -2.968130
1.474578 -1.577922 -2.034325
2.761998 -0.619029 -1.489537
1.060143 -1.774979 -2.059363
2.210248 -0.592078 -1.685872
2.029477 -0.898851 -1.284024
2.331647 -0.504917 -2.525140
3.642280 -0.109210 -2.906516
4.393561 -1.115085 -0.704968
4.326967 -0.832483 -1.832176
4.077481 -0.996788 -2.498532
4.451418 -0.643180 -0.760976
4.672553 -1.700935 -3.111619
-4.824402 0.029102 -1.105584
-4.433179 -0.276753 -2.350746
-2.057217 -1.032894 -1.939785
-4.683451 -0.830225 -2.564945
-3.760013 0.033898 -1.327375
-3.181394 0.218862 -2.291795
-2.483809 -0.440817 -1.585317
-1.676528 -0.337123 -1.478596
-1.961043 -1.318721 -2.595986
-2.913087 -0.946088 -2.508498
-0.817820 -0.961727 -2.640705
-1.450220 0.232328 -2.158516
-1.135776 -0.638704 -2.735473
-1.223454 -1.556445 -2.514990
0.107489 -0.942895 -2.745120
-0.405485 -1.079575 -2.159024
-0.054494 -1.682477 -2.664310
-0.193639 -1.755896 -2.378060
-0.197021 0.668536 -2.400409
-0.027233 0.270734 -1.459869
1.634528 -0.143024 -3.530615
1.791739 -0.950724 -1.703329
1.558312 -1.170689 -0.808904
2.706316 -0.871835 -2.415584
2.928753 0.273743 -1.773579
3.193190 -0.190300 -2.312879
4.016045 0.662417 -1.439594
4.275651 -0.216414 -2.042954
3.633268 -0.616596 -2.963628
4.423631 -0.662924 -0.617274
4.923845 -1.178137 -2.501757
4.970038 -0.627863 -3.151095
-3.444358 0.878767 -1.499035
-3.121276 0.230209 -1.937820
-3.158287 -1.203349 -2.891765
-3.798252 -0.248810 -1.775808
-2.245854 0.209705 -1.546468
-2.900838 0.199138 -2.830201
-2.835186 0.643694 -2.383968
-3.018997 0.259515 -2.187351
-2.190164 0.840937 -2.922221
-2.716186 0.169888 -2.000165
-0.421344 -0.698529 -1.469881
-0.909437 0.025831 -2.341933
-0.797113 0.597436 -1.931873
-1.261646 -0.764251 -2.655478
0.809504 0.418774 -1.970425
-0.551506 -0.971255 -1.893522
-1.046163 0.085388 -2.572764
0.494966 -0.498460 -1.708830
1.273671 -0.296698 -2.513580
1.395758 -0.915117 -2.263768
1.277955 -0.800602 -0.991826
2.235874 -0.629186 -1.825991
1.363897 -0.783642 -2.656062
3.248209 -0.200452 -2.794842
2.356119 0.442278 -1.920806
3.091659 -0.204710 -2.125495
3.221078 -0.340023 -0.812911
3.734389 -0.344267 -2.430794
3.437912 0.197455 -1.962039
3.361678 -0.157874 -1.367443
3.605291 -0.608664 -2.250709
4.310769 1.452415 -2.568152
-4.599655 -0.363441 -1.266706
-3.851958 0.778513 -2.021598
-3.450735 -0.469314 -2.060100
-3.841481 -0.130728 -2.529151
-3.730127 0.860258 -2.201452
-3.324572 0.277972 -1.326358
-2.852004 1.558765 -2.396371
-2.848070 0.002697 -1.839448
-1.399455 -0.690709 -1.866417
-2.341073 0.095862 -2.246168
-1.407306 -1.672304 -2.302260
-1.019831 1.595481 -2.500485
-0.862132 1.213628 -1.865317
-1.580310 0.806494 -1.740392
-0.737812 0.456958 -3.049468
0.739181 0.215869 -2.611551
0.576190 -0.540315 -2.287282
0.077843 0.896997 -2.006740
0.709124 0.096214 -2.834412
0.378992 -0.545279 -2.300419
1.171571 -0.544877 -1.608305
1.543527 -0.070332 -2.831812
1.573153 1.091973 -1.169628
1.923791 -0.206758 -1.031068
3.055784 0.018720 -1.057089
2.761466 -0.821938 -2.101840
3.362876 -0.954312 -2.601281
3.110235 0.106552 -3.196757
3.101091 0.899890 -1.075443
4.569944 1.181301 -0.972909
4.829588 -0.594119 -2.120952
4.639130 0.384025 -1.844679
-4.989453 0.073907 -1.966871
-4.310956 0.861276 -1.874499
-3.876756 0.860278 -2.233026
-3.969640 0.416737 -2.392266
-3.143937 0.337371 -2.212422
-3.718109 -0.386222 -1.935921
-2.819131 0.823368 -2.283907
-2.704644 -0.742792 -1.849320
-2.168585 1.029956 -2.073860
-1.826092 0.126316 -1.996431
-1.514086 0.206273 -1.372045
-1.130348 1.028911 -2.459207
-2.097819 0.856536 -1.865183
-1.102960 1.131847 -2.146312
-0.448576 2.113558 -1.786515
0.066105 1.249721 -2.138206
-0.546447 0.589539 -2.078237
0.505435 0.451381 -1.344281
1.521923 -0.066132 -1.295840
0.942335 0.297281 -2.941750
1.415455 0.345357 -2.356339
0.040403 0.654696 -2.537250
2.388914 0.894629 -2.253555
2.517812 1.722157 -1.374436
3.761186 0.537751 -2.222074
3.069642 1.032286 -1.579449
3.286086 0.553707 -2.764208
3.605528 0.230338 -2.300029
4.353559 0.732210 -2.599029
3.844232 2.412542 -2.097334
3.802592 0.308347 -2.273589
4.169876 1.029693 -1.532241
-4.736875 -0.020814 -1.829306
-4.641969 2.431583 -0.975065
-3.866339 0.370100 -2.836159
-3.899680 1.322825 -2.481311
-3.286856 0.355151 -2.352099
-3.375360 1.461956 -2.352405
-3.114549 -0.679546 -1.982352
-1.544485 1.484440 -1.831710
-1.861354 2.156163 -3.839449
-2.602368 -0.225293 -4.052538
-1.572912 0.980453 -1.117496
-1.207365 1.570686 -1.687712
-1.016498 1.328288 -1.173209
-0.933459 0.595090 -2.112530
-1.676724 -0.870781 -1.576307
0.423881 0.845064 -2.504492
0.428444 0.118474 -1.414566
1.475047 0.276865 -1.356600
0.408114 1.388920 -3.300903
-0.137317 0.058321 -1.569498
1.113560 1.393529 -1.738747
0.991716 0.084604 -4.170295
1.490445 0.575470 -2.430473
2.350132 0.576203 -0.730005
3.219724 2.087546 -2.153125
2.519183 0.809046 -1.513358
3.040338 1.069238 -2.710212
3.032379 0.171167 -2.570715
3.606745 0.016807 -0.794315
3.677720 0.236425 -2.432016
4.857433 0.082380 -2.685297
4.893703 1.439089 -2.089913
-4.744946 1.434151 -1.954094
-3.767467 -0.178782 -1.519243
-4.717742 1.851960 -3.098919
-4.271865 1.073954 -2.521105
-3.682771 1.884722 -2.397379
-1.488434 1.857290 -2.628962
-2.590056 1.340262 -1.780865
-2.126442 1.591888 -1.673516
-1.232514 1.083493 -2.939049
-2.409179 -0.052381 -2.020401
-2.084434 0.571135 -1.525596
-1.645651 0.571110 -1.333912
-1.927413 1.064732 -1.694679
-0.579208 0.915419 -1.008411
-0.465443 0.809951 -3.117465
0.655424 0.407248 -2.192417
-0.150544 -0.054339 -2.636937
-0.525863 0.508651 -2.644252
-0.056066 0.606915 -2.274628
0.413833 2.176139 0.012454
1.122959 1.942559 -2.168705
2.837699 0.817001 -1.837131
2.857322 0.500073 -2.352794
2.077718 0.609308 -2.571163
1.580173 1.711348 -1.700518
2.527720 1.140098 -3.100724
4.012047 0.782438 -2.373447
3.559143 1.536070 -3.185399
4.436268 0.751649 -1.627437
4.590130 -0.266027 -1.730155
4.898778 1.360972 -3.057012
4.594425 1.480098 -2.281208
-4.358964 1.683639 -0.852657
-4.794156 1.995442 -1.745247
-3.740324 1.140463 -1.585828
-4.092357 0.598166 -0.944269
-2.289523 2.254938 -1.730396
-3.210063 2.564345 -0.110571
-3.232342 1.541481 -2.332033
-3.709900 0.524340 -1.217680
-2.544065 1.683193 -2.342826
-2.366796 1.609586 -2.405761
-2.025195 2.402340 -2.012452
-1.536322 0.317410 -3.223584
-0.609812 1.275140 -2.628581
-1.181900 0.841209 -2.041360
-0.570617 0.375441 -1.078927
-0.896986 0.763316 -2.867639
-0.786155 2.435079 -0.820312
0.042686 0.984808 -2.143821
0.529903 1.574063 -1.568947
2.079635 1.766969 -1.831389
1.827049 1.570879 -2.834980
1.510623 1.161985 -2.516729
2.255818 1.672942 -1.675925
2.362433 1.513922 -2.749678
2.368086 2.411868 -2.361728
2.267057 1.000980 -0.688143
2.665488 1.113497 -2.425430
3.879169 2.871512 -2.209554
4.087273 1.705148 -3.262363
4.873661 0.510237 -2.159164
4.877311 2.036745 -0.886027
4.139369 1.052863 -3.303867
-4.079275 1.502526 -2.612244
-4.320014 2.466206 -1.994274
-4.144764 0.844502 -1.672762
-4.003685 1.374495 -2.347006
-4.109047 2.091705 -2.032514
-3.304253 0.958384 -2.599463
-4.883754 1.827830 -1.935557
-2.237806 1.779081 -1.395471
-2.075430 2.673098 -1.994249
-1.848719 2.420717 -2.463913
-1.907783 0.496783 -3.259499
-0.948280 1.352300 -0.806586
-1.376000 1.292038 -2.808569
-1.812779 1.377437 -2.407636
-1.000784 1.205457 -0.735749
-0.000957 2.204263 -2.216042
1.031375 1.115566 -2.747762
0.017246 1.369760 -1.815699
1.349182 2.146894 -1.900707
1.725022 1.336758 -2.221981
1.543940 1.961722 -2.028523
1.183317 0.810682 -2.399909
1.290018 1.297492 -3.170935
1.471614 1.110144 -2.237158
3.042955 1.358508 -1.812000
2.849042 1.972214 -1.586573
3.375985 2.815030 -3.682794
3.536719 1.997125 -2.014777
4.161549 2.388211 -0.864837
3.810154 2.254916 -1.872616
4.379532 1.850064 -1.281295
4.426440 1.806278 -0.414434
-4.973069 1.383458 -1.760182
-4.929944 3.385174 -2.002725
-4.452317 2.107049 -0.318626
-4.034550 1.664353 -1.975081
-2.875250 1.302155 -2.113098
-3.076980 1.725930 -2.423942
-3.100119 2.037417 -2.720424
-3.135447 1.585500 -1.659455
-1.707808 2.193862 -3.697570
-1.333112 2.023875 -2.217982
-2.963287 1.904514 -2.425975
-1.013094 1.412354 -2.823000
-1.308969 2.863806 -2.134644
-0.351838 1.562508 -3.282572
-0.984345 3.507140 -2.779505
-1.519595 2.245159 -1.184729
-0.101272 0.721833 -2.061657
-0.439384 1.162935 -2.693727
0.408386 2.472558 -3.174359
0.252763 2.082885 -1.656836
2.543727 1.759812 -2.652206
0.781762 2.329940 -3.111490
2.445060 1.291168 -0.930167
3.311996 2.736103 -2.190372
3.927655 2.139005 -1.702480
3.050504 1.806407 -1.691959
3.498300 1.782479 -2.195714
3.846366 3.938107 -2.336288
3.929353 2.310358 -1.758328
2.743829 2.678428 -2.768033
3.621744 2.657421 -1.418911
4.905062 2.469388 -1.790084
-4.247836 0.756800 -1.129744
-4.806633 2.527878 -2.015844
-3.975646 2.855461 -2.787439
-3.925565 1.915858 -2.125473
-2.877394 2.171057 -2.365772
-2.578445 2.096780 -2.211479
-2.110684 3.535851 -2.812400
-2.844859 2.125008 -1.039554
-2.095691 2.032648 -2.460359
-2.513311 2.632911 -2.895784
-1.676363 2.553524 -2.279137
-1.271755 3.660276 -2.530122
-1.427838 2.132599 -1.679350
-1.095403 2.367151 -2.248030
-0.718677 3.347727 -1.674908
-0.731362 3.625906 -1.000025
-0.429648 2.252800 -3.000675
1.285023 1.668427 -1.283159
0.435416 2.738065 -2.114117
1.807241 1.845436 -2.305176
1.643848 1.728562 -2.031022
1.099877 1.365357 -1.349639
2.431564 1.708892 -2.041410
1.929108 1.986899 -2.133888
2.744629 2.829883 -1.034905
3.365176 1.757786 -1.957169
4.293218 2.497329 -2.330428
3.996186 2.415704 -1.105925
3.750454 2.409905 -2.519381
4.152349 2.489025 -1.221458
4.618489 1.656807 -1.489812
4.725672 3.307084 -1.188858
-4.665270 3.111414 -2.179729
-4.447322 3.173708 -2.139612
-3.943923 3.098095 -2.848166
-4.101321 1.098090 -1.399611
-3.402186 3.585379 -1.246816
-2.998405 3.008815 -1.833968
-2.389819 3.494135 -2.428159
-2.958972 2.143049 -3.114683
-3.001804 1.833590 -2.727065
-1.855520 2.691735 -2.507553
-1.467661 4.578266 -1.908089
-1.978971 3.089440 -1.946124
-2.109330 3.724905 -1.700348
-0.506011 3.316469 -1.792185
-0.887767 3.590621 -1.880194
-0.066202 1.810799 -1.783415
-0.607038 2.726156 -1.385542
0.322206 2.027040 -3.072293
0.799337 1.796435 -1.276184
2.071905 2.830949 -1.520068
0.765352 2.793031 -4.111721
0.164714 1.699961 -1.068374
1.863063 2.524362 -2.555113
1.655613 3.791769 -1.533001
3.313051 3.660546 -2.546491
3.126428 3.033315 -2.532534
3.224372 3.097886 -1.834600
3.390447 1.865703 -3.326116
3.902421 2.790972 -2.629549
4.234337 2.293099 -1.840281
4.912688 4.165691 -1.794878
4.489086 3.601470 -3.335416
-4.622178 2.669480 -1.481701
-3.481515 2.676304 -1.626912
-3.415314 1.772337 -2.180218
-4.241967 2.999273 -1.954134
-3.290886 2.420635 -0.898020
-3.351495 3.696629 -2.103272
-2.435531 3.903397 -2.821570
-2.740888 1.849035 -2.024223
-2.547174 3.257013 -1.474978
-2.050737 2.909626 -3.308042
-1.920781 4.230361 -1.291918
-1.946415 1.844382 -2.240695
-1.796572 2.689845 -2.332979
-0.318442 3.291589 -1.392795
-0.844506 3.011622 -2.349464
0.128576 2.443215 -0.892721
-0.331898 2.425718 -2.006957
0.159827 2.253292 -1.290697
0.797269 3.036871 -1.288500
0.503972 4.032066 -2.074937
0.761438 3.993705 -1.093787
1.132328 4.095239 -1.771944
2.710366 1.488481 -1.784115
2.341790 3.280680 -0.704114
1.755437 2.174973 -2.453623
1.750869 4.093835 -2.683125
3.348778 2.741582 -0.713614
4.910587 3.056606 -1.958988
3.626498 2.620411 -1.183120
3.217256 4.638187 -2.226688
4.498937 4.247065 -1.765355
4.048100 2.553613 -2.109875
-3.039212 2.978896 -1.582434
-4.997287 4.060468 -2.866625
-4.602993 3.311022 -3.017627
-3.296050 3.625018 -1.142497
-3.828005 3.749871 -2.193459
-2.806503 4.125944 -1.968443
-2.931743 3.127559 -1.536021
-2.574132 3.734377 -1.697465
-0.961070 3.301399 -2.467450
-2.155281 2.576788 -3.063081
-2.040298 2.896990 -1.213056
-0.685879 3.052011 -2.332912
-1.929401 2.473011 -1.909974
-0.240450 4.164479 -1.221303
-0.332047 2.866122 -2.750428
0.132022 3.749801 -3.164773
0.275618 3.653507 -2.231064
0.735850 2.449914 -1.875706
0.766528 3.343773 -0.767602
1.496658 3.433272 -1.381113
2.256184 4.206464 -1.396922
2.454440 3.262685 -1.844659
1.026107 2.682740 -1.802050
1.742377 3.881906 -1.896706
3.300496 3.954642 -2.450470
3.257106 3.922672 -1.368602
2.746930 3.161058 -2.151642
3.766885 3.165503 -1.805362
2.097314 3.469141 -2.425954
4.144289 3.778507 -1.967804
4.834310 2.590956 -1.776195
4.770833 3.155558 -3.076364
-4.922435 3.190241 -1.845392
-4.767815 3.302955 -1.621289
-4.065694 2.614412 -2.350927
-4.419858 3.592270 -2.542562
-4.119410 3.924457 -2.423934
-3.359564 2.395669 -2.445303
-3.434723 4.393308 -2.484752
-2.959138 3.303657 -0.877213
-3.678609 3.388807 -2.500033
-2.629930 2.566120 -2.653657
-1.104279 3.556798 -2.513328
-1.150797 3.339369 -2.360652
-1.057524 3.598202 -2.263104
-1.555516 4.098900 -1.358352
0.913176 3.385344 -1.765290
0.566972 3.090015 -2.126745
0.340928 2.851182 -2.417928
0.964235 2.937842 -2.351130
1.034895 4.457127 -2.178299
1.723847 3.768417 -2.736681
1.944808 3.568313 -0.491104
1.053329 4.230962 -1.529925
1.536880 2.464508 -1.672258
1.151870 3.619602 -2.633737
2.830431 3.896287 -2.048142
3.920734 4.015358 -1.433037
2.423297 2.484168 -1.485198
3.669400 3.674733 -2.096334
2.930722 3.728186 -2.170140
3.743174 2.957784 -3.482167
4.379406 3.395437 -1.934742
4.596323 3.663027 -1.620504
-4.984912 2.946657 -2.483793
-4.552369 3.174594 -1.623609
-3.411988 4.664844 -2.865265
-4.001106 4.370499 -2.740957
-2.442205 3.556063 -2.020500
-3.323794 4.187959 -2.026526
-2.284304 3.663864 -2.239846
-3.812524 3.995356 -1.809476
-1.866840 3.652780 -2.879382
-1.480117 4.005388 -1.642172
-2.461535 4.287784 -2.462245
-2.088248 3.965863 -1.579010
-0.676042 2.993516 -2.567992
-0.025109 3.292646 -2.635119
-0.712112 3.274538 -1.919436
-0.134845 4.466856 -1.514280
1.548527 4.859835 -0.907185
0.248090 3.536633 -1.741057
0.135972 2.885115 -1.670091
0.347332 3.914341 -2.231957
1.277592 3.479411 -2.397153
0.909659 2.869541 -1.774617
0.824181 4.747210 -2.554226
2.568830 3.387546 -2.147166
2.946142 4.845061 -0.698243
1.448720 3.082991 -1.151140
3.482682 3.252070 -1.826159
3.633055 3.491057 -2.293561
2.285450 3.720428 -2.296592
3.357070 3.286208 -2.089386
4.430819 4.693043 -0.826071
3.554516 3.660743 -0.463627
-4.398561 3.957678 -1.374951
-4.800007 3.258929 -2.749827
-4.908395 4.725070 -2.847259
-4.442670 4.444374 -1.850212
-3.358023 3.072788 -1.713159
-3.518923 3.344784 -1.097867
-3.120516 4.780564 -2.598600
-2.765378 4.694656 -1.674733
-2.444274 4.635241 -0.839815
-2.261895 3.444469 -2.090298
-0.660032 3.565960 -1.527909
-1.365228 4.657740 -2.304815
-1.839870 4.362392 -2.647365
0.404074 3.625696 -2.665596
-0.163826 3.976489 -1.658210
-1.365411 4.187193 -0.872633
-0.555398 4.192132 -2.417326
-0.452242 3.897666 -1.599019
1.553173 4.067685 -2.558731
1.860069 4.637645 -1.426510
1.879184 3.482224 -0.984160
2.005319 4.938536 -1.961053
1.341370 3.876395 -2.235064
3.271534 3.314720 -2.498507
2.748510 4.978511 -1.800462
3.537047 4.036444 -1.765317
3.848090 4.932286 -1.524973
4.271246 2.954376 -2.469845
3.179861 3.852685 -1.576526
3.985448 3.485123 -1.865536
4.302451 4.809650 -2.810271
4.199886 4.840709 -1.483110
-4.179329 4.677164 -1.714327
-4.878120 4.166685 -1.951606
-4.048223 4.686495 -2.776966
-4.522041 3.389392 -4.081159
-3.555938 4.871750 -1.613294
-2.908158 4.201981 -2.354773
-2.748148 4.696934 -1.941311
-3.032238 4.974666 -1.742334
-2.650069 4.744239 -0.467678
-2.637460 4.089660 -2.262377
-1.523009 3.963710 -1.777871
-1.299602 4.690149 -1.910654
-0.982816 4.095033 -1.823674
-0.406158 4.283136 -2.551614
0.057222 4.810740 -2.335663
1.124256 4.395062 -3.338848
-0.497750 4.237212 -2.960683
0.146652 3.942713 -1.486004
1.889548 3.936116 -2.240430
1.754097 4.825189 -2.188873
0.940875 4.020243 -2.743468
1.223392 4.199692 -2.801382
2.737674 4.876663 -2.034652
2.708332 4.125560 -2.858246
4.129704 4.437574 -1.198207
2.259296 4.976141 -2.969790
3.421509 3.931278 -1.667555
2.930842 4.070145 -0.747320
3.574920 3.324036 -1.629658
4.976501 4.323092 -1.722388
4.227091 4.195042 -1.672885
4.356432 4.303771 -2.476571
-4.115277 4.807167 -2.286437
-3.482770 4.301631 -2.093692
-3.936622 4.730066 -2.441762
-3.601341 4.742028 -2.808930
-4.279819 4.840010 -1.878289
-3.229882 3.968074 -1.694068
-2.919784 4.371355 -2.127981
-2.905745 4.597479 -1.452113
-1.839107 4.740436 -1.645478
-2.003991 4.945057 -1.721401
-1.155596 4.418409 -2.889961
-0.760262 4.926699 -1.111757
-1.569216 4.419000 -2.039722
-0.180464 3.874455 0.244679
-0.950719 4.985501 -3.722261
0.255619 3.911336 -3.442676
0.530850 4.282377 -2.570069
0.588877 4.990079 -2.929095
1.363801 4.757807 -1.766501
1.594385 4.838647 -2.346718
0.553659 4.077156 -2.217563
1.063827 4.139299 -0.985794
0.665602 4.192454 -2.311805
2.224518 4.418310 -2.037607
2.701948 4.504060 -1.562544
2.067376 4.628561 -2.581255
4.178817 4.116365 -2.313413
3.235298 4.681979 -1.119565
4.116390 4.789207 -1.288761
4.597298 4.982949 -2.604630
4.784754 4.364864 -1.832946
4.617353 3.696831 -1.980649
-4.237418 -4.906951 -1.654153
-3.733956 -4.696274 -1.209819
-4.842388 -4.764096 -2.044852
-3.405965 -4.259777 -1.623145
-4.197227 -4.296429 -1.761489
-3.351636 -4.812357 -1.468096
-3.840071 -3.853169 -1.739557
-2.908607 -4.583077 -1.644658
-1.937230 -4.938900 -1.592566
-2.191686 -4.475023 -1.921170
-1.159927 -4.517680 -1.842102
-1.158035 -4.040454 -1.619859
-0.859924 -4.696195 -1.954974
-1.167102 -4.884470 -1.372952
-0.559679 -4.439631 -1.973031
-0.350571 -3.516988 -2.508018
1.036079 -4.328620 -1.870274
0.688188 -4.557460 -2.522684
2.122058 -4.336845 -2.071398
0.188576 -4.395782 -1.955895
2.215245 -4.573204 -1.162178
1.886858 -4.783728 -0.306902
2.729248 -4.634787 -0.988948
3.567260 -4.717920 -2.528889
3.258479 -4.603435 -1.835346
3.166560 -4.549859 -1.200452
2.772903 -4.304325 -1.071505
3.680957 -4.719681 -1.653414
3.681639 -4.887158 -1.403538
3.668335 -4.798172 -2.002557
2.854995 -3.933169 -1.903102
4.791779 -4.990978 -1.249160
-4.549384 -4.988716 -2.194254
-4.706450 -4.333457 -1.090784
-4.769585 -4.882875 -2.047755
-3.396618 -4.386562 -1.195570
-3.322839 -4.522188 -0.781303
-3.730874 -4.014997 -0.709156
-3.087240 -4.331213 -1.655235
-3.475906 -4.692330 -1.642438
-2.510725 -3.954246 -1.981964
-1.622222 -4.368591 -2.497392
-2.735811 -4.165348 0.304081
-0.898256 -3.959903 -1.693624
-1.049862 -4.827515 -3.093960
-2.078631 -4.638683 -2.188794
0.519709 -4.508229 -1.838784
-0.586117 -4.012620 -1.583930
1.358417 -4.629977 -1.112354
-1.084191 -4.116948 -2.186987
0.514081 -4.725652 -1.840048
0.525667 -4.761108 -0.542710
2.312592 -3.756429 -2.078412
1.046415 -4.399839 -2.580846
1.690253 -4.725358 -1.782845
2.344820 -4.958999 -0.706786
1.825439 -3.965657 -1.680653
2.434938 -3.991018 -1.661357
3.144100 -4.529741 -2.075236
4.276652 -3.727018 -1.873460
2.872220 -4.318120 -1.935348
2.905146 -4.282143 -0.861313
4.743362 -4.919285 -1.814224
3.990138 -3.660580 -1.126513
-4.959938 -3.471369 -1.538344
-4.980485 -4.574191 -1.096190
-4.786151 -3.417778 -0.354672
-2.770797 -3.985547 -2.351489
-2.889669 -3.665404 -1.380401
-2.566027 -4.218421 -1.516696
-2.812358 -4.200382 -2.034756
-1.733795 -4.977627 -1.964049
-1.814510 -3.118264 -2.446519
-1.714660 -4.562503 -2.290962
-0.944980 -4.089257 -0.818014
-1.342934 -4.777344 -0.915114
-0.653390 -4.435740 -2.308880
-1.676286 -4.898234 -1.327931
0.065342 -4.271792 -1.858314
0.701304 -4.813004 -0.719889
0.435425 -4.956697 -1.175414
-0.519978 -3.789429 -0.977164
0.362120 -4.332609 -1.831730
1.317198 -4.525445 -2.791268
1.359627 -3.875616 -2.035213
0.609118 -3.611908 -0.731773
0.668597 -4.625094 -0.595517
1.405432 -3.988352 -1.207665
3.147949 -3.443375 -2.108708
2.555820 -4.406260 -2.562497
2.523754 -4.497767 -3.214312
3.840512 -4.891598 -0.396614
4.625630 -2.930330 -1.381430
4.995914 -4.069249 0.309531
4.797745 -4.807911 -1.482998
4.333373 -3.559244 -0.842416
-4.535378 -4.751022 -0.843929
-4.216093 -2.703497 -1.259781
-4.982130 -4.081306 0.269366
-3.994440 -3.887447 -1.551173
-2.757140 -3.449822 -1.291087
-3.766535 -3.086638 -0.753017
-2.469606 -3.880857 -1.246543
-3.261538 -3.654488 -1.958564
-2.600259 -3.413167 -3.215100
-0.794523 -3.905253 -2.401626
-2.403290 -3.492622 -1.485922
-1.458920 -4.798547 -2.517153
-1.312270 -3.384037 -3.645515
-1.232614 -4.234922 -3.067806
-0.339383 -4.771652 -1.635480
-0.100767 -4.668925 -1.825472
-0.429157 -2.970425 -1.341829
1.107705 -3.494318 -1.187968
0.078224 -2.812122 -1.894419
0.653751 -3.446683 -1.657899
-0.232111 -4.835357 -0.964982
1.070907 -3.988284 -1.287667
2.035720 -4.781446 -2.708643
1.862545 -3.891325 -1.978314
3.397710 -4.976287 -1.420687
3.310370 -2.570046 -2.315447
3.807292 -3.959485 -1.180107
2.949633 -4.689178 -2.680525
3.689068 -4.224561 -1.659776
4.502547 -3.597982 -1.175426
4.980911 -3.502265 -2.883229
4.716627 -3.996390 -0.385458
-4.381864 -3.971509 -1.467403
-4.551087 -3.690667 -1.717115
-4.364187 -3.132271 -1.817556
-3.648859 -3.673140 -1.556067
-2.784351 -3.367066 -2.552606
-2.187229 -4.392058 -2.793929
-2.533644 -4.278586 -0.850121
-2.076382 -3.565003 -2.849781
-1.934946 -4.319477 -2.534005
-1.281262 -3.278112 -2.624001
-2.190645 -4.536874 -0.915287
0.205486 -3.566195 -1.112635
-1.847599 -2.293288 -0.090758
-0.877632 -3.566866 -1.758237
-0.326479 -3.340965 -2.465499
0.367535 -2.045143 -1.721086
0.654244 -3.027138 -1.185396
-0.689834 -2.113488 -2.220962
0.821958 -3.070099 -1.792280
0.361124 -4.238877 -1.405171
1.638548 -4.184928 -2.009785
2.461551 -2.727520 -1.176684
1.415080 -3.672679 -0.905560
0.930338 -3.505195 -2.430114
1.823991 -3.073336 -1.777470
4.052938 -2.611326 -1.230199
3.503811 -3.971166 -1.284756
4.410636 -3.426581 -0.757726
3.459106 -2.798326 -2.382486
4.585242 -3.428462 -1.874067
4.802181 -4.251598 -1.112740
4.683602 -3.477129 -0.927309
-4.544749 -2.591488 -0.490698
-4.021394 -4.366245 -0.975860
-4.544135 -2.874448 -0.577726
-4.127045 -2.356811 -1.230904
-4.635000 -3.430845 -0.601433
-3.497449 -3.486628 -1.021322
-3.518332 -3.050589 -0.888871
-1.753911 -4.074986 -1.680869
-3.541652 -3.129603 -2.431508
-3.220675 -2.579159 -0.167624
-0.916817 -2.603470 -1.536087
-2.654498 -3.661429 -2.505078
-1.469370 -1.971378 -1.652606
-0.958831 -4.342468 -1.833688
-0.133568 -2.636852 -1.245859
-1.124386 -3.909269 -2.434727
0.385431 -2.683038 -1.062580
-0.002410 -3.969384 -2.075259
1.207032 -2.644747 -1.790226
2.350395 -3.459407 -1.253973
1.041619 -4.194541 -2.490506
0.905998 -3.791877 -2.069417
1.557308 -3.832035 -1.958365
1.736569 -3.653710 -1.808579
3.065922 -3.888944 -1.903604
3.056408 -3.885811 -2.361696
2.819158 -2.716262 -1.648413
4.054103 -2.692509 -2.047596
2.453974 -3.498259 -1.929538
3.176438 -2.062100 -2.186777
3.807719 -3.090300 -1.202997
4.632747 -3.999582 -1.824965
-4.887103 -2.871122 -2.172773
-4.648019 -2.894769 -1.053463
-4.221517 -2.248716 -1.676556
-4.517715 -2.746128 -1.184159
-2.888854 -2.505208 -1.346253
-3.290620 -2.895061 -1.485395
-3.576732 -3.180523 -1.199599
-2.870885 -3.328443 -1.322543
-3.017231 -2.938572 -1.238865
-1.868332 -2.122748 -2.699944
-1.381061 -2.665136 -1.437130
-1.846771 -2.993576 -2.198542
-1.632467 -4.466457 -1.648858
-1.399372 -3.433022 -0.797757
-0.192302 -3.498208 -2.251568
-1.388602 -3.554866 -2.174601
0.177751 -3.990352 -1.833883
-0.110795 -2.398462 -1.171297
0.936767 -3.214455 -0.911770
0.163489 -2.458316 -1.277984
1.226773 -2.758198 -2.572758
0.976652 -2.356082 -1.627230
2.415907 -2.350531 -1.301024
3.715093 -2.994960 -0.213879
2.820105 -3.461691 -1.573920
2.521322 -2.721777 -1.584956
2.881309 -3.082351 -1.936626
3.115614 -3.281400 -1.971482
4.896763 -2.174911 -1.366985
4.692520 -2.780095 -2.437495
4.333315 -1.518964 -1.163408
4.430616 -2.655365 -1.040023
-4.449396 -3.060279 -0.815768
-4.080163 -2.409781 -1.871930
-2.328518 -3.769501 -2.318477
-4.038155 -2.485858 -2.108926
-3.181821 -2.687955 -1.701940
-3.188821 -2.303800 -2.591733
-1.664557 -3.665901 -2.074520
-1.961981 -1.565845 -0.974757
-1.461506 -1.532711 -1.519310
-1.089024 -3.254047 -1.125879
-1.296468 -2.649731 -2.188714
-2.276355 -3.989992 -1.560276
-1.166766 -4.394283 -1.641019
-1.172585 -3.102086 -0.612528
0.316249 -2.702973 -2.209682
-1.002782 -2.422667 -1.092295
0.073806 -3.574254 -0.997274
-0.727698 -2.203079 -1.852837
0.879501 -1.923021 -3.268154
1.407218 -2.665798 -1.105227
0.994716 -1.842741 -2.251387
2.753750 -2.189193 -2.013763
1.537267 -3.106074 -1.911155
2.093809 -3.162590 -2.164981
3.244652 -3.171860 -1.070499
2.893318 -2.790629 -0.414258
3.273998 -2.359951 -1.923883
3.329344 -1.544696 -2.080310
3.869695 -2.744160 -2.057919
3.782271 -2.385446 -2.066734
4.829703 -3.646663 -1.636102
4.970260 -2.943313 -2.156964
-4.917708 -2.623531 -0.537189
-4.419377 -2.956225 -1.169614
-4.816427 -1.779332 -1.833217
-2.708536 -2.260786 -2.675373
-3.115066 -3.378160 -1.980548
-3.246768 -2.575027 -1.561621
-3.008816 -1.389253 -0.978555
-2.762054 -1.919293 -2.146440
-3.067850 -2.017799 -2.965332
-1.681158 -2.365828 -2.066730
-1.817389 -1.784178 -1.996448
-1.213159 -1.705335 -1.461640
-0.580498 -2.548063 -2.038151
-2.458911 -2.847411 -1.234144
-1.150278 -1.847127 -1.135040
0.347029 -0.758613 -2.913017
0.435929 -2.774627 -1.362971
0.890262 -2.384898 -1.058810
0.149167 -1.494208 -1.547786
1.917844 -2.501123 -1.644207
1.610766 -2.310119 -0.585154
1.420957 -1.856089 -2.336905
1.080602 -2.159640 -1.180505
0.927070 -3.517427 -1.099782
2.315218 -2.037203 -1.572478
3.327626 -2.662771 -1.633490
3.863827 -2.482242 -0.993720
3.014832 -2.896286 -1.442744
3.033205 -1.287038 -1.013722
3.879574 -1.835204 -0.916669
4.975126 -2.515569 -2.230466
4.410521 -2.264286 -2.046264
-4.643235 -1.887221 -1.800694
-4.952899 -0.652421 -1.793654
-4.834599 -2.073436 -1.491963
-3.851066 -2.840859 -3.963663
-3.202041 -2.091933 -1.597014
-3.487934 -2.267304 -1.846937
-3.621655 -1.133384 -3.133565
-2.785021 -2.194415 -1.295502
-2.350575 -1.357020 -2.262878
-2.359313 -3.140674 -1.289009
-1.434109 -2.167648 -1.432090
-1.717760 -1.243981 -1.776745
-2.533817 -1.871889 -1.113107
-0.734639 -2.584180 -2.326148
-0.926204 -2.064780 -1.423241
-0.102718 -1.553422 -2.889873
-0.028209 -1.589864 -2.542431
-0.503531 -2.016735 -1.886890
2.501263 -2.299931 -1.582064
1.025390 -1.170863 -1.428010
1.479789 -1.734875 -1.687433
2.215679 -2.420496 -0.747370
3.426412 -1.430957 -0.865079
1.826270 -1.622841 -1.618578
3.112274 -1.967769 -2.447989
1.819881 -2.617466 -1.463782
3.001559 -2.207834 -0.892999
4.038301 -3.289873 -2.821131
4.586382 -2.529861 -1.148795
4.268003 -2.773111 -1.360792
3.579104 -2.195786 -1.949028
4.703351 -1.764248 -0.953290
-4.896769 -0.916351 -1.719728
-3.767843 -0.987810 -0.881535
-4.086505 -1.916344 -1.688670
-2.852707 -1.890377 -1.022783
-3.284840 -2.236011 -1.931267
-3.340252 0.162858 -2.548033
-3.919700 -2.201244 -1.552882
-1.895599 -1.315385 -0.871311
-2.533981 -2.474751 -1.770072
-1.347079 -1.949010 -2.455297
-1.597607 -2.584805 -1.793868
-1.805180 -2.437987 -1.224865
-1.873934 -1.705319 -1.224546
-0.214646 -1.261285 -2.001736
-0.911436 -3.451921 -1.129621
-0.033081 -1.453961 -2.388167
0.556969 -1.402534 -1.544605
0.217447 -1.180629 -1.988509
0.716442 -0.855322 -1.753268
1.262623 -2.602994 -0.661380
2.076205 -3.350027 -2.384419
1.373774 -1.657619 -1.335580
2.437675 -1.483998 -0.994044
2.388811 -2.036516 -2.000560
2.139580 -1.155137 -2.033275
2.415255 -0.779978 -0.951936
2.837825 -2.122963 -0.866857
2.132152 -1.237142 -1.418067
4.810526 -1.964550 -2.077292
4.331184 -1.160483 -1.397336
3.572864 -2.987464 -1.230544
4.672514 -2.102875 -2.116591
-4.801518 -1.964198 -2.096079
-4.399327 -1.284444 -2.561880
-3.244810 -1.423540 -2.328401
-3.707067 -1.560843 -2.183757
-3.377480 -1.042275 -2.236340
-2.756095 -1.640116 -2.086048
-3.644560 -1.039761 -1.518772
-3.764392 -0.732799 -0.874068
-2.910172 -1.257304 -2.144795
-1.673261 -1.571090 -1.923826
-1.241426 -1.092972 -1.364430
-1.922901 -2.104707 -1.524711
-2.187882 -1.775660 -1.221413
-1.170899 -1.480323 -2.158222
-0.834027 -1.889591 -1.853021
0.065857 -1.814481 -0.916238
0.132360 -1.497737 -2.224577
1.204141 -1.426517 -0.485842
-0.325026 -0.768926 -1.789722
1.097788 -0.848954 -1.363240
0.971238 -0.802459 -2.353986
1.900378 -1.136974 -1.151986
2.055500 -0.451879 -3.307640
3.092186 -2.056224 -2.008345
2.956735 -2.353093 -1.470341
3.037004 -1.520831 -1.412928
2.365247 -1.383603 -0.312771
3.233039 -1.872678 -1.596083
4.713285 -2.147226 -1.615769
4.944599 -0.846798 -1.279394
4.923101 -1.337338 -1.382675
3.393917 -2.353465 -2.002852
-4.009981 -0.946157 -2.072904
-4.721289 -1.044997 -0.926693
-4.303536 -1.296509 -0.864915
-3.875772 -0.580680 -1.580250
-3.688239 -1.647482 -1.149070
-3.744976 -0.388468 -0.508436
-3.221262 -1.371615 -1.024393
-2.453989 -1.237507 -2.926838
-3.936456 -1.671049 -0.451848
-2.842626 -1.087925 -2.723706
-1.250553 -1.522570 -1.868623
-0.892152 -0.745986 -2.452654
-1.252502 -2.025293 -2.904437
-0.062096 -2.282551 -0.966246
-0.642527 -0.134458 -2.187482
-1.035777 -1.354068 -2.672562
-0.362655 -1.549772 -1.605470
0.920789 -0.992939 -0.602572
-0.282009 -1.216718 -1.724924
1.047060 -1.990867 -1.871280
1.580603 -1.641582 -1.045741
2.434862 -1.313712 -1.140693
0.654059 -0.695000 -1.016836
3.080625 0.253557 -0.675803
1.794117 -1.136111 -1.350002
3.103375 -1.425326 -0.537423
3.223511 -0.833378 -1.012885
3.908484 -1.236245 -1.497611
2.824514 -2.664600 -0.437000
3.688150 -1.219259 -1.357569
4.495389 -2.128935 -1.459143
4.595365 -0.317414 -2.425678
-4.191404 0.126313 -1.944124
-4.048425 -1.170162 -1.834528
-4.984155 -0.617455 -1.953432
-3.110655 -1.154537 -2.400245
-3.515478 -1.272989 -2.014687
-3.019860 -0.891804 -1.878591
-3.644284 -1.750612 -2.429925
-2.094206 -0.475783 -2.117288
-2.072234 -0.453638 -1.852121
-2.111966 -0.873031 -0.864481
-2.809090 -0.583851 -0.770879
-1.672124 -0.302362 -1.983696
-0.221702 0.461084 -1.389270
-0.946226 -0.774901 -1.936541
-0.065645 -0.688899 -1.718418
0.787097 -1.610933 -2.119694
0.569395 -1.634398 -2.515495
-0.060780 -2.240514 -1.390915
0.889198 -1.410518 -2.188968
1.650376 -1.051574 -2.309192
1.652627 -1.044866 -1.795166
3.733316 -1.566780 -0.948649
1.949669 -2.202756 -1.363812
2.716820 -1.056318 -2.713644
1.977971 -0.956848 -1.129580
2.872543 -0.377147 -1.877589
3.338959 -0.468925 -3.616443
4.216758 -1.050272 -0.209475
4.553351 -1.028310 -1.102419
4.463191 -0.653406 -2.397675
4.499075 -0.095425 -0.510261
4.392156 -1.483371 -2.435509
-4.909588 0.431197 -1.249362
-4.424310 -0.283773 -1.682670
-2.314147 -0.942475 -1.548965
-4.520677 -0.295695 -1.815140
-3.369005 -0.335068 -1.548550
-3.459006 -0.528547 -1.460982
-2.775522 -0.661606 -1.054575
-1.889195 0.149976 -1.561381
-2.632602 -0.881565 -1.758067
-2.952837 -0.870066 -2.286768
-0.679465 -1.314077 -1.512498
-1.295614 -0.052664 -1.755542
-1.255154 -0.627729 -1.567993
-0.377410 -1.600926 -1.758211
-0.095541 -1.088295 -2.062711
0.188156 -2.055075 -1.996158
0.085890 -1.464213 -2.026495
-0.091411 -1.968211 -1.195762
-0.884575 0.918732 -1.316805
-0.873110 0.324581 -1.234056
1.369112 -0.931918 -2.718651
1.681999 -1.005945 -1.500011
1.700286 -0.509692 -2.839680
3.797475 -1.105185 -1.651356
2.794751 0.387592 -1.823185
3.615997 -0.113476 -2.377923
3.191067 -0.088791 -0.683004
3.831810 -0.066557 -1.679265
3.784917 -0.522428 -3.229259
3.646212 -0.623337 -0.591181
4.964450 -0.694490 -2.122922
4.963316 -1.004240 -2.371549
-3.513559 1.189353 -1.110837
-3.095702 -0.300329 -1.024868
-4.166571 -0.581302 -1.812843
-4.127459 -0.062063 -0.958799
-2.679738 0.524792 -1.115099
-3.531533 -0.027021 -1.781935
-2.096390 0.372364 -2.084419
-2.248350 0.481835 -1.695418
-2.678830 0.611139 -2.912983
-2.603283 -0.466680 -1.664675
-0.535855 -0.169481 -1.550759
-1.107514 -0.452268 -1.925635
-1.265889 0.527789 -1.168317
-1.135208 -0.832594 -1.171890
0.327513 0.410434 -1.921343
-0.859127 -0.453494 -2.468138
-0.541956 -0.497489 -2.082273
-0.090127 -0.370537 -0.647451
1.871404 -1.368896 -2.362011
1.404033 -0.254047 -1.884637
0.932483 -0.952595 -0.887043
2.132615 -0.207019 -1.477843
1.644311 -0.310615 -3.338482
2.641816 -0.053577 -1.955187
3.730953 -0.339219 -2.195313
1.902873 -0.009391 -1.518825
1.956937 -0.728086 -1.272945
3.995286 -0.400660 -1.646758
3.556576 0.364156 -1.242105
3.575849 0.261732 -1.326081
2.710983 -0.941001 -1.305978
4.006677 1.220767 -2.547784
-4.468259 0.480369 -1.003199
-4.367750 0.920279 -2.190295
-3.788116 0.417889 -2.348057
-4.258028 -0.417507 -1.609038
-3.477404 1.163611 -1.929701
-3.321335 0.613244 -1.336278
-2.653097 0.582790 -1.854129
-3.419118 -0.420734 -1.689676
-1.685500 -0.145061 -2.025548
-2.088755 -0.287734 -1.617331
-1.616251 -0.981246 -1.361723
-1.098132 1.839097 -1.790489
-0.362274 0.936232 -1.646513
-0.458136 0.220706 -0.853212
-0.575403 0.969944 -2.356089
-0.225531 0.361155 -2.429514
0.411845 -0.085798 -1.732594
0.028923 1.185915 -1.994321
0.351104 0.223116 -3.039559
0.935206 -0.626816 -1.948298
0.759182 0.172208 -1.334222
1.299799 0.361098 -2.434408
1.766842 1.296019 -1.640504
2.148916 -0.311368 -0.888107
2.567998 0.314171 -0.162838
2.484264 -0.741054 -2.262745
3.394737 -0.544344 -2.683294
3.192818 -0.506959 -3.134779
3.554578 1.074772 -1.621089
4.418327 1.526298 -1.752893
4.691774 -0.016914 -1.775706
4.517144 0.256159 -1.616787
-4.966474 -0.257995 -0.997717
-4.795580 0.868885 -1.764428
-3.721755 1.006053 -1.976613
-3.857820 0.801983 -1.313483
-3.432230 1.303825 -1.723682
-3.035070 -0.035196 -1.808155
-2.581543 0.280330 -2.714447
-2.853878 -1.375576 -1.262886
-2.337805 1.525881 -2.829966
-1.478737 0.117862 -2.011484
-1.719362 -0.772930 -1.454302
-2.194741 1.152983 -1.727204
-1.598765 -0.227466 -0.937120
-1.798587 0.975974 -2.131677
-0.741726 1.966892 -1.554067
0.408510 0.703306 -1.412426
0.199045 1.137561 -1.855950
0.376983 -0.187568 -1.553349
1.606116 0.090086 -1.352739
0.684586 0.656796 -2.916642
2.520584 0.306751 -2.085578
-0.154038 0.938807 -1.947116
1.436279 1.384088 -1.872543
2.453489 1.894019 -1.183117
3.239858 -0.372745 -2.093046
3.118773 2.240822 -1.244303
3.865724 1.095661 -2.223688
3.795052 1.264118 -1.995388
4.536312 0.477572 -1.869103
3.808449 1.533181 -1.998722
3.703619 -0.000321 -2.239308
3.664447 0.790267 -1.724842
-4.691795 0.618347 -1.249846
-4.852943 2.287573 -1.057265
-3.527671 1.507000 -2.311950
-3.377098 0.986458 -2.247258
-3.289258 0.647880 -2.398739
-3.098471 1.241907 -2.419548
-2.469972 -0.533297 -1.767447
-2.391318 1.521829 -2.049274
-1.355067 1.754587 -3.378111
-2.506888 0.671179 -3.073298
-2.200457 1.207249 -0.577144
-1.555832 1.202114 -1.558512
-1.204525 0.334011 -0.968268
-0.759196 0.522346 -1.396878
-1.689677 -0.707292 -1.828780
0.192361 1.650041 -2.126816
0.300801 -0.225075 -1.376811
0.856795 1.345432 -1.448360
1.541224 0.757591 -1.859974
0.684953 0.611573 -1.553062
1.037212 1.244684 -1.443868
1.940821 0.686692 -3.453755
0.800451 1.045313 -1.499854
1.611487 0.431042 -1.419391
2.645184 1.616316 -1.918315
2.262562 0.607118 -1.543977
3.383348 -0.049938 -2.499858
2.672043 1.191542 -2.245870
3.953168 0.664201 -1.102976
3.568031 0.082427 -2.470771
4.665360 -0.535011 -2.354317
4.890399 0.979942 -1.390355
-4.295887 1.286031 -2.088402
-4.318891 0.709077 -1.805166
-4.848440 2.128216 -1.718512
-3.933459 1.481210 -2.572494
-3.180168 1.575828 -1.468657
-3.048972 1.481875 -2.089986
-2.186827 1.035823 -1.314613
-1.795008 1.410388 -1.934424
-1.306020 0.738558 -1.796847
-2.194110 0.428876 -1.824866
-1.892145 0.680354 -2.099711
-1.170945 0.879175 -1.591939
-2.125131 0.878299 -1.700546
-1.036361 0.341050 -0.313506
-0.512796 0.841709 -2.846240
0.640969 1.139982 -1.987242
0.926650 0.464146 -1.201155
-0.252050 0.687573 -2.581656
0.115157 0.477013 -2.498625
0.427715 1.329883 -0.587445
0.685349 0.903342 -2.186222
2.813424 1.074713 -2.027703
2.796367 0.883732 -2.604987
2.157959 0.545951 -1.879972
1.716721 1.350695 -0.838713
1.916125 1.339606 -1.884109
3.589960 1.440375 -1.935882
3.752452 1.900906 -3.075676
3.853452 0.412996 -1.673661
3.765249 0.738807 -2.137559
4.672754 1.356043 -2.309736
4.047401 1.213550 -2.829389
-4.578511 1.369981 -0.844840
-4.650693 1.029673 -1.715910
-4.249773 2.380799 -1.859412
-3.437148 1.470782 -0.506876
-2.710213 1.535342 -2.245344
-3.479117 3.089019 0.081347
-3.021700 1.760377 -2.151545
-3.395564 1.313182 -0.889147
-2.292469 1.797156 -1.825697
-2.312014 1.919984 -2.397815
-2.580524 1.970202 -0.802995
-1.358454 0.417679 -3.251868
-0.764165 1.217342 -2.141746
-0.786070 1.421687 -1.286376
-1.298961 0.641003 -1.617150
-0.424377 0.269181 -2.530660
-0.587715 3.057947 -1.514892
0.430181 1.023431 -2.365303
0.916276 1.596495 -1.862114
1.632613 0.697937 -1.243745
2.064765 1.195611 -2.797860
2.002679 1.238666 -1.468696
1.995134 1.636706 -0.940025
3.187958 1.177509 -2.313142
1.397230 2.287270 -2.141145
2.400803 0.727547 -1.044507
2.539646 1.213795 -2.404181
4.455037 2.193336 -1.478522
3.838840 1.970710 -2.689129
4.481869 0.468077 -1.997203
4.625296 1.739419 -0.134163
3.188103 2.241115 -2.819865
-4.557100 1.766505 -2.840889
-3.811613 1.751824 -1.446756
-4.281298 0.425771 -2.126503
-4.509485 1.331789 -2.192701
-3.656402 1.695006 -1.292360
-3.555332 1.325778 -1.833405
-4.434600 2.714300 -1.424991
-3.127490 2.257321 -0.282530
-2.189369 2.621065 -2.733228
-1.504318 1.651959 -2.101017
-2.412496 0.858775 -2.780641
-0.982505 1.735760 -1.025292
-1.611632 0.317450 -2.106407
-1.097414 0.727647 -1.995680
-0.989134 1.425283 0.333098
-0.438031 1.384298 -1.991747
0.927705 1.251547 -2.732225
0.163421 0.799505 -0.813290
0.753854 3.563277 -2.040882
1.309060 1.068202 -1.380527
1.217770 2.316534 -1.952034
2.221710 1.644781 -2.078890
1.813535 0.948820 -1.975720
1.922135 0.654861 -1.476929
3.611541 1.285967 -0.004792
3.259170 1.865594 -1.433689
2.829938 2.987118 -3.600358
3.005614 2.183796 -1.797420
4.656197 2.759581 -0.242986
2.717552 1.714990 -2.125185
4.159553 1.255071 -2.086074
4.183380 1.906797 -0.513092
-4.683421 1.614679 -0.512469
-4.684624 2.644931 -2.249916
-4.699489 1.817365 -0.689119
-4.629363 2.141803 -1.984851
-3.046670 1.439461 -1.621873
-3.458949 1.899131 -2.505697
-3.047715 1.300332 -1.582349
-3.157838 2.017329 -1.790585
-1.812967 1.613565 -3.189503
-1.409546 2.323828 -0.827575
-3.439164 2.146847 -2.482018
-1.376999 1.616847 -1.831525
-0.772655 1.853715 -2.110785
-0.458257 1.192092 -2.368891
-0.215622 3.187623 -2.003617
-0.928237 1.818651 -1.532165
-0.098014 1.085931 -2.229170
-0.130656 0.944065 -2.892525
0.809473 2.380759 -2.912731
-0.026530 2.043410 -1.809686
1.727482 1.522772 -2.309737
0.963652 2.009408 -2.995745
3.512247 1.464311 -1.411102
2.597563 2.152648 -1.674430
3.130662 2.253863 -1.583540
2.408070 2.019941 -2.133559
3.845621 1.762806 -1.793883
4.002937 3.227390 -2.172365
3.776300 2.629241 -1.568510
3.466541 3.113089 -2.149734
4.739688 2.881930 -0.543272
4.703934 2.794034 -1.500025
-4.204173 1.226641 -1.178027
-4.680256 2.815208 -2.289316
-4.096028 2.493564 -2.770249
-4.076386 2.392905 -0.965339
-3.599563 2.501483 -2.768950
-2.909285 2.358742 -1.244919
-3.180551 2.501494 -2.234054
-2.621051 2.022806 -1.498666
-2.527115 2.267748 -2.099488
-2.654683 3.494903 -1.753414
-1.345841 2.949868 -1.587386
-1.169095 3.572858 -1.657147
-0.773665 2.486875 -1.399098
-1.799360 2.447166 -1.536219
-0.171837 3.129309 -1.509248
-0.394758 2.251372 -1.124361
-0.802679 1.375678 -3.131238
1.353414 2.058780 -1.194122
0.373419 3.431860 -1.470888
2.184139 2.793423 -2.398392
1.714770 2.038232 -1.597567
0.630729 1.889063 -1.227703
1.818162 2.345026 -0.932127
2.216632 2.726725 -1.765634
3.483680 2.085043 -1.638451
3.276881 2.604357 -0.796676
2.836988 2.700421 -1.969322
3.718794 1.871743 -0.821667
2.912879 1.910561 -1.718040
4.616302 3.104295 -1.455803
4.641548 2.491686 -0.817926
4.570720 2.850835 -0.462538
-4.037520 1.797327 -2.062123
-4.195664 2.157921 -1.295114
-3.481454 2.717556 -1.788127
-3.548606 0.982220 -1.551889
-3.515694 3.908429 -0.399761
-3.167939 3.460204 -1.214400
-2.443291 3.435512 -1.979011
-2.102560 2.206944 -1.923608
-2.737669 2.656482 -1.803387
-1.978106 2.952414 -1.876042
-1.960162 4.451543 -1.827025
-2.540033 2.484048 -1.797292
-1.468845 3.996586 -2.085307
-1.111254 2.641073 -1.544380
-1.749062 2.766325 -1.079190
-0.089325 2.601825 -1.114744
-0.178906 2.750328 -1.110195
0.879235 2.518641 -1.837914
0.665805 1.916054 -1.094427
1.741985 2.308007 -1.033863
1.088331 2.927420 -2.522691
0.663932 2.370744 -0.583712
1.832273 1.445113 -2.259028
2.222858 3.946602 -1.451306
4.235137 3.283150 -2.153164
3.169387 2.759216 -1.760180
2.551957 2.304487 -1.247844
2.801430 3.195770 -2.971427
3.263853 3.528201 -2.182688
4.386973 2.864805 -1.989902
4.979561 3.765305 -0.410847
4.253613 3.652272 -2.143332
-4.649923 2.391670 -1.769312
-3.730863 3.218868 -1.510893
-4.006078 3.126382 -1.782325
-4.173780 2.630502 -0.465678
-3.082231 2.395359 -0.453979
-2.816743 3.364697 -1.508799
-2.867851 3.641927 -2.067118
-2.652855 1.485569 -1.638259
-2.675366 3.013409 -1.689048
-2.198008 3.141805 -2.700668
-2.274255 4.077580 -0.728652
-2.424908 1.540096 -1.389867
-2.525828 3.514558 -2.541018
-0.154557 3.390935 -0.970067
-0.493453 2.332966 -2.036422
-0.266632 2.681040 -1.233017
0.126041 3.296586 -0.738660
0.154965 3.133567 -1.156403
0.231424 3.142141 -1.266602
0.256752 2.796925 -2.078804
0.782779 3.640835 -1.229342
0.834766 3.469527 -0.760425
2.427899 1.411442 -1.427775
2.685005 2.982959 0.025191
2.448915 2.459939 -2.273822
2.632693 3.788316 -2.029441
3.652665 3.219646 -0.591361
4.690203 2.938866 -2.553702
3.269701 3.031608 -1.026746
3.684040 4.350892 -2.695988
4.889656 4.442508 -1.403458
4.810141 2.924520 -1.392642
-4.349838 3.407594 -2.001366
-4.537324 3.924675 -2.393418
-3.836135 2.731387 -2.432315
-2.730945 3.931865 -1.561704
-3.709661 3.675809 -1.187799
-2.839952 4.775966 -1.457411
-2.460739 2.784838 -1.493662
-2.513118 3.587616 -1.881800
-1.058329 3.559471 -1.847745
-2.095436 2.770808 -2.463917
-2.512012 2.351520 -0.932960
-1.579969 2.383462 -1.977939
-1.971565 2.762031 -2.388546
-0.582842 4.202390 -0.432992
-0.724780 2.382868 -2.944609
0.630731 4.114933 -2.569292
0.014622 2.790623 -1.347068
1.172311 3.782048 -1.959224
0.976506 3.971006 -0.602249
1.491039 2.507490 -1.148193
1.621481 3.682070 -2.077609
2.370021 3.110389 -1.439009
1.358402 2.697246 -1.367545
1.483782 4.638986 -2.004771
2.777711 3.756064 -1.713489
3.790983 3.393255 -1.971183
2.466797 3.486965 -1.030784
3.483362 2.600927 -2.024209
3.189109 3.089381 -1.970487
4.809048 3.902357 -2.298552
3.877215 3.168285 -1.612078
4.733942 3.874555 -3.005353
-4.596650 2.791595 -0.852757
-4.406007 2.834658 -1.342403
-4.018622 2.219560 -2.146858
-3.831790 3.499586 -1.849861
-3.717708 3.721397 -1.824083
-2.952070 2.581754 -2.402358
-3.658064 4.080450 -1.751426
-3.137066 2.451000 -0.804915
-3.109212 4.152868 -1.845734
-2.869370 2.167377 -2.823105
-1.337440 3.167131 -1.667465
-0.817430 3.797637 -2.161032
-1.576246 3.005532 -2.032769
-1.637890 3.915756 -1.416093
0.227454 3.492953 -1.203650
0.774640 3.781703 -0.757940
-0.049672 3.093844 -2.442128
0.810093 2.737227 -2.019435
0.522346 3.834331 -1.798801
2.264533 3.905571 -1.753081
2.447388 3.425601 -0.345188
2.350925 4.237230 -1.745573
0.994930 2.296880 -2.437076
1.926004 4.501922 -2.144797
3.277619 4.183391 -2.060707
3.316121 4.050578 -1.203311
3.072004 3.404463 -2.002514
4.059871 2.918317 -1.955718
3.319565 3.641821 -1.186933
3.595040 2.742687 -3.163728
4.600159 2.826782 -1.681909
4.685480 3.061541 -0.747727
-4.962509 2.742067 -2.385466
-4.341735 3.442004 -1.715987
-3.573803 4.072628 -2.194738
-4.123472 4.273430 -2.651015
-2.984513 4.229007 -1.921150
-3.206255 4.255466 -1.630065
-2.326352 3.481010 -2.556631
-3.822014 3.667424 -1.369168
-1.981486 3.539648 -3.107004
-1.166258 4.364755 -0.567301
-1.967427 4.669662 -1.993675
-1.937393 3.937274 -2.135190
-0.552893 2.095302 -2.395703
0.526511 3.742992 -1.619441
-0.903943 3.296925 -1.264979
-0.837743 4.369580 -2.046890
0.825851 4.517172 -1.292199
0.335763 3.982052 -1.831933
0.669006 2.995292 -1.633440
-0.078794 2.702749 -1.652625
1.406996 4.152605 -2.180304
1.393978 3.351784 -1.656323
2.237173 4.767968 -1.331956
1.937963 2.843399 -1.105407
2.515463 4.993464 -0.802164
3.348954 4.440351 -1.573264
3.186765 2.859894 -1.862748
3.416964 3.717484 -2.355549
3.145424 3.295197 -1.991554
4.434630 3.284587 -1.808724
4.770152 4.223981 -0.962386
3.537648 3.947988 -0.795077
-4.690128 3.971226 -1.079213
-4.490445 3.653658 -2.666736
-4.733069 3.971053 -2.676092
-3.673429 4.694221 -2.249407
-3.597383 3.256462 -1.601937
-3.034030 2.625425 -1.267652
-3.010150 4.793334 -2.413961
-2.632713 4.061574 -1.105816
-2.769409 4.579922 -0.500594
-2.425094 3.712129 -2.226528
-0.921053 3.223438 -1.153449
-1.319295 4.688853 -1.612934
-1.347755 3.921163 -1.578605
-0.175338 3.536499 -2.033207
-0.964548 4.564023 -1.859677
-0.018817 4.199670 -0.334632
-1.446186 3.181779 -1.590175
-0.363484 4.108389 -0.631858
2.252644 4.140271 -2.195792
2.120167 4.868770 -1.090408
1.442671 3.776510 -0.839893
2.406238 4.424722 -1.485494
1.810577 3.588034 -1.588326
3.921674 3.699397 -1.899886
2.440973 4.839970 -1.286227
3.262284 4.476546 -1.432787
3.373658 4.438253 -1.334083
3.192241 3.419161 -1.236856
3.210416 4.263555 -1.721427
4.220790 3.541230 -0.965584
4.178947 3.997978 -2.246125
4.139654 4.999643 -0.804089
-4.509985 4.251956 -1.323305
-4.612014 3.207072 -1.318281
-3.974825 4.935778 -2.309708
-4.732715 3.707073 -3.735871
-3.856674 4.871282 -1.193113
-3.046236 3.645815 -2.706560
-3.435016 4.961371 -1.295583
-3.694939 4.636333 -0.609085
-2.556570 4.362681 -0.460896
-2.261348 4.006965 -1.339219
-1.352692 3.785003 -1.328198
-1.621732 4.684990 -1.688878
-0.611742 3.907733 -1.055374
-0.671221 4.366068 -2.076187
0.918219 4.753195 -1.888597
0.953564 4.540908 -2.088045
-0.365412 4.169262 -2.214718
0.258097 3.957473 -1.314876
2.181113 4.048856 -2.071326
1.503756 4.537756 -1.788280
1.521630 3.758718 -2.441360
2.083626 4.787961 -2.526776
2.784359 4.706750 -2.042105
3.505940 4.304864 -2.116825
3.438264 4.815617 -0.354223
2.379375 4.903031 -3.135833
3.065465 4.213969 -1.283554
2.034147 4.983686 -1.608165
3.833927 3.659476 -1.392519
4.912712 4.297071 -0.403453
3.627361 3.941460 -1.542209
4.202372 3.563344 -1.591581
-4.569781 4.781606 -2.098491
-3.867848 3.791608 -1.906791
-4.798746 4.772008 -2.029220
-4.026628 4.851030 -2.638895
-4.053893 4.835297 -1.428079
-2.686281 3.936959 -1.263901
-3.241271 4.836624 -1.918330
-3.024898 4.521312 -1.522512
-2.560572 4.850946 -1.453818
-2.068840 4.503340 -0.356189
-1.448383 4.581774 -2.093718
-0.989866 4.661419 -2.003499
-1.511536 4.999198 -1.589728
0.086140 4.426332 0.017953
-1.068898 4.941052 -3.333452
0.246839 4.326156 -2.809653
0.530438 4.650503 -2.441569
0.916446 4.413397 -1.411709
0.904789 4.831711 -1.623262
1.652283 4.859316 -2.031960
0.798109 4.354700 -2.127897
0.615409 4.945696 -1.645961
0.980929 4.249564 -2.464434
2.178492 4.344250 -2.187737
2.789779 4.944924 -2.411862
2.600124 3.856117 -2.439870
3.798759 3.886979 -2.463844
3.517463 4.889212 -0.785306
4.620971 4.872681 -1.238008
4.684264 4.993088 -2.848688
4.529843 4.407434 -1.432835
3.867203 3.287095 -0.527853
-4.032079 -4.802038 -0.850990
-3.890174 -4.610510 -1.886925
-4.924266 -4.433419 -1.755970
-3.531101 -4.368598 -1.486075
-4.339967 -4.541768 -2.500581
-3.149829 -4.368452 -0.798195
-4.045082 -4.610106 -1.185729
-3.290837 -4.856899 -1.312218
-2.225556 -4.924363 -1.787434
-2.244230 -4.608015 -1.837755
-0.943255 -4.562211 -1.390950
-1.305403 -4.029127 -0.357698
0.069234 -4.768190 -1.390017
-1.514790 -4.640035 -0.981530
-1.012737 -4.959677 -1.100979
-0.514735 -4.318679 -1.790184
0.785727 -4.585742 -0.978607
0.583417 -4.303315 -2.638491
2.374839 -4.528682 -1.515533
-0.454004 -4.718178 -2.064180
1.809276 -3.861350 -1.470163
2.205944 -4.968596 -1.187544
2.565735 -4.612129 -0.045744
3.526956 -4.626394 -1.886100
3.012228 -4.689739 -1.275647
2.181262 -4.422469 -0.892814
2.824096 -3.577022 -1.150575
3.851889 -4.619421 -1.232461
3.966800 -4.812700 -1.046342
3.952371 -4.865997 -0.869346
3.311524 -4.073737 -1.391005
4.930343 -4.920716 -1.274455
-4.445664 -4.225329 -2.506421
-4.485957 -4.111804 -1.215411
-4.422644 -4.909593 -2.827545
-3.867974 -4.324875 -1.838853
-3.963567 -4.461871 -1.494890
-3.842848 -3.512309 -1.021559
-2.931618 -3.850304 -1.521183
-3.022737 -4.712452 -1.728102
-2.348486 -4.385773 -2.060403
-1.491215 -4.309807 -2.418736
-3.273938 -4.500495 0.589356
-1.495285 -4.383308 -2.669350
-1.460089 -4.988725 -2.321432
-1.811887 -4.414391 -1.646688
-0.664980 -3.872807 -1.417849
-0.360404 -4.743469 -0.957117
1.672484 -4.524895 -1.677213
-1.169631 -4.043868 -1.748523
0.308081 -4.255609 -1.127275
1.184063 -4.751700 -0.881502
1.910449 -3.910893 -1.541157
1.359342 -4.076245 -3.049883
2.226987 -4.650660 -1.375601
2.607762 -4.960628 -0.819045
2.920619 -4.168538 -1.871679
2.452606 -3.850521 -1.623114
3.531921 -4.114334 -1.301964
4.009564 -3.504755 -1.739124
3.303947 -4.648376 -1.985982
3.633265 -4.444838 -0.601762
4.880867 -4.748838 -1.297143
4.081495 -3.615398 -0.752529
-4.950196 -4.556745 -1.370933
-4.980691 -4.951167 -1.300964
-4.674148 -3.171765 -1.344212
-3.058114 -4.585510 -1.901012
-2.984895 -3.096065 -0.933965
-3.135000 -3.882423 -0.401649
-2.444838 -3.590967 -2.081125
-2.242696 -4.323603 -1.586235
-2.841853 -2.421974 -2.034519
-2.008806 -4.768460 -1.755408
-1.414750 -2.962829 0.130923
-1.732607 -3.645386 -0.482276
-0.378058 -4.264668 -0.756471
-0.514499 -4.947450 -1.025295
-0.613389 -3.719332 -1.963098
0.784483 -4.648435 -0.789883
0.445267 -4.988749 -0.446618
-0.475885 -4.162953 0.077808
0.562040 -3.912148 -1.641689
1.165231 -4.172439 -2.651692
1.534177 -3.436854 -1.953574
0.864210 -3.583945 -0.522575
0.483187 -3.209174 -1.025394
1.928783 -3.768424 -1.117230
3.149307 -4.001488 -1.875160
1.751747 -3.455710 -1.552116
3.024001 -4.435258 -2.993839
2.629197 -4.831795 -0.154120
4.248582 -3.335551 -1.407074
4.251581 -3.881230 -0.475162
4.334821 -4.871643 -0.473528
4.717402 -3.594084 -1.387825
-4.462765 -4.748636 -0.278909
-4.474770 -3.457653 -0.771566
-4.743817 -3.865396 -0.239324
-3.487469 -3.933698 -1.233016
-3.263728 -3.357359 -1.227792
-3.002779 -3.088817 -0.562461
-3.549503 -4.532024 -0.969445
-2.762452 -2.712207 -1.317644
-3.174250 -3.916186 -2.622520
-1.097016 -3.608137 -2.419276
-1.958641 -3.532910 -1.315385
-1.115945 -4.728076 -1.995047
-0.987171 -3.106769 -3.293007
-0.438139 -4.756221 -2.488105
-0.761501 -4.415498 -1.252648
-0.483463 -3.907909 -1.902855
-0.039839 -3.430863 -1.490428
0.748523 -3.582640 -1.342645
-0.217349 -2.343223 -0.960902
0.850886 -3.446072 -1.699684
0.518075 -4.297934 -1.409196
2.121233 -4.388939 -1.381767
3.245699 -4.220744 -2.027890
1.514364 -3.661820 -1.934597
3.043795 -4.584756 -1.093855
2.611674 -3.849783 -2.055073
3.549800 -3.451936 -0.961863
3.466357 -4.476665 -2.772331
3.984276 -4.186971 -1.013947
4.636257 -3.627224 -0.764819
4.514196 -3.120281 -2.700999
4.890716 -3.652899 -0.014910
-4.634529 -4.136761 -1.532363
-4.416124 -3.557450 -1.645023
-3.865141 -2.394622 -1.170032
-4.030483 -3.594707 -0.909927
-3.358089 -2.846172 -2.832430
-3.586312 -3.853375 -2.955868
-2.553277 -4.084798 -2.100248
-2.542558 -2.681291 -3.543618
-2.945643 -3.475194 -1.495521
-1.712228 -3.616581 -2.610384
-2.108940 -4.148632 -0.671927
-0.629937 -3.607339 -1.568081
-1.958885 -2.858887 -0.176302
-1.004665 -3.602541 -1.527152
-0.628947 -2.943882 -2.203422
1.145865 -1.830387 -2.477700
0.560138 -3.551881 -0.530514
-0.226712 -2.844855 -1.185528
1.568767 -3.165111 -2.137322
0.433070 -3.881940 -1.039889
1.750741 -4.528642 -1.189040
2.171945 -3.547921 -1.377589
0.913024 -3.970776 -0.418674
0.499876 -3.552992 -1.775757
3.213707 -3.297134 -1.358278
3.862756 -2.301344 -0.417606
4.032674 -3.841516 0.015001
4.319851 -3.084201 -0.701889
3.841903 -3.470008 -1.687370
4.397589 -2.827687 -0.779798
4.467237 -3.254903 0.063002
3.903240 -4.098995 0.325093
-4.323974 -3.165084 -0.374629
-4.000148 -4.518589 -0.781742
-4.298057 -2.467198 -0.414197
-4.367298 -2.916190 -0.533381
-4.545889 -4.240671 -0.930902
-3.314711 -3.970407 -1.449562
-3.222329 -3.213270 -1.181913
-2.354776 -3.556551 -2.574688
-3.977541 -3.218082 -2.000275
-1.948131 -3.536603 0.704442
-0.837112 -3.025006 -1.558547
-2.154931 -3.250678 -1.628268
-0.914255 -1.484506 -1.753373
-1.358391 -3.715260 -1.352480
-0.669339 -3.065338 -1.409125
-0.678894 -3.326499 -2.300479
0.699287 -2.283365 -0.835820
-0.407881 -3.917417 -2.359180
1.637529 -2.603656 -2.143234
1.963120 -3.265751 -0.375414
1.446958 -4.229042 -2.113084
1.079831 -3.169514 -2.109519
0.875574 -4.369764 -1.825019
0.961556 -3.626975 -1.187762
2.817092 -3.990283 -0.877361
3.458589 -3.671891 -2.488106
2.303453 -2.088083 -1.207010
4.864964 -3.136326 -1.664525
2.615395 -3.081324 -1.585597
4.149916 -2.535614 -2.300913
4.410530 -3.958616 -1.449307
4.826401 -4.239771 -1.353828
-4.911303 -3.255214 -1.227324
-4.827477 -2.732085 -1.091241
-4.555754 -2.403302 -2.272239
-3.999571 -2.138222 -1.071363
-1.811876 -2.460436 -1.429303
-3.390470 -3.315128 -1.376298
-3.228556 -2.639427 -1.035689
-2.637068 -3.080107 -1.914050
-1.857086 -2.618682 -1.919007
-1.990077 -1.866304 -1.844546
-1.694919 -3.350084 -1.739285
-1.908015 -2.856719 -1.134652
-1.794345 -3.460611 -2.531645
-1.101279 -2.984967 -0.304217
-0.159115 -3.379344 -2.076034
-1.751680 -3.301332 -1.252726
0.102367 -3.795594 -1.722733
-0.089550 -2.726259 -0.838781
0.736499 -3.071363 -0.533139
0.179737 -2.367642 -1.601352
1.599395 -2.941078 -1.734584
0.266158 -3.075668 -1.415652
1.623290 -2.657073 -1.225674
2.669181 -3.021677 -0.197351
2.987213 -3.880418 -2.137470
3.601564 -2.590771 -1.333113
3.279064 -2.837909 -2.243181
3.582846 -2.918900 -0.729816
4.394766 -1.616510 0.041241
4.767107 -2.185139 -1.854198
4.284673 -1.289440 -0.467490
4.356575 -2.941395 -0.716093
-4.276607 -2.212088 -0.574216
-3.398701 -2.603640 -2.353758
-3.438842 -3.320176 -1.949082
-4.112123 -2.923757 -1.226194
-3.129745 -2.264580 -1.683248
-2.698634 -2.581389 -2.427885
-1.659754 -3.765792 -0.224488
-2.618983 -2.147003 -1.320114
-2.259171 -2.761805 -1.109097
-1.073203 -2.241232 -1.283222
-1.524445 -2.303312 -1.684161
-2.005435 -3.056966 -1.582958
-0.501652 -4.128184 -1.507600
-0.843587 -2.922536 -0.140485
-0.197286 -3.203850 -2.590913
0.095804 -3.432750 -1.625532
0.447385 -3.147547 -1.304788
-0.334284 -2.376105 -2.018836
-0.112402 -2.551151 -2.117589
1.073325 -2.234781 -1.602905
0.856600 -1.719862 -1.832198
2.332640 -1.566946 -0.700212
0.800446 -2.198431 -1.160076
2.377980 -3.327588 -0.883607
3.089356 -2.164316 -1.000880
2.999649 -2.650397 -0.048143
3.624785 -2.324274 -1.411032
3.206238 -1.962857 -1.833165
4.210555 -3.513754 -1.125202
3.110435 -2.150760 -1.884127
4.498898 -3.119657 -1.627525
4.874388 -2.761700 -1.469301
-4.553984 -1.929764 -0.977218
-4.441118 -3.193055 -0.975647
-4.588883 -1.261188 -1.840249
-3.025846 -2.326785 -2.494799
-3.790087 -2.887998 -1.136465
-3.110757 -2.475752 -1.775959
-3.443971 -1.217164 -0.687657
-2.032180 -2.004048 -1.614361
-2.256045 -1.445343 -3.155381
-2.135171 -2.521517 -1.724654
-2.217901 -1.351767 -1.097204
-1.351235 -1.691023 -1.319815
-0.775844 -2.138620 -1.971901
-2.295070 -3.358025 -0.592229
-1.196166 -1.852193 -0.983389
-0.245890 -1.443775 -2.259534
-0.032523 -2.771485 -0.443104
0.304333 -3.023535 -0.529213
0.377605 -2.227236 -1.363856
0.605080 -2.859705 -1.385429
1.090625 -2.403139 -0.256572
1.646208 -2.182945 -2.658372
2.591574 -2.116687 -1.075328
0.667216 -2.760722 -1.048559
2.037561 -2.303213 -1.465001
3.536068 -2.188953 -0.782233
4.364907 -2.231041 -1.305924
3.789682 -2.030599 -1.610667
2.024429 -1.067423 -0.877996
3.363689 -2.015977 -0.614143
4.965871 -1.752341 -1.649330
4.256845 -2.004180 -0.979447
-4.953432 -1.250207 -2.183102
-4.865872 -0.777330 -1.843940
-4.918685 -1.702535 -1.324904
-3.542542 -2.952881 -2.774168
-2.902398 -2.130199 -0.261560
-2.953634 -1.750963 -1.339021
-3.863169 -1.430002 -2.971529
-2.753551 -2.861833 -1.941206
-1.951536 -1.548083 -0.816448
-1.285034 -2.344026 -0.620923
-2.169510 -1.970536 -1.462003
-1.668971 -0.998313 -2.086716
-1.745436 -2.750127 -1.180711
0.152540 -1.916351 -1.948882
-0.750707 -2.248242 -0.817528
-0.087606 -1.978357 -1.992486
0.549457 -1.982217 -2.068886
-0.935487 -2.210549 -1.153133
2.866354 -2.295478 -1.103620
0.498588 -1.677900 -1.033818
1.061737 -1.409112 -1.765653
2.114845 -3.125093 -1.121691
2.630574 -1.608951 -0.663390
1.511390 -1.976931 -1.587302
3.075888 -2.394103 -1.861061
2.569030 -1.896807 -1.335882
3.323684 -1.392548 -0.489142
3.445534 -3.668119 -3.098102
4.284077 -2.316882 -0.422370
2.999297 -2.641606 -0.700859
3.528530 -1.608821 -1.384046
4.588565 -1.970058 0.151563
-4.754601 -0.537590 -1.059205
-3.587604 -0.775461 -1.596088
-4.932337 -2.283570 -1.285807
-2.400820 -2.044591 -1.617625
-3.778357 -1.797772 -2.342556
-4.575049 -1.590856 -1.668617
-3.020477 -2.127073 -1.365414
-2.695621 -1.862979 -0.653369
-2.598869 -0.997727 -1.498922
-1.680958 -1.744550 -2.220750
-1.806688 -1.862331 -1.814187
-1.358794 -2.122773 -0.224038
-2.354266 -1.512016 -0.934409
-0.618345 -2.134401 -0.942652
0.174190 -2.751228 -1.766974
-0.365137 -1.812687 -2.275655
0.625308 -1.431224 -0.864612
0.143851 -1.211116 -2.122685
1.224216 -0.762164 -1.269395
1.139655 -2.044973 -0.969595
2.056620 -2.860938 -1.628723
1.845427 -0.940218 -0.550416
1.870317 -2.422461 -0.459194
2.536984 -1.326098 -1.574327
2.149704 -0.742434 -1.675776
2.312135 -1.486038 -0.061146
3.041236 -2.106826 -0.795604
2.264574 -1.651374 -1.214845
4.231235 -1.299699 -1.967057
4.586657 -0.912618 -0.917721
2.820600 -2.809261 -1.979491
4.681230 -1.416016 -0.974048
-4.872136 -2.145198 -1.335072
-4.336135 -1.768144 -1.666909
-3.661860 -1.529040 -1.512956
-4.794475 -0.683724 -0.947109
-2.346032 -1.865923 -1.143354
-2.902114 -1.300330 -1.882456
-3.129996 -1.045294 -1.443109
-3.283011 -0.827583 -0.384772
-3.036866 -0.815285 -1.630059
-0.795621 -1.463340 -1.670307
-0.460235 -0.861520 -1.419793
-2.198958 -0.870920 -1.041202
-1.838444 -1.786187 -0.306078
-1.670807 -1.508849 -2.305229
-0.402210 -1.969136 -1.087639
-0.820018 -0.996228 -1.218686
-0.297287 -2.385588 -1.300867
0.863120 -1.102661 0.406989
-1.148479 -0.919440 -1.421098
1.094313 -1.102204 -1.095371
0.790274 -0.367416 -1.708577
2.187635 -1.589007 -0.306685
1.552108 -1.048918 -3.094330
2.430299 -2.224753 -2.374142
3.413999 -1.859116 -0.537565
2.874183 -1.089463 -1.493767
3.086996 -1.016255 -0.036634
3.455490 -1.168944 -1.023705
4.907254 -2.106431 -0.986961
4.981703 -1.742072 -1.272704
4.893997 -1.890212 -1.722286
3.541747 -1.475361 -0.998964
-4.013313 -0.464849 -1.684836
-4.922226 -1.808416 -1.068680
-3.663967 -0.753454 -0.171427
-3.050967 -1.065196 -0.162146
-3.518769 -1.306301 -1.218471
-3.903746 -0.504238 -0.154195
-2.924933 -0.356737 -1.000892
-1.980712 -2.252199 -2.157588
-2.726762 -1.263781 -0.937038
-2.411570 -0.902604 -1.890329
-1.090758 -1.194272 -0.950176
-0.297901 -0.475093 -1.659469
-1.348919 -1.838610 -2.713976
-0.520027 -1.880151 -1.176623
-1.241252 -0.076257 -1.341428
-0.563967 -1.451325 -2.123826
0.539054 -1.942347 -1.394420
0.213663 -0.998991 -0.810227
0.286984 -1.193525 -1.835849
1.509968 -1.728886 -1.148884
1.732615 -2.301703 -0.564720
2.974966 -0.085263 -0.707535
1.278681 -1.796403 -0.994440
1.986698 -0.106107 -0.588485
2.418774 -0.892459 -1.454435
3.225538 -1.037134 0.327561
2.987278 -0.883379 -1.077212
4.299809 -0.358090 -1.435314
3.340759 -2.408465 -0.515977
3.997648 -1.223800 0.013492
4.546735 -1.674190 -1.178774
4.740112 0.238308 -1.634530
-3.459425 -0.106703 -2.062246
-3.052726 -0.654673 -1.483167
-4.911292 -0.444782 -1.548312
-3.409773 -0.929157 -1.559703
-3.858067 -1.237202 -1.481123
-2.353143 -0.760028 -1.184304
-3.424458 -1.835160 -2.190779
-2.289480 0.787398 -0.876596
-1.756705 -1.191144 -2.381856
-2.793637 -0.578245 -2.054889
-2.127117 -0.556105 -1.590922
-1.590554 -0.259363 -1.256524
-0.152134 0.125128 -0.756791
-0.735664 -0.734228 -1.934491
-0.581105 -1.339988 -1.158133
1.142066 -0.897488 -1.837954
-0.163959 -1.436573 -1.881162
0.666294 -1.654047 -1.163589
0.826966 -1.196061 -1.459923
0.823129 -1.495493 -1.913899
1.521936 -1.050626 -0.928993
3.037843 -0.770229 -0.652485
1.948843 -1.873243 -1.493605
2.764899 -1.254608 -1.193273
2.338594 -1.009764 -0.818826
2.265965 -1.149394 -1.859985
3.995178 -0.462804 -2.942698
3.707622 -1.825689 0.295272
4.468153 -1.132887 -1.731143
4.069226 -1.036780 -1.749789
4.748520 -1.055469 -0.112564
4.708753 -1.680905 -2.698642
-4.798412 -0.115517 -0.955152
-4.486812 -0.648998 -2.208631
-2.964722 -1.458994 -1.809689
-4.989210 -0.858908 -1.409061
-3.722491 -0.472050 -1.321088
-2.906398 0.009241 -1.133152
-3.480441 -1.300134 -0.929205
-1.935978 0.048915 -0.762322
-2.623659 -0.907202 -1.979422
-3.033782 -1.584465 -1.877519
-1.263901 -0.647489 -1.238421
-1.417101 -0.074666 -1.478296
-1.593855 -1.063562 -1.610550
-0.252766 -0.477642 -1.319805
-0.757747 -1.176925 -1.915601
-0.164263 -1.044703 -2.223660
-0.843593 -0.942362 -1.539174
0.298345 -1.572387 -1.571600
-1.190584 0.174756 -1.678658
-0.767259 0.608892 -0.659097
0.738926 -0.608633 -2.071035
1.848815 -0.844527 -0.974388
2.116966 -0.411251 -0.194369
3.486346 -0.549466 -1.509081
2.750124 0.102672 -1.272335
3.172443 -0.162635 -1.810051
3.664689 -0.142356 -0.498870
4.558813 0.697717 -1.129313
3.130356 0.042228 -2.712897
3.914318 -0.372613 0.172208
4.974654 -0.370533 -1.722440
4.938940 -1.083748 -2.852677
-4.123054 1.236266 -0.025357
-2.967752 0.220547 -1.199229
-4.322921 -0.499768 -2.065080
-3.922258 0.263363 -1.158167
-2.707334 -0.322218 -0.987253
-3.467669 0.732054 -0.797217
-3.095719 0.570248 -0.976099
-3.379148 0.669779 -1.976747
-3.013886 0.553236 -2.196225
-2.449356 -0.609540 -1.415936
-0.671904 -0.858134 -1.819671
-0.560859 -0.425233 -1.945660
-1.966350 0.424431 -0.342094
-0.666610 -0.843466 -1.412864
0.482623 0.258499 -1.380837
0.182404 -0.024387 -2.145900
-1.408103 -1.120102 -1.598194
-0.082088 -0.752935 -0.103230
1.599211 -1.075643 -1.662892
1.235074 -0.170042 -1.738979
1.329277 -0.797663 -1.164804
2.286403 -0.388732 -0.680989
1.264686 -0.080202 -2.269704
3.084549 -0.397517 -1.922273
2.491683 0.352561 -1.107679
2.550202 -0.796672 -1.698284
1.932350 -0.530634 -0.743234
4.256733 -0.056876 -2.273582
4.272673 -0.021551 -1.239486
3.545864 0.774198 -0.624795
3.886901 -0.676925 -1.246666
4.072476 1.562279 -2.477856
-4.888535 -0.297795 -0.695967
-4.287541 0.987068 -1.273779
-3.666593 -0.069349 -2.903007
-3.701298 -0.916297 -1.773794
-3.630105 0.673710 -2.049139
-3.139087 0.305636 -0.588258
-2.657097 1.662107 -1.787723
-3.203943 0.634883 -1.126198
-1.199119 -0.379064 -1.511316
-1.926812 0.221051 -0.982864
-1.667631 -0.541145 -1.022327
-0.711407 1.265914 -1.080346
0.294473 1.139982 -1.040015
-0.899238 0.503973 0.028760
-0.720197 0.931641 -1.836543
-0.308976 0.540445 -1.796679
0.010143 -1.325811 -1.940382
-0.541033 0.921196 -0.878229
0.817083 0.171213 -2.114293
0.500344 0.073016 -1.631038
1.399710 -0.190064 -0.977607
1.505817 0.182948 -1.982589
1.207937 1.352642 -0.339007
1.975005 0.611823 -0.421192
2.888574 0.336936 0.094327
2.685739 -0.462890 -1.585964
3.418025 -0.809261 -2.026509
3.361787 -0.082518 -3.264354
2.878866 1.180512 -0.953199
4.401024 0.630018 -0.379879
4.917671 0.042419 -1.347517
4.434981 0.601065 -0.940243
-4.993477 -0.106421 -1.368018
-4.710786 0.987719 -1.095389
-4.149151 0.989368 -1.476943
-4.123725 0.784605 -1.381222
-2.998119 1.245579 -0.804475
-3.156076 -1.032185 -1.191137
-3.068794 0.644130 -2.334875
-2.703583 -0.491879 -1.165956
-2.029735 0.953487 -2.044001
-1.765739 0.282742 -1.561133
-0.996086 -0.564352 -0.942453
-0.744333 1.203133 -1.567437
-1.294654 0.795828 -0.125517
-1.183870 0.572472 -1.397489
-1.326924 1.366044 -1.407992
0.231084 0.958493 -1.391524
0.273325 0.703569 -1.774026
0.295130 0.344204 -1.226231
1.885850 0.438072 -0.410810
1.225146 0.008285 -2.000296
1.275560 0.730091 -1.526074
-0.194535 0.600456 -1.936337
1.723469 1.140561 -1.043737
2.441259 1.004150 -0.622576
3.361232 0.332112 -2.355546
3.743594 0.697423 -1.244702
4.033911 0.760570 -1.836349
3.586794 1.012348 -1.496918
4.212928 1.208520 0.019207
3.880623 1.480521 -1.802009
4.211808 0.477150 -2.296694
3.558580 -0.088814 -1.410009
-4.798218 0.177552 -1.054543
-4.601090 1.577931 -0.879227
-4.268195 1.094396 -2.045851
-3.770236 0.795516 -1.749531
-4.145526 0.636449 -1.649891
-3.199019 2.149094 -2.046201
-2.098058 -1.148535 -1.135573
-1.822164 1.708679 -1.650574
-1.696661 1.495210 -2.629174
-2.163330 0.671099 -2.333464
-2.122699 1.614158 -0.391020
-1.236512 1.505273 -1.382544
-0.987836 0.193896 -1.118119
-1.359788 -0.206450 -2.014649
-0.877490 0.149836 -1.053135
0.342384 1.044828 -1.557004
0.064445 0.487717 -1.467218
0.559409 -0.026279 -1.139177
1.129946 0.971117 -2.447437
0.841462 0.483301 -0.553885
2.230872 1.089756 -1.921504
1.941819 0.001842 -2.869734
1.081905 0.320411 -1.928448
1.715974 -0.029957 -0.824792
1.888824 2.165563 -1.299610
3.136364 0.510072 -0.913010
3.763350 0.861634 -2.072916
3.184971 0.117050 -1.040170
3.634976 1.153162 -1.027278
4.586684 0.693770 -2.252731
4.382904 -0.277421 -1.593811
4.768145 1.556057 -1.175364
-4.830125 1.638409 -1.371958
-4.350343 0.234255 -1.040123
-4.423245 1.836864 -1.883596
-3.362112 0.782110 -0.766453
-3.431778 1.787459 -1.357220
-2.567973 0.789905 -2.027874
-2.444827 0.946413 -0.887978
-1.777719 1.953149 -1.181791
-1.165393 1.066162 -1.757265
-2.972456 -0.402955 -1.603159
-2.282551 -0.060332 -1.839663
-1.291908 0.760428 -0.370750
-1.570053 1.573822 -1.083572
-1.376116 0.893318 -0.949417
-0.310976 0.669047 -2.116502
0.682512 0.789657 -1.596892
0.870836 0.189916 -1.216830
-0.340440 0.754867 -2.286739
0.381777 0.450241 -1.096859
0.413376 1.457123 0.151297
0.639929 0.914050 -1.341640
2.336820 1.458500 -0.503651
2.661129 1.479720 -1.620881
2.457233 0.809744 -2.125426
1.573812 1.097993 -1.322115
2.217290 1.312822 -1.998225
3.669608 1.134097 -1.580492
3.380713 1.624224 -2.368222
4.571447 0.592179 -0.668438
3.277305 0.053733 -0.332007
4.921449 1.447042 -2.760491
4.509987 1.183354 -1.763627
-4.486638 1.314048 -1.224360
-4.827246 1.326974 -1.339538
-4.018234 1.221370 -1.382945
-4.158652 0.205828 0.051189
-2.877059 2.440037 -1.710393
-2.849097 2.875001 -0.289882
-3.837537 2.088196 -1.535264
-3.620672 1.193189 -0.822890
-2.308536 2.004859 -0.976422
-2.558481 1.853780 -1.767944
-2.524307 2.396002 -0.204436
-2.305579 0.299638 -2.286204
-0.276224 2.045526 -1.784941
-0.949091 1.614178 -1.454845
-1.146821 0.531718 -1.082816
-0.384994 0.661010 -1.569041
-1.140345 3.004394 -0.766467
-0.037529 0.642788 -1.282658
0.349461 1.449572 -1.331412
2.058679 0.522273 -1.020599
1.473662 1.851416 -2.354934
1.466747 0.902442 -1.464801
2.292828 2.310782 -1.239224
2.721857 1.556278 -2.071402
2.263405 2.237856 -2.461047
2.853600 1.004138 -0.949472
2.647341 0.820971 -1.785948
4.028706 1.938657 -0.968006
3.487325 1.886929 -1.849894
4.648846 -0.094303 -1.377728
4.756252 1.993208 -0.009720
3.973932 1.615819 -2.698562
-4.506604 1.343963 -1.904707
-4.074656 1.464229 -0.699692
-4.268958 1.088845 -0.851781
-4.778453 1.995344 -1.215665
-4.090523 1.700839 -0.378856
-4.035562 1.041461 -1.619433
-3.999653 2.999612 -1.421182
-2.556854 0.914773 -0.547419
-1.790478 3.076970 -1.790866
-1.695275 2.129698 -1.804136
-1.906758 1.044553 -2.274207
-1.313568 2.209428 -0.725712
-1.656850 0.987842 -1.829254
-1.391948 0.734095 -1.127302
-0.794566 1.218279 0.619389
-0.554441 2.282082 -1.325157
0.409065 1.437450 -1.851762
0.888588 0.874383 -1.491246
1.016914 2.553678 -1.089081
1.471367 0.803341 -1.632258
1.487166 1.089778 -1.518578
0.861734 1.729266 -1.618514
2.461878 1.284518 -1.812442
2.038151 1.449704 -0.958677
3.847794 0.670369 -0.343244
3.091787 1.662679 -1.185281
3.956008 2.631882 -3.555352
3.444858 0.942380 -1.432909
4.404451 2.186850 0.177352
3.184878 1.378001 -1.612961
4.417828 1.477652 -0.849857
3.992532 1.945630 -0.689833
-4.849848 1.658594 -0.869188
-4.940173 3.874829 -1.239378
-4.146677 1.767743 0.642688
-4.429095 1.640904 -1.473036
-2.706634 1.629599 -0.936925
-3.540326 2.755014 -2.029119
-3.254452 1.837265 -1.526851
-3.100769 2.259053 -0.774754
-1.971230 2.511415 -2.111447
-1.454975 1.013702 -1.315335
-2.126168 2.442686 -1.307703
-1.461651 1.473720 -1.443437
-0.653407 2.399912 -0.247576
-0.855103 1.155566 -2.386317
-0.829065 3.316931 -1.816180
-1.228008 2.112456 -0.546342
0.146754 0.503258 -1.922133
-0.730605 1.294694 -1.681877
0.505982 2.920400 -2.223843
0.498286 2.341405 -2.316293
1.994054 1.462223 -1.494764
1.937172 1.992971 -2.308800
2.871155 1.742543 -1.156854
2.943092 2.899332 -1.357635
3.555129 3.056580 -0.776461
2.786321 2.188738 -0.952529
4.402646 2.210381 -1.186105
3.751543 3.339668 -1.379135
4.395093 2.777645 -1.411714
3.567973 3.075024 -1.531445
4.359795 3.014086 -0.347076
4.438670 1.902671 -0.719635
-3.938358 1.457664 -0.954235
-4.886110 2.442477 -2.342979
-3.722825 2.448343 -1.988972
-3.551983 2.006289 -0.643297
-3.598993 1.866860 -2.013021
-3.525909 2.501431 -1.503920
-2.900731 3.712410 -2.265554
-2.085205 2.257725 -1.106589
-2.536138 2.106313 -1.669260
-1.870132 2.363789 -1.130801
-1.447450 3.179333 -1.267525
-1.495462 3.547078 -1.525855
-0.873672 2.595163 -0.736587
-1.843426 1.828507 -1.177623
-0.363377 2.655108 -1.325641
0.509950 2.186521 -1.429701
-0.762852 1.029440 -2.629600
0.548678 1.936516 0.296642
-0.217633 3.118561 -1.171590
2.301885 2.609530 -1.341198
1.464402 2.118078 -1.124902
0.339030 1.795271 -1.236856
1.924018 2.289641 -1.160221
3.254015 2.422704 -1.559824
3.731793 2.152408 -0.755722
3.284662 2.418823 -1.052911
3.086106 2.484455 -1.416479
4.161476 1.681730 0.154417
2.930995 2.873123 -0.985470
4.557527 3.293975 -0.183311
4.652829 1.859829 -0.920471
4.574059 2.571050 -0.655838
-4.211747 2.910392 -1.213424
-3.916683 2.502453 -1.087788
-4.876400 2.305674 -1.506043
-3.966258 1.074284 -1.246812
-3.271906 3.739186 -0.645065
-2.856408 2.984303 -1.369252
-1.839522 3.815186 -1.028082
-3.479874 2.493681 -2.136002
-3.367436 2.508817 -2.288141
-2.012889 2.583849 -0.728232
-1.516851 4.127919 -1.948783
-2.227601 2.399742 -1.721244
-1.114166 3.793934 -1.864378
-0.247070 3.419796 -1.192653
-1.495026 2.692432 -1.430527
0.205513 2.165627 -1.124569
-1.205089 3.115900 -1.757407
-0.028894 1.846320 -2.277695
1.403863 2.351682 -1.717773
1.220846 2.335113 -0.884362
1.335080 2.594749 -2.832923
0.222687 1.989031 -0.925137
2.127082 1.666507 -1.582542
2.241033 4.175182 -0.400756
4.403537 3.559864 -0.992851
3.029505 2.704855 -1.043601
2.838453 2.517502 -0.179319
3.719995 3.038171 -2.900929
3.784331 3.223165 -2.327225
4.451886 2.254880 -1.672574
4.937196 4.368219 -0.071277
4.118422 3.842088 -1.754000
-4.092000 2.354352 -1.608153
-3.609661 3.170753 -0.461038
-3.990199 2.827016 -1.399759
-4.109421 2.190726 -0.843654
-3.714795 2.305921 -0.144631
-3.317162 3.985845 -1.819660
-3.145074 3.810535 -1.852997
-2.084936 2.388726 -0.170024
-2.096364 3.112356 -1.409159
-2.509905 3.251593 -2.049867
-2.160154 4.266370 -0.868444
-1.745097 1.866345 -2.078526
-2.300689 2.445485 -1.232433
-0.728757 3.885762 -1.346438
0.107365 2.916205 -1.543897
-0.685177 2.633857 -0.126332
0.017132 3.133990 -1.683177
0.304769 1.868221 -0.818796
1.058215 3.048798 -0.465822
0.568709 2.864511 -1.882796
0.822315 4.113628 -1.220520
0.553066 2.954194 -1.245584
2.188041 1.834408 -1.325350
2.701105 3.064555 -0.201001
2.765582 2.070690 -2.090726
2.615611 3.651985 -1.609525
3.971177 2.331064 -0.627246
4.395306 2.797850 -1.713406
4.203426 3.428275 -0.210531
3.331979 4.237290 -1.647291
4.217431 4.658922 -0.566151
3.964180 2.395268 -1.606217
-3.936734 3.095391 -1.642552
-4.915335 3.128188 -2.066998
-4.603273 2.361750 -2.250986
-2.825923 3.586130 -0.791547
-3.280198 3.956573 -0.935277
-2.414677 4.428014 -2.351524
-2.668682 3.120873 -1.021793
-2.722341 4.628696 -1.208596
-0.562252 3.838771 -1.368403
-1.088780 3.900854 -2.040540
-2.794758 2.293471 -0.754655
-1.274763 2.379947 -1.874375
-1.647544 1.741128 -1.689691
-0.382898 4.151011 -0.023034
-0.346044 3.329249 -2.580771
0.256074 4.150994 -2.730942
0.281109 3.354594 -1.583385
1.450936 2.759956 -1.558915
1.240819 3.199100 0.533666
0.934704 3.299663 -0.659988
1.695981 4.082016 -1.763085
2.157462 3.191803 -0.800093
1.527633 2.475289 -0.858337
1.377489 4.457914 -1.004452
2.817829 3.503502 -1.725323
3.667567 3.720168 -1.323850
2.726707 3.638991 -1.401757
2.974265 2.873797 -1.877851
3.095585 3.776682 -2.149244
4.261031 4.482781 -2.261704
4.271137 2.122338 -1.492734
4.571859 3.679469 -3.031543
-4.876918 3.102888 -1.334061
-4.525869 2.207502 -1.148885
-4.410662 3.016095 -1.847348
-3.464014 4.063951 -1.667669
-3.948633 3.880302 -1.632036
-2.988272 2.911971 -2.037403
-3.242631 3.812618 -2.044213
-2.897144 3.056784 0.240047
-3.829916 3.182156 -1.721403
-2.503397 2.935118 -2.027052
-1.028922 3.391501 -1.492431
-1.522092 3.054285 -1.232064
-1.342673 3.564880 -1.931449
-0.934031 3.610056 -1.326523
0.395703 3.139560 -1.222317
0.512882 3.873605 -1.031958
0.608574 3.660770 -2.019370
0.504609 2.667547 -1.064799
0.672261 3.855633 -1.292601
1.332203 3.979077 -1.343356
1.863426 3.810095 0.108851
2.191422 4.560028 -1.331738
1.624106 2.828806 -1.939510
2.357547 4.005211 -1.973802
3.173588 3.452963 -1.385855
3.689147 4.067097 -1.164893
3.247909 3.265325 -1.327372
3.421124 3.226715 -1.167684
3.137050 3.287148 -1.018045
3.802280 3.021952 -2.345187
4.482399 3.553154 -1.703559
4.715498 3.131156 -0.087636
-4.980367 3.161823 -1.482535
-4.281558 3.498556 -1.137386
-3.136600 4.275256 -2.184786
-3.245773 4.116413 -1.717317
-2.448424 3.830984 -1.632156
-3.016169 4.053673 -1.547628
-1.970165 3.167025 -1.458074
-3.181522 3.324207 -1.436198
-1.956257 3.452767 -2.209857
-0.897028 4.524478 -0.777698
-2.332377 4.659216 -1.702163
-1.492494 3.893880 -1.572415
-0.061668 2.232149 -1.676889
-0.056901 3.093124 -1.046390
-0.801507 3.268375 -0.567454
0.004586 4.318929 -1.857104
1.062836 4.532286 -1.746977
0.059746 4.046625 -1.106253
0.146514 3.307957 -1.553055
0.461868 3.135394 -1.780187
1.864710 4.256490 -2.111162
1.641975 3.377435 -1.396212
1.842168 4.355793 -1.545641
2.287400 2.215367 -0.997814
2.393664 4.700034 -0.246036
2.104972 3.778973 -0.657456
3.511828 3.278414 -2.138099
3.580456 3.372912 -1.932730
2.940637 4.261086 -1.905325
4.082874 3.047323 -0.884713
4.008562 4.066474 -0.926424
3.794539 4.000490 0.297028
-4.551353 3.610840 -0.890081
-4.758629 3.541724 -1.755666
-4.301569 4.329196 -1.584567
-4.757856 4.235967 -1.442572
-2.288802 3.043530 -1.696033
-3.247467 3.884916 -0.507728
-3.319882 4.439655 -1.867350
-2.542771 4.344489 -1.480742
-2.372463 4.807666 -0.225952
-2.573662 4.042473 -1.440029
-0.638224 3.242916 -0.817025
-1.865491 4.254223 -1.776056
-1.385884 4.453696 -1.741716
-0.263366 3.853750 -1.601657
-0.700435 4.140382 -1.586929
-1.018971 4.552816 0.079850
-1.260795 3.059346 -1.478529
-0.146198 4.240750 0.336175
1.527281 3.974820 -2.303470
1.861315 4.892636 -1.184632
1.704495 4.440077 -0.573785
1.992916 4.741042 -1.380213
2.359261 4.102980 -1.280205
3.626458 3.960568 -2.797866
3.235486 4.945763 -1.662216
3.671947 4.361034 -1.230024
4.090912 4.619127 -1.419412
3.954333 2.907691 -1.313824
3.498765 3.413724 -1.753201
4.703273 3.677248 -0.788514
4.181782 4.341840 -1.478287
4.286424 4.980027 -0.275966
-4.434577 4.464468 -0.840958
-4.779570 4.160334 -1.228536
-3.361041 4.461747 -2.303773
-4.767516 4.347355 -3.442286
-4.100246 4.479738 -0.591216
-2.631858 3.343482 -1.574786
-2.191190 4.958952 -1.747862
-3.661826 4.008102 -0.129748
-2.315537 4.576719 0.642453
-1.474389 4.029978 -1.471365
-1.951630 4.530733 -0.506477
-1.631081 4.288948 -1.225529
-1.258880 4.192146 -0.701899
-0.051716 3.978507 -1.892121
0.287424 4.779564 -1.558213
0.561075 4.322515 -2.304003
0.027931 4.463874 -2.065047
0.134326 3.651909 -1.228290
2.515196 4.172427 -1.223777
1.606323 4.511929 -1.623613
1.263966 4.168565 -2.243791
1.801778 4.920931 -2.322342
2.967928 4.724450 -2.194782
3.010362 4.560192 -2.129326
4.104508 4.570591 -0.746962
1.524269 4.692822 -2.376971
3.499593 4.106432 -1.939910
2.250131 3.970981 -1.274558
3.223270 3.680753 -0.511842
4.897584 3.969270 -0.723286
3.751236 4.592844 -2.009662
4.295805 3.437055 -1.590133
-4.557949 4.855395 -1.559810
-3.967070 3.825374 -1.797341
-4.241677 4.891024 -1.562312
-3.646775 4.750294 -1.732000
-4.648499 4.869031 -1.435675
-3.634848 4.329447 -1.590953
-3.367739 4.437146 -1.251384
-3.401780 4.808669 -0.714278
-2.418095 4.717478 -1.135915
-1.991696 4.827654 -0.697915
-1.204586 4.397885 -1.485785
-1.356000 4.962115 -1.246709
-1.485550 4.636069 -0.539168
0.015285 4.229442 0.987764
-0.367139 4.978206 -2.890296
-0.209961 4.502884 -2.177203
0.807380 4.315841 -2.359955
1.448968 4.991039 -1.332107
1.164971 4.738908 -0.993606
2.090383 4.463493 -2.320267
1.511290 4.264831 -1.548701
1.328002 4.498547 -0.468091
0.223914 4.627515 -1.904983
2.428204 4.303945 -1.949519
2.460945 4.465236 -1.650129
2.201347 3.948836 -2.439524
4.186710 4.077696 -1.758461
3.573177 4.711550 -0.383759
4.143318 4.893752 -0.652760
4.241127 4.985305 -2.005892
4.465611 4.724420 -1.623812
4.730504 3.604757 -1.540557
-3.475871 -4.752062 -0.178768
-3.829641 -4.740166 -1.836536
-4.235399 -4.647572 -0.303406
-4.077621 -4.515007 -0.244615
-3.950730 -4.684385 -0.638392
-2.730322 -4.792084 -0.171917
-3.704135 -3.598680 -1.116423
-2.396708 -4.771114 -1.754230
-3.669049 -4.647640 -1.590953
-2.566564 -4.796304 -1.680076
-0.909010 -4.218288 -0.938643
-0.840368 -4.123805 -0.209624
-0.878770 -4.374703 -0.920985
-1.216985 -4.662764 -0.762045
-1.469791 -4.461167 -0.972973
0.020087 -3.182760 -1.932161
1.204616 -4.375244 -0.554739
-0.041215 -4.119495 -2.707501
2.643113 -4.344066 -1.016511
-0.015464 -4.848494 -1.621812
1.955318 -4.345514 -1.256487
1.486185 -4.809154 -0.583533
2.986584 -4.467119 -0.585592
3.490722 -4.476899 -1.858257
3.078929 -4.893785 -1.013439
2.290226 -4.421237 -0.420298
2.842358 -4.575037 -0.409214
4.154222 -4.830613 -0.999102
3.839124 -4.866559 0.137566
2.666786 -4.943040 -0.596044
3.902362 -4.476532 -1.315110
4.814621 -4.717095 -0.907562
-4.740671 -4.725626 -1.912162
-4.776609 -4.002950 -0.417051
-4.414404 -4.554450 -1.530894
-2.713917 -4.314941 -1.452617
-4.424344 -4.912207 -1.676488
-3.414876 -3.445948 -0.391360
-3.205593 -3.809572 -0.588748
-3.181848 -4.519372 -1.657964
-2.841093 -3.680209 -1.613718
-2.285426 -4.506069 -1.593807
-3.271924 -4.355317 1.266926
-0.849259 -4.186445 -1.732263
-1.269500 -4.926543 -1.747645
-1.860817 -4.682589 -1.305534
0.179715 -3.696803 -1.361660
-0.384210 -3.556278 -0.591211
0.851706 -4.760951 -0.845887
0.641897 -4.163132 -0.973541
0.182259 -4.161195 -0.797843
0.901379 -4.742236 0.121281
2.048697 -3.889726 -1.302719
1.484431 -4.418161 -1.655748
1.786075 -4.427761 -0.075733
1.926377 -4.919802 -0.048711
2.302790 -4.025529 -0.781269
2.896349 -3.782555 -1.200119
4.190370 -3.887717 -1.111031
3.854490 -4.177142 -1.583806
3.386165 -3.860698 -1.146096
3.955212 -4.797174 -0.198241
4.630469 -4.908481 -0.920342
3.859102 -3.490858 -1.031674
-4.962371 -4.174392 -0.681570
-4.981650 -4.553064 -0.395348
-4.604667 -2.933604 -0.426528
-2.974254 -4.081257 -1.665090
-3.243764 -4.050910 -0.382373
-3.231288 -4.641448 -0.531976
-3.073918 -4.454100 -1.956533
-2.792558 -4.729862 -0.953103
-2.196314 -3.096368 -1.027861
-2.162041 -4.954074 -1.609014
-0.768962 -3.632064 -0.191187
-2.478794 -3.877928 -0.739415
-1.231908 -4.305327 -1.407000
-1.898447 -4.436502 -0.842092
-0.618930 -4.428472 -1.230312
0.056164 -4.537579 -1.294864
0.434378 -4.375611 -0.175275
-0.003047 -3.766956 -0.798413
0.140285 -3.798120 -0.623490
1.428638 -3.396615 -1.110470
1.056601 -3.650307 -1.997607
0.504145 -3.535924 -0.881681
1.377187 -4.237871 0.094526
0.976899 -3.512666 0.021389
3.037720 -3.844334 -1.266096
2.641029 -4.302274 -1.596432
2.895144 -4.717602 -1.892952
3.460346 -4.558061 0.008329
4.303181 -4.275812 -0.338934
3.802892 -3.766834 0.130718
4.356422 -4.776444 -0.337135
4.366489 -3.409444 -0.559913
-4.684247 -4.422658 -0.170222
-4.658575 -3.553186 -0.760522
-4.858247 -2.606830 -0.304117
-3.750930 -4.484147 -0.210824
-3.269504 -3.886865 -1.014991
-2.886076 -2.874611 -1.021008
-2.596250 -4.046016 -0.350705
-2.679680 -3.107887 -1.415694
-2.940169 -3.536685 -2.658795
-1.322355 -3.842886 -0.800206
-1.704580 -3.360871 -0.777253
-0.905938 -4.982207 -1.797895
-0.252140 -2.703589 -2.677930
-0.780599 -4.151526 -2.119432
-1.074584 -4.502648 -1.432139
-0.268869 -3.856042 -1.557779
0.165911 -3.209777 -0.874815
0.717812 -3.398712 -0.048809
0.193199 -2.673120 -1.106209
0.962122 -4.145270 -0.971881
-0.004004 -4.386691 -1.000981
1.273839 -4.392488 -0.902890
1.843688 -4.394330 -1.060687
1.987308 -3.748446 -1.819812
3.370498 -4.987469 -0.748548
3.317126 -2.813890 -1.209613
3.558774 -3.899713 -0.422216
2.838693 -4.888743 -2.020093
3.618981 -4.038978 -0.634325
4.591721 -3.852842 -0.548375
4.863371 -2.460167 -2.442608
4.744747 -3.662141 -0.288741
-4.192021 -3.978767 -0.634619
-4.541713 -3.356740 -0.917666
-4.160601 -2.680821 -0.760873
-4.129485 -3.446085 -0.887497
-3.421837 -3.428601 -2.142569
-2.483423 -3.381757 -2.318777
-2.601433 -4.599509 -1.197957
-2.034071 -3.574285 -2.078087
-3.012904 -3.635234 -1.739614
-2.320679 -3.690789 -2.172348
-1.351200 -3.719676 -0.389976
0.414006 -3.875420 -0.265828
-1.922278 -3.658179 -0.306974
-0.493876 -3.197142 -1.040703
-1.114952 -2.943085 -1.752894
0.346720 -2.477570 -1.138572
0.675645 -3.200510 -0.621279
-0.418595 -2.306509 -1.064133
1.364654 -2.808087 -1.246389
0.739566 -3.998687 -0.567726
0.793362 -3.864677 -1.203763
2.437592 -3.115046 -0.989734
0.368029 -3.272571 -0.814699
1.344020 -3.013701 -1.532550
2.732958 -3.542638 -0.836129
3.765390 -2.175865 -0.924205
3.686123 -4.010114 0.096157
4.720828 -3.770710 0.074293
3.376814 -3.042331 -0.797155
4.413241 -3.108957 -1.250189
4.495012 -2.757336 -0.171731
4.160392 -3.079891 0.266664
-4.439122 -3.590434 -0.240679
-4.252358 -3.885582 -0.688607
-4.514218 -3.121073 0.107540
-4.439970 -3.052450 0.269327
-4.684359 -3.250278 -0.651752
-4.233367 -3.614821 0.107433
-3.301829 -3.324018 -0.214698
-1.439686 -3.910222 -1.863981
-2.937854 -4.281499 -2.066178
-2.023504 -3.763704 0.900463
-1.455543 -2.557074 -1.018816
-2.681851 -2.836940 -0.951132
-1.090834 -1.551793 -0.355121
-1.052944 -3.901291 -1.813082
-0.946876 -3.080664 -1.324639
-1.281405 -3.012945 -2.210734
0.513088 -2.987701 -0.679271
-0.417277 -3.445117 -1.479938
1.268272 -2.973715 -1.679839
1.728752 -3.274687 -0.580041
0.674589 -4.027969 -1.458695
0.865259 -3.647606 -1.425807
1.098577 -4.279443 -1.512865
0.981000 -3.527181 -1.549351
2.857305 -4.632625 -0.760341
3.018776 -3.512313 -1.374293
3.278644 -1.973687 0.204238
4.491342 -3.280732 -0.826603
2.265862 -3.294147 -1.126988
4.329041 -2.535321 -1.784024
4.464959 -3.324090 -1.314059
4.932259 -4.553643 -1.316917
-4.838151 -2.070772 -1.820003
-4.580980 -3.141285 -0.936598
-3.807981 -2.232295 -1.330776
-4.739382 -2.787513 -0.949748
-2.719197 -3.008084 -1.038054
-3.006677 -3.401541 -1.646053
-3.410465 -4.137060 -0.906146
-2.348279 -3.434299 -0.955860
-2.799194 -3.131235 -1.156606
-2.689658 -2.483078 -1.201449
-1.155843 -3.385567 -0.596648
-2.524138 -2.923831 -1.023683
-2.582757 -3.776709 -1.357599
-0.904637 -2.887075 -0.318158
-0.963331 -3.452902 -1.489691
-1.331107 -2.555903 -0.688077
0.133006 -4.060915 -0.957707
0.233432 -3.074811 -0.398142
0.980984 -2.881369 -0.126440
-0.361331 -2.439837 -0.160863
0.578966 -3.445216 -1.859790
0.462251 -2.765416 -1.173306
2.036501 -2.973027 -0.884699
2.794400 -2.619016 0.127772
3.068099 -3.191364 -1.238058
2.147924 -2.506196 -1.199017
3.140489 -2.284405 -1.824524
3.225508 -2.421395 -0.450987
4.754971 -1.909008 -0.880035
4.306736 -2.988564 -1.241381
4.107863 -2.268164 -1.287049
4.343427 -3.156035 -0.335665
-4.571470 -2.784585 -0.346625
-4.074283 -2.407042 -1.480510
-2.960591 -3.008155 -1.540205
-3.532498 -2.782890 -0.683008
-3.644945 -2.568179 -0.745365
-3.087064 -3.367561 -2.119191
-1.238836 -3.189484 -1.689998
-1.881208 -1.851082 -0.817893
-2.161859 -2.247270 -0.759802
-1.019594 -3.001504 -0.091471
-1.528949 -2.461050 -1.918401
-1.934269 -2.924894 -1.445718
-1.018830 -4.223128 -1.144662
-1.098498 -3.307126 -0.049831
-0.344137 -2.989979 -1.938542
-0.761731 -3.170303 -0.946301
-0.076950 -2.847231 -0.733228
-0.216214 -2.683867 -1.526909
0.369179 -1.900214 -1.872348
0.703155 -2.606497 -0.181724
0.740551 -2.338119 -0.959192
1.447390 -2.572590 -0.024331
1.008931 -2.743921 -1.611308
1.854669 -2.960122 -0.999286
4.096702 -2.144544 0.138333
2.503151 -2.895417 0.935727
2.849910 -3.236117 -0.672950
3.664193 -1.956729 -1.226433
3.753742 -3.013478 -1.516614
4.060778 -2.362338 -0.839706
4.428809 -3.604272 -1.518893
4.789751 -3.244648 -1.710311
-4.648307 -2.321408 0.056546
-4.067940 -3.406770 -1.321935
-4.897236 -2.283146 -0.363749
-3.073948 -1.950347 -1.972864
-3.130260 -2.978370 -1.543789
-4.148223 -2.584222 -1.361633
-2.639602 -1.242111 -0.494235
-2.200495 -2.908053 -2.309559
-3.104518 -1.416378 -1.968591
-1.515915 -2.069679 -1.389248
-2.189716 -1.560565 -1.117512
-1.419075 -2.214691 -0.983144
0.114899 -1.709891 -1.144600
-2.172602 -3.343890 -0.105369
-1.386201 -2.456205 -0.520717
-0.177534 -1.015210 -1.842369
0.019031 -3.327225 -0.006445
-0.638757 -2.642171 0.105302
0.034882 -1.924028 -1.804834
1.326039 -3.005564 -1.124947
1.589603 -2.303380 -0.136639
1.822933 -2.070548 -1.584987
1.559374 -1.376646 -0.657610
-0.002270 -3.034846 -0.949998
2.004656 -2.670596 -0.606901
2.325789 -2.311566 0.169115
4.042984 -1.268061 -1.283786
3.944799 -2.426079 -1.224930
2.860125 -0.699329 -0.858931
4.072933 -1.974517 -0.877867
4.964785 -2.220842 -1.209180
4.036125 -1.846274 -0.567813
-4.392272 -1.470362 -1.900634
-4.926571 -0.784730 -1.610516
-4.554885 -2.423276 -1.182305
-4.016653 -3.345162 -3.163246
-2.933681 -2.158388 -0.678853
-3.493736 -2.024975 -1.123981
-3.902152 -1.554115 -1.981698
-3.175228 -2.719892 -1.459976
-1.958803 -1.765548 0.131526
-1.451926 -1.755149 -0.696006
-2.070819 -1.976656 -1.079179
-0.544390 -1.453027 -0.669591
-2.527233 -2.371798 -0.702271
-0.892105 -2.445743 -1.418077
-1.204666 -2.114131 -0.867181
0.313962 -2.346291 -1.657625
-0.170071 -1.728037 -2.575150
-0.059415 -2.990232 -0.401915
2.687174 -2.518274 -0.432821
0.945711 -0.838816 -0.668825
0.803385 -1.869390 -1.248967
2.798995 -1.873409 -0.798002
2.660031 -2.009917 -0.217917
2.053893 -1.535572 -1.412790
2.849565 -2.946812 -1.971248
3.138405 -2.195931 -0.594622
3.570717 -2.405090 0.015046
3.706766 -3.951964 -1.936524
3.960696 -2.801263 0.224500
2.933475 -2.678540 -1.241200
2.988440 -1.601983 -1.572969
3.820213 -2.154192 0.155913
-4.889904 -1.412843 -0.801932
-3.554599 -0.702153 -0.968061
-3.687281 -2.000934 -1.120422
-2.282486 -2.021009 -0.737700
-3.466011 -1.790969 -1.273300
-4.025799 -1.294262 -1.551018
-2.791541 -2.116077 -0.770762
-2.469246 -0.794344 -1.289510
-2.479492 -0.811035 -0.662739
-1.665269 -2.308764 -2.759369
-1.885896 -2.025319 -0.811971
-1.631550 -2.548266 -0.665114
-2.095848 -1.342416 -0.409607
-0.220526 -1.376519 -1.756455
-0.726509 -2.927872 -1.302840
0.071976 -1.471841 -1.754992
-0.015867 -1.305299 -0.447689
-0.240709 -0.791616 -2.026253
0.396915 -1.338977 -2.020064
1.239088 -2.148565 -0.833516
1.523446 -2.853136 -1.442856
1.321310 -1.130695 -0.513952
2.018830 -2.197399 -0.970794
2.069440 -1.345472 -1.336725
1.618424 -0.201274 -0.901238
2.789810 -1.502529 -0.668096
3.039913 -2.554910 -0.377012
2.483992 -1.661927 -0.524093
4.279984 -1.938121 -1.869601
3.183498 -1.403260 -0.251175
3.098691 -1.773359 -0.916158
4.106007 -1.414075 -1.186502
-4.541311 -1.790764 -1.192506
-4.717058 -1.607245 -1.151112
-3.146648 -2.480606 -1.491838
-4.140023 -0.701395 -1.299821
-2.917913 -2.159580 -1.872303
-3.395366 -2.211220 -1.573274
-3.885408 -1.406880 -1.075895
-3.557782 -0.849386 -0.029477
-3.355637 -1.906255 -1.023058
-1.127464 -1.520641 -1.369859
-0.731672 -0.794394 -1.252155
-2.134184 -1.283654 -0.804874
-0.962685 -1.104204 0.057370
-0.907001 -1.378654 -0.720502
-1.532337 -2.086253 -0.758022
-0.272391 -1.056265 -0.364131
0.267834 -1.182117 -1.274639
0.666465 -1.436258 0.608365
0.206901 -0.970352 -0.988011
1.109961 0.075609 -0.445245
1.414683 -0.994699 -2.104380
1.445313 -1.232168 -0.576630
1.820706 -0.850330 -2.073189
2.664985 -2.350930 -1.780190
3.215300 -2.467971 -0.797759
3.524256 -1.590613 -0.889857
2.692757 -0.608559 -0.408178
2.664237 -1.714517 -0.954485
4.237113 -1.731370 -0.638513
4.980418 -0.882046 -0.828269
4.189451 -1.479605 -0.773982
3.681338 -1.948492 -0.792970
-4.298195 -2.092026 -0.811392
-4.724249 -1.089811 -0.750076
-3.631679 -1.151697 -0.064049
-2.263997 -1.715994 -0.533303
-3.622557 -1.672571 -0.035324
-3.361516 -1.288336 -0.245146
-2.674675 -0.661798 -0.862538
-2.582235 -0.905502 -2.150258
-3.208905 -1.589690 -0.346644
-3.269721 -0.739601 -1.477700
-1.003366 -1.007790 -1.140843
-0.085393 -0.643790 -1.031131
-0.456409 -2.121062 -2.299029
-0.020890 -1.378157 -0.671683
-0.825150 -0.284781 -1.079293
-1.089497 -1.746638 -2.229544
-0.039222 -1.360744 -2.285859
-0.000482 -1.554652 -0.629858
-0.290941 -1.657191 -1.499668
1.555187 -1.116998 -0.647531
0.819738 -1.816697 -0.693808
1.596521 -0.727649 -0.742435
-0.004328 -0.995362 -0.469010
2.309830 -0.073595 -0.109537
1.563029 -0.870207 -1.034338
3.839020 -0.296647 -0.055995
3.011695 -0.789734 -0.870411
3.975495 -1.542799 -0.546440
3.788757 -1.770865 0.170148
4.004054 -1.371725 -0.157473
4.416386 -2.526626 -0.887300
4.447622 -0.324603 -1.223092
-3.788541 -0.270391 -2.085318
-4.750457 -1.287157 -1.180386
-4.553425 -1.487141 -1.267759
-3.360281 -1.149476 -1.068453
-3.824737 -1.347416 -1.208283
-3.085170 -1.113722 -1.855644
-3.633169 -1.865579 -1.954452
-2.877822 -0.509664 -0.641363
-2.350190 -0.557198 -1.947305
-2.401645 0.168183 -0.553222
-1.874296 -0.860864 -0.577134
-1.767426 0.035953 -1.143220
0.317146 0.620355 -1.589380
-0.908616 -0.458954 -1.631095
0.155611 -0.246959 -1.222628
0.066159 -1.108319 -1.438015
0.116751 -1.061135 -0.999620
0.434254 -2.006547 -0.868027
0.527754 -0.546233 -1.171166
2.435534 -1.433146 -2.009409
1.934785 -1.252729 -1.333349
3.111844 -0.383678 -0.699160
2.119986 -1.669671 -0.588088
3.195911 -0.269992 -0.696306
1.986817 -0.821828 -0.536237
2.455659 -1.491517 -1.181152
4.053965 -0.818965 -2.917362
2.484993 -1.929939 0.456232
4.263015 -1.001024 -0.915872
4.393257 -0.981125 -1.395470
4.278032 -0.912464 0.688083
4.768130 -1.084974 -1.925750
-4.942919 0.305557 -1.033924
-4.218340 0.186454 -1.051849
-2.462214 -0.952557 -1.115890
-4.724744 -0.870569 -0.911123
-3.502967 0.000217 -0.794605
-3.971634 -0.259240 -0.991023
-2.906216 -0.598050 -0.348475
-2.672333 -0.005332 -0.733365
-2.658088 -1.117795 -1.397991
-2.968769 -0.517988 -1.067677
-1.518314 -0.488628 -1.217229
-1.184415 0.227768 -0.610770
-0.911801 -1.189057 -1.058988
-1.085839 -1.035293 -1.824313
-0.418366 -0.599997 -2.089144
-0.103951 -1.410305 -2.038886
-0.480803 -0.809078 -1.584271
0.211685 -1.884180 -0.801012
-0.823995 -0.425953 -1.484283
-0.385304 0.111445 -0.951370
0.857192 -0.098947 -1.722537
2.695791 -1.515740 -0.916815
1.800809 -0.082551 -0.948686
2.834277 -1.221002 -1.778001
2.396233 -0.510090 -0.749380
2.991004 -0.517764 -1.668377
2.977192 0.381678 -0.519457
4.166225 0.153186 -0.719417
3.394170 -0.442432 -1.905234
3.840104 -0.321120 0.885480
4.933564 -0.690608 -1.756927
4.996994 -0.478429 -1.548232
-4.103312 1.526145 -0.292568
-3.141798 -0.273827 -0.843685
-3.954545 0.049516 -1.533829
-4.370643 -0.054231 -0.969049
-2.534436 0.199036 -0.689028
-3.146017 0.116314 -1.063989
-2.852060 0.189527 -1.747816
-2.978233 0.464250 -0.958900
-2.289573 0.875388 -1.044260
-2.851977 0.230143 -0.654022
-0.999253 -1.084749 -0.917368
-0.473650 -0.068308 -1.447511
-1.494432 0.813739 -0.944308
-0.722845 -0.463944 -0.672279
0.693195 0.373699 -1.123856
-0.446285 -0.259978 -1.093234
-0.630613 -0.309682 -1.193076
0.759407 -0.719488 0.148509
1.121771 -1.217922 -1.811374
1.499222 0.636876 -1.400492
0.356755 -0.390167 -0.099140
2.224072 -0.443602 -0.905239
1.535502 0.253424 -2.422841
2.957534 -0.495960 -1.149248
3.385498 0.072086 -1.120387
1.783411 0.663689 -1.113785
3.029620 -1.272916 0.126490
4.013156 -0.859641 -0.928242
3.835480 0.136575 -1.352308
3.512674 0.625827 -0.523044
3.401400 -0.015095 -0.259643
4.200529 1.397147 -1.794359
-4.316102 0.281979 -0.481562
-4.260981 1.187108 -1.338318
-4.223754 -0.363706 -1.791095
-3.704097 -0.453672 -0.825325
-3.142210 1.102102 -1.201684
-3.701500 0.316322 -0.755470
-2.516395 1.614029 -1.503768
-3.322532 -0.622342 -0.711770
-1.706282 0.071906 -1.857745
-2.416528 -0.122022 -0.918936
-1.597731 -1.287404 -0.842587
-1.420238 0.995955 -0.858764
-0.064822 0.594106 -0.645569
-1.147988 0.584559 -0.183295
-0.313491 1.307205 -1.492911
-0.094181 -0.030311 -2.113294
0.755124 -0.655789 -0.742773
0.002406 1.341864 -0.812006
0.595163 0.054982 -1.897963
0.247514 -0.597641 -0.743781
1.901378 -0.528347 -0.393689
1.378457 0.230079 -1.932276
1.893999 1.131690 0.695399
2.424859 -0.176811 -0.018247
2.499196 0.605878 -0.458958
3.370373 -0.198398 -1.019774
3.288960 -1.118881 -1.677666
3.166679 -0.089870 -2.096956
3.088275 0.506735 -0.676276
4.849417 0.990172 -0.591951
4.856606 -0.127895 -1.708496
4.557902 0.812631 0.169080
-4.958962 -0.079847 -0.866121
-4.498191 0.954164 -0.983941
-3.873273 0.995755 -1.063925
-3.629681 1.337036 -0.976129
-3.162901 0.979652 -0.559780
-3.490467 -0.792083 -0.185622
-2.884736 0.578272 -1.523652
-2.902844 -0.567888 -0.947072
-2.335632 0.584575 -1.227152
-1.520756 0.423663 -1.018179
-1.854548 -0.446535 -1.381488
-1.676754 0.832874 -1.111263
-2.375204 0.710985 -0.309587
-0.631133 0.744358 -0.738323
-0.698422 1.443722 -1.462035
0.414696 0.841883 -0.475851
0.459623 1.274976 -1.798856
0.434222 -0.508399 -0.868891
2.598572 0.052647 -0.415600
1.011026 0.335620 -1.361553
1.635142 1.283610 -0.673902
0.045399 1.410117 -1.012760
1.941443 1.327821 -1.109092
2.270161 1.196656 -1.198004
3.281663 0.215168 -1.650620
3.884409 0.736265 -0.877639
3.650131 0.991782 -2.284638
3.552727 0.056678 -1.942785
4.181298 1.437658 0.209054
4.033436 1.640697 -1.925482
4.202946 -0.496523 -1.699604
4.712707 0.820783 -1.170244
-4.739296 0.442499 -0.305083
-4.961593 2.063482 -0.019551
-4.076558 0.806047 -0.882923
-4.191971 1.114261 -1.670976
-3.300877 1.050457 -1.053426
-3.482613 1.841496 -1.791967
-2.851236 -0.379719 -1.342663
-1.929131 2.015569 -1.642967
-1.773503 2.009933 -1.966956
-2.161969 0.707294 -2.172787
-2.621722 2.010370 0.006114
-1.077360 1.506938 -0.537993
-0.953459 0.434568 -0.577511
-1.198973 -0.063176 -1.201014
-1.994083 -0.987953 -1.225211
0.607774 2.019384 -2.161075
-0.384544 0.718919 -1.217130
0.457817 0.569524 -0.981123
1.065865 1.004868 -1.898380
0.242410 0.485906 -0.653812
1.090122 0.654995 -1.138271
1.515960 0.475334 -2.309438
1.527556 0.558301 -1.711969
1.836103 0.752150 -1.216503
2.434623 2.329144 -0.800382
2.207986 1.076012 -0.574094
3.416799 0.061602 -2.316761
3.314307 0.971078 -1.274466
3.440385 0.770608 0.096279
3.873862 0.060350 -1.860087
4.625140 -0.250230 -1.388218
4.915193 1.014941 -1.745536
-4.768952 2.173092 -1.016469
-4.114987 0.013666 -1.248720
-4.190452 2.352238 -0.844483
-4.163536 0.430100 -1.393902
-3.154325 1.904222 -0.428243
-2.200527 0.742613 -1.511082
-2.071792 1.379166 -0.793773
-2.684063 2.144228 -1.669383
-1.061416 1.154140 -1.112815
-2.203048 0.035562 -1.079490
-1.722660 0.327610 -1.246894
-1.374290 0.165769 -0.709749
-1.965803 1.218412 -2.335443
-0.530551 0.891056 -0.099732
-1.513114 0.668435 -1.909486
0.192742 1.086538 -1.347589
-0.294272 0.018848 -0.643021
-0.687231 0.227576 -1.341732
0.587201 0.410676 -1.594650
0.295864 1.715383 0.067517
0.423747 1.119584 -1.398269
2.661309 0.622587 -0.324418
2.919203 0.803650 -1.009354
2.187184 0.096651 -1.016982
2.014596 1.123286 -0.622127
2.390623 1.434862 -1.752974
3.476250 1.408567 -2.334674
3.720609 1.423704 -2.323463
3.943407 1.136423 -0.860724
2.990954 0.293942 -0.194557
4.914565 1.183780 -2.363992
4.397688 1.028012 -1.414250
-4.343074 1.518952 -0.728126
-4.516924 1.369807 -0.954788
-4.295350 0.779572 -0.940742
-2.896441 0.449040 -0.002520
-3.123314 1.878861 -0.777954
-2.752577 2.283818 0.466660
-3.019223 1.534074 -1.424721
-3.603351 1.287224 0.274097
-1.990276 1.669706 -1.194262
-2.428246 2.634482 -1.305664
-1.942971 2.878318 0.231370
-2.025304 0.123290 -3.195946
-0.848459 1.977696 -1.322372
-0.603715 0.938657 -0.292269
-0.743644 0.873484 -0.876451
-0.451730 0.534974 -1.793478
-0.943832 3.068768 -0.717264
-0.138625 0.809695 -1.339574
0.426081 1.034243 -0.893618
1.766261 0.993374 -0.946926
1.078958 1.519894 -1.590838
1.004745 1.362898 -1.586600
2.303563 2.225803 -1.378275
2.988348 0.912250 -1.711888
1.469371 2.328860 -1.110451
2.580700 0.456550 -0.369947
2.137724 0.909812 -1.852102
3.956421 2.303013 -0.897433
4.053417 1.981892 -2.028086
4.630497 0.672755 -0.774796
4.850865 1.655776 0.540616
4.028895 2.163743 -1.619783
-3.508742 1.625641 -1.990209
-3.725708 1.730458 -0.610759
-3.886319 0.803626 0.083557
-4.213033 2.010950 -1.012622
-4.329909 1.752237 -0.049477
-3.318255 1.259621 -1.085883
-4.384949 2.098551 -0.534670
-2.348269 0.764886 -0.466367
-2.242141 2.650285 -2.072366
-1.139118 2.475626 -1.784407
-1.885969 1.153073 -1.882653
-0.940875 2.042889 -1.133198
-2.161018 1.611790 -1.997598
-0.739497 1.223199 -0.565698
-0.687804 0.653600 0.793471
-0.162790 2.375669 -0.607977
1.487671 1.137625 -1.960781
0.260736 1.217684 -0.659211
0.758661 2.302183 -1.318394
1.274665 0.783823 -1.287580
1.484312 1.984817 -1.144211
2.036979 1.130254 -1.237998
1.694784 1.867228 -1.507923
1.830833 1.453426 -0.299838
3.516152 0.994437 -0.209118
2.934420 2.142211 -0.861131
3.631215 2.549783 -2.261869
3.550698 1.912447 -0.924124
4.803607 2.852241 0.448562
3.505350 1.316839 -1.512700
4.230275 1.300787 -0.804807
4.243351 1.886022 0.061478
-4.575212 2.707715 -0.217355
-4.561458 2.600296 -0.772737
-4.590432 1.991285 0.399899
-4.531013 2.486678 -0.571238
-3.326332 1.656714 -0.965261
-3.145253 1.915931 -1.867163
-2.952908 2.263264 -1.136823
-2.817746 1.750689 -0.417401
-1.613797 1.739652 -2.547486
-0.843124 1.319211 -1.123676
-2.304554 1.943650 -0.619244
-1.985481 2.290917 -1.383458
-1.447833 2.482911 -0.778359
-0.603088 1.755825 -1.854252
-0.877931 2.942344 -1.337668
-1.292485 2.036988 -0.865657
-0.539704 0.970986 -1.561303
-0.292044 1.052029 -1.824403
0.786715 2.413254 -2.343811
1.118808 1.930394 -1.562840
1.776034 1.198828 -1.201226
1.529003 2.151646 -1.880111
3.643996 2.162437 -0.530888
2.517147 2.660610 -0.661961
3.146650 2.772397 -0.934543
2.679853 2.064950 -0.974179
3.945470 1.973585 -1.504348
3.845904 3.623430 -1.186891
3.656948 2.431344 -0.078696
3.572440 2.672408 -1.833986
4.745224 2.604093 -0.516177
4.607666 2.242224 -1.217094
-4.618037 0.832160 -0.407373
-4.720826 3.080036 -1.753951
-3.936548 2.312962 -1.981216
-4.116648 1.921022 -0.243143
-3.093327 2.666595 -2.047842
-3.475510 1.849575 -0.568753
-2.084494 4.320304 -1.791821
-2.119742 2.492930 -0.741191
-1.934990 2.600173 -1.465250
-1.759153 2.379701 -0.827969
-1.142562 3.600695 -0.758373
-2.039885 3.459292 -0.974052
-1.420595 2.131956 -0.798885
-1.487576 2.856318 -1.079568
0.112829 2.355679 -0.403959
0.708299 2.676707 -0.636799
-1.257052 1.690209 -2.326441
1.501231 2.127719 -0.054727
0.338670 2.588333 -1.358054
2.403475 2.739136 -1.352707
1.851364 1.894302 -0.245508
0.104585 1.740232 -2.075086
2.186080 2.041567 -0.515150
2.704053 3.156680 -1.451957
3.420952 1.214149 -1.298422
3.050905 2.390191 -1.185333
3.470267 2.382758 -1.260388
3.336193 1.959776 -0.237815
3.703895 2.275819 -1.008800
3.901188 3.414965 -0.755036
4.793833 2.732857 -0.495064
4.884966 2.795110 -0.278772
-3.644653 2.364089 -1.297788
-3.819855 2.237243 -0.682814
-4.138264 2.659430 -2.009972
-3.624708 1.199548 -1.327306
-4.100841 3.523720 -0.522137
-2.823489 3.032908 -1.597643
-1.341487 3.702938 -0.408113
-3.168335 2.830926 -1.436132
-3.563469 2.813593 -1.114613
-1.232485 2.688199 -1.733254
-1.057800 4.000509 -1.221756
-2.239257 2.456557 -1.392810
-1.353052 3.781383 -1.635868
-1.093280 3.334021 -1.377025
-0.701547 2.810394 -0.914658
0.355338 1.842393 -0.637505
-0.296245 2.984576 -0.673747
-0.249069 2.235938 -1.381552
1.353518 2.345095 -1.212560
1.907306 2.204364 -0.842381
0.849236 2.455356 -2.727396
0.261888 2.224176 -0.381550
1.650238 2.185419 -1.520098
2.201778 4.342278 0.066149
3.464691 3.367583 -1.427602
3.507991 2.978978 -1.327448
2.599937 2.449674 -1.186628
2.597086 3.122931 -2.954959
4.341614 2.373084 -1.219840
4.414193 2.540683 -0.681411
4.895743 3.305443 -0.458572
4.015059 3.020524 -1.390535
-4.614818 2.163453 -0.997396
-4.298974 3.003392 -0.815611
-3.414864 2.300620 -1.145651
-4.344995 2.653801 -1.059626
-3.450230 2.610979 0.488231
-3.700511 3.109381 -1.632997
-3.167095 3.047839 -1.456546
-2.656448 2.269641 -1.498620
-1.944618 2.778682 -1.258768
-2.723980 2.351484 -1.227662
-1.890044 4.093637 -0.802758
-1.561215 2.297527 -1.763675
-1.600370 2.644677 -1.566235
-0.625682 4.183672 -0.687505
-0.775443 2.982239 -1.133551
-0.797308 3.346728 0.190484
-0.002086 2.264066 -0.953378
-0.374902 2.744236 -0.642695
0.624784 2.471636 0.422216
0.447061 4.188144 -1.165321
1.337956 4.649636 -0.910487
1.905673 4.461863 -1.179564
2.370131 2.027017 -1.472336
2.765330 2.878283 1.015639
2.572839 2.739479 -1.925799
2.050219 4.351782 -1.217412
2.901969 2.921256 0.381283
4.976374 2.956703 -1.221177
4.148223 3.166450 0.318790
3.087698 3.815162 -1.968404
4.624024 3.892437 -0.513090
4.759001 2.235261 -0.899163
-4.041114 2.821607 -1.078557
-4.338799 3.637262 -1.706917
-4.085042 3.143601 -1.479838
-3.406193 3.652077 -0.775377
-3.655325 3.673930 -1.024233
-3.014140 4.441554 -0.624823
-2.852882 3.487176 -0.592255
-2.892250 2.983407 -0.786732
-1.994953 3.846955 -1.476518
-2.311378 2.933976 -1.946538
-2.956475 3.034056 -0.047677
-1.108089 2.859136 -1.543688
-1.881751 2.950950 -0.896853
-0.354366 3.641111 0.019767
-0.573280 3.491954 -2.209079
-0.202592 3.799458 -2.610231
0.577724 3.137629 -0.471741
1.102039 2.206651 -0.786782
0.865483 3.109735 0.841833
0.891625 3.187444 -1.056530
1.703086 4.020420 -1.161370
2.185363 3.755198 -0.364080
1.619791 2.910166 -0.784470
1.191792 4.025274 -0.725288
2.698565 2.885164 -1.787848
2.803685 3.341856 -1.498596
3.389327 3.071455 -0.981157
3.596445 3.794588 -0.545541
2.858192 3.643411 -1.067897
4.585140 4.275590 -0.865985
4.283227 2.704985 -0.870605
4.362499 3.631174 -2.968787
-4.328619 2.771985 -0.717978
-4.155099 3.199888 -1.155649
-4.247093 3.100057 -1.803378
-3.552431 3.771652 -1.131532
-4.047529 3.775046 -0.812206
-3.138413 3.199144 -1.441126
-4.107468 4.281703 -1.646846
-3.600611 3.203212 0.303645
-2.961299 3.820119 -0.778627
-2.352594 2.812019 -1.751684
-0.783989 3.896899 -1.801599
-0.765669 4.087474 -1.776071
-1.635431 2.964823 -1.527024
-1.760538 4.023375 -0.979131
0.499055 3.101536 -0.371948
0.346745 3.761159 -0.307242
1.130225 3.071331 -1.710354
0.894518 2.187632 -0.883923
0.811665 4.049340 -0.683370
0.952041 4.131254 -1.473132
2.655565 3.425251 0.557821
2.357022 3.726894 -0.808300
2.153412 2.118919 -1.042336
2.883102 3.653919 -1.774152
3.527923 4.585708 -0.592815
3.234810 4.112792 -1.457572
3.023673 3.385128 -1.502731
3.240762 3.723412 -0.919525
3.553179 3.711424 -1.150429
3.757978 2.798924 -3.030255
4.259968 3.060837 -0.204506
4.560258 3.625303 0.688860
-4.983557 3.521860 -1.283995
-4.268130 3.758277 -0.464833
-4.135670 4.297365 -1.036516
-3.654954 3.866431 -1.909750
-3.114387 3.968377 -1.088414
-3.257863 3.859963 -1.024082
-2.057527 3.428461 -1.564153
-3.005380 3.442578 -1.431776
-1.947461 2.987586 -2.635700
-1.352688 4.472327 -0.409069
-1.833505 4.331730 -1.627123
-1.848886 3.955449 -1.226193
-1.094787 2.987548 -2.406660
-0.099607 3.527868 -1.283488
-1.148490 3.147660 -0.488728
0.403790 4.985593 -1.781373
1.652380 4.851569 -0.363160
0.737011 3.769399 -1.669978
0.324349 2.842160 -1.005967
0.436851 2.797763 -0.879567
2.072684 3.846833 -1.941463
0.936229 3.713494 -1.437183
1.892588 4.113644 -0.872091
1.693649 2.799193 -0.534274
2.727496 4.938238 -0.223197
2.252983 3.369930 -1.141974
4.287656 3.326708 -1.473901
3.744658 3.338722 -1.533893
2.303754 3.157210 -1.639432
4.115102 3.095715 -0.380235
4.030956 4.744399 0.196619
3.096426 4.006000 0.080898
-4.323048 3.936769 -0.496178
-4.471617 3.659502 -1.823053
-4.714649 4.512435 -1.605300
-3.902286 4.472785 -0.488295
-3.537781 2.744697 -1.322823
-2.584391 3.639209 -0.978138
-2.965765 4.503695 -1.089614
-2.560094 4.748585 -1.053958
-2.396440 4.917931 0.130697
-2.263345 4.507056 -1.247798
-0.834283 2.778226 -0.591929
-2.067915 4.685591 -1.683990
-1.115909 3.978174 -1.861613
0.209604 3.236532 -0.993371
0.013647 4.461902 -1.795487
-0.455230 3.738162 0.279068
-0.751674 2.741986 -1.271984
0.118123 3.790520 -0.151064
1.569044 4.241706 -1.295964
1.497137 4.669437 -1.138276
2.286089 3.963145 -0.221395
2.343634 4.779755 -0.734413
2.424956 4.224568 -1.430645
2.940311 3.574990 -1.309513
3.094965 4.996052 -1.420229
4.031638 3.664943 -1.053403
3.819052 4.961432 -1.108306
4.087988 3.298517 -0.062907
2.960916 3.334363 -0.878288
4.325513 4.238462 -0.165068
4.120647 4.954918 -1.503458
3.919288 4.856135 -0.300913
-4.327022 4.435730 -0.955998
-4.617331 2.875491 -0.646761
-3.708895 4.439118 -1.515312
-4.664823 3.829702 -3.031030
-3.552340 4.430637 -0.892879
-2.472108 3.915096 -1.173463
-3.062053 4.993379 -1.040718
-2.795634 4.755991 -0.942698
-2.679262 4.750844 0.467929
-2.870210 4.116711 -0.828965
-1.523373 4.292156 -0.381808
-1.175597 4.209746 -1.716636
-1.310418 4.600308 -0.915245
-0.427292 4.155680 -1.363748
0.360941 4.753205 -1.195632
0.029071 4.130485 -2.032892
-0.237262 4.607160 -1.736960
0.189525 3.962837 -1.040761
2.417103 3.775768 -1.385675
0.903670 4.663826 -1.134118
2.136264 3.108829 -1.651235
1.274813 4.900647 -1.706218
2.377179 4.124347 -2.444312
2.828858 4.084509 -2.034544
3.405267 4.394390 -0.138621
2.386670 4.892737 -1.650767
3.167017 4.295974 -1.497771
2.319158 4.301301 -1.032202
3.435059 3.675096 0.279363
4.478329 4.161812 -0.576912
3.348271 4.239275 -0.886225
4.171782 3.428653 -1.383009
-4.152664 4.916520 -0.638836
-3.551483 3.950652 -1.035470
-4.595994 4.989279 -2.018982
-4.456067 4.784584 -1.389847
-4.439584 4.873657 -1.009705
-3.413669 4.310103 -0.942399
-3.221563 4.315240 -0.796451
-3.541066 4.880500 -0.368903
-2.346244 4.905328 -1.015158
-2.556570 4.464189 -0.193582
-0.810905 4.763270 -1.932996
-1.418351 4.506123 -0.577979
-0.426861 3.922355 -0.765743
-0.217888 3.586186 0.688875
-0.681575 4.927208 -3.235509
0.252641 3.947404 -1.667894
0.638271 4.111789 -1.565508
0.489743 4.397080 -1.204836
1.736361 4.643873 -0.829287
1.787276 4.757822 -1.666039
1.275750 3.458993 -1.519807
0.740711 4.901285 -0.520705
1.536418 4.774506 -2.032014
2.430796 4.492666 -1.334052
3.144270 4.847811 -1.498506
2.125134 4.514977 -0.909319
3.763321 4.084688 -1.355340
3.702595 4.835881 -0.458170
4.408846 4.799303 -0.633503
4.857099 4.971779 -1.878054
4.755810 4.438739 -0.973902
4.663822 3.518584 -0.816945
-3.951129 -4.737761 -0.047993
-3.274922 -4.783853 -0.638193
-4.528099 -4.572179 -0.719867
-3.568835 -4.292366 -0.713469
-3.941952 -4.666765 -1.286797
-3.328700 -4.810076 0.120076
-3.595172 -4.086713 -0.951941
-3.499885 -4.965694 -1.475194
-2.045614 -4.944006 -0.776311
-2.086339 -4.625326 -1.362198
-1.913817 -4.348815 -0.571465
-1.261721 -4.025558 -0.217975
-0.733082 -4.315962 -0.858803
-1.471886 -4.421077 -0.598767
-0.974085 -4.712645 0.054074
0.297850 -3.664518 -1.204430
0.790418 -4.795909 -0.460059
-0.147598 -4.060885 -1.030475
2.386364 -4.273667 -1.174631
0.080325 -4.842887 -0.924096
1.959520 -4.428206 -0.802160
1.602220 -4.884885 -0.023102
3.108481 -4.890144 0.030855
3.365612 -4.657518 -1.056642
3.241668 -4.634139 -0.747945
3.224330 -4.207861 -0.049306
2.714966 -4.038833 -0.257827
3.660457 -4.807983 -0.098784
4.570721 -4.982643 0.623715
4.342066 -4.960283 0.035966
3.466670 -4.779299 -1.918086
4.997338 -4.772198 -1.207910
-4.785966 -4.705027 -1.295776
-4.568365 -3.759750 -0.222381
-3.858456 -4.815079 -0.650242
-2.961809 -4.266036 -0.865827
-3.698530 -4.644875 -0.682039
-3.694941 -3.862115 0.120957
-2.971661 -3.515215 -0.739909
-2.795103 -4.226885 -0.827462
-2.393117 -3.863938 -1.533639
-1.406166 -4.677731 -1.162096
-2.948767 -4.391847 1.013801
-1.079117 -4.137030 -0.998123
-0.821085 -4.937730 -1.919503
-1.946194 -4.696931 -1.063933
0.201454 -3.968328 -1.599768
-0.433086 -3.447726 -1.197919
0.877821 -4.617795 -0.205184
-0.791104 -4.236912 -1.166357
1.017001 -4.262500 -1.168734
1.169169 -4.780411 0.474372
2.145764 -4.071493 -0.992215
1.352057 -4.277635 -1.072017
1.965353 -4.848334 -1.353366
1.903282 -4.942900 0.282414
2.164098 -4.719276 -0.067995
2.889834 -3.700886 -1.073943
3.583808 -4.530971 -0.804449
4.427841 -4.601404 -0.807329
3.735740 -4.629190 -0.891791
4.088688 -4.400628 0.091255
4.849628 -4.771537 -0.364465
4.522883 -3.366239 -0.610905
-4.959777 -3.596379 -0.418330
-4.994582 -4.251205 -0.240218
-4.062479 -3.193299 -0.299320
-3.041031 -3.176264 -1.386537
-2.968954 -4.068303 -0.783513
-2.826671 -3.184115 -0.784075
-2.298264 -4.437623 -0.977605
-2.053699 -3.632654 -0.900270
-2.784587 -2.594513 -1.793220
-2.226631 -4.929764 -1.222878
-1.353154 -3.459577 -0.229742
-1.483367 -4.246833 0.699240
-0.698610 -4.963288 -1.594327
-1.917595 -4.689880 -0.138061
-0.242097 -4.048382 -1.703115
0.661444 -4.697449 0.224326
0.265697 -4.791028 -0.211108
-0.208354 -4.875595 0.622640
0.805612 -4.131518 -0.585340
0.807294 -3.408101 -1.352257
0.852104 -3.631027 -2.116608
1.032369 -4.072791 0.018019
0.205643 -3.831223 -0.443975
1.413466 -3.659027 -0.106964
3.028611 -3.368425 -1.191022
2.304310 -4.163012 -1.112314
2.979205 -4.545220 -2.583829
3.318177 -4.931901 -0.204574
4.526126 -2.926977 -0.446767
4.415666 -3.716682 0.329819
4.825690 -4.573639 -0.118226
4.854389 -3.873480 -0.700353
-4.610979 -4.703629 -0.314248
-4.946541 -3.142156 -0.893169
-4.950025 -3.171576 0.844816
-3.972636 -4.045045 -0.348946
-3.768579 -3.960564 0.240448
-3.963088 -2.347401 -0.112577
-2.803943 -4.576079 -0.185795
-3.330835 -3.299542 -1.019307
-3.114672 -3.421876 -1.518525
-1.651120 -4.087564 -2.050817
-1.999511 -2.687396 -0.193770
-0.689873 -4.692123 -1.384589
-0.587767 -3.954742 -2.088413
-0.774281 -4.140468 -1.301951
-0.911176 -4.191773 -1.269631
-0.058388 -4.888304 -0.813881
-0.802703 -2.894878 -1.438842
0.858533 -3.566213 -0.198483
-0.256515 -2.441685 -0.660919
0.621497 -3.925507 -0.374797
0.382721 -4.579329 -0.892275
1.200270 -4.193615 -0.751742
2.343221 -4.245939 -0.909341
2.051773 -3.720264 -1.423211
3.804338 -4.587857 -0.500353
3.110067 -2.807064 -0.822351
3.608614 -4.358483 -0.479147
3.242678 -4.965373 -1.828718
3.210390 -3.711187 0.054111
4.929532 -3.365549 -0.645015
4.373228 -3.050697 -1.675964
4.682378 -3.714045 0.482560
-4.471479 -4.419256 -0.688953
-4.673109 -3.303803 -0.801882
-4.200178 -2.874554 -1.071915
-3.379575 -3.703217 -0.534661
-3.730612 -3.860757 -1.890698
-2.116931 -3.158487 -1.350356
-2.839888 -4.193377 -1.540473
-1.651765 -3.792886 -1.796614
-2.852873 -4.617589 -1.527621
-1.567621 -4.421716 -1.185594
-2.467727 -4.122138 0.177231
-0.041831 -3.769408 -0.476673
-2.014872 -2.670110 -0.549453
-1.203326 -2.964614 0.136294
-1.073828 -3.511495 -0.898883
0.747761 -2.564008 -0.502809
0.569436 -3.215510 0.423388
-0.410022 -2.740194 -0.803452
1.170242 -3.139056 -1.263258
1.542912 -3.983348 0.408812
0.472063 -3.975065 -0.162950
2.707814 -2.895866 -0.855587
1.713908 -3.600858 0.218872
1.447122 -3.488586 -1.770689
2.027543 -3.137972 -0.953086
4.817912 -2.519123 0.093802
3.573097 -4.123877 0.290525
4.384913 -2.726915 -0.562621
3.573554 -3.232866 -1.357704
4.571390 -3.814964 -1.273588
4.493258 -2.738679 -0.789338
4.982996 -3.055423 0.602782
-4.525533 -2.846757 0.837169
-4.473088 -3.920247 -0.352489
-4.595623 -2.994812 0.467242
-4.599125 -2.985343 0.236065
-3.984126 -3.520155 0.102952
-3.501545 -3.605216 0.389989
-2.323299 -3.725409 0.212864
-1.545555 -3.542450 -1.270495
-3.381701 -3.080848 -1.030137
-2.355850 -3.214712 -0.013958
-1.443856 -3.172980 -0.837965
-2.556668 -3.748055 -1.123731
-0.766883 -2.059946 -0.460455
-0.415315 -4.246523 -1.358972
-1.007468 -2.372658 -0.327271
-0.875529 -3.255988 -1.305141
-0.270935 -3.261466 -0.674186
-0.500388 -4.154004 -1.213830
0.892117 -2.557120 -1.953358
1.997884 -3.770302 -0.496184
0.969463 -4.582490 -0.836404
0.651398 -3.554498 -1.031345
1.130632 -3.551180 -0.991634
1.412220 -3.314606 -1.242687
2.561444 -4.772725 -0.428877
3.165078 -4.242250 -1.028560
2.839174 -2.249846 -0.690972
3.603968 -3.702134 -1.026266
2.481027 -2.860807 -0.774870
3.797608 -2.824790 -1.768710
4.746188 -4.133055 -0.509584
4.954601 -3.922862 -0.873889
-4.628945 -1.921903 -1.417847
-4.786878 -2.659662 -1.350347
-4.338823 -2.165765 -0.939973
-4.130311 -2.866430 0.082053
-3.006150 -2.880326 -0.396527
-2.369918 -2.641137 -0.785813
-3.434281 -2.637671 -0.070796
-2.552252 -3.343908 -1.069765
-2.697450 -2.604943 -0.504103
-1.905432 -2.627678 -0.941895
-2.107232 -2.966432 -0.444717
-1.812005 -3.078568 -0.279280
-2.252908 -3.529954 -0.753165
-0.738670 -2.457066 0.280537
-0.839740 -3.062118 -1.023480
-1.018092 -2.679186 -0.632106
-0.054308 -3.488259 -0.602669
-0.114512 -3.096177 -0.746876
1.344872 -2.581874 0.854210
0.522352 -2.378503 -0.179807
0.920415 -3.188259 -1.248444
0.861551 -3.174671 -0.595407
1.925118 -3.361973 -0.524767
2.770118 -2.582862 0.555093
2.412868 -3.513437 -0.623189
2.564870 -3.007075 -0.599304
3.647389 -3.044792 -1.127347
2.891659 -1.906533 0.182545
4.238486 -2.408356 -0.069191
3.885358 -3.474533 -1.299657
4.753648 -2.198323 -0.129436
4.384511 -2.394401 -0.019700
-4.014458 -2.734052 -0.272687
-4.020776 -2.972477 -0.763119
-3.143612 -3.349995 -1.176064
-4.061514 -2.931739 -0.994312
-3.024274 -2.475513 -0.840942
-3.465189 -2.313231 -1.603236
-1.825237 -3.029649 -1.048132
-1.402642 -2.071093 -0.866754
-2.127556 -2.614462 -0.726506
-1.146765 -2.906242 -0.011198
-1.653890 -1.903071 -1.024833
-1.801073 -2.776869 -0.518093
-0.579034 -3.585862 -0.290120
-1.111630 -2.359857 -0.147145
0.100078 -2.718182 -1.449583
-0.476708 -3.053451 -0.239747
-0.283563 -2.732093 -0.675736
-0.061311 -2.660320 -1.507600
0.526858 -2.471587 -1.845825
1.063123 -2.622684 -0.147926
1.293658 -2.322017 -0.573835
1.837106 -1.566366 -0.415690
1.493526 -2.917506 -1.331455
2.454941 -3.023860 -0.735487
3.145907 -2.592896 -0.459935
2.749404 -3.001700 0.252178
3.143344 -3.713427 0.241318
3.514022 -1.849859 -1.270866
4.421168 -2.485774 -1.161227
3.483014 -1.884833 -0.158883
4.755011 -3.566968 -1.170375
4.871932 -2.062293 -1.178252
-4.558109 -2.807124 0.063313
-4.508965 -3.172190 -0.829673
-4.780663 -1.773207 -0.840334
-3.660271 -2.878195 -2.371986
-3.301901 -2.709374 -0.639403
-3.412009 -1.528335 -1.352038
-2.891436 -2.116432 0.353710
-2.710970 -2.654062 -0.803780
-2.728831 -1.251362 -2.263502
-1.959341 -2.338549 -1.457026
-1.665351 -2.094005 -1.048460
-2.038071 -1.215593 -0.402229
-0.608330 -2.549522 -1.739462
-1.499636 -3.304819 -0.096420
-1.948422 -1.977232 -0.332797
-0.375084 -1.215301 -0.964473
0.362115 -2.918489 0.380434
0.757012 -1.647751 0.140256
0.191785 -1.742155 -1.801435
1.029906 -2.124928 -0.742121
0.819372 -2.109558 0.266039
1.961548 -2.841356 -2.232852
2.021092 -1.740608 -0.390929
0.525316 -3.204139 -0.211785
2.362633 -2.382664 -0.610920
3.346817 -2.297121 0.172166
3.651017 -2.115226 -0.775250
4.177014 -3.653541 -0.327548
2.517771 -0.289794 -0.899310
4.396490 -1.816701 -0.712341
4.940119 -1.740528 -0.797294
4.408269 -2.069995 -0.447421
-4.493892 -0.805949 -0.212173
-4.901363 -0.788109 -1.313005
-4.936730 -2.621914 -0.882041
-4.144485 -2.592469 -1.767373
-2.893833 -2.900023 0.359255
-3.689299 -2.003092 -0.801741
-3.187832 -2.101689 -1.774602
-2.792227 -1.386861 -0.914109
-2.140491 -1.766061 -0.373944
-1.737256 -1.894751 -0.425099
-2.282324 -1.810279 -0.727087
-1.134291 -1.924529 -0.464962
-1.907986 -2.450449 -0.241820
-0.517881 -2.937940 -0.551617
-0.632195 -1.624207 0.141496
-0.035768 -2.622173 -2.197442
0.476177 -2.359427 -1.569329
-0.527091 -2.731106 -0.406650
3.147609 -2.643643 -0.913185
0.940199 -1.286317 -0.811274
1.007281 -1.573663 -1.003779
2.458429 -2.348354 0.296790
2.591481 -2.185233 0.148029
1.640648 -1.501377 -0.441523
2.805742 -2.441486 -1.188212
2.806119 -1.740265 -0.582802
2.610515 -1.825107 0.088514
3.685363 -3.742933 -1.319193
4.392483 -3.053841 -0.491669
3.450790 -2.785038 -1.224468
3.303229 -2.517450 -1.193577
3.971787 -2.144371 0.062701
-4.915764 -0.746695 -0.553759
-3.961307 -1.289634 -0.557272
-3.620517 -2.400985 -0.522512
-2.227203 -2.044739 -1.333109
-2.928279 -2.141052 -0.965423
-4.343958 -1.112912 -0.717358
-2.463384 -2.294341 0.706740
-2.190498 -1.522031 -0.476110
-2.445362 -1.530859 -0.164304
-1.810177 -2.076502 -0.932818
-0.969293 -2.874999 -1.311075
-1.711462 -1.793121 -0.216751
-2.430058 -1.652092 -0.827874
-0.376896 -2.259863 -0.572031
-0.258244 -2.631118 -0.879625
0.275638 -1.573572 -1.743397
0.463317 -1.436446 -0.423513
-0.369431 -1.321197 -1.658914
1.861442 -0.925618 -1.465165
1.106129 -2.070140 0.185073
2.006804 -2.564550 -0.381067
0.516245 -1.835292 -0.440668
2.010958 -2.207644 -0.130829
2.374476 -1.790245 -0.774248
2.053601 -0.977968 -0.759277
2.723450 -0.513909 0.748908
2.784540 -2.998878 0.018934
2.663721 -1.484909 -0.044635
4.583519 -1.297864 -0.479162
3.809604 -0.769839 -0.729036
3.574961 -2.283394 -0.982007
4.361403 -1.381832 -0.548380
-4.826369 -1.994795 -0.666786
-4.990343 -1.672760 -0.547079
-3.400505 -1.613121 -0.478775
-3.964803 -1.057308 -1.451379
-3.312000 -1.463602 -1.428836
-2.546913 -1.954528 -1.966682
-3.799278 -1.596794 -0.802082
-3.742302 -1.576448 -0.511639
-2.668878 -1.228915 -1.469772
-1.691821 -1.050094 -1.009835
-0.470177 -1.440291 -1.115591
-1.995398 -1.795457 -1.130128
-1.675815 -2.383127 -0.081029
-1.090347 -1.771201 -0.957422
-1.047659 -1.607396 -0.744934
-0.368394 -1.140691 -0.105257
0.018902 -1.884600 -1.466735
0.881154 -1.446670 0.611092
-1.126290 -0.638621 -1.327761
0.820704 -1.220631 -0.576909
1.192148 -0.633507 -0.727270
1.519452 -1.337793 -1.035966
2.139987 -0.668408 -1.343923
2.863878 -2.271528 -1.743580
3.055345 -1.841307 -0.611323
3.369142 -1.244374 -0.894482
3.168542 -1.017970 0.815784
3.317645 -1.593008 -0.239424
4.886388 -0.986933 -0.601663
4.962519 -1.409703 -0.825553
4.840405 -1.872802 -1.007589
4.140651 -1.394264 -0.033804
-4.495836 -1.331542 -2.060845
-4.809254 -1.512463 -0.045153
-3.928937 -2.131364 0.229875
-2.848850 -0.862815 -0.072702
-3.736589 -1.397742 0.381209
-3.518084 -0.689725 0.081983
-2.745549 -0.992887 -0.314841
-2.377752 -1.622832 -1.836315
-3.472665 -1.334886 0.259829
-2.831637 -0.245599 -1.524114
-2.225190 -1.359537 -0.392396
-0.605989 -1.084275 -0.621569
-0.832740 -2.014200 -2.663023
-0.511068 -1.266470 -0.284415
-0.938724 -0.509983 -0.805785
-0.204294 -2.121556 -0.953138
-0.423317 -1.559530 -1.368424
0.537929 -0.428384 -0.806068
0.233433 -0.795335 -0.777203
2.062985 -2.064285 -0.795797
2.261066 -2.500340 -0.179934
1.687365 -1.234282 -0.696949
0.810163 -0.570340 0.508340
2.382366 -0.105995 -0.258328
1.358680 -1.255933 -0.901704
2.992104 -0.310768 0.595307
2.518057 -0.223721 -0.505109
4.019817 -0.753200 -0.239678
3.282765 -2.099021 0.670747
3.837595 -2.079423 -0.027607
4.575529 -1.869045 -0.179039
4.762501 -0.391204 -1.924739
-4.424659 0.152371 -1.639527
-4.426571 -1.484602 -0.972646
-4.983259 -0.734215 -0.973950
-2.955251 -0.601468 -1.404433
-4.016037 -1.390679 -0.421569
-2.236567 -1.174109 -1.006086
-3.247095 -1.585849 -1.555431
-3.378605 -0.077642 -0.602966
-1.922559 0.119677 -1.358561
-2.808450 -0.600266 -1.367026
-1.645574 -0.808952 -1.079535
-1.603799 0.286219 -0.773630
0.386822 0.914663 -0.666386
-1.227616 -0.983790 -1.547448
-0.411525 -0.681946 -0.415626
0.333610 -1.324990 -1.006113
1.000562 -0.687400 -1.443345
-0.096271 -1.540114 -0.398383
0.865714 -0.822196 -1.200886
1.961718 -1.893352 -1.171846
1.631415 -0.822799 -0.589265
2.978981 -0.772748 -0.507786
1.985259 -1.958605 -0.817302
2.581432 -1.286518 -0.775568
1.944776 -1.652442 0.758741
3.120788 -0.634174 -0.978164
4.156385 -0.603629 -2.694022
4.544156 -1.299251 0.184234
4.294696 -0.639255 -0.438076
4.888610 -0.651479 -0.542159
4.141911 -1.050270 0.252859
4.432094 -1.352859 -1.774958
-4.907558 0.016270 -0.093512
-4.452821 -0.090106 -1.303766
-2.557904 -1.323058 -1.549410
-4.571788 -1.160215 -1.113874
-3.935963 -1.033341 -1.103887
-3.612578 -0.517072 0.183561
-2.640874 -0.502545 0.111062
-1.392193 0.029377 -0.154252
-2.946431 -1.200920 -1.503530
-2.950371 -0.942303 -0.626495
-1.276036 -0.786378 -1.185163
-1.762037 -0.375860 -0.683527
-2.465943 -1.486897 -0.552609
-0.505784 -1.277233 -0.943416
-0.289549 -0.966600 -1.192531
0.582021 -1.615576 -0.775232
-0.615785 -0.457724 -1.353034
-0.129507 -1.796880 -0.928208
-0.774602 0.077406 -0.444445
0.035565 0.783323 -0.243105
0.716802 -0.117118 -1.579654
1.849259 -0.590779 -0.554332
1.616599 -0.466550 -0.613023
3.702543 -0.903127 -1.286421
3.233680 0.240108 -0.235441
3.197070 0.192054 -1.264556
3.657364 0.535442 -0.644233
3.990156 -0.118699 -0.984943
3.252045 -0.392150 -2.639285
3.808381 -0.525612 0.672221
4.866849 -0.528646 -1.494410
4.899411 -1.240776 -1.272991
-4.304764 1.287629 -0.686409
-3.563306 -0.102096 -0.049139
-3.981705 -0.608239 -1.205906
-4.451994 -0.222530 -0.634176
-2.847346 0.320705 -0.930213
-3.261561 0.010045 -0.946616
-3.198375 0.477236 -0.408398
-3.513074 0.134691 -1.158111
-2.152589 0.126146 -1.420094
-2.648609 -0.293000 -0.747452
-1.118277 -0.023357 -0.891765
-0.583412 -0.270235 -1.742563
-1.553121 0.726867 -0.446579
-0.413834 -0.084757 -0.573418
0.339725 0.305329 -1.702178
-0.064097 -0.752448 -0.618360
-0.687835 -0.656792 -0.568259
0.685812 -1.043751 0.269128
2.203772 -0.927181 -1.365997
1.275000 -0.412297 -0.677593
0.897979 -0.021533 -0.233600
2.213377 -0.086738 -0.210765
1.300415 -0.142726 -1.543393
3.171304 -0.013034 -0.930947
3.278254 -0.110523 -0.547944
1.795840 0.236788 -1.360071
2.557616 -0.964443 0.158141
4.832621 -0.381244 -1.120431
3.758003 -0.274538 -0.331448
3.880771 0.666139 -0.013294
3.184555 -0.489210 -0.393081
4.350288 1.493770 -1.390536
-4.848956 -0.603038 -0.334327
-4.371356 2.141024 -2.050180
-3.766998 -0.209200 -1.956248
-4.280915 0.065485 -0.696331
-2.987916 1.104147 -1.383492
-3.426483 0.159672 0.005549
-2.689146 1.775799 -1.688050
-2.818517 0.016489 -1.524464
-1.840579 -0.483346 -1.778193
-1.904981 -0.646003 -0.328588
-1.079681 -1.309045 -0.242288
-0.133053 1.331835 -0.729214
-0.183980 1.351041 -0.899278
-0.615349 0.809141 -0.602040
-0.169221 0.669997 -1.677840
0.796479 0.473814 -1.816843
0.574937 -1.087367 -1.429971
-0.936315 0.196757 -0.393337
0.233160 0.048410 -2.001906
0.375440 -0.518320 -0.550399
1.652550 -0.082969 0.026526
2.053552 -0.503322 -1.657891
1.591196 1.376245 0.469367
2.189013 -0.094736 0.773301
2.087907 0.263897 0.755812
3.073252 -0.922902 -0.707619
2.964735 -1.202900 -1.905838
2.662462 -0.181016 -1.836849
3.266064 1.313081 -0.753321
4.498987 1.028173 -0.351851
4.312559 0.259506 -0.618131
4.723139 0.807746 -0.697169
-4.812886 -0.400975 -0.306045
-3.798252 1.072876 -0.284865
-3.788098 0.387247 -1.251827
-4.469790 1.036693 -0.791208
-3.271630 0.884592 -1.062606
-4.190702 0.003229 -1.071797
-3.112637 0.106458 -1.240932
-2.920357 -0.994334 -1.113771
-2.324565 1.216613 -1.325220
-1.483975 0.527411 -0.912592
-0.699323 -0.332508 -0.545187
-1.736922 1.054183 -0.567940
-1.436179 0.632897 0.298025
-0.721087 -0.004469 -1.053116
-0.255677 1.923781 -0.271616
-0.156258 0.958114 -0.352857
0.510287 1.268810 -1.561380
0.748039 -0.920122 -1.262135
1.997852 0.437668 -1.316941
1.668198 -0.075127 -1.281282
2.018198 0.701609 -1.030262
-0.004446 1.288852 -0.279771
1.855865 1.113355 -0.538427
2.660030 0.932233 -0.579689
3.736566 0.468875 -1.394368
3.471663 1.468940 -0.541140
4.279389 1.245892 -2.225323
3.934372 0.973558 -1.183544
4.783634 0.868896 -0.376222
4.512311 2.566507 -1.588459
3.902697 0.067567 -0.625934
4.357925 0.795127 -0.462276
-4.833411 0.381051 -0.607474
-4.897542 2.562733 0.470862
-3.565701 0.905901 -1.798045
-3.699670 1.730676 -1.853156
-3.533326 0.864877 -1.211360
-2.956768 1.000441 -1.898247
-2.995920 -1.255625 -0.864375
-2.492487 1.736196 -1.264576
-2.161339 1.995647 -1.670729
-2.215511 0.514422 -2.315155
-2.482049 1.184219 0.134348
-1.334650 1.352279 -0.499133
-1.334761 0.336547 -0.085093
-0.983413 0.754419 -0.993283
-2.332155 -0.774972 -0.001271
0.453025 1.492155 -0.812568
0.032994 0.162332 -0.017314
0.403595 1.098113 -0.324566
0.485331 1.067032 -2.076357
0.486869 0.440699 0.002366
1.068600 1.068428 -0.860876
2.471525 1.189743 -2.904090
1.660933 -0.155082 -1.421471
2.310375 0.892298 -1.093841
2.659911 1.781433 -0.715075
2.827547 0.766063 -0.183627
3.202320 -0.006232 -1.583150
2.503755 0.518162 -1.111919
2.860299 1.374718 -0.279765
2.956637 0.574719 -1.481131
4.657988 -0.215707 -0.647698
4.872849 1.350088 -0.209188
-4.788278 2.073182 -0.832467
-4.847287 0.658446 -0.172141
-4.510694 1.599205 -1.937323
-4.196954 1.340016 -0.879025
-3.420705 1.606720 -1.265839
-2.555301 1.893248 -1.601823
-2.153274 0.764277 -1.212184
-2.320745 1.772063 -0.495669
-1.267985 0.753828 -1.403632
-2.286117 0.348621 -0.626770
-1.946291 -0.473127 -0.955500
-1.729072 0.759487 -0.797156
-1.322589 1.735055 -0.426351
-0.983339 1.776869 -0.550706
-0.842948 0.589505 -1.729995
0.833369 1.037759 -0.473831
-0.292240 0.403767 -0.359318
-0.903428 0.764164 -1.837689
0.145963 -0.143550 -0.145766
0.307161 1.333152 0.956363
1.041931 1.021848 -0.537208
2.826134 0.854122 -0.468850
2.359825 0.472860 -0.946020
1.886110 0.162176 -1.421292
1.315450 1.921950 -0.443426
2.304217 1.453785 -1.523012
3.865201 1.264815 -1.748003
3.658300 1.417985 -1.442418
4.366554 0.767787 -0.616746
3.660972 0.346200 -0.538961
4.779606 1.356486 -1.649628
4.425540 0.891522 -1.272313
-4.309914 1.017748 -0.969967
-4.648281 1.659969 -0.184718
-4.372379 1.453164 -0.975011
-3.500349 1.198453 0.455620
-3.160928 2.023455 -0.517493
-3.416206 2.596841 0.840262
-3.730108 1.510548 -1.008234
-3.420998 1.097918 0.231142
-2.407462 1.918890 -0.816062
-2.301539 1.513244 -1.105593
-1.688445 1.785832 0.593303
-1.222970 0.510852 -1.984291
-0.350995 1.564605 -1.564453
-1.071845 1.743761 -0.170694
-0.740365 0.353346 -0.249732
-0.591116 0.539622 -0.324282
-0.277638 2.283887 0.217554
-0.602340 1.020023 -0.711542
-0.053166 1.475953 -0.593384
2.016426 1.185728 0.282545
2.255383 1.843047 -1.809897
1.228924 1.132513 -1.065558
1.852632 0.835988 -0.061505
2.449479 1.375635 -1.637738
1.670880 1.936161 -1.711233
1.874370 1.556585 0.207285
2.303961 1.398436 -1.347058
4.475640 2.195557 -0.916504
3.652842 2.049073 -1.711333
4.129144 0.568781 -0.179793
4.740382 1.076349 0.345932
4.082527 1.345080 -1.402597
-4.057817 1.394000 -2.147375
-3.585428 2.196194 -0.891009
-4.063979 0.632293 -0.415878
-4.326628 2.553457 -1.232548
-4.319305 1.424928 -0.323164
-4.059751 1.301364 -0.896939
-4.839821 2.321264 -0.337604
-2.879089 2.229849 -0.005630
-1.937680 2.259279 -1.070879
-1.666311 2.257772 -0.920158
-2.037514 1.309980 -1.611402
-1.772156 2.118326 0.351864
-1.491331 0.599179 -1.253755
-1.122908 1.162972 0.097976
-0.789070 1.442678 0.769928
-0.515308 1.856951 -0.897606
0.929089 1.583779 -1.492605
1.423290 0.652283 -0.641921
1.198564 2.725624 -0.817291
1.518639 0.852747 -0.332063
1.002259 2.233227 -1.224451
1.368059 1.365958 0.299744
1.801456 1.431203 -1.299785
1.616452 1.519369 -0.043029
3.758789 0.954995 0.007059
2.793591 1.878305 -0.398190
4.125027 2.532687 -3.018113
3.377203 1.457657 -0.890244
4.889822 2.559755 0.687089
3.196837 2.040763 -1.295898
4.024398 1.188908 -0.006266
4.628726 1.537273 0.003278
-4.733588 2.186428 -0.416997
-4.910431 2.507585 -0.235624
-4.421023 2.422579 0.822643
-4.318083 2.286132 -0.469436
-3.241651 1.695731 -1.282875
-2.972494 2.554218 -1.584410
-2.791851 2.161758 -0.589001
-3.005570 2.606625 -0.122304
-1.574063 2.139702 -1.586994
-1.808786 1.249785 -0.932491
-2.277079 1.761998 -0.753891
-1.582088 2.096111 -0.764321
-1.416033 2.239483 0.426702
-0.811822 2.014596 -2.043031
-1.059480 3.863277 -1.464729
-0.912538 2.397474 -0.618738
-0.085667 0.902867 0.124515
-0.324127 0.945820 -1.500322
0.322938 2.907042 -0.537058
0.776321 1.840687 -0.990295
1.777791 1.826761 -0.444852
1.570274 2.576919 -1.578087
3.125053 1.523109 0.453702
2.595976 2.693486 -0.956648
3.993079 2.344668 -1.358472
3.578491 2.627573 -0.760579
3.613877 1.359095 -0.853285
3.377568 3.564565 -1.392032
3.734244 2.441225 -0.433801
3.382532 2.824528 -1.819112
4.074858 2.257223 -0.475592
4.631372 1.481271 -0.439125
-3.805073 1.655721 -0.492456
-4.933056 2.084408 -1.599880
-4.248965 2.399413 -2.491635
-3.101410 2.906826 -0.561500
-2.970649 3.049891 -1.360654
-1.984552 2.468106 -0.607194
-2.641885 3.059786 -1.365887
-2.033239 1.958781 -0.289411
-2.473877 2.178030 -0.843937
-2.300437 2.865604 -0.513227
-1.636698 3.161499 -0.814815
-1.105722 3.284652 -1.140808
-1.189729 2.436070 -0.554528
-1.445870 3.057691 -0.567035
-0.767241 2.986688 0.112706
-0.508477 3.382582 -0.527636
-1.079885 1.572810 -1.575125
1.210824 2.124514 0.190392
0.445084 2.273328 -0.348231
2.310811 2.622533 -0.947147
1.343957 1.782409 -0.328651
0.446911 1.215817 -1.003934
1.876094 1.360385 -0.078844
2.521782 2.645339 -0.416703
2.664562 1.915826 -0.771311
3.224803 2.145942 -0.447819
2.825390 3.476380 -0.083269
3.479055 2.048114 0.299982
3.468645 2.722430 -0.541642
3.912955 3.084696 0.143966
4.374730 2.366980 0.639755
4.971043 2.442934 0.292664
-4.516741 2.292414 -0.789996
-4.439184 2.494329 -0.761144
-3.367091 2.782301 -1.621507
-3.228752 1.087684 -0.352124
-4.121099 3.594250 -0.176727
-2.887136 3.327199 -1.391487
-2.330223 3.841990 -0.423210
-2.124901 3.081012 -1.768269
-2.838902 3.320082 -2.055539
-1.633565 2.946781 -0.566316
-1.222657 4.295140 -1.279888
-2.073473 1.939889 -1.396639
-2.116416 4.618138 -0.786439
-1.734096 3.254240 -1.140920
-0.815564 2.936038 -0.617907
0.428414 2.560824 -1.177244
-0.641878 3.035013 -0.339371
0.134864 1.479753 -1.447100
0.913408 2.086733 -0.581715
1.124982 2.332837 -0.700202
1.590763 2.731462 -1.733802
0.698378 2.398909 -0.036587
1.912992 1.715707 -1.503600
2.106121 4.055407 0.594316
4.329463 3.999226 -0.249971
3.160632 3.825710 -1.340947
3.287191 2.815031 0.327959
3.192491 2.939964 -2.137969
4.422485 2.510055 -1.818928
4.644897 2.653346 -0.788884
4.955849 3.815651 -0.888380
4.347489 3.432757 -1.741860
-4.627136 2.052583 -0.563145
-3.408653 2.301136 -0.409285
-3.363333 2.554005 -0.645081
-4.336578 2.977525 -0.608232
-3.331393 2.828170 1.010325
-3.148225 3.073488 -0.892350
-2.489089 3.487485 -0.894621
-2.514535 2.080515 -0.198664
-1.756307 3.068600 -0.220864
-2.129516 4.519420 -1.682192
-1.680079 4.828275 -0.585420
-1.886688 2.611272 -0.968655
-1.925785 2.875128 -1.427011
-0.224283 3.378888 -0.767158
-0.799652 2.437359 -1.235191
-0.153348 2.988410 0.015940
0.232037 2.526723 -1.115147
-0.279770 2.084318 -0.415832
0.225356 2.574067 -0.130833
0.710676 3.921967 -0.730900
1.220424 4.018692 0.295542
1.325629 4.279514 -0.610434
3.097156 1.854690 -0.372748
2.050571 3.254695 0.481867
2.526730 2.030634 -1.533587
2.734261 3.804654 -1.231935
3.027275 3.539304 0.285781
4.974282 2.740102 -0.825791
3.913442 2.925372 0.546687
3.471353 3.879394 -1.008615
4.359848 4.626948 -0.243080
4.550568 2.792673 -1.494428
-3.901292 2.905420 -1.517564
-4.790642 3.765846 -1.245734
-4.749885 2.433881 -1.514547
-3.649894 3.668071 -0.583876
-4.093576 3.438438 -0.089949
-3.103580 4.778975 -1.246963
-2.750312 3.689658 -0.382797
-2.502857 3.756817 -1.356677
-1.514203 4.343699 -1.034818
-2.213848 3.817376 -1.010566
-1.679878 2.367008 0.595546
-1.420343 2.377048 -1.268357
-1.713144 2.142213 -1.309650
-0.322234 3.387596 0.236667
-0.905967 2.978339 -1.693880
0.521633 3.402467 -1.756992
0.566310 2.852109 -0.140485
0.722584 2.092523 -0.755770
0.596496 3.425380 0.361261
0.460270 3.133830 -0.580788
1.440888 3.845011 -0.317622
2.586323 3.210037 -0.710124
1.466038 2.934376 -0.619461
1.282109 4.091864 -0.943771
3.568533 3.985149 -1.355828
3.958459 3.304315 -0.122446
2.815075 3.749159 -0.293191
3.591533 2.729657 -0.878183
3.187294 3.335908 -0.482469
4.041162 4.144218 -1.467643
3.880075 2.635144 -0.530854
4.473995 3.200858 -2.378051
-4.632352 2.357806 -0.057199
-4.590922 3.039096 -1.070792
-4.876343 2.837376 -1.162797
-3.279767 3.706409 -0.872791
-3.703001 4.608127 -0.895618
-2.644699 2.805140 -1.318987
-3.818419 4.233621 -0.653421
-3.260146 3.150453 0.899993
-2.673610 4.320071 -1.021423
-2.436076 2.920728 -1.878245
-1.691312 3.621362 -1.127631
-1.174834 3.443713 -0.826746
-2.281354 3.040445 -1.052069
-2.180919 4.000106 -0.628902
0.360311 3.282880 -0.272862
0.614409 4.056361 -0.085564
0.278140 3.079309 -0.851087
0.935839 2.550991 -2.112987
1.066317 3.840573 -0.498555
2.009836 3.891402 -1.664997
2.482843 3.448963 0.508631
2.486239 4.535129 -0.062857
2.100377 2.586772 -1.590807
2.099855 4.365848 -1.081621
3.442664 3.324062 -0.798656
3.334240 4.058587 0.248900
3.202352 3.244102 -1.195221
3.113317 3.074183 -0.444111
3.291130 4.029114 -0.828583
3.588780 2.143633 -1.861105
4.607862 3.629768 -0.493144
4.757643 3.364738 0.287401
-4.999637 3.124746 -0.238910
-4.427578 3.723732 -0.898384
-4.003869 4.128343 -1.141632
-4.056367 4.486253 -1.923436
-2.647442 4.025356 -0.704167
-3.685567 4.234783 -1.219947
-2.368523 3.623232 -1.620744
-3.037949 3.547809 -1.159057
-2.465495 4.330145 -1.913878
-0.553881 4.688960 -0.285769
-2.228758 4.283834 -1.955441
-1.457119 3.907294 -0.794481
-1.159543 3.038321 -1.621430
-0.098134 3.205003 -0.958358
-0.230850 4.216287 0.211561
-0.060837 4.550533 -1.389427
1.163344 4.707893 -0.259171
-0.544922 3.430697 -0.986041
0.369703 2.765574 -0.482754
0.112698 2.948467 -0.255122
2.687138 4.194221 -0.860192
1.736026 3.241023 -1.247507
2.129447 4.873722 -1.232914
2.492072 2.868524 -0.396230
2.103514 4.852479 -0.184428
2.103248 2.838041 -0.082086
3.381042 2.408484 -0.922218
3.335052 3.714343 -1.444224
2.975329 4.156743 -0.406601
3.719341 3.780124 0.087118
4.585644 4.865137 0.168810
3.872247 4.605108 0.556335
-4.396600 4.198840 -0.641333
-4.860938 3.128844 -1.136914
-4.253922 4.456316 -1.735729
-3.650104 4.590163 -1.278764
-3.369991 3.055770 -1.316600
-3.526454 3.505497 -0.661062
-3.739177 4.525698 -0.713920
-2.740287 4.807963 -0.725982
-2.285836 4.900113 0.806248
-2.329075 3.125636 -0.860152
-1.431258 3.435347 -0.687654
-1.811235 4.586846 -1.244717
-1.410736 4.032937 -0.915633
0.210993 3.619210 -0.855806
-0.789866 3.829600 -0.129214
-0.455381 4.407022 0.808737
-0.259055 2.833451 -0.639720
-0.028325 3.733868 0.067043
1.506351 4.910525 -1.454436
2.004480 4.928179 -0.578607
1.382264 4.109981 -0.198203
2.997464 4.830715 -0.872274
2.583426 4.559118 -1.786891
3.534430 3.194311 -1.340159
3.287426 4.721646 -0.706271
3.252059 4.364824 -0.524777
3.630228 4.890534 -0.950475
3.881311 2.726940 -0.789934
2.698519 3.986543 0.385724
3.905854 4.022732 0.824174
4.613103 4.329291 -1.113290
4.377790 4.231355 -0.341432
-4.362194 4.239675 -0.324676
-4.913693 3.850566 -0.624684
-4.008316 4.498895 -1.351729
-4.761355 3.710104 -3.070927
-3.263607 4.602923 -0.105551
-2.712274 4.147002 -1.500789
-3.237882 4.761508 -0.744264
-3.233884 4.836508 0.177931
-2.147158 4.717653 -0.192704
-1.809063 4.288916 -0.953467
-1.950883 4.340740 0.206222
-0.826051 4.610965 -1.264302
-1.255812 4.044419 -0.794367
-0.333334 4.190302 -1.070276
0.654139 4.781374 -0.757420
0.996497 4.881409 -1.429284
-0.087698 4.720413 -1.526115
-0.163885 4.772717 0.292838
1.895461 3.873385 -1.176030
1.721585 4.767852 -0.237990
2.130747 3.514683 -1.700984
1.384480 4.630900 -1.654441
2.337258 4.653055 -1.670297
2.733625 4.796657 -0.827602
2.411983 4.226892 0.216383
2.022445 4.986521 -1.440148
3.115809 4.081799 -1.165472
2.032442 3.960503 -0.958686
3.647051 3.949849 -0.072018
4.521171 4.282937 1.058600
3.974444 4.342893 -0.748317
4.483979 3.454172 -0.828165
-4.550334 4.989805 -1.425134
-4.357242 3.652770 -0.775326
-4.568822 4.999180 -1.125559
-2.863178 4.563991 -1.015308
-4.704494 4.880198 -0.271929
-2.874456 3.953382 -1.392266
-3.586970 3.937153 0.228066
-2.806556 4.515975 -0.238601
-2.582814 4.789319 -0.252181
-1.837365 4.202393 -0.010979
-0.909299 4.401787 -1.394394
-1.066679 4.807403 -0.310123
-1.826505 4.492208 0.100092
-0.151533 4.183912 0.792561
-1.164808 4.973825 -1.836161
-0.586517 4.404107 -2.292911
0.232290 3.730792 -0.536166
0.617322 4.886393 -1.198617
1.183422 4.984913 -0.545820
1.807825 4.934922 -1.699113
1.181150 3.959846 -0.459843
0.598801 4.079196 -0.546267
0.832116 4.152333 -0.962401
2.321056 4.937822 -1.398021
3.079452 4.622448 -0.869615
2.691417 4.074621 -1.742950
4.147419 3.805443 -1.174398
3.785936 4.425586 0.363052
4.806907 4.849656 0.408590
4.373979 4.902567 -1.682227
4.465886 4.641796 -0.444022
4.332043 3.733675 0.025349
-4.262572 -4.487360 0.036379
-4.146177 -4.619953 -0.938966
-4.465603 -4.031260 -0.646865
-3.875902 -4.606845 0.485022
-4.287239 -4.549228 -1.011554
-3.102528 -4.955275 -0.055519
-3.207197 -4.187534 0.167643
-2.525466 -4.968754 -1.322277
-2.867029 -4.708325 0.167556
-2.632359 -4.713615 -0.771852
-1.469883 -4.091365 -0.463790
-1.396251 -3.844114 -0.124334
-0.494816 -4.641981 -0.630672
-2.013395 -4.673767 0.261513
-1.432395 -4.837878 0.610694
-0.260061 -3.251702 -1.327791
0.355948 -4.821573 0.210458
0.186128 -3.803986 -1.067368
1.787871 -4.293782 -1.313127
-0.707472 -4.450160 -1.457188
1.903229 -4.840580 -0.830441
1.387422 -4.620340 0.494977
2.783195 -4.861975 0.600953
2.880656 -4.026193 -1.318678
3.332328 -4.404094 -0.559805
3.398322 -3.755774 0.144709
2.644667 -4.627509 -0.413446
4.282394 -4.543754 0.431505
4.079395 -4.895968 0.521395
3.614321 -4.955372 -0.505570
3.723131 -4.159945 -0.608073
4.989207 -4.907873 -1.114598
-4.435341 -4.509127 -1.364342
-4.759462 -4.236845 -0.019928
-4.252220 -4.550706 -0.762081
-3.052400 -4.622318 -0.757455
-3.672477 -4.487847 -0.611082
-3.770472 -3.695483 0.399772
-3.421962 -3.356594 -0.250917
-3.153328 -4.549976 -0.634029
-2.370605 -4.108901 -0.997419
-2.016981 -4.342502 -1.426782
-2.446609 -4.720257 1.148787
-1.116045 -4.665337 -0.520925
-0.163651 -4.725913 -1.397155
-1.795383 -4.497374 -0.632587
-0.298246 -3.403053 -0.365165
-0.682539 -3.769238 -0.356464
0.971560 -4.495921 -0.368746
-0.417628 -3.761094 -0.650314
0.369676 -4.766805 -0.320199
0.810030 -4.753490 0.292167
2.159913 -4.733154 -0.446261
1.023961 -4.561024 -1.149113
2.162536 -4.875405 -1.091654
1.963292 -4.965880 0.576592
2.624601 -3.920879 -0.190387
2.588145 -3.947519 -0.473605
3.838817 -4.226216 -0.975620
3.640224 -3.749482 -0.426452
3.181025 -4.564935 -0.533562
3.366837 -4.570732 -0.855041
4.895521 -4.885012 0.491289
4.866301 -3.758252 0.139666
-4.983223 -3.270783 -0.093351
-4.974440 -4.304905 0.152310
-4.263037 -3.045857 0.430849
-4.025050 -3.847113 -1.410022
-3.335812 -3.813557 -0.201939
-4.112389 -4.240201 0.146419
-2.787761 -4.003704 -1.187318
-2.150123 -4.351610 -0.897355
-2.720355 -2.900534 -1.450226
-2.773513 -4.898915 -1.388826
-1.391705 -3.283682 0.718429
-2.030658 -4.181800 0.053588
-1.075660 -4.645204 -0.183861
-0.097906 -4.397099 0.856293
-0.165838 -4.640483 -1.003386
0.711266 -4.519077 0.187515
0.467383 -4.523884 0.726664
0.250547 -4.500231 0.440885
0.966790 -4.240670 -0.530568
1.370305 -4.006345 -1.493930
1.566155 -3.409281 -0.759194
0.632051 -4.207158 -0.503278
1.050059 -3.824583 0.829491
0.988511 -4.044374 -0.171327
3.214436 -3.339702 -0.977011
2.427758 -4.031954 -0.693310
3.777151 -4.386662 -1.554993
3.007212 -4.905431 0.444947
4.458979 -3.110667 -0.382232
3.974163 -3.880242 1.491493
4.800800 -4.687027 0.517020
4.330595 -3.157504 -0.101408
-4.812244 -4.527227 0.100322
-4.338194 -3.633008 0.650724
-4.875410 -3.602347 1.114722
-4.711716 -4.224299 0.352637
-3.546207 -3.677904 0.722982
-3.666658 -2.889538 0.214490
-2.710952 -4.395929 -0.363786
-2.740483 -2.853518 -0.425355
-2.299069 -3.187887 -1.783690
-1.852542 -3.518121 -0.701543
-2.240593 -3.708850 -0.361344
-0.997962 -4.697878 -0.761612
-0.847806 -3.920069 -2.615148
-0.983001 -4.336955 -1.423643
-0.854625 -4.265612 -0.535306
-0.015942 -4.016066 -1.684039
0.206175 -3.291694 -0.485753
0.252601 -3.802774 0.187034
-0.294288 -3.144857 0.036570
0.643066 -4.111197 0.210206
0.351648 -4.428088 -0.940535
1.247872 -4.453314 0.477598
2.395550 -4.316100 -1.497567
1.570004 -3.544015 -0.967779
2.769322 -4.082029 -0.124647
3.560925 -2.790202 -0.997894
2.649811 -3.623911 -0.313745
2.738596 -4.920300 -1.517680
4.028325 -4.424317 0.223137
4.348411 -3.922285 0.119230
4.947357 -3.295517 -1.346805
4.193142 -4.166957 0.466971
-4.568718 -3.928346 0.030623
-4.393823 -4.032370 0.123347
-4.107937 -2.380967 -0.693699
-3.531525 -3.390148 0.036215
-3.540317 -2.582254 -1.187179
-3.680138 -2.705415 -1.509824
-2.247682 -4.697433 -0.199259
-0.933092 -4.288809 -2.008441
-2.764807 -3.333912 -1.054936
-1.705143 -3.259494 -1.545720
-1.869627 -3.775212 0.180895
-0.449492 -3.376400 -0.158782
-2.625239 -2.562505 0.541028
-0.748021 -4.106192 0.421146
-0.865326 -3.074912 -0.303158
0.567662 -1.943074 -0.281265
1.052529 -3.644506 -0.027386
-0.340895 -2.550049 -0.339538
1.503416 -2.797232 -0.516279
0.241649 -3.612519 0.070576
1.786430 -3.496794 -1.128511
2.568039 -2.738513 -0.081830
0.845117 -3.858155 -0.304066
1.375554 -4.197235 -1.484015
2.399074 -3.205436 -0.649521
3.793549 -1.476669 0.937178
3.815493 -3.992674 0.483532
4.523179 -3.500159 0.266744
3.588574 -3.267446 -1.089708
4.600423 -2.790270 -1.044238
4.579334 -3.770402 0.249880
4.527629 -3.713728 0.873064
-4.693919 -2.901611 0.744914
-3.529454 -4.083565 -0.301896
-4.550901 -3.038513 0.628190
-3.810790 -2.464024 0.845030
-4.784788 -3.378107 0.179259
-4.160784 -3.593387 -0.017849
-3.308702 -4.032395 0.509363
-2.294681 -3.246961 -1.218154
-3.204428 -3.478250 -1.151318
-2.509627 -2.423050 1.943272
-1.575441 -3.018315 -0.801720
-2.917562 -3.040421 -0.076752
-1.253733 -2.056705 0.012351
-0.845940 -3.892559 -0.325307
-1.137897 -3.058196 0.297935
-0.312065 -3.068698 -1.202363
-0.176869 -2.927988 -0.269896
-0.445676 -4.306320 -1.580473
0.743518 -2.751024 -1.342312
1.703559 -3.143983 0.802445
0.895842 -4.245442 -0.679588
1.130229 -3.242512 -0.719894
0.971059 -3.612259 -0.623250
1.489308 -3.958761 -0.848235
3.204732 -3.869067 -0.344118
3.273237 -3.302189 -1.219429
3.203572 -2.528628 -0.191804
4.100955 -2.094052 -0.160628
2.067181 -3.115273 -0.677998
3.399052 -3.434326 -0.791336
4.665672 -3.156385 -0.006765
4.655966 -4.291090 -0.385137
-4.869995 -2.790295 -0.200932
-4.623032 -3.415689 -0.045169
-4.248272 -3.218783 -0.199055
-4.211828 -3.064480 0.252324
-2.366099 -2.596229 0.063549
-3.032080 -3.397751 -0.623125
-3.579344 -3.670767 -0.063356
-2.803160 -3.781591 -0.624560
-1.442917 -2.912074 -0.521658
-1.854212 -2.802940 -0.367840
-2.299785 -2.967946 0.122420
-1.937500 -2.939284 -0.672861
-1.490663 -4.215246 -1.397114
-0.774821 -2.917312 0.133990
-0.653301 -3.204529 -0.473945
-1.715487 -2.902847 -0.443323
-0.333861 -4.244081 -0.281641
0.158514 -2.961175 -0.329815
0.123670 -2.880575 0.223101
0.000368 -2.277850 0.347654
1.214177 -3.253135 -0.905167
1.435428 -2.378236 -0.452229
2.526658 -2.968601 -0.853744
3.072515 -3.120620 0.413638
2.953141 -3.333992 -1.032918
1.529357 -2.756686 -0.949301
3.322545 -2.225490 -1.195680
2.538801 -2.144351 0.370233
4.548386 -2.484987 0.698251
4.731759 -3.333341 -0.562353
4.207064 -2.301296 0.279139
3.828515 -2.968750 0.320238
-4.247170 -3.348713 0.237570
-3.488844 -2.396191 -0.917942
-3.224475 -2.752003 -1.243535
-4.201715 -2.539396 0.043932
-2.569622 -1.971998 -0.106346
-2.896381 -2.859589 -1.428347
-1.927786 -3.309997 -0.558101
-2.589971 -1.859211 0.079991
-2.612359 -2.841835 0.271164
-1.069499 -2.844754 -0.518035
-1.664773 -2.761758 -0.641584
-1.884389 -3.416577 -0.150544
-1.140768 -3.489375 -0.330958
-1.155977 -2.130274 -0.490397
0.113037 -3.563339 -1.431762
-0.427279 -3.188801 -0.189218
0.080281 -2.901982 0.021561
0.285943 -2.451480 -0.627330
0.421652 -1.325974 -1.657407
0.242448 -2.626765 0.478566
1.168026 -1.781474 -0.702608
1.116966 -1.682087 -0.139167
1.546964 -2.086813 -0.533668
1.881574 -2.888889 -0.851363
4.272872 -2.157539 -0.006478
2.957952 -2.023576 1.212601
3.209043 -3.084081 -0.042756
3.001243 -1.145382 -0.490840
3.847083 -3.191140 -0.652094
3.793892 -2.275326 0.269975
4.057129 -2.872387 -1.266425
4.853980 -2.460487 -1.391871
-4.715197 -2.555962 0.397444
-4.178553 -3.831502 0.634517
-4.647000 -1.504599 -0.215120
-2.881791 -1.606881 -1.480805
-3.571482 -2.821195 -1.630552
-3.171833 -1.761396 -0.781390
-3.575107 -1.568915 0.130813
-1.893707 -2.217336 -1.302242
-3.104946 -1.091197 -1.635286
-1.398400 -1.536707 -1.295454
-1.954289 -2.182565 -1.038371
-1.669217 -1.634762 0.014706
-0.491142 -2.545595 -0.744434
-2.168648 -3.064316 -0.015149
-0.756300 -2.323627 0.222551
0.386320 -0.874735 -1.343902
0.413918 -3.153385 0.391283
0.258883 -2.690946 0.798812
0.296062 -2.015252 -0.719413
1.070617 -2.151305 -0.507461
1.050622 -2.259818 0.552660
2.065760 -1.643009 -1.249094
2.483546 -1.464547 -0.543154
0.581518 -2.470375 0.809436
2.179174 -3.260938 -0.145885
3.561953 -2.122884 -0.007130
4.077275 -1.417445 -0.399514
3.139714 -3.254723 0.067851
2.429137 -0.037303 0.132582
4.334323 -1.659202 0.406353
4.905331 -2.835544 -0.189559
3.802783 -1.645208 -0.558301
-4.570395 -1.232761 -0.816114
-4.764578 -0.934308 -1.260537
-4.927754 -2.687662 0.070918
-4.016763 -2.101030 -1.313093
-3.567039 -1.853779 0.292539
-3.394164 -1.799444 -0.303045
-3.432626 -2.660531 -1.119947
-2.847828 -2.365607 -0.188620
-2.033939 -1.598642 -0.112169
-2.635818 -2.132450 -0.532094
-2.006458 -1.431659 -0.607419
-0.900588 -2.264441 -0.592240
-1.411909 -2.343140 0.518725
-1.267987 -2.057912 -0.605214
-0.719971 -1.679082 0.036670
-0.446246 -1.768777 -2.010787
-0.354241 -2.478013 -0.887448
-0.505623 -2.510462 0.533432
2.227942 -2.198492 -0.770527
0.832114 -1.308257 0.319666
1.240744 -2.035119 -0.130778
2.772161 -2.131235 0.309240
2.616285 -1.671131 -0.019995
1.684265 -1.054831 -0.819210
3.168283 -2.099657 -0.828629
2.121872 -1.796909 -0.622872
2.874576 -2.521686 0.383360
3.136784 -3.827941 -1.123733
4.212211 -2.492827 0.485797
2.924343 -3.153652 -0.068320
3.662579 -2.267143 0.004413
4.853935 -1.646097 0.358810
-4.713325 -0.491370 -0.645459
-3.476141 -0.883421 -0.854157
-4.644682 -1.789024 -0.180698
-3.412361 -2.829144 0.111695
-4.177498 -1.639677 -1.305459
-4.432774 -0.224794 -0.838202
-3.852338 -2.544950 -0.257338
-3.490563 -1.701644 0.538076
-2.264764 -1.158465 -0.484834
-1.936282 -1.332954 -1.645745
-1.820020 -2.044011 -0.677079
-2.107353 -1.416700 -0.146235
-2.186996 -1.431650 0.302199
-0.455805 -2.145695 -1.188032
-0.543772 -2.422860 -0.981945
-0.167458 -1.255282 -0.976336
0.278082 -0.944593 0.449673
-0.215542 -1.665256 -0.808234
0.847037 0.187928 -0.378198
1.416271 -2.449129 0.455595
2.168010 -2.134015 -0.966492
0.576883 -1.407730 0.207124
2.015489 -2.204646 -0.490616
2.076166 -1.912580 -0.997805
2.090688 -0.451213 -0.949766
2.739634 -0.722072 0.560362
2.338834 -2.863164 0.556191
2.720503 -1.385443 -0.304692
4.810983 -2.061981 -0.869389
4.136408 -1.720498 -0.295725
3.967330 -2.665604 -1.040082
4.351608 -1.804298 -0.444362
-4.684371 -2.133134 -1.177423
-4.745515 -1.279879 -0.039457
-3.351072 -1.356478 -0.510726
-4.043688 -1.091918 -0.561570
-2.915230 -1.771061 -1.604253
-3.528164 -1.886021 -1.049024
-4.634422 -1.952099 -0.807719
-3.956653 -1.044222 0.528874
-3.319793 -0.599645 -1.046394
-1.802393 -1.025799 -0.753668
-0.568370 -1.457800 -0.248693
-2.167214 -1.994559 -0.467155
-1.823191 -1.919958 0.621002
-0.987963 -1.021538 -0.645110
-0.984052 -2.652264 -0.989332
-1.096438 -1.130141 0.578539
-0.271991 -1.294492 -1.321379
0.532148 -1.960851 1.988677
-0.728290 -0.417008 -1.080887
1.221139 -1.242564 0.151394
1.203070 -0.386834 -1.394260
1.746520 -0.937263 -0.691318
2.132484 -0.697051 -2.044072
2.687719 -2.909054 -1.211516
2.764170 -1.182878 -0.316928
3.905228 -2.052022 -0.886898
2.817206 -0.792220 -0.320837
2.871794 -1.384754 -0.142069
4.777968 -1.317802 -0.391903
4.960349 -1.303127 -0.543750
4.744395 -1.270062 -1.079843
3.753330 -1.778906 0.741033
-4.666686 -1.109986 -0.276496
-4.729264 -0.910954 0.218497
-3.405809 -1.161623 0.156908
-3.122885 -0.788369 -0.010555
-3.442154 -1.734152 0.290243
-4.376403 -1.103726 0.166505
-2.774131 -1.165844 -0.638086
-3.119269 -1.382622 -1.273892
-2.863508 -1.167143 0.797019
-2.519293 -0.254555 -1.293432
-2.308040 -1.061359 -0.179907
-0.708450 -0.852715 -1.059132
-0.878216 -2.119068 -2.439686
-0.146470 -2.169157 -0.095184
-1.714678 -0.381887 -0.939782
-0.206126 -2.912270 -0.575133
-0.879523 -1.358068 -0.933806
-0.038878 -1.070477 0.420453
-0.665335 -0.706865 -0.737976
1.678060 -1.405542 0.414560
1.719410 -2.287570 -0.202424
2.189970 -0.908958 0.388479
0.578498 -0.816579 1.054801
2.748007 0.413820 0.839957
2.706275 -1.247508 -0.069637
3.234497 -0.780281 0.494192
2.596326 0.161117 -0.673095
3.697586 -0.452045 -0.247241
2.983431 -2.397144 0.288374
4.962845 -1.861116 0.100064
4.055685 -1.786173 1.100643
4.720475 -0.227010 -0.806151
-3.960626 -0.530726 -0.521823
-4.186285 -1.251374 -0.256913
-4.919004 -0.415835 -0.154385
-2.787535 -0.121093 -0.569740
-4.133960 -1.571843 0.033550
-2.518350 -0.790524 -0.322113
-3.659414 -1.533630 -0.928317
-1.408561 0.259822 -0.382369
-2.685948 -0.980267 -1.377244
-2.097879 -0.549212 0.019700
-1.639835 -0.473123 -0.045061
-1.667737 0.014371 0.017002
0.061467 1.150120 -1.015115
-0.663891 -1.242824 -1.212833
-0.207970 -0.774830 -0.644242
0.914866 -0.009892 -0.720894
0.028858 -1.186574 -0.940796
0.538840 -2.096570 -0.610735
0.461650 -1.367821 -0.294294
1.992494 -2.164120 -1.231494
1.748951 -1.025077 0.061160
3.059996 -0.972632 -0.504738
1.727988 -2.168852 0.069576
2.780716 -1.031228 -0.340497
1.921225 -1.084763 0.017290
2.525529 -0.597852 -0.971192
3.657174 -0.397049 -1.350087
3.452350 -1.736608 1.103858
4.516360 -1.150495 -0.195946
4.686968 -0.812173 -0.834158
4.304369 -0.312426 1.135502
4.603763 -1.281155 -1.325292
-4.881937 0.629876 0.100274
-4.613501 -0.574032 -0.737491
-3.040583 -1.023664 0.103759
-4.608667 -0.964688 -0.354248
-3.405276 0.560583 -0.334441
-3.100961 -0.050520 0.123042
-2.340350 -0.719651 -0.663757
-1.701388 0.701051 -0.183233
-2.844245 -1.545713 -1.623359
-3.257239 -1.199974 -0.659297
-1.385567 -0.257296 -1.132417
-1.322251 0.538609 -0.298141
-1.376899 -0.446615 -0.009021
-0.384913 -1.072011 -1.435912
-0.187359 -0.946945 -0.183946
-0.076524 -1.228016 -1.188047
-0.523745 -0.725869 -0.792019
0.248840 -2.250954 -0.558670
-0.607155 0.143755 -0.999614
0.486079 0.320667 -0.294902
0.475619 -0.839749 -0.884111
1.990367 -0.496629 -1.306742
1.495960 -0.875890 -0.309897
3.678761 -1.041248 -0.564473
3.270168 -0.063954 -0.082822
2.790335 -0.409141 -0.515835
2.869776 0.146898 -0.068856
4.175107 0.235984 -0.513619
3.373366 -0.627221 -1.384598
3.861206 0.008726 0.919370
4.977233 -0.909517 -1.108388
4.952834 -1.512935 -1.017099
-3.643152 1.086397 0.861275
-2.792358 -0.297481 -0.264503
-4.080306 -0.215598 -1.185000
-4.277412 -0.498302 0.122225
-2.749896 -0.260544 -0.472521
-3.749767 0.460885 -0.675596
-2.826934 -0.339816 -0.593928
-3.011959 0.405215 -0.674647
-1.848220 1.464237 -1.802055
-2.325277 -1.450162 -0.032481
-1.005175 -0.390538 -0.142387
-0.592921 -0.674125 -0.304076
-1.460952 0.434404 0.383129
-0.896783 -0.485188 -0.305326
0.159535 0.422466 -0.447366
0.206350 -0.376079 -0.132629
-0.698919 -0.270372 -0.287426
0.072406 -1.189699 0.233553
1.040688 -1.228060 -1.258795
1.133509 -0.197300 -0.019076
0.729103 -1.336121 1.207142
2.017191 -0.717616 0.397807
2.012635 0.051662 -0.795850
2.592920 0.057789 -1.352771
3.321613 0.344794 -0.203442
2.343856 -0.207090 -0.496261
2.452888 -1.027457 0.495513
4.316818 0.136320 -0.798393
3.946143 -0.777505 -0.684213
3.762022 0.532851 -0.114192
3.794871 0.377291 -0.447478
4.246015 1.574336 -1.045783
-4.666396 -0.565594 0.140014
-4.324130 1.518713 -1.155752
-3.710407 0.219368 -1.048927
-4.105729 -0.683511 -0.460783
-2.947803 0.821194 -0.331943
-3.518129 0.576263 0.049916
-2.747727 1.884299 -1.596367
-2.843575 0.048164 -0.901857
-1.592506 0.092410 -1.146182
-1.394650 -0.608317 -0.383219
-1.324369 -0.761048 -0.300737
-0.828583 0.764827 -0.104251
0.167530 1.588996 -0.187260
-1.259149 1.324092 -0.397859
-0.794192 1.087291 -1.274167
-0.218971 -0.144301 -1.553813
0.461949 -1.232913 -1.082582
-0.243007 0.402278 -1.123633
1.135137 -0.073895 -1.082803
0.717749 -0.719038 -1.425634
1.668003 0.100575 -0.019444
1.385109 0.140904 -1.728138
1.796968 1.627795 0.892544
1.551092 0.486160 1.030939
2.681551 0.694005 1.020189
2.968455 -0.502609 -0.887603
2.946985 -1.566320 -1.317175
3.250646 0.091686 -2.168663
3.024166 0.691880 -0.072909
4.540566 0.707381 -0.156273
4.113939 0.000952 -0.650784
4.798941 0.448277 1.085527
-4.988225 -0.329399 -0.813902
-4.551095 1.168332 -0.255490
-3.498974 0.557287 -1.349337
-4.363363 0.929626 -0.472109
-2.814261 0.704140 -0.497273
-4.294751 -0.773079 -0.488129
-3.105623 -0.302649 -1.377707
-2.594315 -1.158813 -0.341676
-2.956707 1.420090 -1.109109
-1.602405 0.132940 -0.636549
-1.685315 0.352935 0.202252
-1.609581 0.421092 -0.200630
-2.165545 0.755261 0.046886
-0.650248 0.876804 -0.152275
-0.597168 1.348960 -1.104479
0.609680 0.611851 -0.664760
0.023946 1.915628 -0.613931
0.523679 -0.363601 -0.532784
1.971849 -0.332941 -0.130499
0.961936 0.017673 -1.538556
2.305608 0.400399 0.210090
0.379662 0.387487 -0.665628
1.301464 1.480344 -0.442801
1.951230 1.141623 -0.111299
4.140558 -0.127354 -1.157874
3.404783 1.012558 -0.407246
4.182162 1.019542 -1.305127
4.154806 0.455568 -1.054579
4.369799 1.031551 -0.130984
3.569322 1.053439 -0.596225
3.530781 -0.470736 -0.646154
4.371145 0.355990 -0.466002
-4.921242 -0.034372 0.633925
-4.508202 1.475967 0.484766
-3.775951 1.074134 -0.613037
-3.742245 1.482519 -1.198022
-3.861796 0.936721 -0.672595
-2.978169 1.427453 -1.495152
-2.305511 -0.471451 -0.923614
-2.451478 1.384191 -0.002625
-2.397702 1.118727 -1.900850
-2.208042 1.405625 -1.826268
-1.943511 1.699749 -0.269863
-1.674997 1.349774 0.173417
-1.095187 0.218905 -0.036227
-0.796012 -0.074811 -0.322049
-1.383718 -0.808474 -0.700703
0.366664 2.031370 -0.333962
0.494864 1.007281 -0.191981
0.121329 0.075027 0.218904
1.133673 0.591999 -1.017398
1.029790 0.134771 0.200368
1.087689 1.119957 -0.359080
1.652485 1.041519 -2.748021
1.110355 0.459305 -0.497066
2.269855 0.568123 -0.230332
2.832480 1.662589 -0.627240
3.253543 1.552858 -0.501723
2.229378 0.663471 -0.782013
2.895253 1.608619 -0.383974
3.621611 0.259811 0.284885
4.140688 0.444922 -1.247946
4.959250 0.380879 0.056123
4.745823 1.398669 -0.300959
-4.954085 1.411370 -0.935956
-4.460499 0.370470 0.168172
-4.408644 2.310475 -1.103915
-4.123099 1.059940 -1.017139
-3.565571 1.933868 0.125685
-2.521412 1.735039 -1.435145
-2.489681 0.900875 -0.254122
-2.552844 1.691348 -0.447722
-0.640881 1.237526 -0.769781
-2.310613 0.312711 -0.240524
-1.547015 0.052021 -0.966508
-2.169077 0.545407 0.304548
-1.832310 0.844775 0.096470
-0.752436 1.040255 0.499379
-1.017556 0.538849 -1.157179
0.862352 0.928839 -0.246479
0.356305 0.359272 -0.486462
-0.571405 -0.019080 -1.107278
-0.040235 0.566255 -0.171759
0.536446 1.543565 0.645744
0.950857 1.245000 -0.357594
2.593992 0.782648 0.235529
3.095842 0.527183 -1.095937
2.368247 0.185109 -1.172577
1.781760 1.144837 -0.294521
2.211317 1.293242 -1.554879
3.545529 1.354899 -0.611350
3.814311 1.953605 -0.570510
3.940337 0.806666 -0.294222
3.507176 0.237666 -0.046127
4.346692 0.969840 -1.791635
4.345598 1.361062 -0.341985
-4.364483 1.121528 0.496327
-4.873819 1.650754 -0.130407
-3.767850 1.203999 -0.308460
-2.980689 1.046485 0.861812
-2.784022 2.015709 -1.272999
-3.265930 2.178103 0.619753
-3.670929 1.550763 -0.842284
-3.406624 0.960941 -0.232872
-2.218206 2.011455 0.499462
-1.975027 1.614066 -0.444241
-1.637714 1.627860 0.891064
-2.429822 1.625470 -1.804781
-0.672943 1.262864 -0.892018
-0.527740 1.246834 0.276253
-1.295503 1.057568 0.086980
-1.041840 0.876552 -0.656892
-0.197896 3.055923 0.171496
0.503330 1.052868 -1.189294
0.282678 1.038553 -0.511567
1.805108 0.644649 -0.161261
1.598801 0.919816 -1.521466
1.412971 1.616576 -1.092449
2.438641 1.661700 -0.732892
2.995206 1.719494 -1.056696
2.534229 2.355158 -1.057255
1.987565 0.829436 -0.320228
2.835657 1.384363 -1.559878
4.061045 2.507540 -0.136590
4.122454 1.578782 -1.293452
4.088819 0.304160 -0.156392
4.635380 1.310021 0.735414
4.157744 1.766983 -1.364055
-3.423774 1.676301 -1.755997
-4.034972 2.025027 -0.479668
-4.071374 0.930780 -0.023946
-3.959940 2.565040 -0.174954
-4.220059 1.952238 0.201525
-3.912014 1.432288 0.057448
-4.212985 2.127265 -0.224881
-1.936219 1.785330 0.138468
-2.015521 2.541580 -0.480700
-1.343467 1.666910 -1.014951
-1.319312 1.331962 -1.717802
-0.696687 1.463975 0.238170
-1.231958 1.178571 -0.538878
-1.060587 0.926149 -0.173006
-0.497227 1.334843 1.196385
-0.618781 2.056801 -0.289416
1.483158 0.777877 -1.192288
0.823101 0.659386 -0.420106
1.097729 2.158165 -0.470307
2.121912 1.634631 -0.459522
1.885722 2.006619 -1.233124
2.316629 1.288474 -0.590755
1.352111 1.180303 -0.572605
2.274379 0.884532 -0.153633
3.402407 1.016824 0.027176
3.146680 1.863862 0.262505
3.373955 2.232916 -2.652472
3.011194 1.854337 -0.132533
4.430243 2.609724 0.395668
4.002298 1.517373 -0.909528
4.387567 1.601969 0.518331
4.194259 2.524469 0.437927
-4.321084 1.774503 -0.479296
-4.685030 2.920355 -0.493585
-4.324642 1.332090 0.887173
-3.544071 1.995852 -0.232204
-3.286394 1.740303 -0.197366
-3.432853 2.417965 -1.463618
-3.374061 2.221574 -0.960488
-2.495173 1.613173 -0.035053
-2.363111 1.052530 -1.675883
-1.776416 1.277786 -0.140368
-3.165524 2.067778 -0.065365
-1.143531 1.741882 -0.600981
-1.125360 2.878041 -0.281262
-1.344754 1.921649 -1.561173
-0.547338 3.119838 -1.049936
-1.409631 2.333893 -0.345827
-1.103221 0.677695 0.248603
-0.749424 0.740450 -1.340773
0.793684 1.912268 -1.894274
0.403911 2.191904 -0.900388
2.349845 1.752246 -0.452114
1.271934 2.588082 -1.691590
2.400386 1.764781 -0.289723
2.255301 2.550421 -0.457072
4.201080 1.980200 -0.273731
2.712068 2.370746 -0.143654
3.256186 2.383299 -0.804234
3.919835 3.037937 -0.478013
3.666615 1.785237 0.405055
3.464425 2.786428 -1.277151
4.338661 2.624496 1.277607
4.754779 1.823359 -0.183784
-4.198572 0.788557 -0.258150
-4.724043 2.959291 -0.710924
-3.963225 2.238482 -1.000305
-3.984200 3.174332 -0.658926
-3.009389 2.463237 -1.722051
-2.834867 2.063293 -0.386571
-2.338857 3.183400 -1.131841
-2.517839 2.992826 0.974883
-1.634820 1.964415 -0.071095
-2.384331 2.741917 -0.115632
-1.953899 3.109313 -0.256374
-1.245268 3.405995 -0.570289
-1.062457 3.192726 -0.174673
-1.554331 2.169291 -0.121835
0.123970 3.003898 -0.776475
-0.307287 2.561572 0.695405
0.078129 1.290610 -1.694344
0.836901 2.223803 0.319883
0.071043 2.698180 0.128490
2.016540 1.814823 -1.128141
1.537631 2.122562 0.079866
0.514395 1.784829 -0.669464
2.429677 1.820244 -0.128405
2.756272 2.902175 -0.560452
3.087120 1.981901 -0.602001
2.968885 2.662703 0.380821
3.503829 2.627634 -0.431269
4.332374 2.363978 0.230911
2.991112 2.670271 -0.125647
4.068525 3.401516 -0.196881
4.970079 1.794729 -0.070926
4.473265 3.226208 0.368982
-4.497780 2.503216 -0.998448
-4.328081 3.343053 -0.426794
-4.241212 1.906684 -0.801874
-3.824112 1.281749 -0.486465
-4.165607 3.220429 -0.462667
-1.998848 3.794188 -0.335706
-2.938590 3.663941 -0.150956
-2.745838 2.422585 -0.833078
-3.319033 2.830709 -0.694756
-1.633178 2.144589 -0.465658
-2.188877 4.124442 -0.863328
-1.840584 2.614737 -0.675370
-1.036964 4.076281 -1.548960
-1.217675 3.174109 -0.782659
-1.817448 2.786232 0.903330
-0.324880 1.586426 -0.429251
-0.205321 3.545194 0.421080
-0.358723 2.358405 -1.224618
0.755462 2.458110 -0.382929
1.004717 1.870861 0.331763
0.894844 2.275948 -1.325749
0.625352 2.812980 0.388603
2.318410 1.717774 -1.519310
1.842759 3.707957 -0.187290
3.795691 3.519394 -0.395784
3.223585 2.805159 -0.690294
2.426929 1.812413 0.451873
2.800469 2.358053 -2.007622
3.532696 2.230953 -0.728725
4.824239 2.345061 -0.849404
4.457426 3.461050 0.010668
4.763018 3.615108 -0.293848
-4.648143 2.044032 -0.406064
-3.248553 2.861345 -0.098836
-4.010014 2.893040 -0.504367
-3.842162 2.946358 0.504430
-3.746113 2.558020 1.083648
-3.472452 3.368376 -0.725175
-2.385115 3.913243 -0.250171
-2.404020 2.217703 -0.454199
-2.073783 3.017754 -0.469398
-2.374303 3.125947 -1.446727
-2.305641 3.194004 0.418452
-1.835981 2.492277 -0.637035
-1.803769 2.739577 -0.845273
-0.514582 3.606571 -0.706805
-0.950024 2.998537 -1.089290
0.176741 2.769460 0.288879
0.089529 2.445815 -0.586172
0.642765 2.434899 -0.198144
1.461197 2.859620 0.825268
0.652508 3.755762 -0.452012
0.837933 3.696787 0.455847
0.968725 3.462741 0.609276
2.078521 2.132844 0.157111
1.768184 2.264083 -0.079774
2.859565 2.124155 -1.685014
2.082933 3.858095 -0.288937
3.761165 3.523684 0.420869
4.062132 1.944665 -1.106899
3.560386 3.356431 0.174060
3.632586 4.293069 -1.615170
4.749025 4.194922 0.014958
4.431342 2.427998 -0.410822
-3.199729 2.175549 -0.880545
-4.268624 3.153071 -1.070962
-4.936908 2.997321 -0.758273
-3.159124 4.208153 0.535723
-3.526919 3.600898 0.043242
-2.947083 4.739741 -1.136428
-2.793061 2.648688 -0.542236
-2.393923 3.781142 0.135673
-2.292928 3.683434 -0.970541
-2.224550 3.426637 -1.149014
-2.126620 2.475960 0.657149
-0.839276 2.648988 -0.947043
-1.284288 2.804705 -0.218276
-0.387945 3.974614 -0.307255
-0.218001 2.576695 -1.738876
0.211760 4.465051 -1.532884
0.924386 3.761220 -0.175459
1.249252 2.773833 -0.328286
1.025160 2.962782 0.898483
0.605943 3.413230 0.141435
2.337611 4.181618 -1.120534
2.538941 3.371712 -0.073942
0.652048 2.714975 -0.468589
2.308070 3.969507 -0.049688
2.947479 3.643870 -0.261957
3.412026 3.923869 -0.230956
2.522552 3.580078 -0.685856
3.827400 2.900760 -0.658554
3.898856 3.514096 -0.516930
4.201019 4.422473 -0.710916
3.969948 2.849501 -0.378510
4.398134 4.047870 -1.553788
-4.956082 3.309918 0.207329
-4.328677 2.349783 -1.521656
-4.832677 2.800601 -0.797806
-2.891371 3.606198 -0.401155
-3.529857 3.942034 -0.258081
-3.008592 2.417614 -0.857506
-3.555528 4.169599 -1.262424
-3.120679 3.016632 0.965066
-3.178829 4.059740 -0.178907
-2.428194 2.937223 -0.495628
-1.258754 3.984458 -0.621096
-1.157343 3.933856 -0.722758
-1.479135 3.303096 -0.907090
-1.560424 3.160905 -0.588420
0.460284 3.227599 0.288798
0.633752 3.746426 0.165370
-0.053303 3.606862 -0.872844
0.649764 2.733495 -1.000062
0.690313 3.233835 -0.281704
1.122529 3.869579 -0.827066
1.873324 3.376738 1.037480
2.604988 4.438910 -0.168117
2.014577 2.217456 -0.948277
1.728320 3.377848 -0.394345
3.081116 3.777467 -0.659340
3.438041 4.679111 -0.406082
3.397043 3.029493 -0.517697
3.321492 3.712485 -0.094168
2.361866 3.772105 -0.663303
3.995086 2.135423 -0.952933
4.554602 3.777108 -0.126481
4.856174 3.366157 -0.008272
-4.973689 3.465746 -0.349837
-4.164958 3.640784 0.346094
-3.861493 4.253188 -0.462927
-4.243267 3.767139 -1.759673
-3.110725 3.748287 -0.595167
-3.776385 3.876518 -0.487723
-2.017492 3.651319 -1.188026
-3.402860 2.990418 -0.869129
-2.479238 3.002598 -1.607450
-1.359475 4.588834 0.107200
-2.013385 3.834002 -1.634887
-1.369054 4.797485 -0.544347
-0.987348 2.955984 -0.914154
-0.869297 3.132399 -0.920182
-0.550572 2.599067 0.157387
-0.301858 4.523062 -0.791917
1.974033 4.835941 0.014189
0.484342 4.061654 -1.116127
0.825277 2.497530 -0.089589
0.444043 3.291426 -0.480082
1.652561 3.506259 -0.941275
0.757901 3.200047 0.124177
1.002130 4.364470 -0.465471
1.746249 3.205727 -0.502372
2.391304 4.856698 0.681018
1.985182 4.200863 -0.042358
3.558704 3.184294 -0.372744
2.495881 3.668207 -0.987533
3.234900 2.880898 -0.580172
4.049565 3.355314 -0.653423
4.717048 4.514240 0.960806
4.264514 4.073164 0.639655
-4.471011 3.889794 0.100789
-4.666546 3.359968 -1.109071
-4.606004 4.117226 -1.231664
-3.991578 4.597382 -0.037528
-3.318462 3.450341 -0.721672
-2.677685 4.117373 0.132442
-3.001951 4.908651 -1.160050
-2.227489 4.822530 0.003469
-2.560571 4.562852 1.088105
-2.080995 3.694794 -0.437572
-0.999416 3.123438 0.691883
-1.791629 4.781192 -0.996186
-1.188760 3.714743 -0.918665
-0.153752 3.319252 -1.219689
-0.290178 3.461091 -0.135539
-0.704584 4.273843 0.950641
-1.394826 2.954029 -0.367668
-0.299577 4.588282 0.559654
1.757785 4.475907 -1.422141
2.766598 4.521251 -0.198306
1.923838 3.899394 0.315649
1.632304 4.614153 -0.203100
1.604069 3.662256 -0.603013
3.384006 3.618893 -1.026654
3.528831 4.777081 -0.996899
3.951014 4.413369 -0.026745
3.692957 4.982586 0.086408
3.898677 3.194892 -0.251256
3.521378 3.124909 -0.494318
3.893779 4.083004 1.203813
4.909521 4.225300 -0.069992
3.744018 4.991364 0.726356
-4.348471 4.658932 0.292499
-4.586528 4.168592 0.820927
-4.097901 4.434120 -1.178072
-4.705216 4.134300 -2.842671
-3.666330 4.693825 -0.189604
-2.856333 3.419410 -1.167925
-2.662215 4.990755 -0.161908
-2.880758 4.277719 1.015988
-2.273454 4.601753 1.134475
-2.436200 3.748141 -0.719862
-1.212356 4.344349 -1.103494
-1.689554 4.225390 -0.553328
-0.757030 4.164873 -0.027242
-0.124725 4.155530 -1.341967
0.472428 4.777441 -0.216291
1.427712 4.380458 -1.492040
-0.130466 4.307818 -1.455047
0.506850 4.118886 0.364852
1.766006 4.069118 -0.879912
1.683277 4.943538 -0.636406
1.243685 3.209940 -1.351450
2.244679 4.706741 -1.144113
2.003836 4.220876 -1.192128
2.978691 4.004945 -0.535685
3.095544 4.742203 -0.423467
2.639140 4.951125 -1.228070
3.848284 4.139203 0.145878
3.158918 4.902653 -0.440562
3.274808 3.733910 -0.328672
4.734852 3.641501 -0.126451
4.106925 3.739031 -0.699774
4.103010 3.752051 -0.055969
-4.554047 4.941585 -0.591069
-4.217671 4.046237 -0.854824
-4.979224 4.986091 -0.591346
-4.026280 4.668405 -0.773172
-3.753448 4.912040 -0.244776
-2.390492 4.983944 -0.459285
-3.592017 3.840869 0.076376
-2.332398 4.492213 -0.046009
-2.730119 4.709185 0.044787
-1.442902 4.837313 0.661220
-0.970474 4.387596 -1.558241
-1.884292 4.881783 -0.083657
-2.116830 4.461736 0.295348
0.103290 3.880764 1.618440
-0.400898 4.954532 -2.322050
0.452951 4.259051 -2.204551
0.002275 4.123951 -1.519845
1.065894 4.953878 -0.034898
1.280301 4.749626 -0.677528
1.282673 4.832003 -1.110902
1.402574 3.993222 -0.853308
0.846960 4.746776 -0.516344
0.976882 4.559007 -0.757921
1.998252 4.444687 -0.806439
2.998296 4.955518 -0.946871
2.270432 3.504605 -0.730908
3.478294 4.019913 -1.164729
2.691449 4.225968 0.675708
3.831625 4.788033 -0.045822
4.606668 4.968503 -1.504821
4.417133 4.795909 0.142884
4.180456 3.775934 -0.518448
-4.231853 -4.676490 0.036991
-4.255463 -4.501028 -0.191905
-4.861667 -4.302740 -0.133438
-3.354030 -4.208209 0.547827
-4.368672 -4.785887 -0.515594
-3.114623 -4.985212 0.596438
-3.870883 -3.633678 0.149870
-2.627414 -4.651206 -0.507962
-2.102903 -4.571809 -0.433644
-2.883646 -4.632587 -0.590374
-1.683603 -4.118731 -0.360229
-1.210998 -4.185729 0.087367
-0.451454 -4.487276 -0.764157
-1.678054 -4.799135 0.030257
-0.764690 -4.736559 0.492669
-0.107700 -3.581154 0.079942
0.763250 -4.644620 0.541120
0.677431 -4.535747 -1.249997
2.305994 -4.526766 -0.215656
-0.390237 -4.633846 -1.255765
2.246308 -4.126793 -0.406063
1.677655 -4.845633 0.774458
2.606002 -4.687492 0.603703
3.803952 -4.828252 -0.819105
3.326884 -4.789572 -0.811997
2.566160 -4.502222 0.331554
2.597013 -4.105424 0.247885
3.636762 -4.702595 0.101909
3.974638 -4.682315 0.953385
3.733347 -4.841301 0.349887
4.096450 -4.080742 -0.400602
4.958482 -4.868618 -0.615589
-4.167659 -4.965837 -1.260741
-4.797428 -3.838595 -0.010134
-4.404190 -4.787509 -1.014563
-2.469507 -4.479824 -0.358632
-3.119980 -4.513082 -0.497721
-3.275185 -3.429483 1.096223
-3.473954 -3.882256 -0.445935
-3.364784 -4.737629 -0.738348
-2.079324 -4.352617 -0.549085
-1.966319 -4.613489 -0.555246
-3.016094 -4.489736 1.536289
-1.318016 -4.766816 -0.506902
-0.745593 -4.708457 -1.103517
-2.295498 -4.378454 -0.532969
0.071098 -3.753642 -0.408402
0.055809 -4.312001 -0.334408
0.789794 -4.400803 0.438019
-0.506273 -4.282652 -0.137727
-0.189012 -4.834303 -1.193042
1.089163 -4.743571 0.282586
2.391689 -4.318731 -0.728101
1.456526 -4.391548 -1.063011
1.759884 -4.817622 -0.275089
2.285603 -4.790171 1.189705
3.000770 -4.468821 0.405479
2.680101 -4.229233 -0.320548
3.648122 -4.277611 -0.063055
4.503433 -4.113420 -0.344489
2.785117 -3.797706 -0.506592
3.942332 -4.337809 0.118354
4.649478 -4.932386 -0.009200
4.410398 -4.418526 -0.096053
-4.980883 -3.907427 -0.593489
-4.990194 -4.500997 0.562958
-4.172404 -3.342995 0.922073
-3.200493 -4.479367 -1.149871
-2.093938 -4.046928 -0.209642
-3.065763 -4.265464 0.086377
-2.807585 -3.525640 -1.024928
-2.241770 -4.513113 -0.159771
-2.848423 -3.443488 -0.674154
-2.425251 -4.975023 -1.160271
-1.054126 -3.769777 0.700858
-1.428533 -4.197972 0.428279
-0.614781 -3.827683 -0.794125
-0.574202 -4.447356 -0.018269
-1.159164 -3.796641 -0.600488
0.545244 -4.384523 0.194277
0.679518 -4.881976 0.347272
0.626764 -4.159883 0.561382
0.419275 -4.914363 0.309148
1.938755 -3.828772 -0.971896
1.580799 -3.258534 -0.375670
1.185808 -3.886368 0.146953
1.244671 -3.551347 0.019201
1.418969 -4.010757 0.346110
3.121042 -3.661161 -0.241949
2.507611 -3.437492 -0.412077
3.744237 -4.934213 -0.994663
3.616590 -4.937359 0.279029
4.186045 -3.771634 0.212315
4.039474 -3.751669 1.572235
4.712984 -4.499273 0.223146
4.131790 -3.065823 0.421726
-4.595131 -4.361446 0.482199
-4.316520 -3.503711 0.106726
-4.568005 -3.956469 1.418250
-4.228697 -3.675942 0.466242
-2.805626 -3.527851 0.015653
-3.186748 -2.658386 0.642232
-3.373059 -3.891937 0.442896
-2.868227 -3.236112 -0.090916
-3.748127 -3.992730 -1.804937
-1.918224 -4.524291 -0.738134
-2.300371 -3.260115 0.128731
-0.900795 -4.678165 -1.115074
-0.361077 -2.897780 -2.159854
-1.207790 -4.505441 -1.207794
-0.908317 -3.516838 -0.718193
-0.124364 -4.166215 -0.204327
-0.910495 -3.395907 0.274278
0.416753 -3.532332 0.510548
0.075778 -2.819439 -0.905438
0.143827 -3.237588 0.516729
0.003088 -4.285314 -0.077728
1.217046 -4.601907 0.351582
2.545415 -4.361544 -0.403143
1.535547 -3.576142 -0.439133
3.315727 -4.983505 0.178604
3.843810 -2.769118 -0.188624
4.085432 -4.266065 1.024532
3.434096 -4.650930 -0.720733
3.871555 -3.940744 -0.197967
4.888799 -3.462035 0.458222
4.953840 -3.159015 -0.989097
4.632323 -3.029495 0.522484
-4.300275 -4.363289 0.334634
-4.527746 -2.870127 0.591223
-4.243762 -2.431128 -0.251820
-4.491692 -3.883897 0.539585
-2.977089 -3.529787 -1.065006
-3.200101 -3.811088 -1.399404
-2.355769 -4.166069 -0.643406
-1.498681 -3.435066 -1.477236
-3.187703 -3.529836 -0.961195
-1.868406 -3.297381 -1.519837
-2.010253 -3.791208 0.679831
0.187009 -3.065356 -0.097685
-1.983629 -2.468415 0.337608
-1.482977 -3.470397 0.540839
-0.106842 -3.598357 -0.834006
0.611474 -2.957626 -0.391772
0.902322 -3.615055 0.133699
-0.084819 -2.108877 -1.117024
1.452134 -2.630853 -0.581864
-0.059533 -3.943348 0.687044
1.372857 -4.120401 -0.758385
2.594858 -3.166863 -0.059743
0.576721 -3.904358 0.683731
0.958602 -4.032278 -0.650053
2.266399 -2.931138 0.355276
3.770740 -1.422272 0.566306
3.810964 -3.546267 0.454512
4.087224 -2.842233 1.098759
4.007932 -2.940926 -0.805033
4.193589 -3.650465 -0.196383
4.644444 -2.923177 -0.270731
4.550625 -3.562653 1.261172
-4.476499 -3.463117 1.058033
-4.719820 -4.285311 0.144120
-4.652149 -3.245784 1.030796
-4.703455 -2.734485 0.219208
-4.829228 -3.120939 -0.547015
-3.659789 -3.543093 0.487021
-2.222596 -3.345541 0.565487
-2.605796 -3.793987 -0.563914
-3.017374 -3.592759 -1.435511
-2.475655 -3.301839 2.575530
-0.760888 -2.339829 -0.185058
-1.777850 -2.449655 -0.365146
-1.303696 -1.818741 0.205421
-0.828053 -3.408744 -0.661080
-0.545391 -2.807812 -0.127528
-0.264875 -3.577052 -0.497100
-0.084149 -3.030677 0.195481
-0.471942 -3.369233 -0.896721
1.306602 -3.438858 -0.775669
2.642509 -3.740839 0.616595
1.148753 -4.284802 -0.320608
0.706746 -3.605340 -0.132045
1.157656 -4.076873 -0.296912
1.561494 -3.915196 -0.981449
3.107265 -4.384223 0.407739
2.822685 -3.584168 -1.286065
2.743616 -2.181970 -0.116118
4.547643 -3.308153 -0.372141
2.420640 -3.404313 0.404434
4.279047 -2.661627 -0.404097
4.590917 -4.007116 0.314028
4.906928 -4.268950 -0.626805
-4.836348 -2.520455 -0.548713
-4.757159 -3.351312 -0.688612
-4.489314 -2.205261 -1.273222
-4.943923 -2.999063 0.291480
-3.079166 -2.234810 -0.031195
-3.533971 -3.057649 -0.601583
-3.746496 -3.381997 0.598998
-3.079873 -2.764169 0.328452
-2.389710 -2.212185 0.007766
-2.351827 -1.272878 -0.273455
-1.950777 -2.780699 0.171261
-2.661843 -2.432365 -0.103230
-1.624563 -3.812562 -0.892026
-1.320004 -3.683208 0.287707
0.069430 -3.429672 0.443823
-1.503465 -2.795317 0.450609
-0.547857 -4.033356 -0.138825
0.476566 -3.166896 0.019374
0.648699 -3.403026 1.208272
0.352867 -2.326355 0.975440
1.069095 -3.504974 -0.795288
0.154775 -2.584933 0.314594
2.236793 -2.803168 -0.613519
2.936762 -2.768662 0.864079
2.958613 -3.730651 -0.415154
2.655761 -2.919916 -0.700231
3.465153 -2.791640 -0.913258
3.646931 -3.096712 0.806016
4.776867 -1.796464 0.491144
4.687732 -2.857853 -0.505748
3.868571 -2.159278 -0.333817
4.058207 -2.683127 0.505076
-4.245161 -2.044198 -0.152745
-4.153477 -2.150328 -0.686123
-2.613377 -3.481882 -0.053590
-3.016449 -3.201279 0.215292
-2.913909 -2.243205 -0.216907
-3.325525 -3.056952 -0.746182
-2.665612 -3.456419 -0.324450
-1.937757 -2.290747 -0.307408
-2.270400 -2.377160 -0.682819
-1.256194 -3.472366 1.099363
-1.042335 -3.068521 -0.932879
-1.727314 -2.745984 0.578416
-1.902212 -3.785128 -0.002046
-1.223544 -3.232146 0.592933
0.272633 -2.866555 -0.866108
-1.026374 -3.063852 0.419245
0.121546 -3.492039 0.318879
0.151750 -2.704303 -0.455008
0.808221 -1.993744 -0.990276
1.381610 -2.556401 0.691110
1.087451 -1.675442 -0.291247
2.465482 -2.169309 0.636069
1.161687 -3.262058 -0.362896
2.334719 -3.020059 -0.541632
3.358316 -3.025231 0.015318
3.622702 -2.644744 0.525903
2.731433 -2.782663 -0.003295
2.927757 -1.223470 -0.327507
4.168363 -2.726706 -0.461827
3.755998 -2.960042 0.209559
4.100467 -3.088503 -0.222611
4.607192 -2.914674 -0.109258
-4.818820 -2.830554 0.786752
-4.617905 -3.650100 0.791087
-4.868380 -1.318170 0.365199
-3.286913 -2.466230 -1.481425
-2.562736 -2.104597 -1.048708
-4.263007 -2.355064 0.772461
-3.108742 -0.833827 0.506530
-2.920248 -2.313401 -0.799680
-3.052362 -1.333222 -1.435291
-1.717018 -2.412475 0.137674
-1.291981 -1.811580 -0.028154
-1.525416 -2.330254 0.107457
-0.308662 -2.288971 -0.199316
-1.357589 -3.023650 0.542468
-1.451560 -2.094739 0.326667
0.503923 -0.932623 -1.054075
-0.336824 -2.614488 0.006708
0.538515 -2.344480 0.470652
0.374382 -1.669261 -0.074913
1.693563 -2.529537 -0.236494
0.934114 -2.848977 0.799902
2.397655 -2.256670 -1.130802
2.194157 -2.253416 0.604511
1.029100 -2.507709 0.213364
1.955493 -3.266131 0.199464
3.172059 -2.330249 0.870155
4.024245 -2.672143 0.349306
3.782286 -2.503365 0.363096
3.120548 -0.623400 -0.185963
4.046479 -2.267737 0.325261
4.877925 -3.115418 -0.279342
4.153184 -2.658067 -0.118673
-4.146428 -1.478857 -0.683999
-4.607185 -1.226440 -0.362317
-4.876595 -2.342497 -0.780282
-4.088233 -2.096842 -2.020170
-3.074710 -2.636482 1.378844
-3.734552 -1.768191 0.094268
-4.063385 -2.148610 -0.913849
-2.973764 -1.603385 -0.241362
-1.591668 -1.206182 0.596613
-1.792482 -1.779856 0.186079
-2.389655 -1.978259 0.193938
-1.261130 -1.599828 0.023111
-1.869441 -1.562350 0.560972
-1.294389 -2.123521 -0.488650
-0.615877 -1.817319 -0.045287
-0.041169 -1.211040 -0.518677
-0.439167 -2.305004 -0.842592
-0.595154 -2.294945 0.054843
2.731686 -2.647832 -0.614025
0.135099 -0.582117 0.384801
1.145092 -1.810503 -0.356687
1.875469 -1.798547 0.081699
2.287434 -1.422806 0.572599
1.701744 -1.658930 -1.118858
3.417579 -1.657602 -0.298893
2.878747 -1.268046 -0.528028
2.858270 -2.419469 1.026825
3.221581 -3.768369 -1.422083
4.267137 -2.817800 -0.474395
3.557454 -2.954347 0.245590
3.478986 -1.466423 -0.393538
3.979300 -1.691001 1.005136
-4.569261 -0.296068 -0.908327
-3.267203 -0.685935 0.531586
-4.122944 -2.767137 -0.676444
-2.396548 -2.340029 0.077257
-2.899978 -1.708283 0.148838
-3.261737 -1.003026 -0.091422
-3.772172 -2.403725 0.143480
-2.544149 -1.499129 0.382464
-2.160032 -1.046942 -0.217565
-1.667887 -1.577128 -1.562251
-1.541054 -2.046938 -1.249250
-0.742327 -1.624077 0.525342
-2.152793 -1.428658 0.009571
-0.535070 -1.980974 -0.256186
-0.210244 -2.428923 -0.094451
0.061960 -1.441134 -0.991421
0.080786 -1.637598 0.952502
0.246278 -1.978787 -0.593001
1.269928 -0.550559 -0.292814
1.568320 -2.435154 0.531428
1.897647 -2.126721 -0.267288
1.322525 -1.241326 0.050427
2.811975 -2.976030 -0.134926
2.485722 -1.690686 -0.795309
2.626688 -1.009030 -0.217536
2.598716 -1.423942 0.658575
2.968989 -2.372539 0.585891
2.441380 -2.703136 -0.134212
4.912677 -2.004177 -0.262043
4.818768 -1.573529 0.698387
3.321524 -2.829515 -0.008288
4.613738 -1.530055 -0.508892
-4.335011 -2.252525 -0.278148
-4.449540 -1.651166 -0.312954
-3.512181 -2.566206 0.463247
-3.942103 -1.035254 0.199838
-2.652706 -2.117323 -0.836201
-3.091830 -2.020760 -1.506874
-3.421822 -1.078190 -0.264754
-2.898334 -1.348770 0.974260
-3.009363 -1.939797 -0.693943
-1.714203 -0.756661 -0.302982
-1.015878 -1.190089 -0.665956
-1.865614 -1.605431 -0.078811
-1.366342 -1.629174 0.995879
-0.459625 -1.564051 -0.217332
-0.957455 -1.463128 -0.402744
0.118741 -1.354452 0.429152
-0.297818 -1.489870 -0.562211
1.314351 -1.623681 1.526592
-0.027275 -0.488323 -0.719460
1.744217 -0.830683 -0.447705
0.630263 -0.919835 -0.051280
2.176311 -1.119376 0.441942
1.609756 -0.399477 -1.319541
2.502099 -2.848945 -1.268208
3.493153 -1.799271 0.234478
2.765863 -1.510960 -0.364155
3.491888 -0.968925 0.933346
3.370636 -0.988259 0.029713
4.819079 -1.860486 0.631750
4.987357 -1.083696 0.182251
4.888246 -1.697030 0.072725
3.553258 -1.869688 0.052278
-4.540621 -1.054612 -0.965128
-4.443941 -1.330886 0.086834
-3.908147 -1.301194 0.705105
-3.640493 -0.956708 0.609284
-2.841568 -1.987979 0.260520
-3.327648 -1.623092 0.943201
-2.433988 -1.663893 0.540810
-2.324837 -1.903717 -1.555641
-3.382577 -1.550513 0.640136
-2.128334 -0.939065 -1.150669
-1.697860 -0.811458 0.009192
0.047797 -0.615595 -0.799083
-1.078263 -2.374196 -1.559486
-0.306102 -1.627500 0.638049
-1.650624 -0.391178 -1.092919
-0.909681 -1.634838 -0.848968
-0.383446 -1.234781 -0.736471
0.245316 -1.735898 0.801256
0.034148 -0.400087 -0.528270
1.166506 -1.555809 -0.408997
1.231881 -2.481077 0.341984
1.996077 -0.339191 0.103592
0.789977 -0.921800 0.183869
2.572621 0.185978 0.819428
2.076336 -1.443657 0.657211
2.801542 -0.720406 1.177935
2.248432 -0.604641 -0.472825
3.575102 -0.638453 0.329312
2.827952 -2.917810 1.368238
4.773837 -1.353684 0.373378
4.616140 -0.682100 1.186023
4.992013 -0.619807 -1.230469
-4.211408 0.602385 -0.248561
-3.941212 -0.338534 0.353040
-4.734684 -0.252974 -0.767052
-3.425135 -0.385089 -0.236852
-4.060412 -1.593971 0.173015
-2.514274 -0.608747 -0.592188
-3.717526 -1.750225 -0.633540
-2.352534 -0.257322 0.531735
-2.145088 -0.239989 -0.589051
-1.833325 -0.118047 -0.326122
-2.073492 -0.643046 0.348422
-1.800083 -0.402348 0.920486
-0.565868 1.164523 -0.252049
-0.135265 -0.492015 -1.561037
-0.036110 -0.809463 0.268813
0.316266 -0.948293 -0.470421
0.129685 -1.392799 -0.521983
0.594877 -2.033780 0.501491
1.244844 -1.300647 -0.495784
1.784277 -2.148556 -0.833534
1.494213 -0.807991 0.269500
3.185042 -0.520952 0.229062
2.064718 -1.917180 0.508165
2.764252 -1.899750 0.765410
1.813334 -1.146281 0.219935
2.403035 -0.582008 0.149031
4.245016 0.130964 -1.491029
4.203120 -1.724136 1.475395
4.484138 -1.660581 0.809478
4.482053 -1.030666 -0.827708
4.800133 -0.879381 0.813746
4.406313 -1.514067 -0.953443
-4.919188 0.151691 0.016424
-4.154143 -1.112225 -0.864334
-1.915211 -0.780174 -0.204756
-4.506942 -1.072940 -0.501031
-3.954744 -0.315260 0.640805
-3.753892 -0.259390 -0.221706
-2.956184 -0.088779 -0.069389
-1.912453 0.396164 0.457902
-2.830356 -1.568930 -1.018727
-2.930041 -1.990374 0.071894
-1.269223 -0.349094 -0.853565
-0.778573 -0.097198 0.439397
-0.904348 -1.438029 -0.048422
-1.526198 -1.020345 -0.532775
-0.187957 -1.117307 -1.284615
-0.244132 -1.521668 0.417071
0.449114 -0.634441 -0.630733
1.054468 -1.305752 -0.440403
-0.722047 0.490727 -0.401669
-0.130608 0.016829 0.151966
0.401622 0.014006 -0.028364
1.729340 -1.520970 0.871137
2.323831 -1.170403 -0.047638
2.825897 -0.945358 -0.522355
2.791417 0.176782 0.630969
2.917211 0.437169 -1.048267
4.013111 0.483444 0.848901
4.212619 0.507656 0.388592
3.507291 -0.242559 -1.305166
3.450821 -0.640818 1.115375
4.918123 -0.912613 0.185266
4.944126 -1.658309 -1.386215
-3.521924 0.989274 0.619986
-3.111174 0.046642 0.463670
-4.291660 -0.333897 -0.575090
-4.039229 -0.403037 0.180062
-1.970287 0.967234 -0.177170
-3.603177 -0.222135 0.745934
-3.100006 -0.264099 0.106936
-2.895986 0.382005 -0.537210
-2.645456 0.144208 -0.478108
-3.069450 -0.184807 -0.153908
-2.101499 0.000331 -0.152902
-0.853690 0.069514 0.074142
-0.941801 0.792982 0.541397
-1.215931 -0.601560 0.110146
0.809845 0.741923 -0.090843
-0.119876 -0.624031 -0.138505
-0.594903 -0.818061 -0.098531
0.707124 -0.524587 0.641578
1.464117 -0.556185 -0.282070
1.175694 0.047588 -0.339385
1.302113 -0.293580 -0.239645
3.078055 0.188748 0.335648
1.437562 0.022606 -1.732407
3.376788 -0.555154 -1.082166
2.493311 0.031417 -0.675101
2.418371 0.215759 -0.414628
2.177898 -0.999669 0.557554
4.202537 0.719173 -0.423487
4.422689 0.148065 0.189347
3.902539 0.354679 0.099312
3.916640 -0.511697 -0.265606
3.487295 1.124743 -0.043602
-4.516030 -0.092957 0.061077
-3.998206 0.999110 -0.819320
-3.896367 0.281762 -0.841955
-3.908387 0.090751 -0.455745
-3.563675 1.306074 -0.547445
-3.100178 0.892786 0.280205
-2.316730 2.423705 -0.872666
-2.926742 -0.245866 -0.250647
-2.259910 -0.550341 -1.286182
-1.808735 0.107201 0.236029
-1.451986 -1.660372 0.067254
-1.432074 1.673199 0.404598
-0.455109 0.890492 -0.442706
-1.142250 0.880051 0.359354
-0.217184 1.772464 -0.803243
0.207517 0.350755 -1.075325
-0.054601 -0.517413 -1.000468
-0.740696 0.343223 0.517891
0.547095 -0.315680 -1.286851
-0.276739 -0.600462 -0.157119
1.240121 -0.048240 0.659756
2.398170 -0.465569 -0.314255
1.869624 1.427242 1.486257
2.297377 0.107148 0.860359
2.360778 0.398326 1.374811
3.016595 0.228172 -0.816467
3.309382 -1.212371 -1.541273
3.116790 -0.410114 -1.635409
3.371521 1.210397 0.949109
4.341019 1.224535 1.168074
4.214236 -0.461498 -0.209111
4.617228 0.981766 0.238469
-4.935061 0.418343 -0.395532
-4.495047 0.231598 -0.471749
-4.448396 0.979757 -0.110216
-4.185198 0.594619 -0.026093
-3.215285 0.966143 -0.079223
-4.120059 -0.742023 0.119865
-2.762435 0.580133 -0.550750
-2.982641 -1.296224 -0.494474
-2.548740 1.472160 -0.670728
-1.264992 0.326822 -0.387624
-1.594856 0.075794 0.448133
-1.647293 1.732284 0.043885
-1.971941 0.394066 0.250111
-0.362617 0.287063 -0.396273
-0.902658 1.311984 -0.594256
0.632779 0.634269 -0.457412
-0.252263 1.227474 -0.308920
0.850708 0.180231 0.059893
0.615687 -0.148944 -0.769787
1.000573 0.540316 -0.405514
2.199969 1.361275 0.462383
-0.712521 1.231565 -0.090064
1.702596 1.130651 -0.081412
2.314767 1.090387 0.494769
3.512821 0.489092 -0.522685
3.439376 1.902624 -0.481643
3.531377 0.922882 -0.699210
3.993560 0.453099 -0.628087
4.249207 1.354842 0.348688
4.956534 1.615118 -0.633556
3.515025 0.320330 -0.368755
3.478777 0.145869 -0.596849
-4.686369 0.453780 0.171349
-4.664358 1.484882 0.557018
-4.075972 1.351708 -0.634612
-4.203405 1.434369 -1.310105
-3.855133 1.398174 -0.210056
-3.308480 1.989541 -1.233177
-2.836301 -0.003611 0.135474
-2.416299 1.657371 -0.257855
-1.578254 1.994306 -0.842334
-2.504678 1.660349 -1.097557
-2.327033 1.048833 0.661649
-1.261717 1.708927 -0.293605
-1.651279 0.784413 0.350939
-0.514327 0.057978 -0.163018
-2.385052 -1.224789 0.834916
0.281124 1.876268 -0.339493
-0.136271 0.411720 -0.665192
0.080361 1.170997 0.450591
1.041046 0.900437 -1.214860
0.614341 0.475774 0.768341
1.399453 1.416397 -0.022251
1.573171 -0.268480 -1.432410
1.362111 0.151913 -0.400370
2.026757 0.933951 -0.001386
2.973539 2.421280 -0.245285
2.434344 0.801821 0.016518
4.006145 0.784868 -0.468562
2.992640 0.981913 -0.304940
3.047407 0.772100 1.388958
4.280549 0.838355 -1.333822
4.796353 0.226943 -1.230416
4.547040 1.589967 -0.787791
-4.824029 1.657851 -1.195281
-4.583572 0.252168 0.327964
-4.830515 1.900081 -0.733113
-3.078648 0.960147 -0.400689
-3.243354 2.068023 0.271907
-1.876228 1.650410 -1.018428
-2.296039 0.979487 -0.076480
-2.620867 0.872403 -0.335324
-1.067372 0.599168 -0.529001
-2.145427 0.423990 -0.486155
-2.396954 -0.269263 -0.545592
-2.092062 1.255619 -0.062299
-2.694026 0.673447 -0.144160
-1.104920 1.155783 1.003164
-0.885159 0.393651 -0.872280
0.589724 0.849534 0.064687
-0.081381 0.369164 0.456472
-0.213322 -0.323960 -1.047382
0.937464 -0.297016 -0.235587
0.068806 2.216660 1.069027
1.386139 1.232463 -0.755961
2.320693 1.380713 0.195471
2.233917 1.353497 -0.881926
2.202055 0.441372 -0.848837
2.138726 1.755241 0.278549
2.519428 1.369751 -0.478244
3.444103 1.420464 -0.707570
3.756614 1.112502 -1.375462
3.903871 -0.064289 0.079936
3.472459 1.268738 0.373159
4.288467 1.341597 -1.425304
4.194470 0.802188 -0.845310
-4.398761 1.386514 0.446393
-4.709127 1.704083 0.059129
-3.720348 1.744336 -0.203313
-3.652479 1.736997 0.718463
-3.109655 2.045406 -0.216433
-2.401993 3.055859 0.967410
-3.565527 1.611583 -0.716240
-3.221816 0.749052 0.223139
-3.318139 2.286114 0.403214
-2.580093 1.125181 -0.121169
-2.937404 2.895941 1.061249
-2.308813 0.356008 -1.164379
-1.213059 1.434751 -0.880702
-1.595276 1.765288 0.201115
-0.865618 0.443083 0.457378
0.006271 0.033763 0.396052
-0.922913 2.267896 0.585913
0.314934 0.523322 -0.886992
0.847010 1.539217 0.369293
1.591093 0.925295 0.262088
1.348770 1.850302 -1.130657
1.683617 1.618036 0.323104
2.334421 2.035748 -1.001518
2.813600 1.840386 -0.554638
2.070546 1.856773 -0.271111
2.370193 0.768645 0.242685
2.452638 1.026551 -0.800491
4.742438 2.626235 0.662092
4.179083 1.478461 -1.080151
4.194079 0.235520 -0.273891
4.449202 2.290347 0.980268
4.420280 1.626320 -1.208939
-3.898509 1.187030 -1.628528
-3.705749 2.048591 0.459237
-4.204509 0.110935 -0.184948
-3.937264 2.130909 -0.719754
-4.361489 2.206146 0.545980
-3.706250 0.526354 -0.509279
-4.615052 2.108687 -0.016280
-3.142860 2.411154 1.034597
-1.088414 2.272469 -0.341779
-1.800817 2.290258 -0.742200
-2.106847 1.128591 -2.205688
-1.746339 1.958543 0.117327
-1.510507 1.084657 -0.581902
-1.085082 1.277846 -0.065087
-0.246309 1.291921 2.134889
-0.219021 2.025460 -0.535154
1.339016 0.924592 -1.075826
0.932700 0.976160 0.168826
1.262415 3.162259 -0.065187
1.238101 0.934742 0.075376
1.755643 2.672996 -0.234513
1.689075 1.315994 -0.238567
2.126560 1.333143 -0.347913
1.520868 1.025425 0.847768
3.573605 1.644902 0.509641
3.142230 2.343595 -0.062508
3.869773 2.266343 -2.145694
3.176736 1.416311 0.589278
4.736407 2.932735 1.219473
3.151263 1.641738 -0.042949
3.967640 1.231979 0.642760
3.738508 1.747129 1.075339
-4.078118 2.420264 0.467782
-4.931352 2.458317 0.145680
-4.070858 2.198756 1.084261
-3.806442 1.796729 0.401738
-3.017999 1.793692 -0.068443
-3.319040 1.402501 -0.979801
-3.459600 2.252737 -0.547017
-2.787539 1.283563 0.445848
-1.079592 2.195360 -0.921425
-1.496998 1.768929 -0.105917
-1.716121 1.908412 0.379320
-1.497535 1.711252 -0.911544
-1.130356 2.215742 0.055864
-0.333711 2.123049 -0.814073
-0.726125 2.904245 -0.760504
-1.378176 2.311684 0.864339
-0.314239 0.891551 -0.860007
-0.495325 0.540083 -0.981834
-0.145377 2.463633 -1.390146
-0.002232 2.045424 -0.236694
1.732204 1.667821 -0.582285
1.377470 2.017127 -0.611060
2.829145 1.431156 0.448035
3.075158 2.281211 -0.184574
4.233162 2.152701 -0.437775
3.022472 2.689150 -0.683790
3.857923 2.128192 -0.612942
4.237564 3.591282 -1.206831
4.503592 2.429168 0.152398
3.691039 3.112399 -0.286036
4.366545 2.536227 0.246628
4.670633 2.751293 0.538399
-4.551548 1.349097 1.142196
-4.884597 3.025911 -0.055860
-4.105921 2.768810 -1.256307
-3.747433 1.977484 -0.105378
-2.858560 2.765010 -0.848005
-2.757178 2.669631 -0.403753
-2.406715 2.989205 -0.998465
-2.355474 2.322592 0.915706
-1.771026 2.512029 0.124422
-2.597576 2.448172 -0.847005
-1.328434 2.889767 0.043317
-1.149739 2.699697 -0.007665
-0.655626 2.183669 0.198710
-1.474866 2.218079 0.083294
-0.908036 2.757185 -0.202427
-0.056678 3.774198 1.025635
-0.648890 1.424417 -0.818107
0.848758 2.219144 0.071628
0.136370 3.259728 0.621430
1.989822 2.643294 -0.329119
2.045432 2.184707 -0.224669
0.297450 1.003369 -0.030869
1.680456 1.619868 -0.233955
2.300646 3.078071 -0.394160
3.007973 2.019279 0.356028
3.248165 2.617817 0.100525
3.174103 2.403461 0.138416
3.541114 2.691860 1.228791
3.144648 3.275501 0.171108
4.401525 2.448554 0.433995
4.646122 2.432558 -0.274373
4.508979 3.320329 0.869693
-4.464176 2.519495 0.062140
-4.505860 2.445995 -0.163635
-3.839558 2.907365 -1.115794
-3.955778 1.256431 0.485786
-3.408708 3.834196 0.059099
-3.191806 3.542175 0.238606
-2.597135 4.683065 0.408044
-2.472938 2.010740 -0.708960
-2.542874 2.529619 -1.064893
-1.868964 1.906981 -0.094116
-2.429048 4.690167 -0.379797
-3.036515 1.668254 -0.480707
-1.387128 3.710271 0.160046
-1.107509 2.863538 -0.713994
-0.813475 2.652563 0.247301
-0.122283 2.558649 0.627714
-0.458412 2.609805 0.347438
-0.799621 2.118853 -0.643952
1.309854 1.949405 -0.297571
1.794157 2.701914 0.698602
0.977286 1.943871 -1.301594
0.450567 1.836774 0.359157
2.012986 2.507558 -0.241906
1.832839 3.297410 1.265175
3.971566 3.327370 0.113800
3.302734 2.522116 -0.024023
3.333259 2.078887 0.553787
3.105556 2.998132 -1.604621
3.702426 2.949845 -1.227682
3.921933 2.508309 0.056863
4.896462 3.902307 -0.007846
3.932246 3.698600 -0.612488
-4.687425 2.104619 0.265326
-3.247533 2.780063 0.334421
-3.536041 2.460966 0.368747
-4.023303 3.037879 0.403255
-3.787103 2.657797 1.611341
-2.878159 3.147953 -0.408315
-2.887109 4.308033 -0.086919
-2.989075 2.535900 0.563989
-1.977613 3.375213 -0.847885
-2.309782 3.408538 -0.887690
-1.845688 3.525519 0.395771
-2.206798 2.507800 -0.416530
-1.460076 3.065004 -0.781869
0.169335 3.820650 0.060790
-0.350572 3.079771 -1.143697
-0.160722 2.764851 0.896941
-0.136244 3.250600 -0.094145
0.571210 2.601068 0.096852
0.250125 2.315766 0.495919
0.358018 3.837310 -0.549152
1.187129 3.828305 0.104940
1.498519 3.956317 0.336233
1.866531 1.756854 -0.635518
2.494365 2.341940 1.025894
2.907032 2.278554 -0.597326
2.669705 3.776235 -0.386664
4.149212 2.772403 0.459971
4.400335 3.298036 -0.262341
3.778844 3.212763 1.087202
3.454083 3.928951 -0.397928
4.570790 3.844318 0.303017
4.570939 3.362836 -0.696059
-4.117934 2.852808 -0.338509
-4.580357 3.381512 -0.746215
-4.019687 3.147319 -0.920202
-3.948764 3.180974 -0.381739
-3.762587 3.363748 0.544048
-2.730178 4.466402 -0.639930
-3.120486 3.620199 0.446712
-2.397088 3.825855 0.420045
-1.208231 3.355132 -0.925906
-2.290300 2.528915 -1.635754
-2.587929 2.876734 1.521770
-0.537771 2.912908 -0.583438
-1.661349 2.390760 -0.966691
-0.877109 3.728152 0.417409
0.045388 2.989431 -0.645904
0.368319 4.480607 -0.548634
0.853433 3.283542 0.152613
0.827038 3.561391 0.361306
0.643217 3.246047 1.145297
1.869203 3.539243 -0.227299
1.470771 3.900547 0.200777
2.230285 2.777265 0.493174
1.287312 2.642395 0.211149
1.405152 3.714893 -0.055235
3.658694 2.580391 -0.421819
3.788933 3.707917 -0.218562
2.582186 3.733949 -0.053424
3.387885 2.756733 -0.175153
2.778004 3.863628 -0.061318
4.348837 4.382695 -0.874706
3.907804 3.102636 -0.145821
4.276820 4.390858 -1.579140
-4.863756 2.251208 0.513612
-4.516033 2.833454 -0.091580
-4.585271 2.942523 -0.968885
-3.248058 3.841397 -0.379220
-2.966306 3.893054 -0.195618
-2.448778 2.652042 -0.531644
-3.460725 3.462031 -0.983660
-2.795876 3.282322 1.055596
-3.577374 3.407377 -0.527046
-2.672991 2.663569 -0.799729
-0.376326 2.798183 -0.285734
-1.708954 4.338583 -0.347696
-1.989562 2.686475 -0.481632
-1.357676 3.915196 0.702232
0.832049 3.524671 -0.340883
0.840392 3.417759 0.679174
0.384365 3.410711 -0.924752
0.791850 2.903726 -0.539882
0.912995 3.989954 0.415638
1.793604 3.744967 -1.257460
2.539227 3.490630 0.244331
2.106736 4.204544 0.223453
2.029341 2.040492 -0.428008
2.066295 4.245152 -0.880033
3.430875 4.007966 -0.056167
3.513381 4.125439 0.091559
2.309411 3.229241 -0.045416
3.384825 3.384520 0.147372
3.324115 3.932412 0.462610
3.711516 2.903296 -1.613326
4.705528 3.264829 0.424155
4.924408 2.734163 0.287990
-4.984569 2.974826 -0.256819
-4.535190 3.246747 0.662173
-4.187794 4.009221 -0.590143
-3.645620 4.827817 -1.082011
-2.924027 4.202170 -0.285723
-3.675420 4.396885 0.085164
-2.281935 2.714421 -0.787109
-3.282230 3.880080 -0.640002
-2.047584 3.922627 -0.502654
-1.411818 4.474325 0.902477
-2.460780 4.396483 -0.286530
-1.738840 3.997710 -0.552214
0.015646 2.909385 -1.011166
0.647925 3.607715 -0.177844
-0.663937 2.874952 0.605361
0.005923 4.839269 -0.525853
0.836928 4.362230 -0.207073
0.500782 3.890689 -0.665295
0.629053 3.307522 -0.436710
0.670325 2.866518 -0.423009
1.737181 4.297822 -0.908699
1.130660 3.703066 -0.652385
1.573008 4.755247 -0.542916
1.928705 2.834608 0.323766
2.242601 4.907557 0.770433
2.305754 3.800929 0.342054
3.311369 3.237676 -0.184822
3.662218 3.392163 -0.504245
2.570091 3.693705 -0.836465
3.614935 3.536104 0.008544
4.016106 3.877954 0.296379
3.834626 4.266870 0.607582
-4.272028 3.566918 0.194034
-4.757195 3.458089 -1.427999
-4.275595 4.374762 -0.764155
-4.700985 4.713913 -0.406014
-3.431642 3.267727 0.348902
-3.296291 3.365816 1.097675
-3.285188 4.827852 -0.389640
-2.371792 4.143016 -0.604849
-2.243001 4.971378 0.940872
-2.517071 4.214222 0.100644
-0.694144 2.913831 -0.203780
-1.941508 4.122763 -0.133897
-1.246384 4.554266 -1.080325
-0.806326 3.188215 -0.008476
-0.561141 4.211693 0.026220
-0.175905 3.643975 1.529017
-0.387314 3.946929 -1.143886
0.317804 3.971763 0.710848
1.614220 4.465737 -1.244803
1.918747 4.876312 0.498182
1.946487 3.758353 0.506909
1.852872 4.914373 -0.235637
2.312602 3.621766 -0.484389
3.160274 3.234421 -0.727950
2.956576 4.934095 0.083165
3.650051 4.071067 0.541458
3.609191 4.401196 -0.184193
3.592496 2.822320 -0.449656
2.597637 4.045739 -0.203836
4.163124 4.477951 -0.042972
4.749648 4.815739 -0.484824
4.654595 4.993913 0.919083
-4.887566 4.681606 0.404645
-4.728447 3.349170 0.162866
-4.255544 4.012993 -1.574374
-4.439366 3.929548 -1.864286
-4.152380 4.822706 0.734190
-2.457011 2.933609 -0.722515
-3.256518 4.976948 0.083064
-3.281455 4.605169 0.399020
-2.110700 4.699445 1.309061
-1.397134 4.115724 -0.047673
-2.176266 3.954635 0.156010
-0.932656 4.814241 0.151683
-1.096566 4.478357 -0.076936
-0.680579 4.023049 -0.834145
0.341390 4.805947 0.745826
0.598635 4.186987 -0.851154
-0.154618 4.208011 -0.787483
0.352172 3.995919 -0.553146
1.859698 4.152958 -0.534095
2.020944 4.996074 -0.384961
1.402989 3.819153 -1.165270
2.103393 4.917061 -0.854824
3.393397 4.877704 -0.909940
2.701730 4.664604 -0.101970
3.077631 3.850004 0.751646
2.620764 4.782353 -1.342039
3.212627 3.357042 -0.026872
2.898027 4.092433 0.193855
3.189009 4.226141 0.756796
4.685718 4.323737 0.593514
3.866898 3.466137 0.009756
3.767576 3.693291 -0.526967
-4.484637 4.906529 -0.121886
-3.888395 3.638372 -0.206204
-4.625228 4.833614 -0.434017
-3.791803 4.489409 -0.282837
-3.738157 4.867428 -0.033178
-2.692438 3.853967 -0.134668
-3.460527 4.464484 -0.321349
-2.784659 4.792936 0.704281
-2.571268 4.598341 -0.135290
-2.237226 4.654037 0.017509
-0.968618 4.809180 -0.701962
-1.000555 4.798947 -0.559704
-1.600115 4.687865 -0.025168
-0.288043 3.982426 1.577688
-1.294730 4.843625 -2.686161
-0.108517 4.415680 -1.279297
0.238654 4.176298 -0.660801
0.777169 4.981121 -0.176763
1.021307 4.738324 -0.011576
1.822895 4.877862 -0.454277
1.445880 4.025862 -0.094050
1.414389 4.624353 0.473915
1.777566 4.576065 -1.029095
2.953313 4.664505 -0.197937
2.976644 4.652400 -1.056953
1.911593 3.779567 -0.484761
4.115979 3.904142 -0.194628
4.405426 4.653518 0.883510
4.136317 4.771201 0.274385
4.890092 4.992745 -1.317914
4.500039 4.751488 0.442859
4.304340 4.074438 -0.017115
-4.303207 -4.817959 0.661945
-3.759953 -4.936912 -0.230863
-4.903379 -4.781507 -0.344559
-3.627628 -4.386650 0.622679
-4.253010 -4.804443 -0.360768
-3.709635 -4.776798 0.738604
-3.862806 -4.110630 0.101570
-2.625414 -4.955156 -0.182803
-2.859652 -4.963766 0.104613
-2.086557 -4.605343 -0.225740
-1.016773 -4.381230 0.157532
-1.156775 -4.323814 0.291247
-0.871728 -4.794755 -0.768070
-1.852583 -4.817549 0.784493
-1.088012 -4.628803 0.583654
0.450337 -3.637046 -0.593264
0.923838 -4.547628 0.679828
0.414793 -3.851688 -0.574269
1.856918 -4.597155 -0.101134
-0.156875 -4.371397 -0.820606
2.379892 -4.476027 0.237420
1.824263 -4.840198 1.534882
2.989217 -4.635750 0.675941
3.122390 -4.396988 -0.722065
2.981640 -4.246968 -0.136211
2.387993 -4.536470 0.895049
3.029529 -4.771841 0.165067
4.040978 -4.682692 0.673065
4.009324 -4.966269 0.932332
3.422044 -4.884236 0.183301
2.843452 -4.229388 -0.322311
4.950742 -4.758881 0.114959
-4.865803 -4.821001 -0.152586
-4.853097 -3.981525 0.086342
-4.678862 -4.879305 -0.296142
-3.414165 -4.547124 -0.225218
-3.626487 -4.551878 0.625184
-3.044198 -4.167746 0.934346
-3.184883 -3.944395 0.341151
-2.656966 -4.467992 -0.007197
-2.116103 -3.667161 -0.547148
-1.846052 -4.047690 -1.405917
-2.849606 -4.405669 2.163826
-0.706069 -3.923113 -0.484671
-1.656329 -4.983705 -0.949185
-2.471633 -4.640506 0.108840
0.287575 -3.535339 0.233051
-0.279043 -4.202255 0.135183
1.606270 -4.753611 0.313897
-0.263422 -4.343394 -0.104690
0.717588 -4.455543 -0.075299
0.892445 -4.785999 1.273318
2.655607 -4.050702 0.129384
1.514137 -4.024922 -0.267871
2.829057 -4.802244 0.356043
1.910905 -4.927194 0.813282
2.450670 -3.542417 1.164541
2.990876 -3.837121 -0.156741
3.753688 -4.706337 0.232245
4.327273 -3.796041 -0.325328
3.021374 -4.319751 -0.290175
3.860230 -4.948416 -0.148381
4.741490 -4.864215 0.447628
4.231561 -4.617753 0.591753
-4.888215 -3.952761 0.914470
-4.858581 -4.651248 0.624767
-3.981080 -2.923345 0.193862
-3.024305 -4.143811 0.354577
-3.895803 -3.853736 0.432858
-3.425826 -4.195736 1.326221
-2.496671 -4.303923 -1.241524
-1.824188 -3.937863 -0.572316
-2.789189 -2.043217 -1.134135
-2.021348 -4.704583 -1.223605
-1.083191 -3.680938 0.568857
-1.488508 -3.986089 1.048522
-1.735317 -4.080563 -0.064515
-1.772452 -4.998475 0.937517
-0.543392 -3.566123 0.062143
0.802476 -4.173950 1.344230
0.793092 -4.950511 0.875170
-0.264534 -4.440115 0.705744
0.454920 -4.062228 -0.503031
1.760897 -4.394183 -0.786171
1.441373 -3.157703 -0.395162
0.883519 -3.754043 0.878610
1.312178 -4.371397 0.076332
2.074369 -3.793912 0.926117
2.975533 -4.230450 -0.437144
2.830652 -4.083950 -0.315884
3.734616 -4.704659 -0.556613
3.304948 -4.799280 0.817686
4.457102 -4.118831 0.443350
4.652879 -3.822709 1.587954
4.695514 -4.780538 0.584791
4.413798 -3.828197 0.991675
-4.636034 -4.554049 0.734569
-3.696261 -3.681503 0.587831
-4.929560 -2.789390 1.425456
-4.054285 -4.424722 0.334454
-3.497983 -3.266050 0.424005
-3.644690 -3.094953 0.999812
-3.341894 -4.697715 -0.065023
-3.057641 -3.373972 0.386645
-3.199104 -3.522794 -1.471977
-1.136626 -4.079048 -0.237814
-1.644794 -3.498902 0.320634
-0.941697 -4.716227 -0.621869
-0.862011 -3.432553 -1.749887
-1.348858 -4.280028 -0.747100
-0.966678 -4.026740 -0.479778
-0.529024 -4.425783 -0.510548
0.460553 -3.132657 0.754310
0.183221 -3.642279 0.384931
-0.278337 -3.017911 -0.116561
0.641920 -4.112674 0.422152
-0.587356 -4.586670 0.001450
0.973649 -4.475395 -0.079521
2.229568 -4.589550 -0.805971
2.187500 -3.558214 0.599336
3.406282 -4.885997 -0.056880
3.186625 -3.303149 -0.476165
3.770776 -4.329033 0.745889
2.453756 -4.050540 -1.304287
4.012705 -3.584199 0.216669
4.635238 -3.292327 0.913590
4.238887 -3.530082 -0.928720
4.732775 -3.376545 0.427805
-4.258298 -3.959932 0.107027
-4.260459 -3.401910 0.582319
-4.397073 -2.277709 -0.111797
-3.470704 -3.850371 0.777666
-3.629446 -2.908379 -0.272072
-3.193855 -3.624105 -0.004503
-2.932527 -4.039405 0.479805
-1.928203 -3.868638 -0.859615
-1.997347 -3.575958 -0.790894
-1.562202 -2.954411 -0.300084
-2.175722 -4.035945 1.012818
-0.044915 -2.882439 0.358202
-2.310083 -2.029086 1.616799
-1.711671 -3.361715 0.543084
-0.631518 -3.488982 -0.709061
0.490588 -2.222420 -0.347292
0.670706 -3.577283 1.084621
-0.315094 -2.615765 -0.170607
1.257989 -3.028738 -0.473749
-0.213973 -4.309704 1.140082
1.437741 -4.279013 -0.149088
2.390934 -3.223193 -0.213921
1.846097 -3.869278 0.907183
0.864067 -3.050500 0.031493
2.876151 -3.369144 0.018895
3.317834 -2.202947 0.786581
3.578527 -4.540636 0.615018
4.657522 -2.835510 0.601057
4.157365 -3.674297 0.548830
4.196162 -2.688946 0.154709
4.591247 -3.613669 1.041203
4.052001 -3.439132 1.080732
-4.570392 -3.088098 1.194598
-4.377184 -4.194416 0.603493
-4.783456 -2.613490 1.267679
-4.197262 -2.013034 1.072643
-4.349869 -3.459098 0.979207
-3.671161 -3.884440 0.598275
-3.190024 -3.446620 0.432927
-2.851930 -4.060307 -0.310412
-2.510331 -3.474180 -1.229703
-2.551584 -3.517393 1.820500
-1.748422 -2.638956 -0.340554
-2.372740 -3.971127 0.107190
-0.842952 -2.232419 0.833533
-0.909190 -4.528389 0.329929
-0.147444 -2.537239 0.099762
-0.645128 -3.047479 -0.005485
0.306884 -2.407327 0.562769
-0.230449 -4.214858 -0.619963
1.390704 -1.880610 -0.667080
1.640850 -3.607514 0.916936
1.180953 -4.188653 -0.177179
-0.156145 -3.037002 -0.024703
1.176525 -3.536070 -0.230181
1.860309 -3.420941 -0.314080
2.654460 -3.751431 -0.577887
3.489694 -3.477087 -0.632936
3.370967 -2.226577 0.066679
4.497290 -2.315295 0.019590
2.319598 -3.543421 -0.154938
3.418615 -2.524292 -0.201256
3.858689 -3.721982 0.661995
4.920630 -4.350146 0.068548
-4.508707 -2.647822 -0.291052
-4.380475 -2.729310 -0.316422
-4.010219 -1.945927 -0.622009
-4.903408 -2.552393 0.681438
-3.216433 -2.237631 0.832996
-2.945015 -3.249298 -0.202905
-3.982072 -3.101988 0.810676
-2.126188 -3.343982 0.762205
-2.406999 -3.049007 0.207329
-2.180705 -2.122572 -0.185615
-1.357915 -4.016395 0.179563
-2.014801 -2.179152 -0.085830
-2.307156 -4.043615 -0.445026
-1.032086 -3.581656 1.322493
0.028455 -2.653914 -0.202230
-1.870185 -2.990895 0.113319
-0.163595 -4.543370 -0.001284
-0.370224 -2.522418 0.685341
0.001238 -2.934274 1.245256
0.356519 -1.895927 0.654962
2.075314 -2.875520 -0.208867
0.731171 -2.805520 0.417386
1.828294 -2.701082 0.353045
3.429847 -3.063136 0.657157
2.539735 -3.412572 -0.221736
2.567169 -2.679664 -0.283893
3.343056 -2.334050 -0.769421
2.930715 -2.497620 0.041188
3.943234 -2.374937 0.955720
4.719497 -2.817559 -0.322074
4.750221 -1.917647 0.310372
4.256360 -2.773690 0.235460
-4.250625 -2.194589 0.314132
-3.798639 -2.662363 -0.325335
-3.008206 -3.382892 -0.401094
-3.569637 -3.102026 0.353899
-2.993468 -2.212863 0.674150
-2.900640 -3.022620 -0.263346
-1.682179 -3.738229 0.622979
-2.587180 -2.091938 0.456323
-2.710133 -2.856786 0.740417
-1.537697 -3.156303 0.796750
-2.046159 -2.520844 0.037040
-1.875464 -2.988998 1.378002
-1.048895 -3.682279 0.098159
-1.688027 -2.596899 0.945833
-0.057538 -2.441943 -0.696430
-0.247009 -3.291606 0.713044
0.704261 -2.634844 0.002272
0.050233 -2.289829 -0.311782
0.090736 -1.926003 -0.700824
1.009699 -3.595668 0.918589
1.063019 -1.687445 1.166750
1.725113 -2.039646 0.365834
1.465971 -2.066831 -0.344600
2.418510 -2.898615 0.208775
3.061104 -2.793278 0.682460
2.826482 -3.068871 1.521302
3.633310 -1.874964 0.813020
2.977493 -2.502198 0.480370
4.342351 -2.748255 0.039325
3.371154 -3.105463 0.249232
4.414878 -3.158211 -0.611666
4.937664 -2.334621 -0.120650
-4.835320 -2.360046 1.061063
-4.079715 -3.310790 0.221514
-4.852083 -1.709643 1.099425
-2.619660 -1.724339 -0.798404
-3.023323 -2.821111 -0.165331
-3.263745 -2.887212 0.234878
-3.636945 -2.347840 0.632982
-2.961840 -1.699510 -0.341565
-2.836379 -2.010135 -0.888608
-2.033151 -3.034444 0.331317
-1.859593 -2.095734 0.066499
-1.472575 -2.179092 0.455049
0.162228 -2.161225 -1.106215
-1.739843 -3.520925 0.964954
-0.595073 -1.995448 0.901135
0.144280 -1.372703 -0.094910
0.014412 -3.258077 1.605416
0.822876 -2.577798 0.815845
0.229421 -1.629405 -0.189721
1.364687 -2.344824 0.026060
2.022726 -1.679376 1.096635
1.415487 -2.917317 -0.604057
1.964801 -1.947807 -0.167722
1.045539 -2.040525 0.714349
2.051824 -2.443175 0.622103
3.376464 -2.279131 1.015971
4.150614 -2.172134 -0.391833
4.188486 -2.212778 -0.169152
3.331336 -0.321239 0.847875
3.912466 -1.694560 0.255773
4.872910 -2.457182 -0.069151
4.337044 -1.384820 0.156169
-4.723830 -0.834189 -0.343000
-4.675865 -0.934632 0.659657
-4.882071 -2.494140 0.028020
-3.774645 -2.612545 -1.119148
-3.012033 -2.304559 1.239181
-3.716966 -2.129122 0.649089
-3.546085 -1.060494 -0.960194
-2.760101 -3.014150 -0.012519
-2.370203 -1.943148 0.844943
-1.879528 -2.422012 0.200674
-1.663038 -2.524350 0.051616
-1.264370 -2.218137 0.263766
-0.722792 -2.383738 0.510622
-1.177768 -2.273051 0.008029
-0.699727 -1.367363 0.695274
-0.245002 -1.680082 -0.037839
0.717455 -2.256712 -0.701602
-0.169371 -2.268168 0.431888
2.942066 -2.882462 -0.229581
0.933408 -1.246322 0.457575
1.380441 -1.248269 0.547373
2.092583 -1.788064 0.887754
2.273742 -1.835786 0.475156
0.845159 -2.504456 0.337005
3.073613 -2.786542 -0.052046
2.493634 -1.792921 0.340150
2.545207 -2.270730 0.708588
3.433359 -3.610693 -0.320083
4.128642 -2.619839 0.902063
3.561425 -2.812664 0.698599
4.296129 -1.181891 1.016684
4.351130 -1.960129 1.659804
-4.954144 -0.848467 0.131329
-3.321425 -1.038555 0.102394
-4.889005 -2.284063 0.211876
-2.381265 -2.537642 -0.297470
-3.190514 -2.025241 -0.064790
-2.865259 -0.908569 0.179246
-3.792245 -2.386251 0.592929
-2.656154 -1.317097 0.176504
-2.468865 -1.346924 0.698061
-1.968812 -1.311794 -1.037483
-0.974055 -1.966035 -0.235568
-2.056853 -2.040220 0.163272
-3.043764 -1.434487 0.642133
-0.497972 -2.182913 -0.215930
-0.392982 -2.913899 -0.127309
-0.388463 -1.932579 -1.234626
0.233528 -0.879595 1.170040
0.255599 -1.032859 0.131665
1.405973 -0.487735 -0.595985
1.074794 -2.306153 1.081826
1.608102 -3.173457 -0.214512
1.514594 -1.675751 1.345659
2.942302 -1.867069 0.461094
2.609016 -1.413199 -0.177076
2.647388 -0.384621 0.332008
2.660616 -1.300070 1.522924
2.810301 -2.593913 0.767076
2.941060 -1.260422 0.505533
4.453504 -1.672930 -0.124218
4.112919 -1.321943 0.153997
3.316454 -2.000058 -0.257818
4.682489 -1.237517 0.896961
-4.850420 -2.833466 -0.528727
-4.539457 -1.050933 0.068010
-3.681080 -2.296458 -0.088004
-4.214303 -0.975367 0.458255
-3.159110 -1.743873 -0.183826
-2.880699 -1.673564 -0.024238
-3.909311 -1.781335 0.164236
-3.559855 -1.867657 1.194885
-3.265584 -1.602562 -0.225154
-0.746511 -1.363652 0.248401
-0.724145 -0.926402 -0.730922
-2.080610 -1.185966 0.238654
-1.922649 -2.017490 0.863342
-1.326491 -1.639858 -0.244317
-1.059682 -1.738132 0.186251
-0.716534 -1.140882 0.781840
0.324292 -1.472600 -0.495611
0.783370 -1.512459 1.137143
-0.393226 -1.459495 0.562400
1.811936 -0.437055 0.720603
1.167419 -0.894884 -0.467065
2.430942 -1.273639 -0.585259
2.423780 -0.309212 -0.645630
2.747830 -2.630953 -0.980182
2.764881 -2.084984 0.589247
3.642544 -1.443638 -0.045567
2.871197 -1.409387 1.581174
2.484651 -1.804457 0.729653
4.469024 -1.777751 1.084544
4.908175 -1.107923 0.600734
4.325753 -2.005287 0.205804
3.578227 -1.502321 0.916029
-4.018121 -0.786128 -1.072653
-4.742115 -1.678100 0.835001
-3.354079 -1.225091 0.461425
-2.558344 -1.689318 0.431106
-3.080738 -1.530172 1.093049
-2.913966 -0.700248 1.271138
-2.816767 -1.355101 0.755666
-2.921797 -1.577477 -0.768640
-2.851903 -0.677834 1.508920
-2.346775 -0.233792 -0.726095
-2.026879 -1.808058 -0.031102
-1.098285 -1.087523 -0.249268
-1.152196 -1.874357 -0.648623
-0.436834 -1.786292 0.050239
-0.340052 0.516702 -0.187123
-0.774204 -1.516767 -0.081542
-0.025706 -0.922554 -1.224710
0.099508 -1.406134 0.667176
0.508121 -0.814499 -0.239105
1.823928 -1.341620 -0.084996
0.981137 -1.569390 0.101798
1.927801 -0.440606 0.370997
0.903581 -0.452847 0.716109
1.835594 1.051660 1.123161
1.533396 -1.025228 0.371189
3.601492 -0.834992 1.704858
2.601279 -0.649583 0.955189
3.653441 -0.541152 0.693255
3.710663 -2.040805 1.809392
3.761276 -1.815748 0.983645
4.533841 -1.994010 0.688042
4.592588 -0.713139 -0.644317
-3.326482 -0.156821 0.105456
-4.082757 -0.756841 0.434637
-4.985760 -0.532584 0.008666
-2.979363 -0.531724 0.158165
-3.822971 -0.997833 -0.214821
-2.855998 -1.859964 -0.141491
-3.792999 -0.660442 -0.157374
-2.825908 0.379779 0.653072
-2.326198 -0.972013 -0.412696
-2.167407 -0.212255 0.554357
-2.034731 -0.154660 0.296488
-1.446177 0.360910 0.048151
0.865933 -0.228359 0.020826
-0.864078 -1.124130 -0.330373
-0.520640 -0.679734 0.187230
0.314279 -1.452732 -0.109241
0.332821 -0.359600 -0.877504
0.073313 -1.883339 0.642239
0.663746 -0.895905 -0.457729
1.705589 -1.211430 -0.324080
1.986612 -0.107669 0.613088
3.377326 -0.775395 0.795562
2.584868 -1.731333 0.247949
3.098513 -0.712985 0.882048
2.839081 -1.483549 0.760742
2.444036 -0.858893 0.075238
3.762535 0.251252 -1.245555
3.659761 -1.352250 1.508993
4.493084 -0.417844 0.521960
4.134753 -0.535819 -0.640832
4.778372 -0.297666 0.371908
4.844427 -1.448808 -0.636387
-4.877485 0.498046 0.625876
-4.402974 -0.259083 0.053173
-3.098566 -0.821968 0.256123
-4.765703 -0.344156 0.151850
-3.805344 -0.431993 0.703427
-3.249851 -0.212028 0.510359
-3.322411 -0.200550 0.906904
-2.030767 -0.498310 0.736139
-3.078101 -0.669925 -0.114265
-3.331079 -1.210675 -0.372064
-1.213876 -0.748223 0.459711
-1.926969 -0.108095 0.059776
-1.495461 -0.986568 0.473541
0.211040 -0.631232 -0.403791
0.011596 -1.579546 -0.082622
-0.350670 -0.928412 0.710687
-0.366300 -1.293403 -0.109041
0.570662 -1.610147 -0.240727
-1.168310 0.649347 -0.396022
-0.147949 0.872228 0.608745
0.749263 -0.423261 -0.256470
1.513361 -1.206712 0.665434
1.748304 -1.111614 -0.204464
3.167535 -0.295325 0.020948
2.247135 0.153490 1.348927
3.134405 -0.079190 -0.539730
3.360878 0.375020 0.967810
4.641597 0.064102 0.096788
3.591371 -0.959550 -0.658480
3.162280 -0.951848 1.267668
4.971443 -0.973367 0.059290
4.988848 -1.383827 -1.156101
-3.088595 1.421611 1.074427
-3.407807 -0.141669 0.608938
-4.386678 -0.114014 -0.735590
-3.557194 -0.196022 0.056140
-2.580806 0.135023 0.439322
-3.231616 0.159340 -0.189989
-2.506124 0.112172 -0.326331
-2.824286 0.045148 -0.090430
-2.704586 0.890765 -0.816722
-2.490873 -0.631149 0.241355
-1.193316 -0.314448 0.245988
-0.409155 -0.379480 0.161884
-1.517461 0.707244 0.408117
-1.871287 -0.445273 0.510221
0.602538 0.240635 -0.038189
-0.387528 -0.659611 0.010449
-0.581434 -0.145687 0.592291
0.705294 -0.097317 0.797535
1.850347 -1.375692 -1.151019
0.702051 -0.193419 0.010995
0.838081 -1.063919 0.785433
2.614112 -0.006962 1.217192
1.583646 -0.383345 -0.824749
2.731935 0.011152 0.277254
2.460944 0.039530 0.024468
2.329880 -0.907382 0.639359
3.301505 -1.023860 1.192775
4.325180 -0.285878 0.243612
3.831806 0.994057 0.665260
3.164548 0.636045 0.742596
3.608259 0.116430 0.735914
4.173868 1.081670 -1.070597
-4.565874 0.004163 0.191852
-3.979620 1.162202 -0.552149
-4.169244 0.329983 -0.187854
-4.502040 -0.415753 0.206966
-3.099176 0.978754 0.523392
-3.966002 0.790173 0.310140
-2.935562 1.051535 -0.814004
-2.893911 -0.326024 -0.374588
-1.833372 0.107345 -0.418620
-2.246474 -0.544818 -0.367516
-1.024643 -1.330728 0.544601
-0.828855 1.378166 0.293087
0.127935 1.610537 1.207428
-1.156314 0.598988 0.557691
-1.024096 1.068624 -0.674055
0.426892 0.437862 -0.250319
0.097290 -0.762782 -0.374146
-0.415166 1.418339 -0.799616
0.364542 -0.042346 -0.754730
0.189910 -0.427597 0.415532
1.163451 -1.174750 0.355381
1.562621 -0.371642 -0.264437
2.276172 1.005785 1.588281
2.205294 -0.229415 1.521197
3.786485 -0.347822 0.735279
3.532529 -0.671229 -0.422888
3.252912 -0.868857 -0.321689
3.815374 0.363757 -0.775439
3.127215 1.736825 0.887967
4.523727 0.845936 0.757126
4.552683 -0.709166 -0.029862
4.493973 0.414631 0.521778
-4.894988 -0.207652 0.306111
-4.590515 0.385170 0.665960
-3.799108 1.015949 0.337232
-4.278776 1.489093 0.594323
-3.533322 0.666554 0.869214
-4.461717 -0.490403 0.039141
-3.127426 0.771600 -0.424619
-2.494655 -1.028862 -0.120043
-2.403787 0.837715 -0.599954
-1.830070 -0.381676 -0.455950
-1.340492 -0.111735 0.406790
-1.476468 1.051905 -0.258826
-1.971696 -0.012296 0.472020
-1.091163 1.354954 -0.558831
-0.658553 1.476844 0.429714
-0.365138 0.486531 0.552476
-0.387517 0.361062 -1.046702
0.903850 0.093410 0.240657
1.283994 0.165107 1.154996
1.239581 -0.490823 0.029535
1.366867 0.879016 0.596431
-0.277447 1.087288 -0.211936
1.789245 0.974942 -0.512566
2.305300 1.096575 0.738380
3.906439 0.716840 -0.501908
3.834007 1.528920 0.395301
2.727057 0.801714 -0.606546
3.705387 1.089437 -0.385161
3.888707 0.676235 1.037576
4.381852 1.944646 0.112385
3.675729 0.360364 -0.285330
3.569913 0.975715 0.105547
-4.837895 0.140674 1.156322
-4.922960 1.821959 1.331670
-3.657484 1.263300 0.127853
-4.181753 0.920932 -0.463732
-3.270090 0.925383 0.689483
-3.588750 1.175225 -0.175989
-2.394408 -0.480281 0.005334
-1.477598 1.927503 0.558882
-2.345211 1.966640 -1.185068
-1.432973 0.030041 -0.891005
-1.179479 0.662076 1.518905
-2.286598 1.652725 -0.357668
-1.703102 0.619016 0.723514
-0.419144 1.127264 -0.060416
-1.062358 -0.255205 0.542485
0.482028 1.761496 0.773220
-0.241151 0.603012 0.323913
0.141163 1.267983 0.632909
0.963339 1.481143 -0.277337
0.123605 -0.103969 0.504284
1.038896 1.226194 0.703181
1.391037 0.593558 -1.218370
1.872421 0.325758 0.109883
1.831604 0.702649 0.778621
2.532225 1.449037 -0.676921
2.701186 0.647788 0.491852
3.120365 0.516670 -0.414682
2.263240 1.128833 0.138985
3.352526 1.422377 1.181011
3.804335 -0.046160 -0.720771
4.849108 0.120387 -0.057997
4.880127 0.953355 -0.184365
-4.783180 1.408465 -0.167958
-4.434317 -0.230621 0.674518
-4.871913 2.546592 -0.865503
-3.639313 0.467836 -0.370361
-3.267867 1.806313 -0.417680
-2.749651 1.026421 -0.479023
-2.588345 1.380179 1.296953
-2.302458 1.733545 0.693026
-1.367222 1.462374 -0.599922
-2.568708 0.739080 -0.020967
-2.228357 -0.390468 -0.034207
-1.547384 0.919370 1.221842
-1.405679 0.865250 0.419317
-1.620191 0.357410 0.628661
-0.831641 0.269283 -0.630545
0.336399 1.598154 -0.215080
0.140495 0.239532 0.275375
0.162184 0.637240 0.304147
0.409138 -0.350326 0.077953
0.389924 1.918575 1.377032
1.021537 1.000039 0.379632
2.469091 1.471697 0.549760
2.461553 0.787303 -0.387998
1.983243 0.336893 -0.402440
1.747009 1.123877 0.109229
2.511199 1.694300 -0.544676
3.591947 1.817760 -0.033460
3.460583 1.643361 -0.740434
4.647433 0.703256 0.586931
3.302835 0.027087 0.881765
4.783123 1.078846 -0.647787
4.442681 1.230048 -0.061550
-4.176342 1.252673 0.591901
-4.745947 1.841370 0.187127
-4.493337 1.642353 -0.530640
-4.040359 0.901269 1.546457
-2.907053 1.464056 0.072501
-2.813752 2.633990 1.589139
-3.038774 1.657738 0.433760
-3.641462 1.159323 1.217116
-2.817943 2.194348 -0.155606
-1.367923 2.114218 -0.061968
-1.802516 3.042367 0.751832
-1.673080 0.092369 -0.859875
-0.493434 1.672164 -0.508804
-1.176881 0.763142 0.725026
-1.074774 0.342400 0.669271
0.221091 0.933207 0.473807
-1.395946 2.791806 0.725806
0.131363 0.867344 -0.341259
0.804363 0.324523 0.323512
1.823568 0.800540 0.598429
1.334880 1.239781 -0.952896
1.249485 2.037743 0.404522
2.385619 1.302038 0.475825
2.236790 1.287462 0.030245
2.044541 3.072712 0.122475
2.164548 0.400606 1.094988
2.794028 0.954148 -0.157129
3.589092 2.508724 -0.593026
4.453096 2.037168 -0.262814
4.386932 0.625531 0.350538
4.668978 1.894155 1.612270
3.939374 1.779617 -1.195248
-4.039122 1.720674 -0.851993
-3.341252 1.763529 0.189688
-4.219034 0.401061 0.258665
-4.348673 1.821508 -0.767518
-4.051314 2.020549 1.113248
-3.731153 0.451761 0.548562
-4.223943 2.375234 0.830640
-2.424854 1.965108 1.184233
-1.708353 2.619059 -0.318242
-1.118868 2.094991 -0.242755
-2.743289 0.893509 -1.250513
-1.158022 1.392749 1.186461
-1.537063 1.176093 -0.200677
-1.211390 1.371513 0.384821
-0.713426 0.487259 2.012141
-0.336285 2.606859 0.112625
1.423149 1.007156 -0.942195
0.962367 0.162235 -0.088475
1.147679 1.734596 0.067934
1.384597 0.854222 -0.139303
1.152875 2.150517 -0.254525
2.141636 1.836892 0.490677
1.665444 1.215050 -0.462643
1.668938 0.812832 1.050161
3.773140 1.247563 1.171881
3.280734 1.814712 0.890426
3.285674 1.958975 -1.685557
2.989234 1.908240 1.237317
4.690075 2.866754 1.046484
2.977036 1.706070 -0.091967
4.200204 1.587962 0.432093
4.811704 1.852650 1.119185
-4.650292 2.122462 0.609859
-4.958383 2.475752 0.370842
-3.828286 3.154114 1.033755
-4.155303 2.519534 0.302142
-2.921897 1.837494 0.117816
-2.714317 1.842916 -0.797671
-3.374892 1.673887 -0.285173
-3.456519 1.433061 0.413158
-2.054101 1.975389 -0.944164
-1.353461 1.336203 0.557899
-1.802210 2.055471 0.891547
-1.937071 1.187210 0.238988
-0.522892 2.753609 0.995122
-0.864566 1.451235 -0.654816
-0.713278 3.485310 0.131604
-1.219404 2.455036 0.726582
-0.601740 0.311113 0.412230
-0.561658 0.726231 -0.461514
-0.078166 1.613956 -1.172251
0.112395 2.450428 -0.305250
2.172556 1.441004 -0.676281
1.399467 1.774376 -0.797189
2.911977 1.700929 0.532770
2.726002 2.416528 0.687591
2.707684 2.897383 -0.175959
2.664011 1.689815 0.339234
3.650984 2.553870 -0.175007
3.704544 3.450737 0.112311
4.088167 2.227556 0.085485
3.287971 2.672021 -0.433152
4.577704 2.706829 0.870410
4.909731 2.268707 0.053536
-4.331769 2.085844 0.360109
-4.501809 3.302896 -0.303396
-4.900176 1.400769 -0.708040
-3.859331 2.161000 0.750367
-2.856624 3.168823 -1.016557
-2.430545 2.483573 0.334361
-2.579116 3.658393 -0.062952
-2.224307 2.250140 0.838294
-1.899019 2.469841 -0.086104
-1.754825 3.347140 -0.100076
-1.895951 3.121947 -0.074661
-1.072441 3.677159 -0.447138
-1.085439 2.397345 -0.262965
-1.973500 2.694456 0.866356
-0.918844 3.527408 0.332192
0.060889 3.059182 1.087638
-0.501994 1.708560 -0.384387
0.379906 1.750310 0.869954
-0.559726 2.587379 0.640076
2.205724 2.456395 -0.039454
1.014095 1.574759 0.329319
1.220728 1.675111 1.002326
1.552817 2.868789 0.201451
2.069841 2.930313 -0.373660
3.579449 2.833894 0.868788
3.102476 1.948512 0.641946
3.531507 2.223700 0.491813
3.134664 2.114857 0.178319
3.595116 2.588449 0.413217
3.815974 3.689951 0.549322
4.897693 2.224449 0.435250
4.517991 3.780431 0.927981
-4.039425 3.132640 -0.133023
-4.447205 2.488999 0.610330
-3.994727 2.859960 0.010792
-4.012489 1.722316 0.096181
-3.770243 3.226542 0.248654
-2.886508 3.617718 0.116276
-2.605109 3.280616 0.740733
-2.534970 2.856117 -0.142783
-2.405788 2.118052 -0.594798
-1.385055 2.954624 -0.181822
-1.903942 4.157728 -0.514218
-2.301834 2.090402 -0.110168
-1.461074 3.888368 -0.334260
-1.160017 2.943415 0.010451
-1.291693 3.437435 0.152207
0.269560 2.087698 0.527666
-0.490844 2.605475 0.950379
-0.583630 2.249909 -0.433489
0.606414 2.196025 0.353536
1.268918 2.157158 1.388168
0.726229 3.788017 -1.142583
0.238463 1.586791 0.878129
1.919479 1.964029 0.010691
2.098470 4.428320 0.875726
4.045959 3.882662 -0.367533
3.075226 3.120119 0.347334
2.563193 2.728334 0.518898
3.427712 2.624368 -1.368060
4.126319 3.485287 -0.355319
4.626828 2.462718 -0.439918
4.956834 4.210710 0.650438
4.535606 4.010149 -0.533464
-4.720278 2.440662 -0.120040
-4.205101 3.044132 0.525134
-3.339535 1.700788 1.352614
-3.452666 2.965789 -0.080729
-3.604462 2.478005 1.411946
-3.791163 3.801902 0.115457
-2.615051 3.616948 -0.680138
-2.631921 1.195925 0.357144
-1.850751 2.565722 -0.466933
-2.532048 3.260486 -0.530689
-2.122618 3.261777 1.791165
-2.123157 2.253545 -0.477293
-1.838619 3.504613 0.023356
-0.821845 3.927795 0.520404
0.207040 3.130543 0.282019
-0.187015 3.094483 0.781880
-0.157842 2.749173 0.473028
0.911701 2.029070 0.113703
0.487650 2.936845 1.221949
0.727602 3.833802 0.031024
0.807280 3.671525 1.042409
0.966381 3.947834 -0.352861
2.280186 1.775114 0.744991
2.651913 3.101632 1.281545
2.201721 1.867144 -0.411987
1.884707 3.992563 -0.059191
3.765692 2.835802 0.701450
4.498616 2.568408 0.018594
3.380036 2.766587 1.929481
3.124822 3.712780 -0.435899
4.089921 4.019054 0.153322
4.115186 2.717297 0.191872
-4.202764 2.666045 -0.226396
-4.741988 2.621810 -0.154426
-4.855725 3.076061 -0.448914
-3.360172 4.016149 0.593593
-3.935792 3.552627 0.566188
-2.624751 4.274630 -0.615440
-3.224749 3.225978 0.318792
-2.703498 2.964360 0.051581
-1.843369 3.675682 -0.125947
-1.728593 3.303045 -0.941945
-1.837915 3.274170 0.404217
-1.385061 2.605200 0.172880
-1.467978 2.393180 0.223806
-0.439601 4.365736 1.124665
-0.404051 2.838042 -0.496249
0.380171 4.289777 -0.742044
0.948961 3.464879 0.304066
0.788237 2.409002 -0.218643
1.370822 3.101454 1.733154
0.386452 3.160811 0.842544
1.939607 3.534427 0.047350
1.940881 3.381387 0.162862
1.409692 3.217151 0.587255
0.913588 4.137827 -0.214213
2.877995 3.278953 -0.029905
3.553995 2.867541 0.479959
2.707153 3.518305 -0.316010
4.531941 3.026500 -0.285165
3.016446 3.327925 0.215422
3.870264 4.384251 -1.043732
3.745460 2.389735 0.040937
4.705146 4.171055 -1.726388
-4.313356 2.528751 -0.052288
-4.510855 2.657994 0.050897
-4.020122 2.647389 -1.156716
-3.120052 3.842471 -1.054630
-4.382336 3.276394 0.299779
-2.995471 2.769879 -0.124570
-3.509004 3.823177 -0.558239
-3.494439 2.994244 1.572844
-3.730124 3.968591 -0.375500
-2.181851 3.362466 -0.683704
-0.522270 3.211761 -0.149350
-0.858223 3.548089 -0.476820
-1.994550 3.292700 0.116100
-1.129422 3.739376 1.072003
0.062604 2.681754 1.084243
0.377338 4.084283 1.035553
0.548572 3.521452 -1.017223
0.535666 3.251308 -0.244254
0.845785 3.436002 -0.194052
0.912516 3.929251 -0.181947
1.478943 3.686919 1.441530
2.254191 4.323565 0.551059
1.421266 2.811959 -0.144034
2.813753 4.147559 -0.518866
3.509691 3.493162 -0.226633
3.431439 3.637744 0.100542
3.631277 2.898296 0.066571
3.603177 2.976607 0.961902
2.749491 3.805187 0.593410
3.811878 3.287604 -0.865078
4.548882 3.849077 0.441642
4.847446 3.653465 0.806241
-4.970276 3.638464 0.280145
-4.226985 3.765657 0.477967
-3.925579 4.798071 -0.491281
-3.486262 4.339021 -1.078731
-2.660289 4.320277 -0.084665
-3.730591 4.465519 0.696956
-1.236170 2.783443 -0.336631
-3.419529 3.856532 -0.112341
-2.778193 3.000099 -0.644712
-1.241995 4.757156 0.304794
-2.732045 3.991842 0.012059
-1.069344 4.219614 -0.884382
-1.119065 2.856580 -0.553576
0.095980 2.855906 0.131030
-1.164803 3.723943 0.687263
0.229761 4.349141 -0.018787
2.087697 4.722981 0.530303
0.015489 3.502385 -0.091331
1.069913 3.115776 0.815089
-0.305243 2.611650 -0.297253
1.569487 3.990379 -0.915842
2.130858 3.542937 0.253566
1.405585 4.395188 -0.005513
1.954268 2.612239 0.335370
1.927864 4.982926 1.128611
2.613711 4.193950 0.373341
3.930421 2.749182 -0.114090
4.075234 3.234585 -0.475351
3.128607 3.437795 -0.315883
3.684947 2.978977 0.568883
4.633504 4.296418 1.289346
3.559069 3.922109 0.603092
-4.579477 3.601240 0.650115
-4.679759 3.643883 -0.726887
-4.719521 4.658907 -0.717192
-4.228872 4.602338 -0.167270
-3.037490 3.137884 -0.209575
-3.619067 3.660814 0.901544
-2.510665 4.742965 0.166316
-2.535411 4.513941 0.778688
-3.156139 4.976878 1.529053
-2.632436 3.299120 0.225120
-1.236385 3.240091 1.532944
-1.682284 4.924542 -0.759404
-1.169997 4.434557 -0.388157
0.361385 2.835941 -0.015490
-0.383815 4.064847 0.142511
-0.840879 4.249931 1.630975
-1.826420 3.249108 -0.008768
-0.174124 3.968607 1.184357
1.315305 4.035705 -0.285104
2.196113 4.812519 0.258710
1.647300 4.193837 0.621248
2.425147 4.935183 0.243225
1.748556 3.787527 -0.019347
3.212736 3.161581 0.011060
3.377162 4.909487 -0.043347
3.969252 4.391809 -0.362307
3.788631 4.683491 -0.449171
4.302216 3.234167 0.007678
2.931778 4.114401 0.388388
3.809229 4.253387 1.554292
3.976188 4.656663 -0.116598
4.933111 4.986774 0.796968
-4.044812 4.262717 0.151422
-4.942679 4.315245 1.030324
-3.609765 4.888460 -0.712059
-4.625308 3.679261 -1.785667
-4.223986 4.936775 0.291961
-3.011535 3.758750 -0.445811
-2.765335 4.920472 -0.253315
-3.410211 4.684999 0.475949
-2.558765 4.639461 1.746622
-2.390712 4.134826 0.177337
-1.923451 3.795024 0.796194
-0.971174 4.400554 0.990911
-0.816847 4.265671 0.625394
-0.583047 3.797097 0.110137
0.114986 4.840480 0.666184
0.746842 4.486212 -0.260791
-0.372059 4.351134 -0.746151
0.086834 3.341960 1.078748
2.319952 4.017136 0.446273
1.374196 3.915025 0.889300
1.302865 3.686368 -0.749226
1.420196 4.366393 -0.480142
1.629033 4.907719 -0.778231
3.155214 4.680368 0.079140
2.974174 4.912808 1.052164
2.194791 4.871708 -0.341670
3.304162 4.053385 -0.028610
2.209160 4.613944 -0.351891
3.794518 2.989055 -0.156505
4.899806 4.219573 0.936420
3.395706 4.197805 0.439136
4.015812 3.898597 -0.082162
-4.395829 4.912996 0.073339
-4.816032 4.439709 0.107511
-4.707334 4.639153 0.228334
-3.928097 4.599262 -0.394467
-4.622931 4.796448 -0.108517
-3.120548 3.438409 0.055753
-3.612297 4.413798 -0.329261
-2.510131 4.710910 0.701874
-1.955192 4.771943 0.198885
-2.086623 4.661734 0.974103
-0.385841 4.687072 -0.174826
-1.282272 4.947804 0.508494
-1.070600 4.512182 0.465047
-0.670463 4.439644 1.202916
-0.228139 4.937637 -1.632684
-0.246997 4.343076 -0.480420
0.664501 4.547972 -0.770873
1.034449 4.365455 -0.030436
1.144947 4.971635 0.690628
2.079175 4.967838 0.175860
1.439817 4.771961 0.683227
1.401173 4.755601 1.184355
1.936454 4.503326 -0.630735
2.213433 4.861715 -0.036770
2.854378 4.961490 -0.081183
2.415698 4.372634 -1.186407
3.786208 4.233475 0.085003
3.065135 4.641650 0.905699
4.672889 4.929388 0.632610
4.776727 4.988139 -0.957809
4.753308 4.623960 0.353306
4.720614 3.815942 0.644297
-4.116645 -4.751583 0.843541
-3.702835 -4.583190 0.007420
-4.812147 -4.697625 0.376563
-3.235196 -4.294278 0.622869
-3.783385 -4.459260 0.497109
-3.159785 -4.907090 0.923666
-3.779051 -4.174496 1.295254
-3.003929 -4.820522 -0.179337
-2.920315 -4.705508 0.845103
-2.286519 -4.569877 0.250634
-1.045916 -3.989833 1.000806
-0.677933 -4.485087 1.542288
-0.086993 -4.157110 0.902104
-1.729250 -4.666756 1.275347
-0.887023 -4.963157 0.609952
0.108566 -3.542144 -0.160906
1.114323 -4.549067 0.902388
-0.273089 -3.565957 -0.011054
2.039320 -4.165512 -0.341166
0.227771 -4.604300 0.164844
1.726143 -4.395366 0.183624
1.451854 -4.850849 1.018302
3.157800 -4.731306 0.840257
4.012547 -4.734304 -0.716579
3.254440 -4.691030 -0.077629
2.687157 -4.342520 0.876220
2.775836 -4.640420 0.804707
3.914544 -4.744769 0.523649
4.108218 -4.857411 1.768038
3.411587 -4.958150 0.419413
4.005686 -4.128055 0.419736
4.636101 -4.471755 -0.178018
-4.735834 -4.706373 -0.376875
-4.726417 -4.058671 0.201626
-3.648475 -4.905313 0.027741
-3.064896 -4.576666 -0.207592
-4.348013 -4.605623 0.175151
-3.135921 -3.411731 1.264211
-3.396867 -3.902357 0.164278
-3.674887 -4.681641 -0.317554
-2.210220 -2.991638 -0.265172
-1.791205 -4.501575 -0.016051
-2.492984 -4.387588 1.934119
-0.913125 -3.927431 0.190972
-0.801138 -4.981941 -0.634525
-2.206061 -4.495736 0.581648
0.486046 -3.881369 0.207220
-0.577521 -4.333228 0.137611
1.644989 -4.034285 0.808984
0.092892 -4.171092 0.126897
-0.181135 -4.233529 0.349374
0.649363 -4.799293 0.989868
2.540983 -3.944851 0.638253
1.350448 -4.503952 -0.211837
2.393690 -4.689476 0.425630
1.990681 -4.946578 1.875882
2.402517 -3.994076 0.192456
3.234044 -3.025379 0.342819
3.300790 -4.117058 0.866844
3.969616 -3.616919 0.045299
3.694510 -4.492532 -0.385988
3.887654 -4.584996 1.862784
4.956940 -4.936096 0.092498
4.326250 -4.269501 0.932434
-4.961225 -3.800744 0.007293
-4.986107 -4.355938 1.060628
-3.904258 -3.570062 1.224546
-3.642804 -3.890530 -0.129780
-3.649975 -3.966262 0.722009
-3.504440 -3.946907 1.044674
-2.678201 -3.687688 0.350012
-2.806517 -3.889217 0.238002
-2.300517 -2.152499 -0.505030
-2.393999 -4.503679 -0.051140
-1.004741 -2.952465 1.617344
-1.293027 -3.685974 0.863556
-1.617034 -4.591756 -0.030686
-1.934203 -4.988308 1.622186
-0.951366 -3.607411 0.246908
0.297730 -4.782095 1.188244
0.231174 -4.937738 0.942049
0.409777 -4.538657 1.796295
0.406142 -3.932649 0.482817
0.915832 -4.281707 -0.141251
1.939389 -3.978107 0.747207
0.995379 -3.937687 1.427270
0.565464 -4.027109 1.052346
1.646496 -4.887341 1.367415
3.891223 -3.597702 0.313248
2.831327 -3.914288 0.657125
3.545538 -4.837706 -1.253311
3.448084 -4.989104 2.218203
4.090532 -3.050234 0.985086
4.504746 -4.054463 2.242916
4.254418 -4.812848 0.562233
4.979065 -3.847903 0.816512
-4.491622 -4.575943 1.414077
-4.548045 -3.244147 0.595933
-4.898749 -3.611076 1.260875
-4.104655 -3.959556 1.130211
-2.958293 -3.747485 1.125425
-3.666357 -2.899843 1.020306
-3.211951 -3.664792 1.286297
-2.605150 -3.469740 0.207457
-2.777678 -2.989285 -0.631458
-1.210011 -3.955149 -0.458769
-1.790114 -3.574370 1.429720
-0.682313 -4.796894 0.020863
-0.247790 -3.444344 -1.327397
-0.916282 -4.740812 -0.319148
-1.157143 -4.185564 -0.047288
-0.336949 -4.277758 0.043371
-0.530120 -3.464877 1.642708
0.269093 -4.500772 0.848782
-0.296289 -3.250989 0.381321
0.730402 -4.863880 0.499500
0.693332 -4.308346 0.115376
1.065845 -4.394338 0.205449
1.759802 -4.815399 0.591365
2.010068 -4.004863 -0.244569
3.255585 -4.868689 1.098643
3.188654 -2.678932 0.298249
3.934300 -3.976154 1.100685
2.495961 -4.969615 -0.649051
3.436354 -3.834554 0.733621
4.875651 -3.789653 0.949201
4.668459 -3.426832 -0.114152
4.267579 -3.257041 1.673491
-4.191215 -4.343906 0.246096
-4.784525 -3.984838 1.069479
-4.329867 -2.886765 0.346909
-3.946712 -3.780612 0.706604
-4.077255 -3.002724 0.025499
-2.590903 -3.804901 0.159514
-1.590809 -3.881847 -0.071747
-1.445409 -4.005233 -0.759878
-2.278497 -3.647142 -0.514939
-2.141633 -3.153401 -0.724753
-1.482496 -4.071325 1.572587
-1.487325 -3.371939 0.851831
-2.681750 -2.649820 0.753429
-1.222409 -2.835132 0.748950
-1.393411 -3.680391 -0.145034
0.943408 -2.668699 -0.051104
0.043686 -3.263908 0.779267
-0.500290 -3.518770 -0.515334
1.819397 -3.619292 -0.366751
0.262300 -4.125013 1.415996
1.328837 -4.590485 0.030346
2.360935 -2.803779 0.444335
1.710164 -3.610615 1.160359
1.091930 -3.781372 -0.342565
2.145624 -3.193923 0.778171
3.813148 -1.828626 1.207911
3.737548 -4.105858 1.132364
4.450675 -2.600713 1.048635
3.512421 -3.187226 0.987230
4.385497 -3.178495 0.840270
4.606917 -3.839340 1.286060
4.187665 -3.401753 1.604169
-4.644802 -2.591571 1.519301
-4.669151 -3.867774 0.781922
-4.271842 -2.668395 1.687608
-3.818267 -2.778413 1.376424
-4.836648 -3.000913 1.117559
-3.822631 -3.681485 1.062608
-2.379343 -3.795727 0.938606
-1.639288 -3.997482 -0.312395
-2.890372 -4.444285 0.314072
-1.931309 -3.699479 1.882784
-1.343870 -2.723772 0.209817
-1.554739 -2.966473 0.213562
-1.058399 -2.085657 0.484037
-0.833080 -4.135356 -0.761649
-0.764378 -3.024580 0.419304
-0.366188 -3.322584 0.114390
-0.209175 -3.081504 1.598205
-0.016147 -3.465494 0.086065
1.288261 -2.969416 0.242767
1.953768 -2.965967 1.435295
0.896203 -3.798558 0.315847
1.386088 -2.832380 0.549257
1.557964 -4.183395 0.190571
0.799354 -3.054411 -0.237884
3.190700 -4.348838 0.814240
3.437201 -3.881660 -0.221254
2.815744 -2.846349 0.491954
3.906358 -3.284369 0.065402
2.446661 -3.071808 0.404067
3.814335 -2.623234 -0.095388
4.501516 -3.592795 0.603576
4.754340 -3.146463 0.947619
-4.866442 -2.177983 -0.191049
-4.726960 -3.217176 0.400074
-4.628259 -2.202157 0.184725
-4.553921 -2.560723 1.050823
-2.426380 -3.888568 0.672960
-2.966781 -3.457148 0.249417
-4.325258 -3.111996 0.723875
-2.407689 -3.865736 0.424246
-2.373964 -3.038096 0.332792
-2.385693 -2.106228 0.402517
-1.286409 -2.986382 0.970442
-2.536373 -3.029512 0.396223
-1.657557 -3.648315 -0.197761
-1.572657 -2.959518 0.940123
-0.280248 -3.134742 -0.550202
-1.327229 -3.651394 0.029078
-0.503388 -4.126050 0.639961
0.099023 -3.023883 0.607406
1.358452 -2.693014 1.555675
0.379394 -1.946468 1.225702
0.942281 -3.553999 0.281154
1.101517 -3.417872 0.802145
2.460727 -3.210276 0.399421
2.776969 -2.109688 1.890170
3.021211 -3.527816 0.232564
1.943039 -2.523332 -0.024402
2.946979 -2.267030 0.335892
2.941682 -2.339521 1.401243
3.852699 -2.288082 1.064472
4.347681 -2.951516 -0.133886
4.066625 -1.750240 0.452967
4.259728 -2.771217 1.495618
-4.711501 -2.443823 0.757813
-4.198976 -2.721020 0.796207
-2.657345 -2.939560 0.124789
-3.365575 -2.398639 0.539937
-3.317352 -2.508734 0.792232
-2.757887 -3.106915 -0.151048
-1.979907 -3.564894 0.157089
-1.962185 -2.457169 0.672268
-2.133223 -2.805034 0.398004
-0.526065 -2.835354 0.372091
-0.853765 -2.587545 0.084954
-2.296495 -2.492037 0.332176
-0.438621 -4.058114 0.927847
-1.056177 -2.834021 1.980783
-0.072533 -3.268950 -0.626025
-0.676151 -3.199996 0.129120
0.224903 -2.812851 1.063077
0.111104 -2.338283 0.458400
0.143316 -2.147625 -0.597203
0.315175 -2.727815 0.585224
1.524016 -1.467691 0.480821
1.868782 -1.906512 0.225691
1.248504 -2.668716 1.036296
1.834190 -2.842847 -0.162347
3.933330 -3.127061 0.813961
2.976623 -2.705432 2.291683
3.865714 -3.181257 1.395774
3.890833 -2.029814 -0.263384
3.421585 -2.875659 0.544006
3.793747 -2.819572 1.053436
4.618269 -3.518946 0.386966
4.680709 -2.147304 0.201909
-4.679224 -2.346441 1.726377
-4.061864 -3.509470 0.764440
-4.737018 -1.964099 1.302440
-3.179026 -1.688501 -0.620872
-3.050872 -1.373148 0.283709
-3.478504 -2.236392 0.065632
-2.599046 -1.436559 1.734515
-2.626443 -2.251513 0.103128
-2.479416 -1.772171 -0.995771
-1.444467 -2.205158 0.789037
-2.252873 -2.034998 0.378242
-1.636919 -2.027797 0.869954
-0.069954 -1.776325 0.013978
-2.134882 -3.293335 1.607320
-1.159041 -2.737616 0.946438
0.424671 -0.679446 -0.452141
0.109450 -2.106282 1.734373
0.502615 -2.585402 0.691041
0.602060 -1.058218 0.455102
1.838061 -3.127270 -0.078217
1.510390 -2.007672 0.999878
2.211982 -1.718984 -1.084433
2.615741 -2.389116 0.184105
0.976031 -3.165965 1.064323
1.722995 -2.058234 1.181782
3.743761 -1.566250 1.454598
4.096615 -1.904280 0.817035
3.657963 -2.645250 -0.113103
2.586550 -0.619196 0.467539
3.880830 -1.335890 1.093584
4.939736 -2.596552 0.168875
3.944620 -2.490844 0.372946
-4.742224 -1.733614 -0.014352
-4.862675 -1.304538 -0.233767
-4.759902 -2.046997 0.459099
-4.290459 -2.449757 -1.333288
-4.168256 -1.735392 1.075040
-4.022693 -1.981168 0.479432
-3.254606 -1.876574 -0.840504
-2.653261 -2.331787 0.397565
-1.920075 -1.512299 1.311008
-1.819895 -1.870482 0.997555
-1.832793 -2.212508 0.627516
-1.050771 -2.162240 0.589725
-1.918555 -1.989586 1.477819
-0.928937 -2.047693 0.687283
-0.820888 -1.302430 1.216333
0.061390 -2.425681 -0.464329
0.116640 -2.140075 -0.347838
-0.366790 -2.040090 0.654291
2.679006 -2.386225 0.345326
0.691524 -1.537526 1.025259
0.802471 -1.607772 0.959304
1.898800 -2.371497 1.140811
2.271942 -1.245560 0.814350
1.465168 -2.253530 0.075077
2.757449 -2.154190 0.472261
2.513033 -1.513581 0.768086
2.393591 -2.609876 1.179347
3.087128 -3.799134 0.012993
3.691667 -2.789480 1.846106
3.800384 -2.651280 0.579520
3.847637 -2.068240 0.312922
4.753412 -1.552934 1.515598
-4.356641 -0.869607 -0.141158
-3.542594 -1.428566 0.180271
-4.435421 -2.592493 0.471333
-2.704460 -1.787514 0.167336
-3.343060 -1.551642 0.446983
-3.264677 -1.140407 0.279590
-3.085529 -1.823406 0.401232
-2.593546 -0.443116 1.208469
-3.033601 -1.866560 1.321732
-1.668017 -2.434328 -0.572053
-1.199084 -2.308974 0.143636
-1.173635 -2.354033 1.225533
-2.782981 -2.114090 0.635663
0.051217 -1.657320 0.387766
-0.054002 -2.356936 -0.201987
-0.226608 -2.026923 -0.020452
0.305238 -1.090215 1.070154
-0.218161 -1.337308 0.588566
1.523598 -0.353479 0.248643
1.295478 -2.304746 1.468271
1.744596 -2.676375 0.069556
1.425852 -0.800960 1.126073
2.112811 -1.775753 1.186192
2.609214 -1.989181 0.122482
2.973855 -0.559873 0.612113
2.055091 -0.871519 1.300590
3.103538 -1.928654 0.812183
2.602963 -1.148412 0.644724
4.698302 -2.246901 0.709090
4.190845 -1.119636 0.987764
3.142366 -2.387511 0.664443
4.504419 -1.297928 0.622592
-4.596283 -2.282980 0.629986
-4.900315 -1.032556 0.271237
-3.430136 -1.574234 0.810348
-3.917907 -0.447547 0.015757
-3.116531 -1.160208 0.204517
-3.271953 -1.529254 -0.063958
-4.004680 -1.098632 1.074587
-3.288583 -0.934804 1.381884
-3.130278 -1.017278 0.309485
-2.122589 -1.329010 0.758518
-1.110686 -1.105080 0.927865
-2.085290 -0.806321 0.439600
-1.659049 -2.092400 1.038285
-1.317390 -2.083894 0.364517
-1.089856 -2.217116 -0.390040
-1.167892 -0.943295 0.805765
-0.325105 -1.901011 -0.260242
1.436038 -2.030818 2.232639
0.327822 -0.668027 0.307647
0.679956 -1.208328 0.524682
1.616464 -1.110953 -0.332956
1.610813 -0.960260 0.712279
1.849513 -0.377867 -0.032337
2.404557 -1.952274 -0.146118
3.489542 -2.233082 0.729239
3.588593 -1.294526 0.655956
3.256427 -1.629776 1.388340
2.875491 -1.776411 1.255746
4.631720 -0.975392 1.284744
4.954165 -0.832322 0.991038
4.879484 -1.250546 0.473774
3.691093 -1.010011 0.696964
-4.612050 -1.451775 0.254958
-4.766351 -0.778011 1.247625
-3.889691 -1.064533 0.718343
-2.557417 -1.266374 0.814921
-3.673928 -1.469731 1.424330
-3.505560 -0.915375 1.908156
-2.810083 -1.635256 0.900508
-2.250698 -2.048541 -0.353068
-3.333771 -1.560694 1.190728
-3.059039 -0.063991 -0.321313
-1.357164 -0.998705 0.946133
-0.373255 -1.002987 0.170968
-0.662989 -1.682380 -1.025513
0.400896 -2.011753 0.279348
-1.165604 -0.699211 0.867088
-0.700541 -1.541274 -0.404302
-0.104497 -1.422583 -0.243396
-0.572531 -0.881596 1.389603
-0.007936 -0.847105 0.093520
1.929908 -1.869416 0.357254
1.945212 -1.835320 0.795826
2.028738 0.055656 0.554107
0.580319 -0.883050 0.908069
1.685858 0.563919 0.388734
1.922349 -0.477834 1.711316
3.426534 -0.512189 1.311661
2.457657 -0.134711 0.853551
4.107511 -1.352815 1.218653
2.731178 -1.992469 1.594775
4.388942 -0.999129 0.542605
4.256760 -2.834412 1.022413
4.616182 0.317538 -0.509915
-3.977415 0.210014 0.104888
-3.997492 -0.878600 0.635449
-4.979167 -1.081476 0.114450
-2.975566 -0.264007 -0.028370
-3.928365 -1.609470 0.283755
-2.566854 -1.075859 0.263872
-3.503196 -0.762203 0.537748
-2.667055 -0.093346 1.025068
-2.530249 -0.869159 -0.439429
-2.245424 -1.251927 0.320676
-2.042579 -0.888850 0.282900
-1.563496 -0.623561 0.763536
-0.003936 0.513438 0.407687
-1.192389 -0.455567 -0.197367
0.208212 -0.563400 0.103237
0.218815 -1.348266 -0.830427
0.569735 -1.529056 0.064643
0.015187 -2.054455 1.376525
1.424255 -0.767753 -0.199524
1.577552 -1.491645 -0.090577
0.969403 -0.829513 0.686387
2.431133 -0.354964 0.364681
2.378860 -1.795443 0.939848
2.583224 -1.668847 0.866326
2.139215 -1.296863 1.204724
2.991464 -1.111877 0.477262
3.330627 -0.027257 -1.403812
4.199974 -1.745422 2.114568
4.799454 -1.487643 0.335772
4.091773 -0.990397 -0.299869
4.789759 -0.495836 1.896884
4.906441 -1.042460 -0.092185
-4.931582 -0.041794 0.865267
-4.586855 0.071133 -0.108403
-2.683945 -0.950700 0.455666
-4.968538 -0.775302 0.272799
-3.666570 -0.895523 0.246799
-3.477511 -0.067248 0.914222
-2.300544 -1.008997 1.336096
-1.607481 -0.364799 0.927822
-2.711744 -0.882375 0.624780
-2.463098 -1.106686 0.127164
-1.772816 -0.256781 0.561068
-1.526437 -0.039244 1.024707
-1.611930 -0.305028 -0.125262
-0.757654 -0.338563 0.551102
-0.419705 -1.167103 0.335937
-0.410363 -1.312448 0.379582
-0.411002 -0.759070 0.153639
0.422333 -2.212026 0.467536
-0.677570 1.264959 0.243355
0.015123 0.356183 0.983350
1.768515 -0.589733 -0.156820
2.262874 -1.042503 0.203576
1.707537 -0.862994 0.011092
3.547893 0.469268 -0.328974
2.990845 0.265406 0.729086
3.202638 -0.029189 0.233043
3.010285 0.584707 0.889291
4.815697 -0.329135 0.532229
3.187261 -1.010160 -0.599618
3.651912 -0.605932 1.633214
4.945973 -1.053459 0.736691
4.878409 -1.150867 -0.356736
-3.650217 0.956607 1.602421
-2.790336 -0.322662 0.899611
-4.046029 0.410702 0.481639
-4.334500 0.072771 1.485585
-2.473676 0.631730 0.729786
-3.966721 -0.144924 0.047592
-2.587268 0.606691 0.226409
-3.639449 0.339744 0.743742
-2.048962 0.276957 0.231262
-2.015511 0.173976 -0.611137
-0.922089 -0.204130 0.278988
-0.470825 0.131493 0.311492
-1.025457 0.866457 1.232607
-0.856793 -1.147807 0.398287
0.245480 0.336875 -0.329777
-0.225291 -0.349424 0.095806
-0.518430 -0.694512 0.351384
0.576028 -1.538361 1.659108
2.173640 -0.900717 -0.138233
1.452118 -0.019537 0.214588
0.629131 -1.034632 0.933702
2.087206 -0.050210 0.984840
1.518142 0.242280 -0.158279
3.665120 -0.427131 -0.461282
2.855399 0.637888 1.354295
2.305445 -0.194836 0.228194
2.329685 -0.281169 1.279179
4.624809 -0.003197 0.584817
3.584212 0.052056 1.356518
3.810700 0.418704 0.219096
3.550465 -0.064416 0.877474
4.437899 1.514595 -0.231963
-4.513865 -0.511138 0.406697
-3.880232 1.385215 0.261945
-3.595546 0.086875 0.307063
-4.300250 0.199474 0.601421
-3.665690 0.538929 0.008643
-2.881944 0.620893 1.568912
-1.914312 1.761673 0.348230
-3.394428 0.371305 0.166609
-1.600289 -0.368385 -0.332514
-2.100373 -0.001173 0.917633
-0.804926 -1.884888 0.297127
-1.610811 1.297302 0.651493
-1.328854 0.405734 0.199582
-1.272130 1.055202 0.830308
-0.121529 0.532980 -0.328068
0.303873 0.872963 0.334152
0.359000 -1.179313 -0.395947
-0.272209 0.205612 1.060816
0.214088 0.956119 -0.669804
1.298498 -0.853568 0.496191
1.366714 -0.208038 0.669875
1.257867 -0.316946 0.050607
1.758353 1.498843 1.720652
2.411182 -0.076608 1.996356
2.531648 0.061605 1.629609
3.319530 -0.994955 -0.105872
3.340171 -1.291787 -0.373482
3.168955 -0.532399 -0.650895
3.023939 1.222366 1.682968
4.687471 0.879338 1.287261
4.889321 -0.471659 0.624689
4.502641 1.035266 1.042011
-4.991708 -0.843297 1.080282
-4.822064 0.721865 1.357886
-4.152094 0.745319 0.218609
-3.822813 1.123867 0.514670
-3.240045 1.220112 0.935884
-4.822783 -0.782750 0.595886
-2.882249 0.492818 0.237666
-2.463144 -0.538951 0.810798
-2.599270 1.395679 -0.438885
-1.709306 -0.037943 0.590771
-1.364423 -0.557337 0.878455
-1.526448 1.472125 0.474798
-1.460643 -0.317414 0.763453
0.197332 0.208129 0.994864
-0.597609 2.099982 0.983811
-0.096680 0.489683 1.382725
-0.589924 1.130777 0.340177
0.812247 -0.540055 1.327649
1.424567 -0.092148 0.356664
1.290071 0.194860 -0.265771
1.531831 0.864902 0.769408
1.104509 0.794160 0.296057
1.270506 1.001113 0.504150
2.227575 0.892877 0.542438
3.775710 0.280216 0.047591
3.330815 1.993484 0.356126
2.738253 0.983970 -0.735162
3.557289 1.467502 -0.377603
4.139189 1.383292 0.746257
4.493292 2.033409 0.179610
4.277121 -0.368094 0.050901
3.869897 0.660900 0.495448
-4.675297 0.700359 0.832541
-4.465600 1.960562 1.175123
-4.288806 1.083136 0.023814
-3.354151 0.911833 -0.379738
-4.111534 1.067613 0.683139
-3.926822 1.318739 -0.926816
-2.759488 -0.743503 0.648388
-1.814703 1.487836 0.752120
-1.679707 1.989537 -0.701503
-2.232004 0.901847 -0.646148
-1.564420 1.242617 1.716648
-1.666220 1.824759 0.998528
-1.553125 1.591873 1.307853
0.107917 0.623841 1.063611
-1.874004 -0.008980 0.698646
0.676351 1.338705 1.022351
-0.044694 1.109856 0.557536
-0.007405 -0.557595 1.372909
1.299287 0.694467 -0.470176
0.443724 0.261013 0.931373
1.269193 1.543422 0.179510
1.435984 0.074456 -0.906208
0.951913 0.786017 0.587205
1.672210 1.055384 1.099063
2.941691 2.454593 0.502495
2.806164 0.992345 0.323457
3.384187 0.285769 -0.491637
2.853626 1.415281 0.263263
3.942730 0.913799 0.818235
4.083758 0.262783 -0.025318
4.986639 -0.195130 0.165526
4.933750 1.078486 0.800197
-4.911413 1.894648 0.460909
-4.634534 0.294025 0.535621
-4.123235 1.048920 -0.189101
-3.975623 0.840472 -0.450817
-2.895774 1.817101 -0.202588
-2.617225 1.541929 -0.281266
-2.483145 1.319807 0.823668
-2.891290 1.960416 0.273099
-1.180084 0.765827 0.096989
-2.147051 0.076078 0.129304
-1.771593 0.156428 -0.229847
-1.166525 0.481329 0.223502
-1.765018 0.963161 0.821313
-1.308725 0.502843 1.394500
-0.937835 0.648702 -0.262067
0.862649 0.632483 1.278106
0.002359 -0.087108 0.267147
-0.435375 -0.171673 -0.685901
0.304730 1.270292 0.434138
0.627127 1.656447 1.792643
0.555426 1.304069 0.445187
2.752616 1.166337 1.037971
2.385137 0.981824 0.276918
2.362312 0.095243 -0.197916
1.686465 1.541885 1.083832
2.564896 1.493984 -0.349857
3.885301 0.955286 -0.625238
3.581230 1.533927 -0.212141
4.130984 -0.037840 0.510468
3.504635 0.244228 1.278624
4.801347 1.073209 -0.362023
4.596448 0.792698 -0.605390
-4.489638 2.334477 1.065415
-4.403390 1.977192 0.652532
-4.397978 1.081303 0.137824
-3.070453 0.248119 1.485206
-3.076455 2.122577 0.488629
-2.656556 2.337253 1.540712
-4.055689 1.541607 -0.532573
-3.110396 1.358349 1.253355
-2.025024 2.265907 0.675585
-2.369042 1.752958 -0.186142
-2.238709 2.335331 1.391075
-2.050641 0.830179 -0.398871
-0.957852 1.801842 0.011529
-0.983953 1.544718 0.359024
-0.918574 0.431741 0.697084
0.251072 -0.077039 -0.321562
-0.993722 2.830970 1.482656
-0.898483 0.742009 -0.433792
0.866246 1.425857 0.482795
2.133806 1.281885 0.648474
1.801574 1.836353 -0.799833
1.325775 1.906850 0.129457
2.924758 1.845555 0.275910
3.092567 1.465185 -0.211202
2.785298 2.250614 -0.017931
2.121529 0.712512 1.211939
1.906049 0.760894 0.341208
4.287607 2.205795 1.100124
4.038080 1.609839 -0.630393
3.593638 -0.218555 0.611024
4.735371 1.554464 1.972230
3.945749 1.565771 -0.160073
-3.768833 1.306005 -0.047687
-3.790867 1.927608 0.378832
-4.257196 0.509028 0.522584
-4.404299 1.715974 0.264488
-4.023836 1.829712 1.049870
-3.274706 0.428419 0.279432
-4.443443 1.578353 -0.061289
-2.499808 1.638301 1.756169
-2.064260 2.587666 -0.207193
-0.782782 1.461705 -0.127811
-2.422863 0.552459 -0.457897
-1.295509 2.249000 1.153809
-1.682263 0.844883 -0.007397
-0.744728 0.405654 0.721102
-0.542116 0.860618 1.826882
-0.141531 2.394679 0.469769
1.175577 1.324861 -0.590373
0.796819 0.971944 0.508208
1.228617 1.800838 0.537038
1.561615 1.374483 0.251003
2.259760 2.163049 -0.005368
1.127936 1.047734 0.651093
1.464531 1.756696 0.254100
2.091717 1.442071 0.603725
3.476419 1.053466 1.377982
2.637877 2.144136 0.154047
3.620942 2.369287 -1.688194
3.507390 1.182613 1.149009
4.688754 2.630839 1.884733
3.319135 2.103761 0.094575
4.247128 1.394009 1.574586
4.104286 1.284403 1.735506
-4.484396 2.368032 1.337996
-4.988715 2.140753 0.643799
-4.282755 2.084522 1.754898
-4.849688 2.067592 0.842754
-3.166116 1.954688 0.618200
-3.206485 1.708280 0.302861
-3.612027 1.569280 0.334997
-3.201160 1.325537 0.465407
-2.256476 1.811831 -0.907133
-1.155986 1.597908 1.135305
-2.194595 2.102675 1.012909
-2.104233 2.311733 0.435477
-0.888010 3.224144 0.829306
-0.842619 2.310568 -0.320835
-0.592474 3.059169 0.076055
-0.871849 2.146637 0.771803
-0.126320 1.373047 0.317843
-0.862790 0.992236 -0.398824
-0.226088 2.802324 0.005631
0.332639 2.031943 -0.112422
1.944405 1.344258 0.564749
1.501305 1.965487 -0.895258
3.286380 1.805142 1.083511
2.965202 3.149804 0.552262
4.214797 1.922151 0.842785
2.839086 2.206403 1.016814
4.274220 2.749029 -0.010681
4.711829 3.287008 -0.000515
3.598336 2.379241 0.595295
3.240360 3.248387 -0.407777
4.155097 3.075119 2.119392
4.756439 2.103657 1.360303
-4.140070 2.289735 1.465878
-4.794870 2.479572 0.756747
-3.909635 3.399146 -0.028770
-3.826866 1.857168 0.544352
-3.228912 2.226555 -0.702152
-3.094668 2.161087 0.671268
-2.773493 3.096842 -0.254390
-2.566464 2.865842 0.642889
-1.999190 2.373892 0.238080
-2.394817 2.427748 0.475819
-0.689634 3.018247 0.282083
-1.348358 3.168595 0.520140
-1.226654 2.600996 0.764095
-1.571453 2.185576 0.765485
-0.608489 2.634847 1.089051
-0.122146 2.167815 0.449589
-0.917310 1.249716 -0.261826
0.686737 1.962833 0.896850
0.011603 2.889104 0.500757
1.605602 2.003552 0.173890
1.776505 1.431072 0.822667
1.117740 1.341637 0.906096
2.045096 2.445929 1.507274
2.586835 2.954315 0.689396
4.018898 2.045940 0.605224
3.477637 2.252071 0.650544
3.790043 2.221178 0.147381
3.864760 2.481934 0.543023
3.110902 1.632375 0.739935
4.328908 3.015543 1.783734
4.527612 1.988230 0.668899
4.613528 2.416058 1.156069
-4.512087 2.967156 0.064561
-4.108254 3.189365 0.140505
-3.710150 2.630239 0.014465
-4.757740 1.745076 0.722019
-3.745352 3.288078 1.639586
-2.872068 3.659978 0.286940
-2.512783 3.186567 -0.197812
-2.688577 1.874783 -0.600654
-3.222207 2.541226 0.351797
-2.111696 2.164762 0.777816
-1.843762 4.805979 0.369397
-2.000214 1.992004 -0.064471
-1.058254 3.998259 -0.593443
-1.191000 2.940747 0.247780
-0.837714 2.807127 1.311115
-0.163293 2.175949 0.134970
-0.171777 2.557380 1.315542
0.271723 2.498184 -0.846924
1.055032 2.539734 0.741921
1.241372 2.884217 2.141071
1.270478 2.633470 -1.231910
0.445527 2.614983 1.294836
2.102720 1.967256 0.002892
2.580168 3.502183 1.200509
3.976957 3.560122 0.423999
3.248517 2.975327 0.064986
3.029920 2.155586 1.370862
2.766848 2.675361 -1.103920
3.637170 2.672037 -0.289814
4.252015 2.375540 0.925715
4.777481 4.036984 1.751698
4.272440 3.523041 -0.360979
-4.726635 2.220359 0.392098
-4.545760 2.479730 1.062552
-3.857419 1.802115 1.643907
-4.765361 3.087716 0.079590
-3.599984 2.646509 1.618505
-3.274853 3.048133 0.654654
-2.825245 2.909274 0.265386
-2.252809 1.322009 0.882908
-1.786195 2.961196 0.116386
-2.156217 3.208708 -0.470811
-1.831679 3.255473 0.847624
-2.521056 1.569384 0.342658
-0.961688 2.102054 0.318908
-0.525230 3.438221 1.219617
-0.537302 2.267361 0.081363
-0.185580 2.899066 0.991578
-0.012908 2.984499 0.856296
0.409966 1.704034 0.529416
0.877926 2.350834 1.236904
0.635375 3.985225 0.202450
1.104608 3.524746 0.382529
1.254222 3.659667 0.945731
2.421196 1.559143 -0.020177
1.644855 2.860106 2.017891
2.998780 2.195125 -0.341769
1.723651 3.630820 -0.502765
3.291703 3.274531 1.365819
4.899589 2.229544 -0.173104
3.594283 2.834409 1.585713
3.335745 3.722718 -0.726379
4.223978 3.506343 0.514808
4.485782 2.957744 -0.147869
-3.970007 3.685702 0.450304
-4.556909 3.543900 0.073768
-4.640940 2.609107 -0.599377
-3.301098 3.603070 1.060070
-3.278919 3.945243 1.171729
-3.409633 4.189696 0.377079
-3.346740 3.399271 0.696346
-2.640639 3.629458 0.479162
-1.286387 3.660906 0.456483
-1.818895 3.487896 -0.881551
-1.895988 2.515853 1.567198
-1.440441 3.125602 -0.353251
-1.358510 2.594976 0.448861
-0.612257 3.705430 1.380275
0.172259 2.894958 -0.983460
-0.612218 4.127995 -0.214605
1.032180 3.285321 0.741597
0.474054 2.715494 0.450961
0.590525 3.528062 2.070246
1.423805 3.338758 0.239070
1.671688 4.022008 0.703344
2.182868 3.192728 0.518883
1.343627 3.261311 1.216321
1.502476 3.733332 0.108850
3.302117 3.617417 0.026543
3.720534 3.273339 0.368001
2.992404 2.924495 0.861832
3.185424 3.087829 1.039493
2.714742 3.650330 0.425940
4.482240 4.735234 -0.284132
3.520440 2.197865 1.019275
4.210968 4.652512 -1.123393
-4.622375 3.269551 0.372634
-3.835847 2.155868 0.437964
-4.403684 2.562645 -0.163749
-3.562268 3.616739 0.763611
-4.250897 4.296381 0.158345
-3.010789 3.045208 0.781612
-3.002867 3.356616 0.131742
-2.612315 4.104250 2.088448
-3.432098 3.677092 0.860379
-2.270161 2.911106 -0.258894
-1.107778 3.551617 0.232348
-1.039095 2.931678 -1.212706
-1.912993 3.413342 -0.712016
-1.503497 3.817115 0.962620
0.408533 3.023525 0.785012
0.367353 3.694432 1.189764
-0.059770 3.437885 -0.347551
0.824778 2.370520 0.247574
0.302905 3.705660 0.553014
2.054130 3.990664 1.219436
2.183587 3.794465 1.217130
2.377584 4.569814 1.352882
2.229603 2.600270 -0.181840
2.215603 3.490695 -0.251097
3.474284 3.139740 0.820591
3.809783 3.694959 0.754877
3.179373 2.678679 0.548339
4.244616 3.238970 1.414971
3.190383 3.281353 0.391406
3.874237 3.434953 -0.135121
4.131935 2.812853 0.588744
4.681589 3.061476 1.457992
-4.926814 3.197045 -0.032974
-4.413565 4.112160 0.743431
-4.430035 3.767803 0.494147
-3.578105 4.588806 -0.090228
-2.727547 3.534112 -0.147130
-3.107646 4.820931 0.645227
-2.687639 2.858920 0.196939
-3.710389 3.446920 0.444814
-2.525944 2.783900 0.268780
-1.482260 4.666922 0.906542
-1.657642 4.305304 -0.016689
-1.997818 3.372450 -0.017995
-0.732885 2.805839 -0.057158
-0.244695 3.960657 0.730300
-0.281805 3.065605 1.468486
0.573199 4.425913 0.218571
1.195376 4.557397 1.376996
0.139299 3.354170 0.825226
0.677573 2.865170 0.588904
0.786594 2.645216 0.459884
1.620018 4.062877 0.532395
0.969252 3.227653 -0.216949
1.289918 4.322147 0.158831
2.523740 3.089112 1.124256
1.690913 4.877455 1.226825
1.795117 3.032108 0.835872
4.162434 2.212607 0.325833
3.544502 3.709736 0.106581
3.092547 3.135184 -0.057928
3.117008 3.855052 0.915923
4.565655 4.465628 1.282488
4.521756 4.060549 1.250012
-4.186527 3.971008 0.835225
-4.429617 3.444880 0.301945
-4.334386 3.969629 -0.296728
-4.308153 4.318405 0.570194
-3.415741 3.618706 0.427389
-3.223374 3.527103 1.268802
-2.706573 4.926970 0.011511
-2.125322 4.216742 0.783383
-2.822029 3.782362 2.358014
-2.425521 4.107238 0.317741
-0.835140 3.293048 0.584508
-1.769767 4.344825 0.258160
-1.553084 3.705927 0.283462
0.105756 3.666854 0.320806
-1.024063 3.804613 0.000658
-0.397907 4.442819 2.753478
-1.086834 3.132533 0.056095
0.692096 4.467363 1.200610
1.162365 4.840902 0.011019
2.197560 4.648396 0.651407
1.960935 3.459525 0.978615
2.003893 4.178488 0.696164
2.162454 4.243569 -0.091053
3.846412 3.845474 -0.426113
3.502255 4.968614 -0.236555
2.693022 3.469664 1.264530
3.580775 3.984378 0.980675
4.323074 3.100875 0.083508
3.757202 3.277997 0.089278
4.018068 4.382750 1.165122
4.095146 3.874352 1.125223
4.681229 4.997853 1.391793
-4.420306 3.915621 0.730958
-4.875356 4.546510 1.134246
-3.704069 4.934868 -0.369045
-4.676402 4.336490 -1.546828
-3.725711 4.518844 1.236678
-2.566776 4.371837 0.017957
-2.876765 4.984957 0.539424
-3.178835 3.733820 0.289091
-2.317226 4.656660 1.678847
-2.304477 3.948324 0.275640
-1.484827 4.203965 1.130572
-1.487982 4.485184 0.518510
-1.041488 4.127068 0.746775
0.077521 4.217443 -0.767610
1.294908 4.706742 0.174294
0.292471 4.679738 -0.774026
-0.164098 4.633154 0.312338
0.288098 4.494279 0.411113
1.759766 4.149719 0.388649
1.422432 4.846667 0.974130
1.262223 4.004271 -0.030469
1.697504 4.951493 -0.472829
2.699572 4.499766 -0.049485
3.806450 4.775996 0.107285
3.259072 4.860146 0.936722
2.818973 4.988201 -0.444363
3.225142 4.086626 0.590426
2.866670 4.597827 0.582269
3.062991 3.525465 0.886820
4.621203 4.087855 1.489590
4.631307 4.221481 0.796774
3.756753 3.963866 1.025459
-4.564083 4.795629 0.966800
-4.131770 4.087924 -0.091901
-4.863312 4.857992 0.353412
-3.950395 4.775889 0.538285
-4.588039 4.871380 0.123867
-2.756419 4.207798 0.529373
-3.666991 4.518281 0.425732
-3.323066 4.725583 0.885653
-2.048702 4.673234 1.126936
-2.170879 4.139499 0.647162
-1.380976 4.402351 0.745388
-0.967216 4.654512 0.185182
-1.383882 4.563923 0.994937
-0.314249 4.805541 2.408982
-1.350156 4.891843 -1.569269
-0.072142 4.021931 -0.181091
0.748041 4.801628 0.113720
1.741005 4.508660 0.547871
0.984457 4.809731 1.308270
1.391273 4.739165 0.262248
0.577899 4.127419 0.889348
0.785689 4.777962 0.895218
0.399509 4.486225 -0.162674
2.491518 4.816767 0.069094
3.204789 4.887721 -0.064773
2.976905 3.763232 -0.052198
3.080124 4.024158 1.195066
3.346187 4.666528 1.141850
4.708438 4.829688 1.306945
4.828104 4.924117 -0.615760
4.473245 4.534766 0.542293
3.687437 4.237259 0.943631
-4.633646 -4.716856 0.590832
-3.900537 -4.679265 -0.321699
-4.955573 -4.593852 0.862888
-3.739860 -4.546168 1.228730
-4.322582 -4.899827 1.014069
-3.639435 -4.515809 1.102093
-4.009237 -4.773520 1.215221
-2.438609 -4.911052 0.228073
-2.449439 -4.911020 0.875164
-1.970779 -4.761449 0.475402
-1.085034 -4.545609 0.761571
-0.918006 -4.196922 1.124830
-0.516280 -3.849416 1.064214
-1.581736 -4.867218 0.497646
-1.113620 -4.863803 1.174602
0.017853 -3.611871 0.175985
1.598092 -4.657732 1.139250
0.410330 -4.128813 -1.170347
2.388960 -4.285025 0.644167
-0.229595 -4.646626 0.332200
1.945515 -4.227210 0.876157
1.675723 -4.799185 1.555557
3.188262 -4.660238 1.514113
3.789300 -4.309926 0.440435
3.760942 -4.470149 0.338487
2.756247 -4.626254 0.620764
2.953933 -4.785524 1.323725
4.352870 -4.758896 1.215782
3.494366 -4.790768 1.773726
4.118276 -4.960711 0.867371
2.937487 -4.079794 0.631145
4.716292 -4.687275 0.945905
-4.272597 -4.633871 0.747213
-4.978448 -4.070757 1.680265
-4.074535 -4.827765 0.308181
-3.279836 -4.719393 0.302435
-3.402771 -4.822349 1.273861
-2.993220 -3.846277 1.522986
-2.568380 -3.395883 0.935450
-3.293497 -4.562534 0.428356
-2.985051 -4.054387 -0.057769
-1.186625 -4.396266 0.084023
-2.790285 -4.380157 3.272174
-0.768147 -4.081415 0.163979
-0.937349 -4.976948 -0.473149
-1.862969 -4.584051 0.464256
0.169983 -3.820294 -0.217626
-0.866849 -4.026613 0.021173
1.291320 -4.587706 0.791783
0.019182 -4.144839 1.041491
0.258923 -4.746045 0.533196
0.590077 -4.707157 1.379941
1.683178 -3.488524 0.514092
1.662946 -4.551323 0.185695
2.772258 -4.870010 1.409007
2.365655 -4.479869 1.581791
2.491585 -4.304837 0.260505
2.642308 -3.862444 0.740648
4.399436 -3.987833 1.244493
4.636682 -3.536983 0.670660
2.644038 -4.569501 0.528004
3.927579 -4.309249 1.301844
4.771900 -4.522829 1.249426
4.333029 -3.391047 0.363821
-4.964328 -3.697317 0.946277
-4.722472 -4.468565 1.023782
-4.147411 -2.762197 1.802544
-3.631402 -3.705443 0.826324
-3.246034 -3.786861 1.533989
-3.472009 -4.261690 0.907122
-2.583564 -3.862689 -0.136258
-1.580189 -4.002132 0.148227
-2.497056 -3.167326 -0.342160
-1.588405 -4.955443 0.176266
-0.936147 -3.346884 1.071291
-1.931083 -4.188786 1.716464
-0.850899 -4.920027 0.854064
-1.565725 -4.988119 1.152278
-0.428635 -3.921966 0.644063
0.221156 -3.868965 1.585928
-0.132245 -4.562008 1.661646
0.727031 -3.966427 2.309573
0.196192 -3.496913 0.498971
1.422728 -4.176040 -0.039857
2.080997 -3.856220 0.197357
0.500533 -4.265719 1.231417
1.016461 -3.670495 1.060110
1.675895 -4.137210 2.008384
2.940059 -3.118365 0.627684
2.207769 -3.793269 0.738845
3.530745 -4.511055 -0.377881
2.992139 -4.976836 1.088810
4.301917 -3.468942 0.722976
3.988683 -3.847849 2.089657
4.384743 -4.845203 1.406296
4.825161 -3.490062 0.733553
-4.817389 -4.228914 1.155752
-4.352522 -2.951324 0.917133
-4.944354 -3.808049 2.009606
-3.376320 -4.091821 0.998108
-3.112416 -3.701525 0.985468
-3.826700 -2.645105 0.946333
-3.267428 -4.491742 1.493309
-2.653594 -3.304390 0.385017
-3.264096 -4.197850 -0.146061
-1.256762 -4.103657 -0.866671
-2.062892 -3.128825 0.703116
-1.113422 -4.789081 0.366917
-0.535558 -3.544794 -1.020810
-1.347010 -4.098822 -0.113121
-0.802802 -3.777054 -0.053844
-0.423277 -4.767606 0.789824
-0.473278 -3.264654 1.212744
0.652994 -4.002919 1.253228
-0.486205 -3.005675 0.395044
1.401541 -3.819313 0.737600
0.739128 -4.398632 1.077068
1.341496 -4.233509 1.597976
2.183140 -4.623028 0.296722
1.898874 -2.886384 0.437187
2.220578 -4.991840 0.987807
3.378768 -2.840299 0.776195
3.824628 -3.775999 0.943985
2.300886 -4.761940 -0.117257
3.210865 -3.161175 1.135535
4.458833 -3.002568 1.603102
4.485589 -3.713437 -0.254774
4.834213 -4.163854 1.209643
-4.142395 -4.145495 1.161912
-4.625988 -3.458424 0.520448
-3.916466 -2.400985 0.931477
-3.801538 -3.955823 1.410206
-3.182987 -3.455923 0.235598
-2.920671 -3.960823 0.696120
-2.605443 -4.422007 0.849463
-1.070218 -4.065009 -0.622515
-2.237831 -3.873005 0.709306
-1.893463 -4.138299 -0.525460
-1.720536 -4.466066 2.063186
0.031447 -3.714213 0.532081
-1.862962 -3.289630 1.802084
-1.039543 -3.043918 1.762674
-0.456143 -3.286675 0.531628
0.966663 -1.896023 0.628096
0.406770 -3.698021 1.520813
0.110039 -3.057221 1.070159
1.411022 -3.717892 0.620130
0.142838 -3.459705 1.909232
0.917033 -4.081017 0.706176
2.290987 -3.067641 0.808974
1.672410 -3.666516 1.938799
1.189114 -3.448624 -0.059344
2.334224 -3.164591 0.538830
3.503014 -2.714609 1.831786
3.576699 -3.181980 1.776377
4.326701 -3.747809 1.443769
4.069105 -3.194800 0.467580
3.670619 -2.683694 0.280931
4.577998 -2.416712 1.631781
3.722837 -3.392862 2.107378
-4.415923 -3.357731 1.868227
-4.292548 -4.169471 1.628350
-3.892432 -3.599958 2.074133
-4.071396 -2.950941 0.866005
-4.954940 -3.431592 1.066660
-4.153293 -2.589573 1.890174
-2.026654 -3.042982 1.414077
-2.704342 -3.265115 -0.477709
-2.628860 -3.876234 0.331976
-3.021847 -3.607879 2.105169
-0.957382 -2.425051 0.496772
-2.252190 -3.374145 0.917940
-1.668561 -1.566024 0.610013
-0.592483 -3.825024 -0.040930
-0.734716 -2.949294 1.345960
-0.695042 -3.771123 0.795392
0.669883 -3.066255 0.921035
-0.309004 -3.859975 -0.426628
1.405720 -2.683328 -0.284715
0.827190 -2.844079 1.548026
1.116268 -4.266080 0.391190
0.925956 -3.907533 0.707488
1.528910 -4.390039 0.376177
0.900980 -3.014139 -0.120561
2.548461 -4.114094 0.917254
2.937243 -3.581637 -0.167359
2.992297 -2.440104 1.094298
4.340901 -2.966057 0.676826
2.649057 -3.222006 0.447018
3.548160 -3.107766 0.146875
4.804413 -3.650206 1.088367
4.880600 -3.817597 1.241651
-4.897835 -3.038527 0.462849
-4.584389 -3.101232 0.960849
-3.900762 -3.055284 0.607245
-4.559515 -3.183921 1.369304
-2.490043 -2.453049 0.954864
-3.207773 -3.206665 0.803026
-3.917966 -3.274111 1.601194
-2.618870 -3.219975 0.789122
-1.922079 -2.657313 1.825193
-2.472146 -2.242419 0.203798
-1.718582 -3.606543 1.197865
-2.493951 -1.947655 1.162868
-1.929803 -4.015230 0.891466
-0.154165 -2.629486 1.573293
-0.894591 -3.685351 0.891443
-1.678028 -3.136540 1.328662
0.187843 -3.916219 1.149453
-0.023187 -3.507501 0.867402
1.080600 -3.319537 2.295424
0.251095 -2.537134 0.869589
0.747797 -3.238968 0.422143
0.966292 -2.254956 1.207784
1.978105 -3.545826 0.983060
2.771213 -2.762887 1.685272
2.231000 -3.709180 0.201201
3.604770 -3.358846 1.495989
3.049961 -2.075475 0.023892
2.562668 -2.234709 1.196587
4.130533 -2.689586 1.755097
4.710222 -3.190860 0.312353
4.274366 -1.613545 1.519069
4.153665 -2.534813 1.127026
-4.125849 -3.030795 1.317894
-3.317769 -2.437082 -0.162970
-2.448876 -3.426779 0.141586
-3.647290 -2.681475 1.313752
-3.495624 -1.995909 0.834363
-2.560317 -2.628877 -0.360689
-1.816883 -3.148783 1.280795
-2.375450 -2.461048 1.319735
-2.045372 -2.692487 1.263157
-1.617738 -3.321331 2.373633
-1.503087 -3.205486 0.394012
-2.368839 -2.725593 0.818989
-1.115126 -3.556762 0.985781
-1.285604 -2.475403 1.764384
0.738324 -3.422376 -0.623584
-1.039621 -2.692732 1.022049
0.272543 -2.600378 1.531525
0.473900 -2.565173 0.184751
0.177445 -1.794256 -0.692663
0.427119 -2.375745 1.542399
0.532823 -2.189885 0.898271
2.271800 -2.148915 1.227485
1.146385 -2.343492 0.855662
1.826013 -3.646993 0.600422
2.920604 -2.966451 1.689157
2.479143 -2.531415 1.903943
3.326670 -2.630772 0.879226
3.338620 -2.549237 -0.097093
4.259675 -3.191589 1.344131
3.309681 -3.050132 0.702894
4.675193 -3.916744 -0.077675
4.866045 -2.445810 0.235864
-4.783206 -2.438826 1.796961
-4.203437 -2.790383 0.924890
-4.802392 -1.542883 1.067600
-3.853852 -2.192426 -0.413720
-3.614634 -2.358788 0.834127
-3.805015 -2.294017 1.096415
-3.329967 -1.656796 2.008355
-2.682349 -1.747678 0.013345
-2.230563 -0.831066 -0.363308
-2.030352 -2.273977 0.442942
-2.219129 -2.188157 0.972768
-1.542489 -1.616559 1.041616
-0.222852 -2.020715 0.727474
-1.866588 -3.694876 1.344780
-0.748468 -2.784668 1.318686
-0.079847 -1.069684 0.675878
-0.694507 -3.395221 1.580025
0.639773 -2.865226 0.638530
0.103084 -1.996271 0.880456
0.825222 -2.637280 0.206716
1.479727 -2.812843 1.975268
1.369989 -2.346436 0.659534
2.385663 -2.074565 1.338457
1.223086 -2.719016 1.213722
2.614665 -2.854246 0.748248
3.220584 -2.355970 1.398710
3.121545 -1.782224 1.404186
4.141399 -2.365340 0.507683
3.352211 -0.983441 0.744352
4.170590 -2.135556 1.646116
4.914627 -2.364453 0.421350
4.048254 -2.230048 1.287221
-4.859954 -1.888508 0.663907
-4.859433 -1.505856 0.291852
-4.646777 -2.007534 1.144974
-3.318099 -1.844998 -0.652926
-3.144509 -1.433195 1.896800
-3.517066 -1.739939 2.077465
-2.847300 -2.313020 0.001327
-2.739973 -2.522997 0.479051
-1.633049 -1.665252 1.202006
-2.003427 -1.916268 1.388666
-2.661689 -2.184740 0.999217
-1.667763 -1.884068 0.418138
-1.553867 -2.216840 1.332523
-0.719213 -3.256415 0.861990
-0.665149 -2.052264 1.515071
-0.716814 -2.227721 -0.088335
-0.721199 -1.895221 0.737986
0.236930 -2.113579 0.902160
2.613873 -2.342094 1.283646
0.954522 -1.560214 0.827999
1.475185 -1.109437 0.938933
2.654711 -2.291855 1.880078
2.472795 -1.246492 1.403392
1.253623 -1.847001 0.628015
2.484651 -2.757996 0.634983
2.055322 -1.970874 0.844821
2.481507 -2.705717 1.229837
4.179067 -4.137622 -0.027502
3.939658 -3.278454 1.281909
3.337928 -3.093342 1.041515
3.860812 -2.303447 1.229360
4.461707 -1.726350 1.549696
-4.908107 -1.022856 1.313470
-3.231108 -1.215059 1.082879
-3.822855 -1.960500 0.539800
-2.315750 -2.012564 0.660160
-3.544894 -1.870785 0.648898
-3.237764 -1.838298 0.772757
-3.163379 -2.351712 0.971969
-2.413667 -1.481237 1.949393
-2.772626 -0.761567 1.093656
-1.426056 -1.821608 0.045804
-1.360639 -2.373271 -0.265408
-1.126221 -2.514240 1.202086
-1.834443 -1.343119 1.312241
0.223706 -1.686963 0.622191
-0.709553 -2.650866 0.423883
0.102695 -1.684044 -0.762550
0.744613 -1.621518 1.611233
0.104408 -1.225573 0.450337
1.677098 0.033019 0.839837
0.932604 -2.319742 2.412296
0.915764 -3.404888 0.354789
1.122018 -1.193144 0.832007
2.306755 -2.908737 0.693242
2.226031 -1.966189 0.855100
2.574508 -0.477318 0.466866
1.806956 -1.446511 1.523879
3.445373 -2.153763 1.244817
2.160221 -2.136274 0.980736
4.148787 -1.823103 0.272657
4.110982 -1.255216 0.981432
3.156190 -2.069079 0.494401
4.552759 -1.811041 0.542915
-4.951747 -1.698849 0.407625
-4.452744 -0.958981 0.712433
-2.671865 -1.344484 -0.081438
-4.329940 -1.123137 0.298416
-3.439251 -2.039857 0.319407
-3.131493 -1.396591 -0.348735
-4.296499 -1.153133 1.061045
-3.290236 -1.208908 2.202979
-3.095249 -1.517202 -0.051281
-0.645203 -1.150136 0.673610
-0.873854 -1.664735 -0.021658
-2.521141 -1.825365 0.871056
-1.387435 -2.300119 1.336377
-0.367639 -1.910668 0.625775
-0.878935 -2.498792 0.630631
-1.070388 -1.091935 1.128774
-0.383082 -1.733240 0.208162
1.328840 -1.529556 3.250140
-0.987726 -1.157822 0.743903
0.612456 -1.068130 1.110497
0.785302 -1.180024 1.409441
1.868680 -0.902501 1.481342
2.216900 -0.189150 -0.011634
2.285434 -2.560413 -0.303599
2.676666 -1.922358 1.353723
2.734610 -1.508451 0.629041
3.046060 -1.181838 2.257539
3.438026 -1.474420 1.766824
4.311019 -1.962775 1.167240
4.971754 -1.396477 1.240577
4.797569 -1.851563 -0.034186
3.561135 -0.852834 1.544888
-4.328961 -1.656335 -0.025540
-4.558460 -1.276417 1.426034
-4.020442 -1.774815 1.969879
-3.055572 -1.635184 0.813632
-2.973115 -1.742646 1.542622
-3.120671 -0.505417 2.013965
-3.560618 -1.284637 1.387989
-2.358380 -1.766001 -0.403135
-2.764729 -1.553182 1.056927
-2.342338 -1.003584 -0.028938
-1.182986 -0.753729 1.423550
-1.016931 -0.164911 0.845541
-0.308234 -1.841745 -0.949614
-0.092434 -1.829278 1.055434
-1.315363 -0.904184 0.698992
-0.888630 -1.569572 0.175255
-0.007856 -1.604688 0.087642
-0.094845 -0.952206 1.011912
-0.510460 -0.487875 0.365203
1.468112 -1.842124 0.418558
1.859497 -2.195193 1.130605
1.587778 -1.094961 1.577671
-0.051537 -1.264932 0.865569
2.572387 1.127030 1.452825
2.619807 -0.292511 1.321928
3.185283 -0.724802 1.704542
2.345542 -0.075019 1.592493
4.165033 -1.101724 1.456162
3.579290 -2.092604 2.166717
3.860318 -1.385442 1.372267
4.587635 -1.836732 1.362732
4.754443 -0.266575 -0.132981
-4.256133 -0.126832 0.271457
-3.765146 -0.662824 0.539804
-4.988645 -0.808667 0.391229
-3.484502 -1.079409 0.872979
-3.340940 -1.801965 1.460367
-2.839975 -1.215110 0.607634
-4.110674 -1.809793 0.278541
-3.426435 0.169611 0.828121
-2.223296 -0.208177 0.005905
-2.332153 -1.316345 1.548779
-1.953231 -0.671599 0.219306
-1.693989 0.030894 1.068396
0.060173 0.132983 0.623365
-0.665034 -1.025209 0.139786
0.307891 -0.414215 0.810826
-0.210917 -1.049707 1.203200
-0.132715 -0.634035 0.401929
0.142442 -2.071117 1.000357
0.667345 -0.772807 0.400402
1.887819 -1.489800 0.407868
1.430233 -0.929650 1.083004
3.310912 -0.992184 1.570085
2.091191 -1.754141 1.436090
3.387650 -0.668083 1.437631
2.170019 -1.092122 1.386436
2.342394 -1.110826 0.668105
3.545375 -0.107787 -0.351069
4.152674 -1.170725 2.858968
4.479974 -0.963586 0.996476
4.458744 -0.328401 0.417826
4.685280 -0.251232 2.041955
4.591876 -1.447968 0.610000
-4.953295 0.765202 1.297063
-4.493620 -0.542658 0.902604
-3.401979 -0.840726 0.459713
-4.622594 -0.716172 1.413758
-3.470950 -0.796514 0.809415
-3.209201 -1.138806 0.806989
-2.407664 -0.671353 1.998790
-2.066208 -0.149490 1.522097
-3.085126 -0.708451 0.988226
-2.951858 -0.698337 0.536117
-2.114382 -0.183157 0.904490
-1.114499 -0.564640 0.603836
-0.899933 -0.784906 0.808412
-0.530667 -0.700727 0.663079
-0.623109 -0.776771 0.387762
0.025347 -1.998725 0.549596
-0.222774 -1.197206 -0.107611
0.117208 -1.787163 0.535051
-1.075233 0.038383 -0.110547
-1.041881 0.780119 0.958897
1.077852 -0.619874 -0.085865
1.932859 -0.903551 0.918674
1.816297 -0.618769 1.331246
3.117231 -0.151454 0.444140
2.606268 0.075566 1.402811
2.622548 -0.077782 0.915211
3.329493 0.255862 1.492369
3.739692 0.003910 1.213228
3.282145 -0.606688 -0.703015
3.711823 -1.119494 1.728455
4.963205 -0.792721 0.396415
4.978897 -0.939509 -0.388233
-3.414334 0.561592 2.004026
-2.935564 -0.114739 1.102660
-4.177545 -0.901821 0.602246
-3.677518 -0.264910 1.419075
-3.080214 0.184710 0.618018
-3.868605 -0.125499 -0.120162
-2.622685 0.438072 0.967400
-3.138603 0.281548 0.917497
-1.461164 0.488652 -0.486184
-3.056476 -0.449016 1.102609
-0.639919 -0.483237 1.099943
-1.098681 -0.050590 0.096992
-1.449680 0.557461 0.781864
-1.469295 -0.516968 0.316924
0.263894 0.108668 0.571797
-0.290682 -0.537207 0.569430
-0.775084 -0.496895 1.537223
0.850883 -0.708568 1.631015
1.304042 -1.441777 -0.095866
1.524676 -0.074295 0.859691
1.046432 -0.734619 0.776221
2.084971 0.132785 1.103489
1.132281 -0.556576 0.107194
3.381426 -0.556538 0.211017
2.992488 -0.213754 0.841945
2.644801 -0.608743 0.656575
2.058967 -0.855078 1.770880
4.420373 -0.213423 0.855502
4.039560 -0.370444 1.032696
3.938031 0.867088 1.101079
3.709377 -0.393559 0.376583
4.329996 1.018384 0.145271
-4.789386 -0.040753 0.815315
-3.955379 0.618935 0.622946
-4.045530 0.513667 -0.005374
-4.198797 0.195541 0.419544
-3.342850 1.668981 0.888696
-3.493539 0.484151 1.542221
-2.412178 0.861507 0.318596
-2.968676 -0.290649 0.851461
-1.277673 -0.464116 0.516357
-2.260838 0.116985 1.261137
-1.022820 -0.990201 0.889567
-0.909888 1.553225 0.554404
-0.912785 0.936580 0.496275
-0.887099 0.337655 1.075553
-1.032402 1.429103 0.719781
0.297020 0.334296 -0.172570
0.161144 -1.301319 0.318060
-0.407066 0.805269 -0.203111
0.722372 0.565468 0.442617
0.364757 -0.685382 0.494048
1.020327 -0.013422 0.801869
1.804367 -0.134055 0.160535
1.884340 0.915016 1.676969
2.865421 0.194607 2.043030
2.035279 0.507716 2.074573
2.723344 -0.889736 0.559395
3.491644 -1.274266 -0.467038
3.093471 -0.446391 -0.829578
3.708780 0.338615 1.161214
4.552198 1.572502 2.122794
4.884222 0.678826 1.013384
4.761211 0.481461 1.459384
-4.695538 -0.042624 1.277420
-3.941978 1.119084 0.900592
-4.287638 -0.028518 0.563469
-3.983126 0.202721 1.164190
-2.963827 0.787573 0.750852
-3.782203 -0.216928 0.544389
-3.082019 0.546850 0.023292
-2.971773 -1.215878 -0.131460
-2.617111 1.319352 0.026068
-1.906025 -0.511170 0.650475
-1.420189 -0.127464 1.238930
-0.932930 0.604961 1.199090
-1.785392 0.869753 1.241142
-0.506560 1.059861 0.462241
-1.094418 1.461559 0.476294
0.650483 0.520492 0.612939
-0.178183 1.828286 0.179748
0.846048 -0.603479 1.119410
0.991703 1.301214 0.539833
1.057671 0.230604 -0.516819
2.063474 1.077151 0.593795
-0.570180 1.187869 0.069479
2.395196 1.082541 1.078202
2.202875 1.291203 1.199666
3.274205 0.423124 0.787916
3.708229 0.910567 0.672966
3.481709 0.569035 0.401938
4.230369 -0.022973 0.802333
4.318254 1.470721 0.807749
3.847294 1.860647 -0.419213
4.347776 0.430919 0.492901
3.997490 1.282079 1.134934
-4.857091 -0.096073 1.252464
-4.675317 2.159600 2.161878
-3.779652 1.097607 0.164958
-3.737689 0.255372 0.144877
-3.513102 1.040429 1.318232
-3.185570 1.772154 0.665752
-2.416678 -0.787165 0.433953
-1.828282 1.649482 1.158497
-1.966946 1.279593 -0.513645
-1.649869 0.842059 0.523057
-1.915682 1.395150 1.198372
-1.549269 1.800607 0.745928
-1.191712 0.858634 1.265450
-0.654220 0.274555 1.134581
-0.676861 -0.434609 2.133350
0.251681 1.375353 0.561993
0.303883 0.708939 0.589422
0.147579 1.108391 1.276032
0.947167 0.744430 -0.380340
0.784436 0.443514 1.007090
1.042021 0.558464 0.175756
1.514066 1.214955 -1.007417
0.926852 0.392030 0.928842
2.374490 0.747996 1.222187
2.325163 1.588580 0.672019
2.516275 0.322536 0.493449
3.310110 0.452994 0.247051
2.716769 1.256144 0.191284
3.165876 0.904491 1.246055
4.096580 0.265994 0.175499
4.358995 0.465157 0.959801
4.857372 1.618265 0.944172
-4.741152 1.532793 0.013933
-4.543994 -0.120984 1.036641
-4.613531 1.727684 0.198566
-3.294219 1.234295 0.537997
-3.049105 1.525017 0.380933
-2.224445 0.687738 0.591010
-2.396602 1.492720 1.298495
-2.314905 2.152182 0.307531
-1.133306 1.626462 0.666704
-2.352422 0.477742 0.671816
-2.833190 -0.394639 0.600509
-1.467454 1.027887 0.698429
-0.982102 1.418927 1.109893
-1.521267 0.867217 1.106547
-0.723198 0.992193 0.097111
-0.137596 0.951717 1.155655
-0.202921 0.292607 0.842279
-0.122909 0.478627 0.173484
0.647274 0.451973 0.347087
0.888938 1.909306 2.385948
1.428295 0.920468 0.318829
2.285393 1.416258 1.343799
2.866744 0.948166 0.808511
2.135103 0.986721 0.694552
2.524543 1.205828 0.999666
2.619510 1.186671 -0.369567
3.746931 1.421329 0.561558
4.182688 0.656565 0.139528
3.323043 0.761452 0.969444
3.947136 -0.058816 1.555287
4.540765 1.355045 -0.059498
3.987456 0.846076 0.351629
-4.644037 1.847726 1.341527
-4.725328 1.422084 1.139951
-3.688483 1.549702 0.210507
-4.561261 1.014310 2.145445
-3.003532 2.329450 1.659872
-3.220883 2.810553 2.027499
-2.964276 1.983996 0.685338
-2.982938 1.969783 1.504016
-2.201269 2.557796 1.102221
-2.810092 1.903435 0.086100
-2.022761 1.937081 1.059318
-1.729393 -0.158999 0.003898
-1.011716 1.641464 0.115181
-1.407381 1.964216 1.544980
-1.029578 0.687371 1.319794
-0.499694 0.616585 0.146780
-0.655927 2.823831 1.577213
-1.288714 1.008301 -0.204229
0.975413 2.142516 0.571593
1.003977 0.479825 1.378975
2.345105 1.974869 -0.769362
1.396445 1.454648 0.654864
1.569931 1.645853 1.141036
2.162282 1.252905 -0.261150
1.613011 2.037654 0.573736
2.728144 1.508239 1.736527
2.473142 1.537427 -0.160355
4.484744 2.314775 0.764923
3.547397 1.987959 -0.748794
4.188480 0.571415 0.730810
4.637782 1.702692 1.948160
3.550900 2.096094 -0.673600
-4.007880 1.201468 -0.287077
-4.103654 1.517243 0.920656
-4.036019 0.888852 1.228042
-4.139622 1.247396 0.292147
-4.398170 1.207418 1.238437
-4.063768 1.234455 0.909652
-3.797193 1.904235 1.231469
-1.816344 1.569781 2.345317
-1.398400 3.432221 0.887600
-1.164468 2.320600 0.248292
-2.467294 0.462836 -0.339293
-1.478760 1.546397 1.074287
-1.581338 1.163597 0.172373
-1.359163 1.415650 0.791248
-1.037168 1.069518 3.168478
0.286862 2.576837 0.639730
1.052703 1.656432 -0.323248
0.902080 1.089486 0.967551
0.973313 2.031029 0.982962
1.313972 1.274090 1.010227
1.933333 2.268570 0.015850
1.760374 1.315109 0.938191
2.264728 0.905309 0.150792
1.601841 0.820355 1.268838
3.259671 1.255744 1.328073
2.519954 2.009336 0.510555
2.915985 2.102693 -1.915593
2.818020 1.702354 1.022383
4.770851 2.757649 1.861089
2.752397 1.878166 0.319010
4.476862 1.217028 1.324552
4.115555 1.665840 2.158777
-4.970175 2.531854 2.149548
-4.563565 2.501275 0.833153
-4.241765 2.173351 2.248180
-4.076530 1.893515 1.663232
-3.159257 1.741692 1.123327
-3.218239 2.159405 0.126211
-3.211628 2.366111 0.287064
-3.813320 1.597289 1.188428
-1.957659 1.328262 -0.983342
-0.956324 1.673327 1.648132
-2.516474 2.470634 1.111198
-1.102651 1.932984 0.651410
-0.785029 2.303936 1.096229
-0.871076 1.336688 -0.445308
-0.595460 3.380939 0.837143
-0.450154 2.310867 1.457072
0.061851 0.823642 0.990314
-0.604739 1.236279 -0.523499
-0.731843 2.514147 0.580797
0.874956 1.816157 -0.337593
1.823440 2.042337 0.279137
1.262060 1.889424 -0.574659
3.340291 1.457500 1.596715
2.772455 2.545317 0.544012
3.538377 2.297987 0.134538
2.876127 2.301112 1.176484
3.082721 2.381496 0.444584
4.468789 2.899550 1.012957
3.317737 2.811915 0.712777
4.370470 3.018601 0.466623
3.862631 2.521458 1.235692
4.641791 2.098400 1.134753
-4.257188 1.270350 2.078373
-4.551489 3.306760 -0.042751
-4.120765 3.060831 -0.532893
-4.164398 1.635226 0.882487
-3.232033 2.898184 -1.282016
-2.825374 2.930569 1.804400
-2.613897 2.528388 -0.013762
-2.491632 2.557654 1.444559
-1.974674 2.051422 0.939556
-2.142397 2.225546 1.013774
-1.631547 2.891373 0.567345
-1.217221 3.443409 0.761195
-0.667078 2.811655 0.435191
-1.472133 2.630945 1.127634
-0.331543 2.703992 0.541395
-0.691361 2.750236 1.940805
-0.440711 1.501791 -0.203754
0.619208 2.224350 1.658854
-0.049103 2.344244 0.836843
2.211327 2.389376 0.555061
1.328368 1.626478 1.488312
0.571844 1.379992 1.554373
3.010777 2.356631 1.547252
2.373572 3.093044 0.656772
3.326128 1.675846 1.441000
3.496894 2.190181 1.405075
3.897178 2.104216 0.288949
4.513612 2.267903 1.746348
2.941009 2.291456 0.975289
3.933975 2.764324 1.229955
4.739238 1.975716 1.465388
4.946523 3.272689 1.740139
-4.438799 2.766342 0.530436
-4.345836 3.325371 1.008568
-3.870137 2.560439 0.085652
-3.520384 1.783786 0.820881
-3.687161 3.368732 1.305503
-2.923333 3.347634 1.182558
-1.850202 3.865993 0.908760
-2.648634 2.312238 -0.391148
-2.924168 2.484190 0.284206
-1.843856 2.664129 0.744415
-1.922204 4.431392 0.797319
-1.959328 2.517039 0.313778
-1.813432 3.948363 0.161807
-1.623826 3.280494 1.188936
-1.515333 2.424484 0.947028
-0.469903 2.178085 1.688527
-0.866673 2.610328 0.662425
-0.060444 1.933375 -0.451433
1.249675 2.486042 1.073313
1.737605 1.802581 1.748960
0.856755 2.682177 0.026228
0.154493 2.206085 1.625831
2.543429 1.874811 0.729158
2.432137 4.151659 2.089602
4.376324 3.938485 0.676811
2.982521 2.174583 1.178062
3.145117 2.899117 1.118193
3.001487 3.007309 -0.085339
4.306941 2.633355 0.635663
3.854057 2.264373 0.324227
4.796324 4.228650 1.049565
4.765031 3.479680 0.107989
-4.592333 1.694477 0.926358
-3.196332 2.707006 1.729731
-4.124861 2.269014 0.744068
-4.485209 2.856044 1.063429
-3.376921 3.122668 1.962413
-3.542715 3.266247 0.475286
-1.851177 3.331811 0.618259
-2.655982 1.996151 1.068396
-1.691596 2.564765 1.098666
-2.812163 3.156007 0.086469
-1.701214 3.605510 1.373841
-1.525208 2.401567 0.411232
-2.330999 2.642236 0.533495
-0.210484 3.524280 1.185254
-0.301808 2.001141 0.008713
-0.509725 3.393120 1.434925
0.476373 2.514409 0.407866
0.275624 2.388026 1.498753
1.315622 2.865254 1.820729
0.299386 3.826916 0.445296
0.673476 3.173394 1.496164
1.003167 4.059630 0.860307
2.616883 1.457868 0.234905
2.316883 2.826503 2.266951
2.665579 2.863350 0.502482
1.968404 3.814106 1.227829
3.365952 2.601016 1.765397
4.948443 2.438814 0.628193
3.575597 3.487900 2.105959
3.269360 3.795492 0.252588
4.817050 3.484443 0.882143
4.054072 3.154458 0.462575
-3.795949 2.860669 0.875886
-4.482055 2.963567 0.625127
-3.918036 2.624854 -0.411126
-3.561825 2.855775 1.684170
-3.827831 3.389395 0.981430
-2.605275 4.563725 0.599070
-2.855633 2.965806 1.629914
-2.219744 3.918289 0.984894
-1.541330 3.956363 0.649282
-1.795526 3.573302 0.182977
-1.777815 2.610680 1.748151
-1.400075 1.979119 0.362436
-1.653692 2.494786 0.672279
-0.745453 3.902566 1.496773
-0.115762 3.072303 0.377719
-0.528757 4.081055 0.193165
0.022585 3.716476 0.478927
1.300532 2.401869 0.979245
0.922838 3.357212 1.670756
1.702965 3.130240 0.947453
1.058940 3.664578 1.318674
2.458786 4.007711 0.871931
1.572103 2.936088 1.011085
1.375734 4.293580 0.777273
3.882980 4.109862 -0.021871
4.045844 3.699288 0.526998
3.148590 3.081419 0.854216
3.929487 3.358099 0.286719
2.468525 3.425156 1.313160
4.573095 4.490897 0.422118
3.952624 2.118830 1.048447
4.433117 3.471165 -0.414400
-4.955375 3.629648 0.880851
-4.388688 3.022704 0.462994
-3.425690 2.749314 0.330716
-4.045169 3.189388 0.650166
-4.250541 4.167894 0.522543
-2.984233 2.365827 0.887031
-3.464373 3.970753 0.125319
-2.969102 3.121193 1.738819
-3.156639 4.176375 1.188472
-2.634551 2.768166 0.048280
-1.144356 3.316012 0.594982
-1.333036 3.358424 0.378362
-1.646400 3.289523 0.382786
-1.719427 3.693978 0.981941
-0.017484 3.253923 0.508768
0.848840 4.048584 1.400723
0.344858 2.660205 -0.060895
0.554537 2.570625 0.704990
0.813819 3.841210 0.683461
1.834351 4.575290 0.323679
2.299129 3.681632 2.179270
2.220171 4.084150 1.689380
1.238653 2.236157 0.716824
2.610700 4.083159 1.057760
2.961041 3.322534 1.400176
3.637162 3.622581 0.718762
2.912924 2.485492 0.318895
4.018303 2.899967 0.679955
3.826075 3.045511 0.772099
3.859773 3.142531 -0.869419
4.687572 3.325162 1.312777
4.063829 3.355379 1.896251
-4.988655 2.884886 0.617135
-4.532757 4.035782 0.924133
-3.434999 4.353024 0.249059
-4.354229 4.494321 0.626727
-2.699336 3.584402 1.394104
-2.858720 4.695133 0.897070
-1.999512 2.815471 0.079451
-3.147571 4.024505 0.784820
-1.602986 3.713392 -0.060599
-0.342065 4.238163 1.413859
-2.106141 4.907236 0.206388
-1.353021 4.160393 0.894496
-0.395046 2.794971 -0.106949
-0.247367 3.775064 0.474266
-0.996539 2.901284 1.371271
0.593306 4.860954 0.560099
1.416865 4.450711 0.705915
0.244922 3.520643 0.305335
0.806539 2.826318 0.837672
0.717910 2.626383 1.313006
2.137848 3.783165 0.027392
1.382990 3.289660 0.729672
1.178718 4.794382 0.777103
2.396265 3.058981 1.007863
2.727372 4.984078 1.975146
2.142220 4.506665 1.844367
4.572776 2.985896 1.347294
4.097224 2.489595 0.138608
2.808574 3.674660 0.831754
3.426189 3.379222 1.443136
4.662376 4.952097 2.136569
4.055427 3.796113 2.433078
-4.817997 3.820471 1.487460
-4.856467 2.596244 -0.018229
-4.675525 4.538518 -0.149127
-4.017007 4.670191 1.045476
-3.023408 3.760863 0.714493
-3.499882 3.100573 1.141994
-2.825005 4.645722 1.016427
-2.014277 4.047119 0.884202
-2.086632 4.665550 2.124675
-2.455030 3.480176 0.255760
-0.908188 3.488566 1.424904
-1.458725 4.676536 -0.385262
-0.792992 3.692987 -0.124369
-0.173021 3.727169 0.193958
-1.041252 3.853810 0.986198
-0.896620 3.865399 1.966671
-0.829136 3.126648 0.428668
0.416533 3.919612 0.954418
1.066461 4.283388 -0.158597
1.936732 4.984265 1.547916
2.022575 4.155338 1.982501
2.450087 4.567971 1.213366
1.273643 4.326806 0.450880
3.213572 3.608082 0.327197
3.159994 4.844498 1.252512
4.141986 4.618288 0.859431
3.783187 4.923793 0.453138
3.787799 3.226908 0.903844
2.793288 4.103609 0.884233
3.924456 4.142626 1.042888
4.495604 4.184848 0.060542
4.059598 4.977686 1.318132
-4.565667 4.651330 0.858213
-4.431797 3.917915 0.980701
-3.739086 4.826981 0.774341
-4.769719 3.830354 -1.657481
-3.542117 4.510582 1.475564
-3.015544 4.560510 1.327853
-3.189468 4.882627 0.845701
-3.281594 4.521815 0.741945
-2.772424 4.722049 1.832484
-2.072772 4.124725 1.143790
-1.344822 4.008342 1.096200
-0.973821 4.514935 1.396476
-0.309359 3.956072 0.960198
0.348164 4.019745 0.145118
0.167035 4.744130 0.527491
0.822511 4.633772 -0.168582
-0.116397 4.070614 -0.322283
0.556147 3.965307 1.698368
1.730014 4.557364 0.220388
1.453088 4.424923 0.940241
1.202520 3.582192 0.009551
1.897406 4.755976 0.115261
2.402850 4.791588 -0.145892
3.149556 4.392818 -0.273733
3.680913 4.515063 0.918386
2.680699 4.976506 0.229521
3.821787 4.348477 0.899800
2.501507 4.968893 1.256361
3.595275 3.851867 1.636760
4.762606 4.028178 1.559664
3.583822 3.822802 0.891054
4.333600 3.926694 0.962438
-4.371884 4.477659 1.025865
-3.865509 3.791604 0.523509
-4.980895 4.587370 0.622625
-3.591794 4.395546 0.696404
-4.631413 4.916147 0.508746
-3.310248 4.441217 0.401660
-3.096150 4.032237 1.168085
-3.166309 4.695685 0.798800
-2.298560 4.874663 1.278678
-1.997543 4.407515 1.823649
-0.843095 4.779708 0.613806
-1.025679 4.814262 0.761417
-1.574173 4.514883 1.136767
-0.839279 4.332840 2.710974
-0.307169 4.942682 -1.367164
-0.078287 4.467325 -0.194071
0.051181 4.585764 0.385610
0.751501 4.882999 0.468834
1.385174 4.837341 0.814316
2.076135 4.850199 0.092919
0.379354 3.957801 0.405474
0.892285 4.986800 1.179308
1.141845 4.512047 -0.243013
1.840004 4.196811 0.208309
3.019933 4.548635 0.717440
2.511383 4.054834 -0.672443
4.257576 3.780491 0.283852
3.556617 4.953089 1.790622
4.648478 4.837112 0.494783
4.234918 4.980588 0.184732
4.882038 4.368107 0.658272
4.766004 3.915701 1.660450
-4.310497 -4.744306 1.278321
-3.847147 -4.605849 0.695427
-4.587971 -4.706425 0.807634
-2.492744 -4.582920 1.609885
-4.482239 -4.755035 1.050556
-3.402593 -4.970091 1.055508
-3.143702 -3.622257 1.113908
-2.900485 -4.789417 0.326592
-2.519708 -4.556627 1.247578
-2.885749 -4.877412 0.516089
-1.468722 -4.065892 0.430267
-0.799819 -4.638857 1.406476
-0.532223 -4.496052 1.519904
-1.955359 -4.756749 1.159600
-1.377743 -4.616126 1.516267
-0.028433 -3.985119 0.822620
0.593110 -4.751948 1.702890
1.021689 -4.231991 0.230432
2.366851 -4.231565 0.278981
-0.529350 -4.627522 0.519050
1.099791 -4.191280 1.872076
1.529060 -4.854547 2.057082
3.010702 -4.685714 2.234140
3.776427 -4.695154 0.662427
3.059527 -4.597343 0.822688
2.896478 -4.260116 2.499612
2.492482 -4.888114 1.107543
4.309121 -4.615108 1.312706
3.205792 -4.982997 1.341504
3.912218 -4.965590 1.310453
3.528905 -4.158902 1.097233
4.993805 -4.947798 0.951266
-4.108443 -4.685197 -0.086472
-4.535563 -3.706868 1.763542
-4.650274 -4.928311 0.738081
-3.261878 -4.337904 0.349139
-3.930318 -4.771458 0.772884
-3.738765 -3.608049 1.964983
-3.359777 -4.147834 1.494063
-3.572466 -4.618418 0.847655
-2.537793 -3.934002 0.770496
-2.187487 -4.642507 0.328179
-3.202043 -4.555315 3.151790
-1.047698 -4.050655 0.614174
-1.262577 -4.985656 -0.054433
-2.584634 -4.572906 0.465130
-0.285758 -3.942944 1.320865
-1.507226 -3.595580 1.533779
1.511471 -4.549552 1.656900
-0.544767 -4.228650 1.071973
0.399327 -4.720868 0.973670
0.359942 -4.730978 2.476607
1.566368 -4.109672 1.215018
0.816574 -4.302526 0.805935
2.454962 -4.630618 0.619671
2.527318 -4.911625 1.939292
2.509544 -4.416517 1.752030
2.989994 -3.839225 1.153831
4.124044 -4.444102 0.539430
4.194267 -3.823571 0.573363
3.936425 -4.253584 1.467309
3.336298 -4.614121 1.342388
4.998878 -4.922740 1.548821
4.689043 -3.806700 1.737687
-4.998796 -3.483080 1.758326
-4.996004 -4.498001 2.029459
-4.768579 -3.923431 1.776176
-3.276041 -3.875636 0.733848
-3.302784 -3.507500 1.281364
-3.418557 -4.257503 1.665055
-3.166713 -3.338361 0.007621
-1.860490 -4.693462 0.198256
-1.807987 -3.023186 1.050960
-2.142889 -3.845409 0.113565
-1.472713 -3.398306 2.388898
-2.176741 -4.112585 2.145048
-0.647272 -4.960297 1.581056
-1.781576 -4.995245 1.882755
-0.269137 -3.925640 0.183253
-0.103555 -4.888944 2.291330
0.047095 -4.558299 2.197569
0.115354 -4.698957 2.248195
0.443210 -3.787864 1.121917
1.115250 -3.746193 -0.170782
1.902705 -3.021475 0.787232
0.932356 -3.823409 1.557632
0.948945 -3.387991 1.131316
1.305070 -4.198305 1.923957
2.728641 -3.148153 0.880116
2.421914 -4.444065 1.205053
3.654181 -4.587713 0.058309
3.267476 -4.853309 2.082923
4.694651 -3.275067 1.756730
3.787635 -3.833783 2.285404
4.923352 -4.754623 2.029282
4.855802 -3.378409 1.039802
-4.575447 -4.565356 2.040641
-4.002884 -2.708250 1.416719
-3.833696 -4.338861 2.698009
-4.154593 -3.977324 1.525618
-3.233722 -4.217571 1.777481
-2.733727 -2.457244 0.908711
-2.935859 -4.248513 1.638895
-2.789430 -3.037739 1.309044
-2.909452 -3.357870 -0.122136
-1.501413 -4.426728 1.022536
-2.041437 -3.609627 1.512911
-1.329881 -4.755770 0.273593
-0.761849 -2.933656 -0.755184
-0.691391 -3.619352 0.064614
-1.043918 -4.453032 0.530044
-0.505241 -4.106985 0.466135
0.220106 -3.048131 1.348863
0.760166 -4.412625 1.595404
0.538878 -3.088372 1.701546
0.372781 -3.479814 0.817641
-0.548625 -4.463549 1.108084
1.898190 -3.945695 1.295398
1.715983 -4.488903 0.399387
2.646231 -3.946678 0.939213
2.943972 -4.755835 1.601779
3.705328 -3.440350 0.986522
3.784788 -3.020642 1.240226
2.350587 -4.876514 0.283094
3.788391 -3.600299 1.569238
4.704944 -3.597989 2.043847
4.535773 -3.124348 0.328480
4.871272 -3.413919 2.087850
-4.176462 -4.116065 1.016367
-4.616254 -3.682870 1.066378
-4.796051 -2.726588 0.364404
-3.761943 -4.383227 1.615239
-3.583598 -2.771237 -0.130683
-3.027115 -4.073390 -0.185893
-2.497849 -4.306416 1.223063
-2.079967 -3.550659 0.535554
-2.458694 -3.536193 0.595020
-2.264149 -3.342612 -0.445691
-1.348777 -3.842009 2.744047
-0.097090 -3.421118 1.218317
-1.613024 -2.891751 1.814855
-0.848942 -3.358736 1.572301
-0.379888 -3.703494 0.532025
0.477714 -2.305417 1.723188
0.729976 -3.152072 2.266264
0.084220 -2.405812 0.968830
0.969820 -2.709321 0.502818
0.207385 -3.738064 2.294475
1.157922 -4.510874 1.777140
2.581553 -3.595579 0.870701
1.265918 -3.044999 1.884889
1.704522 -3.738546 0.967402
2.277828 -2.981195 1.238190
3.651526 -2.046690 1.517214
3.484623 -3.724521 2.392406
4.380189 -3.613888 1.830518
3.949466 -3.627986 1.519478
4.292591 -2.604894 1.045304
4.678671 -3.597845 0.861884
4.354362 -3.249469 2.198683
-4.312024 -2.897517 2.307764
-4.253056 -4.457247 1.434615
-4.478391 -3.195729 2.396653
-4.051296 -2.494843 2.447400
-4.821057 -3.064073 1.396107
-3.826373 -3.514026 1.705709
-3.124289 -2.734749 1.756840
-2.049206 -3.043031 -0.565540
-2.819979 -4.031252 0.774310
-2.790287 -3.916350 2.727064
-1.026971 -2.517021 0.382643
-2.013088 -3.212922 1.034279
-0.838730 -2.184053 1.051801
-1.257940 -3.889183 0.693751
-0.824677 -2.672247 1.007716
-1.161294 -3.657726 1.229837
0.601779 -3.084862 0.814208
0.892829 -3.452993 0.156614
1.094085 -3.364723 1.026693
1.538143 -3.007188 1.490090
1.495770 -4.376842 0.602176
0.598836 -3.024553 0.446261
1.178023 -3.975123 0.827596
1.520543 -3.118054 0.918082
2.533736 -4.613253 1.793909
3.087304 -4.433789 0.090781
2.996418 -2.368287 1.744949
4.758037 -3.596131 1.611437
2.629095 -3.141559 0.710447
3.455345 -2.527084 0.736686
4.686718 -3.771151 1.063047
4.895421 -3.710916 1.459729
-4.933765 -3.443933 1.534999
-4.744387 -3.296927 0.947250
-4.051798 -2.489681 1.037937
-4.207341 -3.129463 1.239572
-3.378450 -2.645161 1.296455
-3.911129 -2.763789 0.934062
-4.105883 -3.791667 2.040427
-2.543334 -3.491430 1.610007
-2.430380 -3.104234 0.579226
-1.880155 -2.357818 0.906358
-1.248806 -2.324789 0.756742
-1.945241 -2.809646 1.078485
-1.999076 -3.430040 0.568526
-1.439188 -2.859465 2.105786
-0.611725 -2.801815 0.530703
-1.353474 -2.815147 0.933041
-0.012295 -3.912068 1.229643
0.153321 -3.456253 1.509706
0.782785 -3.507675 1.790511
-0.122140 -2.669812 2.171576
1.595375 -3.298393 0.351778
0.879328 -3.081876 1.037006
2.001782 -3.040900 0.904415
3.003047 -2.140516 2.333752
2.323884 -3.068892 1.345482
3.103193 -3.333250 0.699571
3.242542 -2.687563 -0.170780
2.803535 -1.906080 1.312587
4.111339 -1.512507 2.275740
4.608898 -2.646600 0.740623
4.491207 -1.712783 1.353391
3.550258 -3.347446 2.097748
-4.589779 -2.458728 1.965729
-4.221006 -2.884948 1.120342
-3.048111 -3.637427 0.688371
-3.819367 -2.494422 1.828937
-3.470603 -2.349149 1.464590
-3.415164 -3.187215 -0.055440
-2.485997 -3.606393 0.766267
-1.977726 -2.326439 1.869346
-1.939653 -3.376771 1.431043
-1.783221 -2.354454 1.682720
-2.165838 -2.342021 0.640673
-2.350897 -2.936103 1.207186
-1.052244 -3.388087 1.185421
-1.454981 -2.532855 2.815650
-0.086437 -3.656614 0.400194
-0.190376 -2.733334 1.634783
-0.482787 -3.134112 1.641426
-0.282383 -2.981317 0.741004
-0.044431 -1.753996 -0.455884
1.221171 -3.130958 1.682197
0.350124 -2.070814 0.760404
1.820649 -2.499063 1.025666
1.221184 -2.737337 0.863532
2.910871 -2.559114 1.038943
3.637478 -2.746792 1.711004
2.848484 -2.696908 1.347003
2.966088 -3.575938 1.909684
2.591567 -1.830095 1.018086
4.260571 -3.097327 0.960427
4.253556 -2.377862 0.903517
4.660390 -3.437500 0.908889
4.968757 -2.322667 1.114509
-4.812249 -2.562991 1.975898
-4.470497 -3.094337 1.729013
-4.711071 -1.508281 0.809943
-3.618223 -2.115884 -0.140181
-2.909831 -2.870854 0.876126
-4.064748 -2.349479 0.650791
-2.982430 -0.886457 2.033898
-2.477820 -2.022861 0.588754
-2.502546 -1.061438 -0.253859
-2.081409 -1.990724 0.594765
-1.259239 -2.254919 1.732474
-1.682107 -1.131416 1.474615
-0.089827 -1.978200 0.266750
-2.196872 -2.886197 1.831847
-1.461615 -2.039814 1.787577
-0.418995 -1.634875 0.756157
-0.230922 -3.429210 1.628248
0.800704 -2.401253 2.265457
0.708096 -2.029945 0.417253
0.729200 -2.485222 0.950537
1.556758 -2.182714 2.234407
1.929667 -2.316181 0.699909
1.794310 -2.235619 1.872535
0.463844 -3.502217 1.721979
2.531346 -2.018060 1.041469
2.759881 -2.551175 2.274240
3.312537 -1.954806 1.466226
3.225359 -2.502314 0.895515
2.611638 -0.814692 1.914730
4.240532 -2.314980 1.935258
4.948231 -2.495295 1.198973
4.445770 -2.166587 1.518214
-4.946027 -1.582740 1.327684
-4.853665 -0.980740 0.616403
-4.909684 -1.904634 1.088835
-4.152491 -2.777322 -0.388866
-3.402169 -1.535912 1.548535
-4.756502 -1.267713 1.489245
-3.329811 -2.411419 -0.388534
-2.941874 -2.152381 1.207413
-2.202502 -2.436683 1.622845
-2.135151 -1.971098 1.476503
-1.129600 -2.751923 1.230607
-1.401287 -1.439898 1.112019
-2.200964 -1.765394 1.529858
-0.604835 -2.801191 0.820427
-0.658779 -1.870244 1.646384
-0.411199 -2.387622 0.516745
-0.226988 -1.622556 0.838923
-0.505416 -2.544226 0.983752
2.734770 -2.184644 1.014752
0.865911 -1.134013 1.095184
1.579106 -1.273877 1.417470
2.799516 -2.085730 2.040972
2.601590 -1.653652 1.229847
1.413303 -2.212052 0.782807
2.324431 -2.305337 -0.009961
2.586502 -1.180155 1.479129
3.084243 -1.739887 1.724723
3.362180 -4.838067 0.470994
4.061457 -3.134847 1.882195
3.032920 -2.726846 1.269333
3.043215 -1.589581 1.165343
4.582430 -1.821815 2.225369
-4.584497 -1.368874 1.545054
-3.936141 -1.326470 1.243668
-4.548937 -3.242639 1.484448
-3.010492 -2.246608 0.800635
-2.993632 -1.928095 1.164932
-3.079458 -1.146867 1.544881
-3.195238 -2.432831 1.168633
-2.539382 -1.534903 1.835065
-2.832480 -0.938270 0.672859
-2.322575 -1.215657 0.159229
-1.196533 -1.271515 0.408668
-1.268002 -2.511947 1.366001
-2.003592 -1.728009 1.498896
0.558551 -1.795576 1.015159
-0.806495 -2.344077 1.190111
-0.128045 -2.380368 0.156100
0.430254 -0.988118 2.305028
0.198134 -0.911819 1.013075
1.058438 -0.564889 1.317939
1.215502 -2.479399 1.861041
2.301192 -3.042512 0.505041
0.790483 -1.161628 1.653059
2.040085 -2.210246 1.062031
1.869573 -2.569471 0.864729
2.352760 -0.952118 1.211782
2.426722 -0.945244 1.351797
2.631171 -2.520909 2.644656
3.295108 -1.672620 0.983699
4.885923 -1.584137 0.833305
4.526635 -1.286609 1.330999
3.635255 -2.167474 0.934472
4.578271 -1.590191 0.263565
-4.810509 -1.702325 0.542665
-4.987978 -1.339380 1.048581
-3.218106 -1.819586 1.194728
-3.757717 -0.986990 1.102731
-3.085058 -1.306754 1.419453
-2.888562 -1.751524 0.707248
-3.050138 -1.439637 0.887829
-3.923657 -1.140614 1.626040
-3.119090 -1.512382 0.307037
-0.848080 -1.497295 0.682403
-1.144684 -0.804558 -0.055982
-2.275634 -1.805291 1.014335
-2.218597 -1.466332 1.894905
-1.560959 -1.389376 1.409667
-0.647632 -2.150961 0.665744
-0.947072 -1.129218 1.250802
-0.233986 -1.712324 0.420435
1.156116 -1.741641 2.099976
0.021603 -0.939987 0.536133
1.489375 -1.243103 0.992003
1.490945 -0.683801 1.429931
1.777503 -1.258115 1.633124
1.910620 -1.492735 -0.222924
2.545657 -2.462269 0.068809
2.879071 -2.165458 1.454611
2.371545 -1.745871 1.079671
3.213253 -1.013329 1.776781
3.256339 -1.872434 0.922074
4.866531 -1.406595 1.747931
4.978999 -1.122744 1.080183
4.534569 -1.536538 0.970409
3.553515 -1.893647 1.593018
-4.021593 -1.018729 1.206577
-4.838645 -1.434867 1.400965
-3.520401 -1.040152 1.516190
-3.119405 -0.935264 0.843128
-2.814555 -2.118245 1.361982
-3.834998 -1.247206 2.515922
-2.638138 -1.304371 1.638377
-2.367687 -1.961751 -0.272042
-3.766494 -1.565653 1.199189
-2.457668 -0.966326 0.842991
-2.109128 -1.876189 1.614006
-0.420299 -0.329757 0.739875
-0.930005 -1.761603 -0.167401
-0.065809 -1.891140 1.385415
-1.261032 -0.879818 0.429331
-0.152079 -1.712548 0.587590
-1.080480 -2.116927 0.900170
-0.608482 -1.013264 1.396577
0.285448 -0.815469 0.654074
1.261362 -1.337964 1.120877
1.582300 -1.983925 1.557467
1.966255 -1.169596 1.772546
0.670326 -0.616636 1.904245
2.273595 0.867915 1.476992
2.069441 -0.291495 1.703259
3.482355 -1.623372 2.375878
2.192509 0.265736 1.210328
3.914814 -0.285764 1.738854
2.830176 -2.246408 1.854411
3.535719 -1.386386 2.217050
4.468748 -1.441514 1.631045
4.623630 -1.005104 0.578930
-3.759043 -0.185905 0.232753
-3.912098 -1.099936 1.310302
-4.968695 -0.352509 1.164471
-2.583656 -0.805589 0.232438
-3.831279 -0.864041 0.843707
-2.492081 -0.555637 0.494033
-3.594941 -1.428186 0.567109
-2.250120 -0.024606 1.656523
-1.479924 -0.914642 0.153585
-1.796051 -0.423749 2.209158
-1.906475 -0.326056 1.544219
-1.013984 0.109110 0.869344
0.281092 0.426830 1.110547
-1.397928 -0.540298 0.560475
-0.144798 0.169087 1.451329
0.464580 -0.470130 0.690582
0.403497 -1.218888 0.965845
0.622793 -1.665103 1.502247
0.438271 -0.977512 0.754878
0.983374 -1.431011 0.482307
1.697183 -0.848494 0.559436
2.880460 -1.015671 1.431678
2.137304 -1.952925 1.507585
2.646422 -1.405654 1.861561
1.845641 -1.785498 1.930164
2.803096 -0.922676 1.791432
4.051425 -0.393152 -0.648210
4.242270 -1.442471 2.546617
4.472592 -0.877870 0.793368
4.046260 -1.329951 0.784120
4.973904 -0.924389 1.516461
4.696356 -1.447179 0.185808
-4.920397 -0.364673 2.374988
-4.662475 -0.212451 0.054027
-3.357443 -0.879659 0.714402
-4.686131 -0.442718 0.799916
-4.470109 -0.744115 1.044603
-2.788297 0.056488 1.315052
-2.280655 -0.685279 1.751284
-1.425135 0.382706 1.785230
-3.199481 -0.730058 1.275800
-2.227624 -0.827476 0.407493
-1.935236 -0.491374 1.273467
-1.292334 0.732775 1.327396
-1.469746 -0.602924 1.093183
-0.279129 -0.483205 0.130916
-0.260861 -0.961709 0.542798
-0.198170 -1.896745 0.508091
0.338484 -1.262754 0.757414
0.420394 -1.545826 0.527210
-0.802260 0.411859 0.200247
0.283366 -0.239713 2.086015
1.027613 -0.524592 0.297317
2.010063 -0.800892 1.597268
1.741436 -0.565911 1.639481
3.124445 -1.783506 0.929470
3.349277 0.285940 1.084338
3.349785 -0.068496 0.738804
3.372982 0.412825 1.620175
4.140638 -0.624438 2.067159
3.199932 -0.756445 -0.652611
3.401984 -0.535148 2.132431
4.926352 -0.534278 1.033040
4.952960 -0.790452 0.120122
-4.238869 1.460244 1.729249
-3.636236 -0.074940 1.144435
-4.620231 -0.292208 1.442834
-4.315383 -0.122957 1.109280
-2.655354 0.481195 1.409687
-3.164387 -0.106040 0.578918
-3.716991 0.365596 0.932985
-3.449120 0.375471 0.883829
-2.076329 0.592251 0.609714
-2.292629 -0.741309 0.521270
-0.467742 -0.183965 1.143574
-1.153774 -0.060298 0.905748
-1.759965 0.263514 1.455797
-1.211736 -0.368475 0.986695
0.581594 0.362330 1.506563
0.610541 -1.020919 1.244772
-1.093959 -0.972657 0.248162
0.412532 -0.798802 2.167520
1.368418 -1.388182 0.610817
1.761628 -0.723347 0.471636
0.988649 -0.951875 1.099542
2.347645 0.358938 1.669003
0.770499 -0.240759 0.336681
2.757890 0.012318 0.491917
3.373481 0.875462 1.482137
1.373551 -0.214479 1.426024
3.237659 -0.502806 2.290600
4.001834 0.200921 0.588283
4.154019 -0.207521 1.641592
4.137996 0.231887 1.468684
3.275214 -0.218773 1.654601
4.187744 1.179315 0.536619
-4.798297 0.024620 1.926127
-4.484562 1.714321 0.607690
-3.796358 0.505550 1.421034
-4.314692 -0.638282 1.161390
-3.609298 1.380489 1.080855
-3.341640 0.504067 2.245082
-2.585941 0.450920 0.831684
-3.111581 -0.075070 1.123331
-1.486561 0.425590 0.999232
-2.073362 0.103954 1.561235
-1.041373 -1.364630 1.391378
-0.795382 1.995388 1.334017
0.106559 0.624532 0.562856
-0.972116 -0.158133 1.844160
-0.352107 1.350829 0.245167
0.513896 0.622495 0.594776
0.335034 -0.460074 0.549620
-0.551723 0.840329 0.880919
0.877294 0.337206 0.143103
-0.123765 -0.148573 1.214103
1.105316 -0.361688 1.819948
1.865480 0.007783 -0.078709
2.255107 0.750464 2.384063
2.004478 0.138085 2.606912
2.646984 0.017833 1.828007
2.441868 -0.480831 1.072860
2.812243 -0.580327 0.953100
3.697058 0.685823 -0.074695
3.258452 1.320879 1.960258
4.416743 1.363838 1.135704
4.629043 -0.540358 1.626927
4.802830 1.656595 1.217471
-4.672762 -0.117665 1.560724
-4.837601 1.124323 1.124538
-3.788610 0.666558 1.109301
-3.781214 0.789301 1.316136
-3.091004 1.111285 1.184252
-4.104596 -1.422332 1.663178
-2.907734 -0.451190 0.269526
-2.968121 -0.110585 0.867565
-2.250554 1.740381 0.923223
-1.400427 -0.325462 1.004431
-1.373725 -0.998309 1.625023
-0.667093 1.844097 0.911795
-0.904418 1.005158 1.863837
-0.098954 0.523255 1.120359
-0.550415 1.507327 0.541719
0.915948 0.745162 0.940597
0.228901 0.906339 1.173316
0.161897 -0.084239 1.343558
1.766461 0.865472 0.718563
0.911856 -0.180326 1.148131
1.582961 0.453313 1.466047
0.155749 1.152109 0.851156
1.134364 1.286114 1.094027
2.671395 0.952141 1.086466
3.344732 0.187806 0.027862
3.300441 0.692011 1.101806
4.032583 0.556925 0.009686
3.469144 0.994797 0.977235
3.711735 1.407765 1.176139
4.384840 1.750969 1.083450
3.955842 0.169967 0.750983
4.271952 0.775402 1.807879
-4.884792 0.204449 1.683793
-4.710444 2.167765 2.324927
-4.422284 1.428529 0.612114
-3.861220 1.211992 0.118739
-3.184819 1.643631 0.472935
-3.599267 1.124324 0.541144
-2.900287 -1.041390 1.408681
-2.796234 2.275903 1.154217
-0.656181 1.397422 -0.256314
-2.285744 0.640756 0.061693
-2.199026 2.566156 1.912292
-1.322150 2.030615 0.762865
-1.782333 1.323033 1.607380
-0.695821 0.786185 0.973324
-1.672841 -1.222481 1.624848
0.365104 1.097054 0.936856
-0.384361 0.503007 1.685701
0.878556 0.121539 1.738668
0.838250 1.077798 0.275918
0.728606 0.344076 1.410704
1.103509 0.998120 0.974687
2.111389 0.509877 -0.668329
1.133532 0.434732 1.296075
2.360971 0.834042 0.745024
2.948179 2.140513 0.691510
2.831163 0.577798 1.687052
3.866692 0.122233 0.623207
3.299400 1.057129 1.122328
3.676980 0.559709 1.912140
4.199244 0.330715 0.644179
4.781889 -0.012186 1.316380
4.902123 1.763809 1.268383
-4.892261 1.653436 0.079194
-4.434568 1.499830 1.912671
-4.270120 1.476272 0.132529
-4.471311 0.937867 1.346347
-3.021715 1.521681 0.959705
-2.741634 1.815182 0.422075
-2.103376 0.068630 1.235224
-2.131218 2.098379 1.163780
-1.461991 1.258945 0.405526
-2.336179 0.793543 1.133437
-2.011438 0.341217 0.376990
-1.008941 1.280641 1.083361
-2.468212 1.003075 1.644280
-1.116090 0.945992 1.846403
-1.225498 0.251896 0.878022
0.648779 0.222968 1.227993
0.010444 -0.458084 1.582235
-0.221239 -0.464924 0.991853
0.159238 0.327590 1.681204
0.006399 1.638476 2.611834
1.158872 0.734878 -0.061596
2.460534 1.073107 1.802844
2.612377 0.680140 0.748197
1.886080 0.388991 0.269876
1.988050 0.825918 1.375326
2.026069 1.653769 -0.026778
4.056537 0.693276 0.255043
3.030951 1.879903 0.400047
4.227295 0.934544 1.491289
3.863988 0.140256 1.277940
4.336891 1.552547 0.670584
4.560901 1.128259 -0.093287
-4.094512 1.024325 1.608133
-4.766501 2.452849 1.425434
-4.378544 1.185054 0.882867
-3.572459 1.245360 2.938526
-2.330446 1.562463 1.007955
-3.212634 3.161740 2.084911
-2.787871 1.326177 1.281432
-3.491035 1.649752 2.093832
-2.935890 2.106086 0.905374
-2.100706 1.299128 0.716328
-1.864770 1.847921 2.214762
-1.492252 0.247569 0.559399
-0.195694 1.502499 0.530607
-1.183739 1.682148 0.894580
-0.925145 1.195032 2.631827
-0.131494 0.771279 1.065140
-0.427270 3.469866 1.065552
-0.305291 0.773119 0.285825
0.237462 1.826811 0.733377
2.249501 1.442855 0.998638
1.736428 1.038413 0.325500
1.388190 1.672896 0.593611
1.560609 1.381272 0.895041
1.776745 1.372023 0.459727
2.392699 2.171650 1.207817
2.073128 0.836671 2.136144
2.373774 0.905230 0.470037
3.889738 2.341011 1.134545
4.699985 1.881227 0.916469
4.995332 -0.186009 2.245267
4.755422 1.719858 2.565228
4.064623 1.958751 0.270075
-4.247257 1.299975 -0.156917
-3.268217 1.978422 1.004047
-3.721632 0.508118 1.160602
-4.490994 1.794108 1.049228
-4.558157 1.984695 1.381423
-3.216089 0.575814 0.972089
-4.420938 1.643739 1.708973
-2.294017 1.697516 2.248680
-1.896670 3.040901 0.420488
-1.822411 1.893349 0.904791
-1.681194 0.130572 0.708629
-1.796718 2.318396 2.239849
-1.185047 1.212872 0.483294
-1.173102 1.449155 1.534184
-0.643732 1.389746 2.610017
-0.489384 1.916497 0.506026
1.587905 1.197616 -0.211442
0.498807 0.963728 0.751399
1.486423 2.530460 1.060793
1.323991 1.553579 0.735066
1.787702 2.183445 1.057705
1.988390 1.073022 1.606799
1.284585 0.969028 0.248193
1.749955 1.063887 1.866629
3.301339 1.313468 2.161540
3.148770 1.935684 2.192546
3.040630 2.585918 -0.406933
3.188521 1.632129 1.458072
4.678649 2.519191 2.431517
3.638986 2.241090 1.500373
4.528916 1.105609 1.632676
4.358705 1.627795 2.162923
-4.708196 2.055205 1.550378
-4.937291 3.183784 0.834117
-4.152305 2.208739 2.458477
-3.335209 1.645966 1.524634
-3.613624 1.254000 0.593366
-3.468054 1.793803 0.465639
-3.547617 1.535060 0.814644
-3.561605 1.907282 1.920007
-1.528532 2.022069 -0.220475
-1.986765 2.222552 0.877588
-2.025896 2.755047 1.101000
-1.438978 1.893502 0.741224
-1.175421 2.191225 1.254025
-1.136579 1.412065 -0.301714
-0.601116 3.353889 0.323827
-1.478863 3.209137 1.506808
-0.586093 1.446522 1.303458
-0.000979 1.168414 0.721691
1.168669 1.772472 0.256744
1.139812 2.707308 0.717287
2.090624 0.791046 0.536895
0.925218 1.561095 0.578839
2.454820 1.465071 1.360206
2.357659 2.417428 0.923389
4.049102 2.020169 1.348974
3.171350 2.074696 1.231143
3.174634 2.256763 1.384925
3.805458 3.263918 0.533726
3.509710 2.501541 1.829468
3.522918 2.444754 0.769112
3.574488 2.932412 1.273225
4.193279 2.063565 1.511771
-4.239233 0.806788 2.196416
-4.646926 2.953792 0.794010
-4.191355 2.834764 -0.178476
-4.247187 2.130975 1.150051
-3.012798 2.099069 0.802050
-2.942161 2.094556 1.774223
-2.776032 3.591813 0.558681
-2.368479 2.442791 1.858777
-3.134970 2.326566 1.297036
-1.965863 2.140387 1.523314
-1.532095 3.564154 1.084178
-1.198031 3.102974 0.449030
-1.476437 2.130170 1.577677
-1.216626 2.017579 2.040884
-0.811501 2.679016 1.411547
-0.757127 2.363359 0.908085
-0.576690 1.459285 -0.000462
1.407707 1.906520 1.781119
0.623609 2.816688 0.988456
1.514842 2.216705 1.193198
1.465324 2.328547 0.990760
0.491634 0.987264 1.904268
2.326721 2.538297 1.399698
2.457043 2.407364 1.733438
3.270776 2.039586 0.801125
3.378053 2.580484 1.959318
3.323395 2.648612 1.161737
3.383878 2.575192 2.648977
3.232326 1.737647 0.688124
4.006908 3.433879 0.899999
4.846492 2.381108 2.380593
4.737418 2.368049 1.806178
-4.217445 2.529918 1.057243
-4.762428 2.533936 1.102489
-4.506229 3.000024 1.148162
-4.058836 1.247705 1.304059
-3.939010 3.785202 0.995732
-2.910432 3.199404 1.554434
-2.202321 3.952226 1.331935
-2.285066 2.204165 0.450999
-3.650519 2.820560 1.202234
-1.731830 2.881614 1.055417
-2.130226 4.330384 0.473199
-1.872974 2.373039 0.798668
-2.139760 3.032542 0.784401
-1.511889 3.270854 1.391287
-1.240656 3.042268 1.120153
0.120015 2.314060 1.857601
-0.605996 3.144785 1.315005
0.064714 2.439116 0.151887
0.459700 2.003975 1.478456
1.761486 2.853356 1.763756
0.964537 2.885411 -0.241146
0.337374 2.855736 1.707049
1.711972 1.353976 0.351725
2.636883 3.725488 1.729487
4.244332 3.707617 1.357045
3.379544 2.978048 0.963947
2.872364 2.691432 0.950248
2.885411 2.125156 -0.355150
3.871667 2.271080 0.924356
4.400822 2.900912 0.652899
4.718097 3.834431 2.223677
4.213834 3.965465 0.554118
-4.750558 1.266236 1.721772
-3.866532 2.874987 1.525336
-4.041019 2.048855 1.314239
-4.232188 2.787495 1.650358
-3.387887 2.430848 2.081436
-3.414732 3.700081 0.557007
-2.222338 2.972154 0.320961
-2.878836 2.219393 1.799562
-1.824943 2.528618 0.535647
-2.050316 2.740573 0.516284
-1.655515 3.791302 1.527287
-1.696618 2.479586 0.985043
-2.422235 2.818772 1.027379
-0.429257 4.306536 1.560197
-1.073174 2.392521 0.558395
-0.198568 3.021644 1.995425
0.082811 2.778666 0.982499
0.293978 2.497224 1.649003
0.933613 2.474458 1.682508
0.045585 3.199665 1.432726
1.124596 3.785211 1.497433
1.337501 4.233864 1.415459
2.354198 1.904248 0.804774
2.540657 2.455307 2.563492
2.832445 2.264255 0.363205
1.995494 3.818855 0.951618
3.429665 3.221304 1.566599
4.444565 1.800808 0.643456
3.237353 2.599422 2.110555
3.047712 4.759948 0.502092
3.885263 3.591703 1.066566
4.467523 2.578475 0.851212
-4.634650 2.905112 0.949480
-4.987724 2.661496 0.754152
-4.393854 2.488741 0.268536
-2.841739 3.659923 1.508940
-4.098466 3.194590 1.706909
-3.621387 4.131665 0.553040
-3.126104 3.197972 1.493132
-2.632099 3.688335 2.574281
-1.453534 3.528730 0.541838
-2.561050 2.646791 -0.125943
-2.134182 2.929080 2.091540
-1.062648 2.533382 0.596228
-1.319580 2.623155 1.044699
-0.564587 4.206333 1.931918
-0.913180 3.754707 0.188872
0.630690 4.157838 0.481442
0.300983 3.946584 1.839794
1.026407 2.331975 1.364977
0.616476 2.980488 3.639471
1.221043 3.851004 1.110187
0.828684 3.410403 1.162262
3.096198 3.394830 1.107310
1.344485 3.762634 1.517927
1.922370 4.789399 1.428450
3.005212 3.254335 0.393498
3.353621 3.425135 0.810778
2.749078 3.320765 0.892656
3.557774 3.200951 1.597884
3.233903 3.223945 1.598697
3.278121 4.073069 0.716517
3.528867 2.560125 0.683020
4.201944 3.883715 0.078336
-4.721970 3.001243 1.709653
-3.602422 2.834499 0.540717
-3.735370 2.928639 0.596284
-3.551898 4.746542 0.318754
-3.865296 3.909362 0.630484
-2.785994 2.556526 0.709652
-3.015608 4.045012 0.321006
-2.802644 3.387335 2.805791
-3.327370 3.939024 1.372705
-2.394386 2.719447 0.190490
-1.391120 3.070582 0.801272
-1.548775 3.129342 0.427334
-1.828815 3.120234 0.906220
-0.996881 3.455072 1.587329
0.552988 3.215399 1.869324
0.975609 3.600168 1.673635
-0.347484 3.275992 0.542721
0.425152 2.538067 0.814057
0.753290 3.671494 1.412619
2.084893 3.942275 0.763898
2.298183 3.550412 2.297665
2.394563 4.181620 1.076443
1.745135 2.627440 0.531142
1.837456 4.037718 0.444374
2.967580 3.255059 1.105561
3.559787 3.781318 0.753842
2.979396 3.900830 1.011438
3.369360 3.116178 1.659628
3.342818 2.865609 1.084895
4.038558 2.575086 0.570993
4.885673 3.731272 1.490702
4.678053 3.313759 1.932218
-4.961057 3.410227 1.409453
-4.666093 3.386044 1.338107
-4.525028 3.469059 0.997470
-3.710919 4.544012 0.848162
-2.707563 3.976542 0.815876
-3.332425 4.481199 1.064128
-2.367944 2.938465 0.645073
-2.974075 3.430728 1.077527
-2.173886 3.427739 0.190239
-1.637809 4.639282 1.058341
-2.974443 4.216643 1.430997
-1.664232 3.903035 0.882675
-0.510013 3.358257 0.491452
0.357155 3.852191 1.088047
-1.184164 3.241778 2.365298
0.332190 4.994327 0.938385
1.167795 4.176592 1.183707
0.023524 4.447041 0.672013
0.402856 2.573535 1.113613
0.527821 2.814033 1.265557
1.907213 3.957553 1.525310
1.851266 4.073463 1.142534
1.105029 4.437854 1.290220
2.251699 2.987542 1.095829
2.896622 4.744504 2.384823
2.129343 3.996379 1.451917
3.051026 2.579684 0.973140
3.346319 3.407894 1.084182
1.873223 3.731966 0.643835
3.750153 2.758748 0.975959
4.118925 4.603370 2.234216
4.133446 2.956986 2.831277
-4.402867 3.979399 1.728653
-4.656025 3.442932 0.613881
-4.786287 4.619030 0.534344
-3.799999 4.355483 0.471079
-2.474761 3.161319 1.226284
-2.695309 3.907232 1.314408
-2.935993 4.035741 1.140291
-2.432994 4.817435 1.352851
-3.045619 4.658945 1.963753
-2.632855 3.905869 0.601428
-0.987921 2.960625 1.145123
-1.840478 4.654510 0.528559
-1.575656 4.529916 -0.017377
0.372523 2.838126 0.789787
-0.432767 4.133090 1.458034
-0.623394 4.218773 1.737994
-1.488013 3.464465 0.236654
-0.509039 4.095858 1.629474
1.393487 4.526371 0.387823
1.379408 4.981358 1.042523
1.990811 4.260111 1.505779
3.072128 4.682247 1.570776
1.750554 4.319613 0.495274
2.669080 4.266942 0.006095
3.517369 4.909281 1.366198
3.674544 4.803671 1.356507
3.812620 4.891874 0.955582
3.947662 3.403093 0.732675
3.131948 3.789382 1.485825
3.749049 4.440203 2.062258
4.003485 4.807421 0.512072
4.388398 4.907453 1.296876
-4.798701 4.524017 1.440455
-4.454341 3.556520 1.259040
-4.516217 4.514225 0.107258
-4.587085 4.223099 -0.557626
-3.237876 4.475578 0.909720
-3.037823 2.982529 0.406485
-3.400926 4.841581 0.586140
-3.393255 4.799005 1.923385
-2.150499 4.521594 3.335938
-2.234009 4.021564 0.435135
-1.552433 3.744691 1.749596
-1.908387 4.356229 0.504884
-1.091406 4.721818 1.310760
0.046158 4.058523 0.540998
0.217369 4.753839 0.842861
0.074653 4.878128 1.039685
-0.440514 4.621817 0.465325
0.021678 3.501852 1.127438
1.701458 4.495136 0.969697
1.448658 4.354233 1.249751
1.342003 4.029165 0.433143
1.497766 4.569687 0.766411
2.165487 4.968359 0.342038
3.382528 4.378709 0.905445
2.758705 4.795156 1.557685
2.283309 4.742275 0.481690
3.214922 4.061756 1.546957
3.393050 4.471054 1.312936
3.239045 3.666024 1.582579
4.876164 4.089937 2.233912
3.100137 4.697481 1.246168
4.457682 3.974439 0.796027
-4.398607 4.881584 1.097939
-3.762350 3.860479 2.078844
-4.987611 4.894198 0.951021
-3.665865 4.777747 0.981279
-4.289400 4.939133 1.303850
-3.277360 3.938005 0.677678
-3.045525 4.384199 0.975684
-2.887511 4.716749 1.337210
-2.530146 4.857526 1.937496
-2.505871 4.410547 1.758477
-1.609221 4.470290 0.920038
-1.000169 4.876431 0.582077
-2.104917 4.880807 1.915555
-0.899654 4.107938 3.017388
-1.245152 4.959984 -0.972802
0.114192 3.921347 0.323740
0.425009 4.390642 0.700644
0.535538 4.539009 0.379833
0.819297 4.699623 1.643184
1.470492 4.840793 0.115067
1.107819 4.119816 0.454778
1.691129 4.520601 1.687995
0.765555 4.309365 -0.081471
1.942213 4.646446 1.548733
3.112160 4.979032 0.807037
3.104627 3.888550 -0.150432
4.105105 3.422176 0.622245
3.581433 4.306859 1.303298
4.488975 4.794156 1.534064
4.797520 4.984746 -0.461640
4.785363 4.694864 1.733865
4.699674 3.180426 1.403867
-4.572781 -4.492119 1.754658
-3.534886 -4.961829 1.338694
-4.722885 -4.584212 1.137098
-3.651994 -4.541832 2.043396
-4.152777 -4.710703 1.365451
-3.330118 -4.711915 2.356492
-3.772925 -3.970825 1.693609
-2.733200 -4.819945 0.247029
-2.343585 -4.927801 1.475810
-2.025764 -4.701928 0.710815
-1.638422 -4.464761 0.884132
-1.174903 -3.895841 2.133579
0.227107 -4.298447 1.354903
-2.455963 -4.642022 2.028812
-0.708574 -4.122643 1.811509
-0.328960 -3.045447 2.088373
0.731986 -4.626691 2.349201
-0.139900 -3.880572 1.143159
2.722878 -4.146591 0.706852
0.162110 -4.623872 1.366764
1.023802 -4.256141 1.727507
2.889678 -4.886955 1.964864
2.988818 -4.699238 1.773710
2.831382 -4.969756 0.686877
3.436564 -4.950824 1.197186
2.636576 -4.773947 2.198838
3.084576 -4.462795 1.468618
4.621670 -4.358902 2.333320
3.560931 -4.702177 2.572002
3.241489 -4.977317 1.656097
3.169963 -3.777266 0.997460
4.932110 -4.557344 1.091774
-4.495749 -4.655071 0.396055
-4.583241 -3.629029 1.923087
-4.053588 -4.889108 0.780325
-3.202534 -4.364677 0.944904
-3.524215 -4.698604 1.339460
-3.645962 -4.350788 2.549609
-3.745883 -3.724045 1.599793
-2.986426 -4.487164 0.672853
-2.377967 -3.976171 1.120853
-1.786224 -4.438004 1.309065
-2.639186 -4.543114 3.508055
-0.931305 -4.114154 0.511058
-1.199214 -4.997383 0.115559
-2.052093 -4.572498 1.657888
0.047314 -4.146694 1.810698
-1.034112 -4.072446 1.492975
1.253332 -4.381252 1.848722
-0.695098 -3.770998 1.246664
0.571190 -4.597676 1.039830
0.571872 -4.683589 2.693587
2.043914 -3.976756 1.288010
1.603830 -4.686109 1.293102
1.549904 -4.794212 1.455216
1.834558 -4.958247 2.551977
2.711793 -4.838808 1.109220
2.926031 -3.537006 1.271659
3.543101 -3.561540 1.853126
3.740983 -4.360384 1.051191
2.520029 -3.832870 0.939436
3.870371 -4.209830 2.051854
4.851479 -4.940743 1.229516
4.813427 -3.841612 1.420562
-4.938720 -4.178106 1.530343
-4.976988 -3.687401 2.775828
-3.787869 -3.698999 1.790095
-3.086135 -3.785411 0.607456
-2.873713 -3.802186 1.660624
-3.860645 -4.047732 2.237348
-2.693219 -3.648424 0.651445
-2.143086 -4.418522 0.490454
-2.591215 -2.996915 1.129941
-1.677511 -4.769699 0.719414
-1.034439 -3.481587 2.119584
-1.945437 -4.365658 1.691514
-1.262289 -4.653254 0.991843
-1.581183 -4.908696 1.487927
-0.514486 -4.305995 0.933764
0.587253 -4.952349 2.285285
0.607996 -4.531718 2.751073
-0.306309 -4.286263 2.972231
1.150639 -4.227438 0.968395
0.995098 -4.094089 1.315880
1.176763 -3.592065 1.044749
0.856782 -3.736891 1.905534
0.838872 -3.998975 2.057721
1.684988 -4.347876 2.420410
2.718202 -4.200905 0.234153
2.271874 -3.819701 1.533478
2.899416 -4.793252 0.514551
2.505995 -4.916126 2.865182
4.483354 -3.563955 1.432387
4.874117 -4.106155 3.249071
4.267580 -4.702451 2.238245
4.637664 -3.277392 2.394151
-4.797612 -4.327057 2.112248
-4.666032 -3.685714 1.787000
-4.893241 -3.991910 2.238451
-3.505689 -4.466702 1.683600
-3.256264 -3.688417 2.246169
-3.843351 -2.984199 1.185092
-2.783364 -4.044585 2.203330
-2.337727 -3.060169 1.708796
-2.477955 -3.388542 -0.358708
-0.970115 -3.622141 1.008404
-2.024446 -3.780685 1.483953
-0.590936 -4.524052 0.191779
-0.797969 -3.153602 -0.522794
-1.071331 -3.736384 0.346637
-0.885010 -4.060463 0.960892
-0.003265 -4.627665 0.493749
0.220235 -3.250855 1.584251
0.762103 -4.572874 2.776782
0.214249 -3.417676 1.743891
0.622627 -3.267887 1.123846
-0.205319 -4.210036 1.258281
1.350214 -3.991350 1.106119
2.805214 -4.391822 1.265757
1.320775 -3.156730 0.469072
3.117143 -4.982667 1.471085
3.574929 -3.302250 0.685964
3.318890 -3.649626 1.515782
3.251697 -4.950483 0.758757
4.271870 -3.853824 2.217738
4.670270 -3.812328 2.447014
4.710448 -3.300731 0.145247
4.936556 -3.691983 2.310579
-4.376163 -3.769702 2.210564
-4.592492 -4.059808 1.135159
-4.828102 -3.235619 1.949411
-4.224697 -3.965479 2.008992
-2.912766 -3.215797 1.185012
-2.520933 -3.738248 0.294389
-2.299555 -4.045529 1.445404
-0.898534 -3.554756 -0.099289
-2.441686 -3.742240 0.616079
-1.374097 -3.557297 -0.073707
-1.563819 -4.136343 2.425212
-0.938399 -3.286057 0.880967
-1.495887 -3.658092 2.265074
-0.688224 -3.390779 1.725595
-0.193637 -3.333165 0.342585
1.070247 -2.725064 0.966308
-0.074242 -3.405591 1.809371
-0.599011 -2.910252 0.898586
1.367042 -3.352067 1.069445
-0.067183 -3.999062 2.264151
1.552335 -4.384442 1.492306
2.346079 -3.759167 0.999521
0.533900 -3.532810 1.966379
1.548944 -4.285482 1.283712
2.686970 -2.944180 1.977032
3.633996 -2.948074 2.064906
4.164712 -3.104937 2.240867
4.406031 -3.589402 2.849878
4.347682 -3.810559 0.816098
4.015749 -2.517778 0.655020
4.465005 -2.878216 2.031555
4.175892 -3.756752 2.859864
-4.309977 -3.137238 2.154012
-4.476394 -3.795466 0.928633
-4.678689 -3.249642 2.889775
-4.548546 -3.177023 2.553230
-4.611405 -3.044560 2.129622
-3.637249 -3.076944 1.786427
-3.464940 -3.451645 1.832422
-2.788759 -3.781214 1.128271
-3.148413 -2.821618 0.926118
-2.467572 -3.089041 1.793681
-1.255459 -3.708310 1.081513
-3.196706 -2.573812 1.191663
-0.900228 -2.003990 1.652541
-0.420493 -4.101113 1.480646
-0.417454 -2.862029 1.616669
-0.471990 -3.012077 0.933956
0.103833 -3.494041 1.115273
0.044329 -3.920095 1.066662
0.947769 -2.939668 1.232252
2.133998 -3.675304 2.075921
1.887463 -3.735247 0.848932
0.703373 -2.866597 1.398000
1.889736 -3.344763 0.448675
1.470199 -3.730464 1.034386
2.924732 -3.826541 1.651454
3.238640 -3.892078 0.486480
3.040505 -2.858470 1.939857
3.793762 -3.054231 1.388045
2.777499 -2.789144 0.785363
3.679908 -2.036614 0.851270
4.472886 -3.201812 1.760687
4.734219 -4.148155 1.837249
-4.831961 -2.594655 0.118834
-4.752455 -2.673724 1.496775
-4.671742 -1.811978 1.954319
-3.928129 -3.572380 0.926618
-2.183534 -2.491761 1.489043
-2.443046 -3.226129 1.434930
-4.002286 -3.128954 1.308373
-3.063201 -4.049478 1.665033
-1.637435 -2.438848 1.136940
-2.382155 -2.753231 1.266141
-1.402897 -3.137840 1.992922
-2.074069 -3.150744 1.460510
-1.786439 -4.261377 1.600381
-0.686855 -3.434409 2.568004
-0.137729 -3.844230 0.906553
-1.424533 -3.499892 1.811931
-0.160092 -4.864964 1.128491
0.401938 -3.373492 1.527843
1.309942 -2.981778 2.698515
-0.064890 -1.973413 1.863908
1.191106 -2.613464 0.697573
0.676618 -2.886144 1.123234
2.887309 -2.047703 1.811751
2.553181 -2.992146 2.708101
2.715970 -3.683056 1.041793
3.283264 -2.976844 1.361123
3.493958 -2.704742 0.945891
3.120280 -3.038958 2.039572
4.059730 -2.168071 1.805158
4.771659 -3.244786 0.487388
4.476769 -2.070358 1.337358
4.046715 -2.985770 2.204845
-4.493104 -3.057492 1.924007
-3.866128 -2.644794 0.744640
-3.541806 -3.359470 0.832320
-3.708032 -1.980656 1.720236
-3.224530 -2.237217 1.795368
-2.762099 -3.278219 0.950491
-2.118110 -2.560900 1.814281
-2.379579 -2.415821 1.592363
-2.049904 -2.833638 2.134819
-0.352291 -3.083520 1.886994
-1.586140 -2.365852 0.299190
-1.876852 -3.172766 1.603070
-1.524133 -4.256697 1.833626
-1.806670 -2.691798 1.379085
0.006183 -3.102047 0.521054
-0.636401 -2.826481 1.803988
-0.359013 -3.508405 1.884918
-0.524668 -1.898050 0.969883
-0.046198 -1.985503 0.662814
1.427309 -2.258920 1.964386
1.837545 -2.172631 2.044570
1.947028 -2.478216 1.499303
1.693806 -2.892545 1.177420
2.438493 -2.627857 1.000888
4.364655 -2.865494 1.659788
2.633195 -2.786796 2.352643
3.274564 -2.628978 1.716574
3.114493 -1.316777 1.593142
3.750602 -2.710192 0.934441
4.050803 -3.387384 2.040692
4.849751 -3.230612 0.670964
4.546229 -2.556519 1.388129
-4.873586 -2.309690 1.983292
-4.385975 -3.508125 1.873811
-4.833955 -1.977396 1.991548
-3.430521 -2.026521 0.066171
-4.238965 -2.251775 1.555803
-3.746154 -2.053440 1.402590
-3.229820 -1.894415 2.192825
-2.705208 -2.054217 0.983941
-2.787875 -1.596708 0.157158
-1.539579 -2.663838 1.778889
-1.938051 -1.835334 1.235104
-1.643530 -1.942098 1.499338
-0.487383 -2.193584 1.432991
-2.152318 -3.143998 2.108712
-0.524340 -1.994868 2.007768
0.397306 -1.360009 0.506889
0.415034 -2.630046 2.079972
0.669138 -2.959638 2.162119
-0.552037 -2.427861 1.159164
1.248767 -3.068385 1.402332
1.422977 -2.499009 2.341150
2.012056 -2.184447 0.413689
2.385010 -2.370909 1.705381
0.671334 -2.866026 1.894757
2.723650 -3.127298 2.344072
3.340236 -2.299175 2.490302
3.689285 -1.940789 2.479821
3.499257 -2.425159 1.861503
2.764603 -1.146042 2.139063
4.398269 -1.611858 2.334030
4.959253 -2.904385 1.162811
4.605645 -2.375179 1.448681
-4.602935 -1.768746 1.237323
-4.708635 -1.103007 1.246646
-4.795723 -1.974334 1.837274
-4.054081 -2.666681 0.382894
-2.726283 -1.992482 2.277132
-3.972934 -2.398906 1.173520
-3.042232 -1.659938 1.131322
-2.901958 -2.425181 1.088774
-1.650939 -1.921007 2.060475
-2.524984 -2.547213 1.509286
-1.673374 -1.472298 0.758867
-1.021250 -1.360639 1.119542
-2.040438 -2.009499 2.041300
-0.722439 -1.919825 1.485190
-0.472520 -1.816213 2.301886
0.045378 -1.563240 0.847327
0.039902 -2.834092 0.934601
-0.875272 -2.697877 1.361161
2.484670 -1.915270 1.326100
1.199236 -1.658097 1.909107
0.746983 -2.775040 1.823107
2.481990 -2.048421 1.521805
2.672456 -1.560575 1.832823
1.368045 -1.689618 0.911279
3.471222 -2.321333 0.935758
2.958558 -1.969937 2.021820
3.072027 -1.637245 2.037890
3.512703 -3.434811 -0.067912
3.976054 -3.365687 2.511092
3.912694 -2.963516 1.115611
3.690956 -1.263236 1.378020
4.141771 -2.310321 2.804899
-4.943978 -0.587557 1.700246
-4.204550 -0.630563 1.397506
-4.571160 -2.201230 2.002801
-2.508081 -2.628197 1.101250
-3.938778 -1.581774 1.204945
-4.172465 -1.517805 1.018760
-3.305809 -2.138456 1.889427
-2.882257 -1.336763 1.714428
-2.519193 -1.460088 2.106848
-1.760392 -1.590150 0.786469
-2.074503 -2.501735 0.892387
-2.029042 -1.497650 1.581795
-2.207482 -1.042781 2.391397
-0.588783 -1.583509 0.958683
-0.879883 -2.177981 1.433904
-0.401823 -1.850936 -0.096194
0.527915 -0.984019 3.011006
-0.118761 -1.595899 0.734321
1.440745 -1.059895 1.310655
1.046219 -2.312550 2.512567
1.938676 -1.991238 1.337370
2.027148 -1.612820 1.512826
2.017460 -2.607927 0.993968
2.822460 -2.444413 1.721245
2.527713 -0.367626 1.416462
2.321202 -1.285374 2.480787
3.258171 -2.038353 2.174292
2.765597 -1.707993 1.774573
4.251226 -2.705584 1.097891
4.170101 -1.275387 1.713006
3.686618 -2.370270 1.830173
4.766534 -2.021837 1.660427
-4.242139 -2.600460 1.032676
-4.769378 -1.320326 1.041124
-3.769864 -2.121164 0.805580
-4.427334 -1.270349 1.473028
-3.905798 -1.995081 1.089195
-2.939618 -1.716754 0.857742
-3.027252 -0.624643 1.337743
-3.307739 -1.618427 2.910233
-2.933069 -1.282709 0.549365
-1.434825 -1.409312 0.934642
-0.726839 -1.030467 1.059406
-2.269954 -1.725263 0.863094
-1.544921 -0.795207 1.886346
-0.868044 -2.121972 0.929273
-1.524915 -1.825813 1.057533
-1.016876 -1.154629 1.419119
-0.893785 -1.846249 0.468345
0.377901 -1.286730 3.612187
-0.645423 -0.617938 1.434731
1.284310 -0.929089 1.783083
1.151063 -1.384279 1.262678
1.964351 -0.657149 1.881184
2.015739 -0.993187 0.333659
2.528195 -2.043948 0.486036
2.614726 -1.599300 2.110664
3.517138 -0.985468 0.707210
2.932872 -1.553213 2.725258
2.794492 -1.080851 1.220605
4.670594 -1.220105 2.262726
4.944239 -1.027661 1.249809
4.826405 -1.722634 1.542742
3.464270 -1.690445 1.965964
-4.265143 -1.035233 0.697729
-4.594824 -1.237417 1.624512
-4.386781 -1.160925 2.267040
-2.642354 -1.377000 1.964459
-3.833900 -2.063935 2.196838
-3.855230 -1.361832 2.666842
-3.640537 -1.030782 1.010140
-2.315096 -1.284704 -0.014885
-3.278462 -1.380869 2.514829
-2.744565 -0.527642 0.533400
-1.522865 -0.835656 1.065585
-1.296764 -0.494418 1.365849
-1.513148 -2.033614 0.131192
-0.492085 -1.523175 1.254776
-1.024102 -0.540051 1.308938
-1.160568 -1.961273 0.805551
-0.372683 -1.392572 0.897178
0.169991 -0.764055 1.424737
-0.049976 -0.752419 1.466062
1.683055 -1.074241 1.150724
1.364243 -1.675650 2.065713
2.021028 -0.716298 1.756295
1.464140 -1.415010 1.621569
2.402165 0.064691 1.889597
2.110550 -1.309136 2.094635
3.504787 -0.555638 3.007198
2.188226 -0.180029 1.774624
3.990494 -0.386304 2.142235
3.623290 -2.428212 2.501715
4.439732 -1.899714 1.803089
4.711661 -1.740797 2.061972
4.843174 -0.053060 0.823198
-3.794355 0.080972 0.526262
-4.060493 -0.857913 1.787139
-4.971911 -0.973714 0.988731
-3.504368 -0.547723 0.788267
-3.293703 -1.242520 1.381316
-2.460271 -1.132944 0.891774
-3.762147 -1.198554 0.666245
-2.289672 0.220477 2.014522
-1.995900 -0.713313 0.538645
-2.298934 -0.578289 1.092525
-2.290989 -0.561274 1.378204
-1.529439 -0.108725 1.403981
-0.006102 0.256304 1.430793
-0.675382 -0.173220 1.041017
-0.089076 -1.044266 1.856732
-0.012027 -0.429909 1.085887
0.218864 -1.282073 1.101546
0.372368 -2.037701 2.274271
0.472368 -0.986618 0.572023
1.954276 -2.066959 0.699610
1.609980 -1.457120 1.542691
3.091770 -1.204370 1.183041
1.960822 -1.801899 2.384196
2.435802 -0.594921 1.861971
2.077368 -0.846995 2.012236
2.302430 -1.143600 1.176140
4.056217 -0.854678 -0.779295
3.566117 -1.120087 2.940430
4.679094 -1.199867 1.302318
4.315622 -1.403619 0.348061
4.744028 -1.386520 2.696167
4.730805 -1.430990 1.027781
-4.925088 0.562302 1.772866
-3.850085 -0.480417 0.508632
-2.629435 -0.697388 1.153386
-4.487544 -1.549848 1.865249
-4.017049 -0.743759 1.487769
-3.458190 -0.292928 1.577875
-2.787255 -0.432445 2.103998
-1.649610 0.538675 1.349215
-2.322558 -1.297198 1.153638
-2.882646 -0.528716 1.105536
-1.648984 -0.653662 0.868277
-1.014663 -0.377421 1.953473
-1.927948 -1.032047 1.754395
-0.723502 -1.252823 1.008068
-0.257711 -1.126044 0.886330
-0.172342 -0.643504 1.062144
-0.496054 -0.607199 1.629183
0.089773 -1.129874 1.196225
-1.007215 -0.387660 0.898727
0.056920 0.863994 1.727382
1.122769 -1.333145 1.008265
1.818220 -0.402297 1.464957
1.819638 -0.668722 1.481685
3.242190 -0.778912 1.245188
2.460474 -0.328824 2.220774
3.238510 -0.253110 0.717982
2.957039 1.178520 1.841831
4.154593 -0.409964 2.161180
3.353544 -0.856871 0.256350
3.593475 -0.536194 2.564001
4.932602 -0.681100 0.593276
4.915606 -0.886803 -0.018134
-4.003026 0.836062 3.063054
-2.999862 -0.795160 2.475901
-4.328677 0.033881 0.678240
-4.334046 -0.099359 1.647873
-2.793327 0.618900 1.415131
-3.757332 0.326626 0.751385
-2.530808 0.735626 1.763670
-3.104073 0.446425 0.746286
-2.679122 0.630247 0.006743
-2.742930 -0.365992 1.441477
-1.357640 -0.289988 1.816127
-1.319316 -0.612523 0.670170
-1.397441 0.615496 2.355935
-1.235073 -0.541098 2.041479
0.688123 0.767368 1.309062
0.015496 -0.000605 1.027465
-0.396850 -0.387879 1.755802
0.954953 -0.451392 2.432578
1.400944 -0.599663 1.002499
0.659334 -0.170547 1.142696
0.758187 -0.441939 2.226394
2.308695 -0.035704 1.767969
1.097634 -0.489992 0.657219
2.355995 -0.012279 1.022295
2.683238 0.100960 0.980637
2.191310 -0.041202 1.356223
3.075229 -1.012559 2.011328
3.980161 -0.933423 0.209204
3.811012 -0.331912 1.273599
2.716449 0.072647 1.621082
3.632071 -0.151763 1.339720
3.658312 1.256288 0.536797
-4.535775 0.051388 1.526361
-3.769139 0.433393 0.151307
-3.287720 -0.976134 0.802588
-3.738521 -0.416532 1.164450
-2.904854 1.916530 1.308013
-3.103370 -0.230658 1.884077
-2.357548 1.142620 1.003111
-3.819908 -0.782349 1.294939
-1.745284 -0.353154 0.697397
-2.667960 -0.611885 1.674826
-1.637401 -0.539484 2.129746
-1.087115 1.324122 1.409526
0.027464 1.746750 1.759975
-0.886498 0.056493 2.020090
-1.593813 1.058650 1.334281
0.851290 0.662881 0.572581
0.542615 -1.256275 1.035253
-0.087844 0.820917 1.367589
0.135095 -0.630664 0.696603
0.807002 -0.063256 1.070272
1.563997 -0.577560 2.027056
1.505540 -0.555796 0.508319
1.740049 1.547378 2.738887
1.709093 -0.470835 2.712954
2.053986 0.520137 2.247730
2.906210 -0.711530 0.809058
2.968591 -1.011711 0.590612
2.264756 0.190965 -0.221511
2.878865 0.835823 1.860114
4.080025 1.051363 1.918567
4.639245 0.007557 1.143711
4.664512 0.546965 1.573669
-4.905832 -0.127398 1.037633
-3.995708 0.969190 1.754087
-4.167607 0.451440 1.446841
-3.399185 1.725119 2.022770
-3.289880 1.163007 1.239335
-3.778130 -0.791393 1.627085
-2.529378 0.887042 1.003777
-3.246532 -0.922570 2.004907
-2.526493 1.395319 0.678762
-1.962336 -0.214077 1.324785
-1.897165 -0.472786 1.760605
-2.067593 1.738647 1.094654
-1.776265 0.556848 2.216999
-0.779699 0.964833 0.896619
-1.177828 1.212054 0.717966
-0.235706 0.946524 0.920913
-0.174725 1.259523 0.504544
0.963180 -0.164733 1.865850
1.628678 0.135844 2.049727
0.596118 0.070829 0.368270
1.739081 0.421432 1.570100
0.010605 1.044708 1.040045
1.619812 0.567192 2.362268
2.129937 1.139929 1.645490
3.817418 0.009953 0.653519
3.840875 1.468899 1.505298
3.644474 1.060946 0.923384
3.509670 0.780726 1.046698
4.231855 0.537177 1.815270
3.856038 1.988474 1.057478
4.220685 0.276569 0.922737
4.390110 1.055707 0.847771
-4.664030 0.200314 1.764118
-4.676659 1.068470 1.770539
-4.365273 0.854009 0.558906
-3.708748 0.822629 0.425863
-3.419123 1.160222 1.333585
-3.209606 0.912180 0.865132
-2.610247 -0.331052 1.557157
-2.911440 1.222150 1.433522
-1.009297 1.725785 0.654679
-1.355386 1.073615 0.331293
-1.702012 1.343608 2.485223
-1.493371 1.498906 1.828415
-1.607949 1.224209 1.946979
-0.558475 0.553745 1.009802
-1.375674 -0.749376 2.043154
-0.071063 1.539886 0.147279
-0.250349 -0.506284 1.134070
1.542500 0.395214 2.247217
1.409302 0.723706 0.685840
0.722524 0.327011 2.066001
0.838811 0.449881 0.794060
2.115736 1.591888 0.184887
1.102100 0.284086 1.527539
1.735924 0.221751 2.329819
2.523794 1.443035 0.657488
2.717212 0.362562 1.576434
3.046407 0.526374 1.028402
3.120667 1.627591 1.575314
3.621147 1.001990 2.220386
4.191792 0.580787 0.879777
4.992485 0.652828 2.092835
4.749578 1.435534 1.102753
-4.647723 2.202002 1.726600
-4.128360 0.896764 1.849937
-4.597295 1.336629 0.347169
-3.942574 1.289651 1.127838
-3.343841 2.164723 1.873541
-2.768815 0.728033 0.400848
-1.856767 1.092816 1.588902
-2.632720 1.338136 0.955893
-1.388211 1.140054 0.944509
-2.098253 0.818631 1.615315
-2.031736 0.338581 0.795523
-0.839093 0.736345 1.554060
-2.377644 1.262951 1.661557
-0.870568 0.916733 2.075316
-1.104464 1.015496 1.146394
0.229405 1.388725 1.653080
-0.059124 0.050868 1.590521
-0.423964 0.199619 0.798727
0.889513 0.432243 1.619655
0.284842 2.242480 3.093455
1.058760 0.841974 2.027049
2.427298 1.187985 2.205595
2.459778 0.911338 1.189667
1.647482 0.725107 0.909889
1.290144 1.609447 2.005182
2.693423 1.665819 0.796101
3.631581 1.062177 1.280645
3.856950 1.070658 0.032089
3.719783 0.853148 1.796770
3.826019 -0.459603 1.976299
4.912743 1.035898 0.959681
4.238363 0.935483 0.914723
-4.568723 1.747848 1.425970
-4.804305 1.754227 1.979164
-4.594129 1.376453 0.774782
-3.710350 0.934062 3.310290
-2.528555 1.703754 1.058892
-2.650886 2.925213 2.108250
-3.463413 2.256311 1.075082
-3.762228 1.185163 1.852572
-2.701480 2.137504 1.438052
-2.712960 1.456055 2.325964
-2.224036 3.175250 2.793912
-1.782035 0.355214 0.533890
-0.670391 1.547682 0.730238
-0.600812 1.990580 1.394635
-1.343047 0.699966 2.171283
-0.168073 0.227886 1.213074
-0.808123 2.351888 1.979572
0.080381 0.980824 0.728830
0.773561 1.241008 1.806467
1.781387 1.438172 2.234840
1.879792 1.969716 0.818993
1.465580 0.614365 1.237631
2.021875 1.416581 1.578653
2.742399 1.814040 0.000035
1.979036 1.598176 1.277579
2.896234 0.970844 2.101225
3.129293 1.049363 1.500988
3.700448 2.097271 1.431799
3.854049 1.951031 0.795849
4.145549 -0.534796 1.480909
4.546818 1.979394 2.323981
3.806820 1.703885 0.099228
-3.470117 1.444822 0.170713
-3.614338 1.937526 1.231405
-3.798747 0.575340 0.605715
-3.925009 1.047837 0.652078
-4.293134 2.239730 1.414366
-3.531051 1.098065 1.639819
-4.502332 2.294488 1.639790
-2.722993 2.463901 2.606539
-1.896240 2.116182 1.106967
-2.197315 2.370484 0.612399
-2.159980 0.921031 0.276147
-1.080146 2.121083 1.857068
-1.217830 1.849349 0.651489
-0.377240 0.580921 2.379809
-0.470368 1.294656 3.492635
0.141113 2.302511 0.908732
0.545459 1.235533 0.273586
0.395227 0.480445 1.218550
0.472525 2.598018 1.684231
1.558528 0.862690 1.398550
1.348499 1.845348 1.320099
2.350109 1.318853 0.762555
1.315420 1.097579 1.430963
2.570210 1.136683 1.607463
2.710704 1.414749 2.562932
2.784208 1.882771 1.676327
3.391120 2.820641 -0.036695
3.365269 1.343014 1.518295
4.839357 2.624250 3.122922
3.333879 2.294016 0.971990
4.194715 1.315790 2.422621
3.818116 1.747796 2.481891
-4.517833 1.702395 2.442113
-4.805205 2.934624 1.306874
-3.817124 1.806233 2.665254
-4.741255 1.978061 1.435756
-3.150661 1.614120 1.389498
-3.406195 2.278107 1.305019
-2.753207 1.396320 0.159406
-2.853839 1.893230 1.517377
-1.562657 1.691280 0.572287
-2.147304 1.904136 1.592479
-2.523446 1.751497 0.888943
-1.721905 2.383313 1.677948
-1.231325 2.584580 2.144463
-0.717406 1.203187 0.419019
-0.333663 3.274289 1.069121
-1.290993 2.635617 1.790299
-0.263191 0.638541 1.547339
-0.687648 0.860594 0.766970
0.655125 2.493057 0.083823
-0.045680 2.038539 0.999538
1.637972 1.289305 1.017683
1.388620 1.788003 -0.016317
2.410598 1.675198 1.888710
2.806065 2.389924 1.686767
3.204876 1.647839 1.043477
2.567959 1.980975 1.688514
3.726934 2.252712 1.613247
3.330981 3.024481 -0.059275
4.199314 2.503503 1.312277
2.936852 2.326060 1.692852
4.218568 3.192662 2.525805
4.707471 2.687504 1.466082
-4.248134 1.534081 2.241501
-4.673080 3.147540 0.983852
-4.384938 2.729400 -0.536642
-3.861718 2.223840 1.222598
-2.953084 2.454333 -0.022243
-2.368443 2.397529 1.646096
-2.480827 3.956535 0.959630
-2.502956 2.669385 2.481561
-2.574400 2.308053 2.036351
-2.646040 2.061062 1.623952
-0.780506 2.956156 1.632068
-1.292992 4.139520 1.530968
-1.128154 2.158704 1.499269
-0.566246 2.509502 1.661883
-0.775789 2.198422 1.333564
-0.901670 2.329004 2.890643
-1.119514 1.508510 0.931417
1.589724 1.474380 2.216214
0.082127 3.690876 2.112250
1.701703 1.959661 0.767174
2.158528 1.368952 1.629311
0.351556 1.533084 1.373941
2.131439 2.022876 1.487943
2.818042 2.656097 1.106401
3.063653 2.326789 1.297803
2.881664 2.065557 1.795491
3.579345 2.762522 1.025410
4.158537 2.229876 2.326976
4.021799 2.610311 2.326236
4.519018 2.725607 2.218539
4.476903 1.856400 1.219422
4.952101 2.569259 2.613143
-4.567665 2.250955 1.421111
-3.935153 2.649854 1.318471
-4.249240 2.699381 1.250960
-3.246596 0.978823 2.074364
-3.731753 3.493484 1.677103
-3.156521 3.138105 1.711336
-2.467489 3.344204 0.751950
-2.654204 1.681106 0.919870
-2.921944 3.216021 0.994125
-1.788878 2.981208 1.466008
-2.165177 4.451907 1.087340
-1.538773 2.097227 0.938220
-1.164781 3.620398 0.960043
-1.765017 3.259331 1.253077
-0.786440 3.318097 1.312761
0.065697 2.290566 1.350922
-0.440170 2.584323 2.335905
0.069606 2.371209 0.661125
1.687390 2.395832 2.008934
1.909008 2.262393 1.213555
1.161081 2.732580 0.364232
0.682525 2.249230 2.228228
2.011403 1.907295 0.931415
2.439344 3.648038 1.690534
3.825112 3.975719 1.298804
3.190465 2.953095 1.345166
2.830083 2.821257 2.242578
2.811185 2.822953 -0.290386
4.000807 3.027988 0.886389
4.270867 2.430151 1.130826
4.956180 4.384573 2.106205
4.572314 3.823386 0.778241
-4.771769 1.906899 1.567253
-4.085584 3.034135 1.709205
-3.569196 2.085078 1.829830
-4.508506 2.438786 1.957764
-3.355708 2.675740 2.677140
-3.449471 3.750765 1.515716
-2.994045 3.783374 1.107591
-2.252537 2.422853 1.922253
-1.845187 2.331044 1.576542
-1.809659 3.387193 1.457087
-1.787985 3.907015 2.430322
-1.604299 2.704286 0.947879
-2.009907 2.935359 0.703985
-0.641207 3.625176 1.915747
-0.855349 2.684774 1.035628
-0.647909 2.890717 1.994393
0.255957 3.010418 1.501960
0.215776 2.892387 1.570726
0.653727 3.046422 2.153857
0.252999 3.720882 1.617352
0.356020 3.754092 2.062396
1.187373 3.246960 1.544397
2.614022 1.800956 1.396209
1.753977 2.813275 2.931180
2.362336 2.245435 0.464789
2.304638 3.767135 1.802261
3.962584 3.053597 2.124531
4.801589 2.911151 0.781843
3.770339 3.043211 3.296857
3.325980 3.733339 0.688079
4.723091 4.422992 2.513425
4.693213 3.234006 0.900129
-4.785104 3.114583 1.481080
-4.852903 2.395019 0.565199
-3.937891 3.281761 0.883169
-4.000703 3.550710 1.568669
-3.246169 3.452811 1.540495
-3.027282 4.710250 1.057975
-2.960024 3.048448 1.460699
-2.121269 3.364404 1.469504
-1.259668 3.668025 1.050788
-1.864029 2.748955 0.514008
-2.240113 2.623589 2.709548
-0.940822 3.126941 1.295742
-1.096848 2.448942 1.267184
0.069795 3.320481 2.973956
-0.801854 3.129079 0.677879
-0.158738 2.983919 0.487546
0.489312 4.358422 1.727886
1.430440 3.440989 2.383434
0.787212 2.823128 3.402443
0.542782 3.212578 2.219217
1.737590 3.827236 1.456285
1.744810 4.056044 1.442789
1.709175 2.654994 1.512343
0.910772 4.239369 1.470577
2.689686 3.674972 0.982379
2.861255 3.106161 1.388050
2.913187 3.793404 0.823771
3.395466 3.036223 1.926276
3.501416 3.359034 1.850309
3.763151 4.176899 1.326557
3.984849 2.248704 1.543113
4.607135 3.635379 0.038885
-4.971158 3.068905 2.807275
-4.308481 1.810967 1.282211
-3.704022 3.276142 0.471476
-3.733694 3.815673 0.991477
-3.800497 4.106786 1.842258
-3.115601 3.156995 1.149789
-3.955032 4.008368 0.921324
-3.639950 3.197366 2.386537
-3.112880 3.459423 0.458582
-2.086154 2.800924 0.328571
-1.237269 3.297872 1.265472
-0.399156 3.651066 0.578848
-1.529133 3.354492 0.940284
-2.141478 3.575075 1.265873
0.119107 3.059211 2.183408
0.660182 3.896858 1.841670
0.585421 3.657920 0.877998
1.150788 2.653309 0.596413
0.486154 3.931526 1.479939
0.793292 3.674995 0.705833
2.291886 3.155044 3.071396
1.924704 4.631560 1.738094
1.992738 2.760405 0.727338
2.448657 3.955679 1.074127
3.343721 3.500614 1.718744
3.960901 4.850277 1.451350
2.934965 3.441272 1.617826
4.253282 3.117622 1.036538
3.836079 3.101186 1.999620
3.397264 2.868721 -0.620627
4.255652 3.328148 2.373593
4.611603 3.435969 2.572114
-4.994945 3.208597 1.307819
-4.532018 3.795477 1.576042
-4.183788 4.952054 1.008688
-3.708445 4.742041 0.516544
-2.638147 3.997880 0.973254
-3.438856 4.748655 1.176278
-2.569541 2.829198 0.924552
-3.700424 3.095359 0.726818
-2.477680 3.484323 0.995838
-1.319544 4.490893 2.434499
-2.036132 4.396333 1.253670
-1.541016 3.589522 0.828243
-1.003173 3.447250 1.275698
-0.557396 3.738330 0.716696
-0.187385 3.155828 1.907652
0.070683 4.718822 0.694888
1.361165 4.854937 1.856293
-0.288473 3.908116 1.089560
0.939435 3.117122 1.216698
0.389061 2.686890 0.796416
2.118262 4.039958 0.466174
2.329947 3.634275 1.551798
2.180667 4.747837 1.129704
2.227275 2.837788 1.846822
1.912892 4.927162 2.158712
2.958265 4.027196 2.102481
2.606047 2.834580 1.854679
3.379065 4.144543 1.385900
2.216791 4.419575 0.834286
3.029457 3.431721 1.457968
4.626117 4.850842 2.336364
4.038825 4.654642 1.882915
-4.367564 3.778717 2.390970
-4.605395 3.704794 0.353169
-4.663684 4.358963 0.059317
-4.152502 4.507923 1.372796
-3.380612 3.327193 1.747408
-2.785746 3.565061 2.071837
-2.931583 4.738103 1.744776
-2.371556 4.385719 2.037304
-2.730215 4.727023 1.983680
-2.380212 3.572890 1.688793
-1.361648 3.106666 2.262179
-1.630127 4.058206 0.654573
-1.486277 4.430368 0.313378
-0.364675 2.512842 1.041884
-0.222540 4.340947 1.772193
-0.817145 4.054701 2.925097
-0.328470 3.164750 1.710535
0.247700 4.182452 2.608647
1.996537 4.189024 1.162327
2.486454 4.700622 1.752914
1.827897 3.501795 1.135330
2.017859 4.516434 2.239612
2.249881 4.220778 0.978318
3.855325 3.021189 1.008438
3.545944 4.907473 1.561889
3.438537 4.568429 1.872795
3.257841 4.458657 1.416919
3.539657 3.466888 1.295486
2.940039 3.470609 0.686482
3.941973 3.940379 2.461499
4.304748 4.113694 0.881125
4.498538 4.784674 1.803642
-4.633556 4.489099 2.253909
-4.401539 4.122190 1.709942
-3.518748 4.918497 0.989359
-4.445617 3.728671 -0.435655
-4.033958 4.855064 1.351732
-2.403069 3.661552 1.316841
-3.272208 4.968125 1.711561
-3.421842 4.472039 1.386575
-2.550351 4.654346 2.511856
-2.027893 3.865527 1.641145
-1.540660 3.702097 1.948791
-1.784464 4.556296 0.936817
-0.576337 4.587011 1.832928
-0.274067 4.260863 0.690450
0.108010 4.782268 2.118793
0.600158 4.644745 0.432638
0.292866 4.752322 0.459599
0.043808 4.176564 1.620170
1.447476 4.641846 1.034795
0.601688 4.782791 1.572574
1.774280 3.426314 0.847899
2.489890 4.707562 -0.494560
2.296161 4.923508 0.916774
2.956621 4.810325 0.776869
3.483261 4.588302 1.461068
2.321035 4.775787 1.077510
3.491746 3.939083 1.688268
2.708262 4.686694 1.695021
3.684277 3.757901 1.792627
4.084443 4.020398 2.581588
3.380507 4.182548 1.600996
4.007821 4.033668 1.677810
-4.657964 4.892466 1.593021
-3.942416 3.728445 2.223981
-4.723470 4.900741 1.291085
-3.211198 4.156573 0.834781
-4.567974 4.874789 1.103996
-3.171373 4.578820 1.416089
-3.293126 4.240143 1.589247
-2.728660 4.753077 1.295620
-2.464418 4.652190 1.586290
-1.911687 4.258335 2.161847
-0.636971 4.431279 1.686707
-1.532999 4.865175 2.094835
-1.846730 3.787489 2.245759
-0.238807 3.688847 2.978857
-0.708686 4.945043 -0.451099
0.018498 4.868431 0.201251
0.656316 4.270805 1.466743
0.781645 4.936846 0.320472
1.189425 4.778945 1.172352
3.008608 4.988667 0.367893
0.992380 3.819159 1.900828
1.208036 4.328926 1.500079
0.937578 4.556852 0.373050
2.863566 4.545772 0.843180
3.405910 4.650284 1.333807
2.123446 4.270018 -0.288356
4.116821 3.319639 1.160897
3.227174 4.827112 2.202404
4.089576 4.785701 2.599863
4.796770 4.773451 0.545503
4.483341 4.664964 1.183983
4.609714 3.760262 1.538648
-4.459430 -4.754124 1.632901
-3.050046 -4.684731 2.024242
-4.765057 -4.841990 2.015079
-2.869274 -4.690274 2.535288
-4.067466 -4.501835 1.680237
-3.104088 -4.996263 1.973233
-3.252211 -3.889917 1.876615
-2.822739 -4.867052 0.814800
-2.584346 -4.896761 0.984419
-2.208103 -4.612896 1.411422
-1.512020 -4.627338 1.732334
-0.888488 -3.920821 1.510413
-0.370409 -4.555455 1.433573
-1.717219 -4.590666 1.951510
-0.839272 -4.837695 2.130320
-0.801555 -3.045170 1.425687
0.614591 -4.510275 2.158320
1.138014 -4.109349 0.888410
1.862679 -3.871796 0.657003
-0.183623 -4.599205 1.225113
1.617185 -4.592166 1.761780
1.841487 -4.929273 2.369953
3.082142 -4.686140 1.927992
3.874265 -4.230576 1.034403
3.799702 -4.818987 1.293665
2.670460 -4.911906 1.828662
2.771838 -4.609474 2.148310
4.369953 -4.852471 3.173930
3.965921 -4.700388 2.904109
3.588612 -4.816582 2.136755
3.399682 -4.483737 1.039255
4.937222 -4.815228 1.115054
-4.096323 -4.623875 0.734180
-4.762298 -4.057368 2.415515
-4.482759 -4.906268 1.033964
-3.477682 -4.360000 2.134982
-4.909534 -4.703134 1.944714
-3.414718 -3.986677 1.720285
-3.567976 -3.428338 2.106253
-3.273247 -4.664548 1.282946
-2.782365 -4.354033 1.894708
-2.442086 -4.631247 1.459369
-3.532396 -4.158066 3.960408
-0.405681 -3.734611 0.759354
-0.500443 -4.581748 0.977163
-1.035841 -4.357460 1.429082
-0.040924 -3.801053 1.347429
-1.015097 -4.061561 0.840412
0.558155 -4.692308 2.379387
-0.155258 -4.061796 1.488395
0.246311 -4.144889 0.952169
0.832764 -4.816352 2.143877
2.061308 -3.312009 1.747453
0.904461 -4.543715 0.823012
2.806777 -4.729497 1.482632
2.749662 -4.956886 2.892007
1.663467 -4.267249 1.714934
2.708843 -3.770884 2.071707
3.680748 -4.461651 1.701787
4.418620 -4.295243 2.003800
2.959722 -4.141519 1.291553
3.636585 -4.280638 2.105913
4.947258 -4.898579 2.841025
4.409416 -3.952997 2.344581
-4.954790 -2.984968 2.015910
-4.996082 -4.975019 2.188456
-4.344958 -3.868381 2.083195
-3.762385 -4.179250 1.782884
-3.654497 -3.776130 1.926439
-4.151361 -4.128757 2.269257
-3.080752 -3.330009 1.128697
-2.650964 -4.066710 1.202686
-2.289398 -2.456213 0.553911
-2.333980 -4.710774 0.560254
-1.172134 -3.379381 2.247270
-1.605797 -3.747191 2.900369
-1.444162 -4.524489 1.259424
-1.696278 -4.803256 3.327159
-0.982146 -4.382755 1.003650
0.236633 -4.907714 2.485957
0.367963 -4.826401 2.117157
-0.311677 -4.795901 2.891372
0.555540 -4.120577 2.315223
1.448880 -4.188519 1.727089
1.667647 -3.553661 1.476974
0.428862 -4.762757 2.656852
0.918081 -4.420279 2.499360
1.543821 -4.221493 1.593874
3.635611 -3.374971 1.197152
2.349399 -4.116643 2.794552
3.863057 -4.470672 0.573793
2.739433 -4.918783 2.698510
4.573060 -2.358177 2.574403
4.461065 -4.265477 2.739785
4.750043 -4.833974 2.954848
4.910190 -3.597241 1.987428
-4.945244 -4.532878 2.355434
-4.519395 -4.240934 1.781351
-4.637400 -3.668405 3.146413
-4.031970 -4.584486 2.345557
-3.393456 -3.586056 2.125874
-3.606862 -2.273779 1.635866
-2.975634 -4.162102 2.392634
-2.368938 -3.387463 1.339588
-2.711274 -3.209964 0.484058
-0.625969 -4.085956 1.285786
-2.202383 -3.613299 1.918779
-0.928828 -4.789460 0.466298
-0.240664 -2.904767 0.143163
-0.648236 -4.043422 0.594834
-1.062194 -4.330415 1.147029
0.000495 -4.528304 1.414536
-0.157060 -3.045467 2.286275
0.582537 -2.880980 2.071370
0.259964 -2.778517 2.182043
0.757300 -4.285304 2.303973
-0.055952 -4.517867 2.349656
0.994596 -4.604378 1.937493
1.879426 -4.356079 1.549319
2.490344 -4.076533 1.201503
3.078261 -4.486476 1.729051
2.893608 -2.578190 1.407277
3.085716 -4.200548 2.336230
2.806874 -4.512311 0.655973
3.435921 -4.178680 1.986130
4.826221 -4.387282 2.547904
4.209546 -3.227586 0.520600
4.592801 -4.102958 2.380981
-4.248524 -3.739151 2.083871
-4.815639 -3.009957 1.665535
-4.392655 -2.829505 2.061597
-3.103746 -3.565913 1.631091
-2.851048 -3.064757 0.955446
-3.586628 -2.892177 1.869950
-2.321843 -4.148426 1.134390
-1.656125 -3.917963 1.234020
-2.446419 -3.358981 1.056522
-1.479708 -2.793049 0.185791
-1.745492 -4.553618 2.345564
-0.318653 -2.757720 1.819407
-2.000382 -2.866320 2.372411
-1.091743 -2.924553 2.501722
-0.839092 -3.165223 2.548020
0.574520 -2.615287 1.692111
0.836715 -3.305331 2.143285
-0.098029 -3.097686 1.280333
1.040337 -3.429420 1.729751
0.061324 -3.982964 1.681317
0.801009 -3.917486 1.460557
2.193738 -3.416425 1.412516
1.187081 -3.695065 1.967644
1.049231 -4.398737 0.940836
1.754889 -2.571627 1.973786
4.057148 -1.863886 2.512683
3.468279 -3.849454 2.237666
4.766504 -2.807177 2.114128
4.433960 -3.299247 0.907611
4.363809 -3.419265 1.238458
4.792259 -3.515610 1.908157
4.471509 -3.767348 2.932342
-4.674407 -3.415930 2.448043
-4.029533 -4.110998 2.085220
-4.398422 -3.439465 2.824222
-4.230902 -3.014251 3.540301
-4.821409 -3.142814 2.160335
-3.794034 -2.989588 2.826917
-3.794112 -4.623127 2.541717
-2.615233 -3.526850 1.305273
-3.518936 -4.237480 0.241334
-2.747117 -2.923225 3.393212
-1.306474 -2.926782 1.717425
-2.888680 -3.321833 2.276864
-1.370791 -1.778124 1.499941
-0.804477 -3.811956 0.909126
-0.763788 -2.242120 1.985127
-0.734973 -3.642251 1.338634
-0.441706 -3.055065 1.988848
-0.204470 -3.667189 0.877197
1.195671 -2.850543 1.077856
2.423724 -3.869514 2.382995
1.508887 -3.931493 1.108253
0.781983 -2.673955 1.468447
1.181632 -3.536233 0.678833
0.982835 -3.431495 0.664741
3.078639 -4.293390 1.345198
3.016361 -3.461498 1.190019
3.389863 -1.893420 1.964359
4.156857 -2.244098 2.257154
2.515017 -2.983918 1.987407
3.604201 -3.390546 1.681427
4.776001 -3.807101 2.621945
4.667181 -4.082961 2.563030
-4.921671 -2.690041 1.587494
-4.905656 -2.705806 2.796411
-4.011815 -2.710128 1.182990
-4.607181 -2.586795 1.789700
-3.041986 -2.567116 1.723339
-3.121771 -3.044310 1.352425
-4.092377 -3.535068 2.212965
-2.226147 -3.038318 2.548114
-2.177227 -2.580538 2.209264
-2.272077 -1.880692 1.452020
-1.298340 -3.497386 2.260120
-2.189336 -2.289483 1.277875
-1.657083 -4.135994 1.803090
-1.235458 -2.924162 2.344556
-0.349537 -4.103035 1.199795
-0.985548 -3.364394 2.226536
-0.666978 -4.007229 1.385985
-0.231296 -2.931509 2.039805
0.822965 -3.004252 2.890503
0.312620 -2.418713 2.117097
1.211423 -2.849243 1.312228
0.806048 -3.257694 1.385013
1.797746 -2.692793 2.069789
2.661111 -3.626887 2.278657
3.083712 -3.687504 1.617390
3.360388 -2.406766 1.587518
3.233925 -2.375305 0.993181
3.106395 -2.327393 1.473186
3.746491 -2.648690 2.725845
4.186854 -2.149548 0.897963
4.640204 -1.432631 2.385795
4.348274 -2.154423 2.158214
-4.344807 -3.118754 2.289667
-3.778821 -2.668371 1.696239
-3.498423 -3.528133 1.173483
-3.838056 -3.088736 2.695669
-3.197633 -1.853130 1.566748
-2.918893 -2.900953 1.403950
-1.766297 -3.413797 1.563241
-2.570970 -1.993011 1.799455
-2.120920 -2.777899 1.989949
-0.899154 -2.823798 2.160028
-0.998948 -2.406193 1.129871
-2.272973 -2.952394 2.180096
-1.424363 -4.143118 1.260978
-0.695463 -2.965112 2.439962
-0.090895 -2.739326 0.790991
-0.911374 -2.864002 1.925758
0.350081 -3.402016 2.177581
-0.088920 -3.433380 1.501868
0.216573 -1.366065 0.942015
1.412066 -3.435958 2.379419
0.661639 -2.663557 0.880043
1.949168 -2.151341 1.964837
1.309428 -2.734349 1.727874
1.979504 -3.108029 1.417335
3.258194 -3.059455 1.724547
2.963270 -2.640971 2.484501
2.736923 -3.495338 2.248008
2.854657 -1.702307 0.465329
4.393764 -2.843108 0.880803
4.100675 -2.555605 1.479212
4.318516 -3.365786 1.628582
4.973499 -2.337268 0.919562
-4.829203 -2.452499 2.799614
-4.682906 -2.910171 2.245647
-4.449252 -1.525724 1.639895
-3.297422 -2.278000 -0.330127
-2.778098 -2.556849 2.094034
-3.386671 -1.743466 1.705201
-3.410761 -1.270877 2.930722
-3.018257 -2.179765 1.553004
-3.272224 -0.853939 -0.156985
-1.706528 -2.955932 1.490441
-1.564102 -1.810139 2.044714
-1.724112 -1.675254 1.642458
-0.449936 -2.394556 0.730277
-2.533107 -3.509596 2.401617
-0.686943 -2.021809 1.992959
-0.099720 -1.279844 1.129928
-0.119274 -2.723339 2.593475
0.687872 -2.622877 2.318056
0.303166 -2.566942 1.347010
1.701185 -2.176002 1.069756
1.530806 -2.369946 2.792218
1.361615 -3.036648 1.058689
2.421447 -2.163255 2.226695
0.809697 -3.017600 2.212545
2.141086 -3.028965 2.008127
3.445406 -1.964712 2.256483
2.977072 -1.954238 1.500913
3.264943 -2.120219 1.912439
3.082364 -0.641895 2.309558
3.647875 -2.290745 2.432243
4.964161 -2.067222 1.280120
3.965721 -2.067419 1.255618
-4.588187 -1.332651 1.156989
-4.836697 -0.882049 0.829146
-4.486023 -1.883991 1.726655
-2.919013 -2.256916 0.200968
-2.792976 -2.005829 2.941060
-2.687988 -1.952828 1.483865
-3.137191 -2.206304 0.451280
-2.217712 -2.868818 1.561456
-2.226194 -2.466158 2.312061
-2.201096 -3.200333 1.888498
-2.210306 -1.817046 1.185186
-0.936770 -1.444793 1.787222
-1.855929 -2.279224 2.799421
-0.214937 -2.573364 1.157994
-0.409553 -1.409535 1.922005
0.342645 -2.263736 0.613013
0.584938 -1.758407 1.375406
-0.578489 -2.550830 1.466479
2.731774 -2.376705 1.371367
0.912871 -1.348696 2.573708
1.380398 -1.798089 1.698307
2.337483 -2.053463 1.723387
2.247316 -1.714454 2.494276
2.018790 -1.359386 1.677335
3.121719 -2.218511 1.306799
2.547786 -1.824691 2.301526
2.507558 -1.668406 2.300015
4.032617 -3.379879 0.667405
4.305836 -2.643499 2.659659
3.133491 -2.909806 2.475324
3.642094 -1.885236 1.421098
4.780981 -1.566147 3.442394
-4.802266 -1.126140 1.896485
-3.561221 -0.603179 1.672231
-4.455712 -2.360373 1.868703
-3.080638 -2.011198 1.371976
-4.027621 -2.117379 1.148755
-3.045171 -1.682222 0.963983
-3.099429 -2.178293 2.057304
-2.340361 -1.622607 2.358060
-2.423770 -0.805442 1.909784
-2.629199 -2.046925 0.182408
-1.680892 -2.064007 1.552526
-2.144979 -1.482310 2.183367
-2.102209 -1.506466 1.931937
0.050545 -1.738504 1.725898
-0.133515 -2.857996 1.138992
-0.171185 -1.427457 1.315251
0.698517 -1.623199 2.973838
0.161413 -1.054564 2.063282
0.457606 -0.431700 0.979047
1.087129 -2.683049 3.149299
1.380268 -1.960982 1.307013
2.130204 -1.145173 2.529506
2.809319 -2.714766 2.145023
2.222085 -1.724310 0.812192
2.067391 -0.885933 1.501629
2.425390 -0.697409 2.322569
3.235917 -2.493357 2.201733
2.898703 -1.120232 1.974600
4.683067 -1.220491 1.692097
4.222149 -1.340492 2.673433
3.637327 -2.698671 1.495237
4.810941 -1.606869 1.639216
-4.732885 -2.226456 2.050015
-4.942875 -1.497324 1.916183
-2.851435 -1.922361 1.220490
-4.441384 -1.014943 0.997042
-3.139581 -1.734246 1.629409
-2.757879 -1.258556 1.321907
-3.936191 -1.942537 2.077549
-3.772824 -1.472001 2.078609
-3.080365 -1.502523 1.429705
-0.685063 -1.290333 1.315783
-1.749958 -0.650498 1.004776
-2.018185 -1.865034 1.968933
-1.507895 -1.971542 1.939360
-1.243282 -2.326445 1.365750
-0.432349 -1.962774 2.181409
-0.424169 -0.909181 2.029341
-0.517418 -0.982957 1.006696
0.933609 -1.452567 3.826241
0.105789 -1.084544 1.456998
0.798445 -0.879469 1.263596
1.215753 -0.399698 1.631505
1.548194 -1.897834 1.171774
2.282564 -0.786313 1.000389
2.952781 -2.679646 1.007659
3.018184 -2.417172 2.012010
2.891418 -1.207005 0.733796
3.279701 -1.025757 2.691654
3.699619 -1.695477 2.331355
4.686013 -1.912176 2.318996
4.964031 -0.737199 1.697733
4.952226 -1.592913 1.665503
3.835141 -2.441397 2.388651
-3.940585 -0.861175 0.996660
-4.780202 -0.530927 1.853890
-3.360896 -1.604652 2.681867
-3.099854 -0.613497 1.863661
-3.007304 -1.919863 3.253202
-3.393471 -0.829336 2.671365
-3.057472 -1.449629 2.483081
-2.270151 -1.349084 0.763700
-3.820025 -1.148492 2.441419
-2.088170 -1.053737 1.548352
-1.997772 -0.743807 1.350382
-0.534728 -0.458259 1.690242
-0.755122 -1.716309 0.209104
-0.274341 -1.796876 2.428879
-1.653845 -0.619851 1.735911
-1.883324 -2.098457 1.141622
-0.650012 -1.917838 1.229669
0.753321 -1.125642 2.667989
0.253025 -1.449831 1.293500
0.837903 -1.440735 1.370205
1.429898 -1.777157 2.189764
2.228145 -0.905563 1.666426
1.429651 -0.226432 2.189655
2.255193 0.226458 3.089275
1.666305 -0.758418 1.634886
2.939680 -0.133058 2.614206
2.737795 0.686538 2.031936
4.141723 -0.633922 2.931850
3.341400 -2.628222 2.421176
3.617844 -1.712549 2.856599
4.337145 -2.046349 2.322689
4.399654 -0.009222 0.654621
-3.990821 -0.474870 0.792692
-4.239392 -1.033102 1.777731
-4.991633 -0.279979 2.094127
-3.857136 -0.412706 2.075770
-3.983344 -1.658288 2.107460
-2.638238 -1.374379 1.232561
-3.475249 -1.044527 1.024356
-2.348127 -0.310057 1.381644
-1.743231 -0.592443 0.745733
-1.248711 -0.052956 1.383858
-1.315640 -0.453225 2.901122
-1.840878 0.158874 2.190461
-0.185390 1.218665 1.822306
-0.697528 -0.817280 1.457340
-0.782769 -0.739397 2.200099
0.589048 -0.354457 1.588611
0.452164 -0.918576 1.428809
0.575771 -1.526298 2.452896
0.612276 -1.399352 1.779533
1.378168 -1.536945 1.202315
1.402625 -0.823175 1.884359
2.939754 -1.667043 1.449567
1.757500 -1.631633 1.901264
2.678085 -1.566796 1.536732
3.135705 -1.112136 2.155020
2.347726 -0.974160 2.276071
3.518415 -0.093076 0.490601
3.624777 -1.354227 3.153546
4.565250 -1.646647 1.736375
4.447391 0.053346 1.768113
4.749332 -0.607687 2.659466
4.541096 -1.383085 1.411117
-4.909912 -0.105292 1.683682
-4.373553 -0.253554 1.186044
-2.208544 -0.397197 1.859844
-4.796656 -0.283530 2.579477
-3.982094 -0.473339 2.509948
-3.034740 -0.434223 1.531024
-2.420234 -0.360693 2.120783
-1.389663 0.127105 2.369497
-3.136755 -0.843601 0.108699
-2.633901 -0.884094 1.157848
-1.346852 -0.998476 2.375602
-1.845388 -0.121384 1.377206
-0.964427 -1.295047 1.889080
-0.830521 -0.300516 1.337808
-0.445178 -1.355674 1.505654
-0.253647 -1.358613 1.532051
0.019513 -1.525658 1.326233
-0.235624 -2.306530 1.718673
-0.313425 0.057275 1.490230
-0.084344 0.944906 2.086574
0.415918 -0.252061 1.529037
2.248000 -0.972018 2.390911
2.292049 -0.422871 2.198646
3.223131 -0.922874 1.051119
2.691389 0.301237 2.158140
2.616651 -0.649505 1.496863
2.791542 0.521058 2.694658
4.520235 -0.479886 1.951151
3.427431 -0.679610 0.581441
3.949767 -0.279787 2.976706
4.961725 -0.189979 1.971175
4.988569 -1.512372 0.648227
-3.815779 1.021444 2.990044
-3.079394 0.138624 2.612555
-3.833777 0.613034 2.043020
-4.056137 -0.472630 1.830428
-3.056438 0.505646 1.682606
-3.703287 -0.249626 1.817723
-2.575525 0.674603 1.561263
-2.554198 0.421815 1.956330
-2.294426 0.625594 0.907881
-3.684986 -0.878167 2.119865
-1.419737 -0.289218 2.507451
-0.555373 -0.223421 1.723852
-1.767244 1.388904 2.055721
-1.037499 -0.095518 1.461518
0.714454 0.094628 0.907908
-0.915754 -1.088262 1.516445
-0.634070 -1.202700 1.538970
0.492902 -1.102950 2.835698
1.197619 -0.691566 0.983917
1.388711 -0.152016 1.885840
0.755515 -0.566776 2.764602
2.855376 -0.291572 2.493571
1.695935 -0.113963 0.334048
3.294953 0.111920 1.215940
2.837001 -0.156526 1.699829
2.051943 0.327154 1.272379
3.124516 -1.010421 2.788309
4.094993 0.191599 1.812765
4.824518 -0.253802 1.670004
4.125130 0.133629 2.718391
4.220347 0.577499 1.565753
4.120865 0.552641 0.502937
-4.577628 -0.258685 2.047341
-4.560713 1.596893 1.039155
-4.041665 -0.498376 1.153274
-4.222946 -0.249054 1.481308
-3.554452 0.947568 1.445201
-3.563051 0.789058 2.217959
-2.715709 1.589111 1.414070
-2.857950 0.341398 1.662388
-1.564880 0.341142 1.475459
-2.143342 -0.350082 1.184106
-2.018145 -1.300974 2.262665
-1.371767 1.362470 1.800310
-0.194531 1.355941 1.847615
-1.142991 0.646005 2.443481
-0.655954 1.086540 1.205725
0.160216 0.558300 0.684186
0.732391 -0.896521 1.732838
-0.455603 0.623930 0.875524
0.834382 0.029971 0.613297
1.314975 -0.009794 1.197455
1.232168 -0.181832 2.102297
1.261536 -0.091615 0.848898
1.505787 1.018527 2.931304
1.611318 0.584421 3.583783
2.414649 0.336253 2.007452
3.044222 -0.818609 1.576953
3.602554 -0.755700 0.800275
3.092879 -0.044210 -0.275794
3.339765 1.404817 2.555560
4.687684 1.818610 2.149685
4.341291 -0.561772 1.451856
4.776588 1.114489 2.283971
-4.880988 -0.270363 1.975387
-4.230671 1.169361 2.215336
-3.718785 0.117803 1.581287
-4.207406 1.349025 2.319878
-3.581235 1.308610 1.440752
-3.544658 -0.726359 1.936307
-3.087164 0.501517 1.288932
-2.638511 -0.808830 1.683154
-2.888515 1.542604 0.813905
-2.036270 0.227922 1.913932
-1.285324 0.053255 1.868002
-1.576320 0.852778 2.378841
-1.422358 -0.111300 2.481491
-0.202616 0.811065 2.110067
-0.577956 1.723029 2.030297
0.489712 0.660656 1.627674
0.352904 1.193162 1.129295
0.662485 -0.397452 2.741860
2.118291 0.078456 2.254794
0.851562 0.150980 1.020823
1.475563 0.578049 1.805264
0.936715 1.011462 1.526835
1.396080 0.905297 1.568693
2.289816 1.443101 2.544512
3.743479 -0.044813 0.780622
3.024473 1.255512 1.381612
3.540878 0.778460 1.199958
4.138670 0.917741 1.330849
4.221658 1.151439 1.878940
3.795046 2.310182 1.376951
3.998533 0.166725 1.244461
4.124692 0.557683 2.043891
-4.748955 0.517277 2.237491
-4.745373 1.585648 2.815532
-3.752856 0.832264 1.760166
-3.633095 1.291739 0.739051
-3.268955 1.199884 1.497059
-3.260394 0.925980 1.112343
-2.743889 -0.202794 2.364143
-1.905617 1.766881 1.528176
-1.949322 2.198261 0.328434
-0.970405 1.367642 1.273320
-2.072747 1.107146 2.700112
-1.222125 1.498617 1.800172
-1.302259 0.687376 1.841924
-0.774016 0.115718 1.213258
-1.426678 -0.510223 2.050033
0.133646 1.164359 1.078410
0.527512 -0.068709 2.183609
0.550041 0.362115 2.272354
0.062949 1.573822 1.596396
0.714605 0.429788 2.656371
1.186182 1.131165 1.615956
1.638644 0.312245 0.180183
1.249147 0.541056 2.208875
1.503936 0.893516 2.617813
3.085054 1.805213 1.432084
3.209637 0.947869 1.959945
3.112585 0.328817 0.693360
3.226966 0.774974 1.454876
3.086116 1.014206 2.048737
3.805348 0.494898 1.166850
4.865103 -0.035153 1.909938
4.847531 1.787774 1.707128
-4.892067 1.609836 1.429905
-3.935401 -0.158663 2.237792
-4.698399 1.778043 0.491491
-3.925428 1.442016 1.878433
-3.623447 1.920317 1.370460
-3.072308 1.316018 0.697402
-1.899641 1.204149 2.500013
-2.174894 2.084726 1.593882
-1.073063 0.500597 0.966204
-2.443437 0.536023 1.901990
-1.293600 0.637218 0.961638
-1.729095 0.659297 2.030586
-1.464627 1.112479 2.082843
-1.006013 0.806307 2.063150
-0.708409 0.437142 1.174173
0.035898 1.020317 2.102755
-0.097879 -0.057604 1.703910
-0.301630 0.653435 1.010145
0.297985 1.254984 1.470816
0.374884 1.369486 3.492632
0.652938 1.522277 1.338692
2.687764 0.795295 2.178966
2.472770 0.424962 1.824947
2.355880 0.419611 0.876151
1.960684 1.468808 2.590771
2.211788 1.265109 1.414765
3.986629 1.429588 1.468644
3.955210 1.794333 0.820672
2.730458 0.877905 1.572772
3.840041 0.038899 2.200529
4.902874 0.884112 1.073692
4.264274 0.732655 0.976394
-4.454518 1.385807 2.258892
-4.919479 1.994494 2.149321
-4.306782 1.589504 1.414501
-3.442461 1.588029 3.335522
-3.877571 2.079735 1.689181
-3.135329 2.429043 3.227884
-3.670883 1.732315 1.478313
-3.832272 1.307635 2.138408
-2.679014 1.987545 2.142429
-2.580154 1.207807 1.240260
-2.743436 2.437120 3.421847
-2.453532 0.599763 0.964760
-0.942735 0.955147 1.347134
-0.619315 0.838529 2.011466
-0.629216 0.788652 2.488460
-0.028775 -0.276380 1.612432
-1.068568 2.774966 1.755554
-0.393077 0.438482 1.501701
0.635291 1.965352 1.775142
1.294268 1.306295 2.238315
1.853388 1.608830 1.085731
0.839588 1.527655 1.841563
2.166589 1.163428 2.181168
1.888482 1.145949 0.909375
2.150354 2.542214 2.010158
2.880917 0.778401 2.229929
3.058967 1.453646 0.877335
4.075827 1.882273 1.429457
4.165922 1.306078 1.062867
4.939526 0.008967 2.125750
4.570457 1.700957 3.294206
3.889355 1.659094 1.072407
-4.585520 1.315392 0.992404
-3.515785 1.335499 2.649344
-4.212200 1.694866 1.743302
-4.925376 1.811195 1.696044
-4.272273 1.718463 2.404227
-3.518970 0.182780 1.724909
-4.407290 2.065146 2.588865
-2.898576 2.238715 2.519805
-2.023165 2.786721 1.711390
-1.472211 2.205207 1.865639
-2.247537 1.336584 0.464609
-1.134232 2.336866 2.182457
-1.320215 1.072010 1.109469
-1.483812 0.733766 1.475430
-0.261355 1.094740 3.904768
-0.535212 2.218525 0.669156
1.020648 1.092263 0.722194
0.336839 1.478180 2.155986
1.756370 2.286536 1.735225
1.913648 1.126575 1.733691
1.468446 2.128955 1.821807
1.917290 1.525172 1.746969
2.082222 1.625605 1.771113
1.960624 0.421465 2.431091
3.433488 0.883465 1.855003
2.905903 1.629059 1.937739
2.560721 2.262085 -0.876016
3.821002 1.852766 2.177762
4.122043 2.584371 3.349303
3.043200 1.595313 1.423037
4.318342 2.066612 1.978862
3.529107 1.526403 2.801631
-4.394140 2.112651 1.521229
-4.946599 2.476077 2.405266
-4.032679 1.702619 2.766400
-4.912848 2.652331 1.970461
-3.304404 2.077667 1.205554
-3.599499 1.516715 1.008365
-3.319172 2.524726 1.492936
-3.380288 1.988182 1.982343
-1.427475 1.833436 0.469690
-1.559179 1.681482 2.275399
-2.407066 2.572344 2.180617
-2.059899 1.408311 1.724938
-1.262681 2.897514 2.714776
-0.567796 0.864959 1.371871
-0.723617 3.473611 1.431715
-0.902868 2.523640 1.696579
-0.598991 0.514948 1.341924
-0.952253 1.326974 0.793447
-0.109757 1.565274 0.325696
0.821767 2.664978 1.570125
1.347482 1.350160 1.776876
1.928674 1.744390 0.646893
3.018914 1.331796 1.903567
3.124703 2.206651 2.039204
3.046580 2.532735 2.208509
2.961138 2.124459 1.509160
3.421180 2.416853 1.026736
4.222916 3.103305 1.500709
4.173759 3.188635 1.843742
3.674928 2.552011 1.235368
4.384880 2.445076 2.336008
4.600582 2.447240 1.712336
-4.642734 1.415261 2.364213
-4.911739 3.180266 1.639809
-4.450188 2.115866 0.801279
-3.957327 2.246192 2.649739
-3.624652 2.295895 1.120150
-3.412942 2.411050 2.288232
-2.661117 3.132677 1.452363
-2.527705 2.177454 2.684453
-2.129525 2.084717 1.876191
-2.970114 2.713017 1.230759
-2.034647 3.471016 2.330338
-1.359862 3.817609 1.789287
-0.750941 2.273360 1.716788
-1.778617 2.356583 1.992266
-0.667317 2.257730 2.122468
-1.190699 2.201319 2.242910
-0.803093 1.662698 0.550575
0.838382 1.780556 2.281707
-0.046696 3.275565 1.746279
3.037208 2.915869 1.243575
1.507271 2.120740 1.489702
0.477586 1.661633 1.442681
2.247170 2.306657 1.786883
2.615040 2.957158 2.165065
3.215698 2.301278 2.095555
3.353134 2.050315 1.635628
3.640792 2.864176 2.538881
4.414710 3.141424 2.815063
3.428794 1.740746 2.825998
4.781310 2.642920 3.695579
4.612545 1.931919 1.771092
4.701569 3.708963 2.539468
-4.432478 2.229912 1.863029
-4.351515 2.536101 1.644653
-3.942278 2.786049 0.938958
-4.114583 1.466331 1.529385
-3.331765 3.474464 2.471992
-2.783172 3.172788 2.185725
-2.041617 3.736179 2.375340
-2.712050 2.435929 1.146507
-2.432155 2.598980 0.980053
-1.775786 2.829645 1.579233
-1.740903 4.170243 1.512964
-2.906489 2.168891 1.096565
-1.213518 3.842450 1.438762
-0.885725 3.533459 1.025397
-1.147462 3.010306 1.766697
0.887421 2.058361 1.596748
-0.574843 2.575333 2.116093
-0.204403 1.639022 1.707604
1.280022 2.467617 2.318808
1.768143 2.411257 1.223338
0.507485 2.923062 0.180441
1.017080 2.256202 2.242052
2.313742 2.177144 0.594611
1.938283 3.848051 2.401869
4.564314 3.730108 1.379641
2.972648 3.043241 0.765193
3.067337 2.448276 2.437944
3.099585 3.097449 0.707470
4.667336 3.432780 1.138576
4.220468 2.730515 1.895128
4.790269 3.852639 1.211484
4.444879 3.285206 1.968291
-4.808481 1.835885 2.075414
-3.962142 3.055603 1.904948
-4.073522 2.941228 2.187136
-4.316115 2.681141 1.621132
-3.162124 2.688547 2.873194
-3.783942 2.817801 2.334313
-2.391676 3.271353 0.883020
-1.948257 1.925672 2.524477
-1.957878 3.649097 2.163918
-2.828726 3.764513 1.058009
-2.149880 4.802053 2.470543
-2.295478 1.490993 1.520930
-2.122233 2.568584 1.571925
-0.770861 3.535975 1.680658
-1.482392 2.393479 1.421034
-0.512316 2.361269 2.947313
-0.144778 2.595906 2.308815
-0.184719 2.446568 1.925822
0.695513 2.570119 3.115330
0.903935 3.588230 1.987423
0.916089 3.397906 2.085402
0.922004 3.751982 2.640788
2.831184 1.732322 2.463490
1.506335 2.081746 3.399551
2.679716 1.893544 1.036935
2.212119 3.156435 1.145094
3.428255 3.343174 2.169212
4.436616 2.507207 1.696934
3.614621 3.242892 4.099614
3.419232 3.963795 1.406922
4.420864 3.738316 1.607738
4.014066 2.864231 0.965100
-3.717065 2.787461 2.107536
-4.693900 3.368190 1.066844
-4.222523 2.525796 0.462317
-3.206866 3.573367 2.993932
-4.026212 3.210074 1.435137
-3.560618 3.493594 1.781671
-2.668193 3.235775 1.875790
-1.948316 4.058647 1.709677
-1.311092 3.491675 1.319502
-2.263102 2.990839 0.984572
-2.886770 2.758654 2.941715
-0.681210 2.372584 1.928591
-1.458207 2.745266 1.537631
-0.325598 4.236541 1.857104
-0.842784 3.048823 0.919817
-0.096290 3.826160 0.747961
0.382590 3.777352 1.931161
0.916182 2.640664 1.982476
1.217134 3.192470 2.868211
1.319621 3.412197 1.987513
1.527448 4.372592 1.672704
2.604873 3.625589 2.162929
1.959936 2.275154 2.014986
1.436373 4.089909 1.313256
2.824497 3.514084 1.168134
3.520500 2.845849 1.418994
2.937422 3.615817 2.418195
3.291788 2.780251 2.133849
2.120446 3.332126 1.598184
4.076777 3.888509 0.848763
4.051244 2.688780 1.322347
4.343827 4.015087 1.196259
-4.986910 3.169226 2.177981
-3.915704 2.624278 1.472287
-4.135932 1.844837 1.410581
-3.597781 3.707485 1.883494
-3.904762 4.020089 1.475240
-2.968485 2.782321 1.812552
-3.408090 3.595983 1.431622
-2.632436 3.307019 3.193578
-3.077700 3.618137 1.183140
-2.334843 2.795115 1.228844
-0.862706 3.886462 1.380810
-1.051917 2.989350 1.489570
-2.231038 3.574965 0.696688
-1.211260 4.116983 1.997418
0.186488 3.106835 2.331420
0.564848 3.639002 3.077780
0.413680 3.337934 1.393808
0.244857 2.766234 0.456025
0.653341 3.759564 1.778754
1.225622 4.450110 1.381761
1.092672 3.460048 2.983499
2.433423 4.445942 2.196607
1.872198 2.038260 1.311259
1.752843 3.779249 1.572082
3.352834 3.647460 1.473465
4.200093 4.354795 1.602069
2.657823 2.908394 1.526837
3.750388 3.141815 2.162173
3.718263 2.893738 2.030240
3.862688 3.095458 0.583736
3.534234 2.500127 1.459943
4.786941 3.469209 3.107286
-4.994206 3.150873 2.431890
-4.548231 2.948898 1.711090
-3.535391 4.605195 1.934725
-4.172541 4.507116 1.162556
-3.235786 4.307765 1.983253
-3.038584 4.727635 1.271603
-2.740424 3.371961 0.790811
-3.569677 3.413097 2.166529
-2.240475 3.293722 0.555809
-1.211033 4.290361 2.251782
-2.247106 4.244470 1.679709
-1.885578 3.662931 1.943089
0.021868 2.535802 0.644921
-0.656107 3.603051 1.483541
-0.468234 3.142276 2.596904
-0.239234 4.395750 1.197410
0.873856 4.716260 1.875704
-0.152740 3.248138 2.004779
0.485192 2.856067 1.495137
-0.205888 2.419148 1.494951
1.740178 4.080087 1.632349
1.251875 3.126472 1.137209
2.000289 4.634188 1.094685
2.109337 3.589107 1.820735
2.364948 4.873755 2.777518
2.097713 3.507471 2.772302
2.909197 3.193840 2.274730
3.856952 2.618207 1.542313
2.500381 3.715140 1.184134
3.815196 2.827713 1.638186
4.666286 4.573795 2.519161
4.362731 4.810672 2.673433
-4.415954 3.830433 1.962931
-4.791676 3.342283 0.681467
-4.571397 4.572388 1.274248
-4.278243 4.512781 1.256747
-2.742665 3.165599 1.769858
-3.719276 3.128097 1.827342
-2.335205 4.687215 1.529091
-2.048350 4.271531 2.404395
-1.974094 4.717881 3.255130
-3.096865 3.425167 1.595546
-0.590429 3.949998 1.525569
-1.332909 4.648449 1.132381
-1.604014 4.338286 0.105181
-0.180059 4.333920 1.638738
-0.687278 3.564406 1.070538
-0.727050 4.215059 3.340378
-0.587125 3.718179 1.669847
0.316861 4.089184 2.706404
0.375162 4.330256 0.899613
1.676215 4.820152 2.093389
1.527323 3.638926 2.846418
2.234447 4.635367 2.302524
2.154230 3.768790 1.553988
3.179701 3.467469 1.474526
3.243353 4.812635 2.021316
3.825821 3.906926 2.063342
3.899200 4.568466 1.250070
4.143400 2.948501 0.978810
3.354844 3.867217 1.669788
4.022360 4.171870 1.731712
4.201839 4.498113 1.709958
4.346785 4.998117 2.582707
-4.410449 4.577791 2.017992
-4.421285 3.537234 2.155601
-4.137167 4.958517 0.812803
-4.708574 3.953309 -0.059856
-4.305603 4.691583 1.930927
-2.690805 3.705895 1.267988
-2.815096 4.894221 1.458011
-3.233327 4.126035 1.993159
-1.898926 4.650714 2.871107
-2.040525 3.926398 2.308259
-1.769077 4.199240 2.527353
-1.354760 4.421469 1.883429
-1.019944 4.232244 1.702180
0.396065 3.057354 1.254845
0.247077 4.777938 2.007328
0.835046 4.367926 0.372717
-0.092568 4.458501 1.072775
-0.014970 3.916859 2.586269
1.640754 3.887172 1.191562
1.843106 4.473675 1.595345
1.869365 3.916131 0.921853
1.546035 4.909850 1.430394
2.259685 4.513175 0.992330
2.630339 4.211752 1.381505
3.658586 3.710257 1.919122
2.232865 4.878974 1.632183
3.247236 3.627516 1.733148
2.846019 4.758340 1.888918
3.409992 3.559451 2.124624
4.998427 3.541404 2.349292
3.588226 4.172968 2.505722
3.844988 4.051289 1.707355
-4.330100 4.623009 1.141782
-3.786543 3.795042 1.682903
-4.467247 4.460973 2.090519
-3.506536 4.827417 0.766417
-4.447931 4.889947 2.376194
-3.074237 3.733072 1.532260
-3.630494 4.158288 2.156049
-2.835032 4.765397 2.772192
-1.966468 4.968603 2.291806
-2.020396 4.703411 2.657581
-1.215361 4.410620 1.159891
-0.750266 4.817552 1.578711
-0.748799 4.631565 2.287509
-0.552389 4.327560 2.658568
-0.976196 4.801076 0.366665
0.607220 4.210614 1.016701
0.521604 4.793678 1.779215
0.554746 4.708332 1.689651
1.678871 4.353748 1.038887
2.395926 4.929555 0.826734
1.569360 4.002499 1.035439
1.944972 4.791778 2.410599
1.369027 4.054134 0.969743
2.313255 4.920482 1.860502
3.020499 4.403594 1.481034
2.811710 4.312402 1.331882
3.523653 3.740647 1.152493
3.881090 4.550034 2.628167
4.706135 4.736882 2.591675
4.041226 4.981498 0.713952
4.043253 4.806664 1.700610
4.740134 4.138481 2.414551
-4.319766 -4.336190 2.331574
-3.830571 -4.777139 2.031796
-4.523759 -4.330002 2.142905
-3.434212 -4.261677 2.484953
-4.056891 -4.732772 1.515645
-3.127767 -4.865237 3.014658
-3.947038 -4.100590 1.789908
-2.785120 -4.893073 1.807725
-2.572247 -4.856547 1.970712
-2.270260 -4.457393 1.517811
-1.152484 -3.681083 2.504825
-0.824954 -4.252978 2.257815
-0.781474 -4.495656 2.179457
-1.423081 -4.661046 2.164192
-1.220585 -4.812729 2.732013
0.137006 -3.202221 1.283491
1.132981 -4.483834 1.583195
0.105072 -4.822187 1.243982
2.212911 -4.394882 1.709323
-0.536306 -4.293289 1.409981
1.557188 -4.542899 2.601328
1.511069 -4.886147 2.835179
3.107615 -4.584211 2.828843
3.314248 -4.493500 0.832603
3.458053 -4.272865 2.445240
2.784648 -4.748327 2.000524
2.751160 -4.334979 2.069386
4.070464 -4.830561 2.879451
4.171394 -4.901671 2.393647
3.972531 -4.968273 2.482488
3.335027 -3.819555 1.130920
4.778990 -4.804189 0.912067
-4.617983 -4.793974 1.291252
-4.829627 -4.257258 1.956541
-3.960903 -4.785323 1.010127
-3.173174 -4.601072 1.504887
-3.847557 -4.605538 1.933834
-3.579610 -3.587266 2.801715
-3.339404 -3.635503 2.686729
-3.489447 -4.735767 1.785536
-2.522269 -3.906824 0.963870
-1.881909 -4.723634 1.434809
-2.787364 -4.285247 4.783240
-0.806861 -4.065286 1.236559
-0.748527 -4.512336 0.349158
-1.668683 -4.574053 1.666201
0.361406 -3.845444 1.582140
-0.383094 -4.446126 2.012865
1.147557 -4.618545 2.201813
-0.084702 -3.622416 1.845015
0.526388 -3.808306 1.888975
0.757540 -4.752964 2.271413
2.123699 -3.957515 1.749560
0.794714 -4.456975 0.618952
2.508138 -4.763795 1.700776
1.905156 -4.980472 3.528492
2.340250 -4.522222 1.722749
2.235616 -4.073945 1.630015
4.005277 -4.287980 2.054234
4.288478 -4.142863 1.727280
2.711246 -4.365590 1.503227
4.040699 -3.865063 3.019555
4.859867 -4.752206 2.538969
4.549846 -3.756521 1.886746
-4.946150 -4.154455 2.143543
-4.923728 -4.346967 2.680908
-4.798310 -3.213853 2.600254
-2.763288 -4.217609 1.848058
-3.205919 -3.168230 1.788210
-3.344093 -4.156572 1.948215
-2.218943 -3.842450 1.131684
-2.177698 -4.423323 1.684157
-2.393757 -3.059355 1.476338
-1.800494 -4.672758 1.681507
-0.866276 -3.492523 2.668691
-1.613037 -4.231620 3.075055
-0.456636 -4.293598 2.038944
-2.078080 -4.841702 3.555973
-0.171045 -4.110635 1.944391
0.369338 -4.901841 3.427412
-0.015100 -4.152518 2.739738
0.584407 -4.055426 3.556771
0.283595 -3.905785 1.410092
1.265523 -3.801851 1.211167
1.503793 -3.831810 1.223174
0.256052 -3.109378 2.182633
1.022277 -4.302201 3.155022
1.868327 -3.203686 2.828442
2.868930 -3.429973 1.581458
2.328948 -3.580614 1.987936
2.969024 -4.615938 1.012477
2.991025 -4.868865 2.719104
3.913139 -3.583387 1.969861
4.580013 -4.055870 3.541325
4.594182 -4.593553 3.330123
4.706449 -3.537459 2.199766
-4.456455 -4.557242 2.759081
-4.252567 -3.646495 1.769511
-4.354705 -4.627754 3.021983
-3.973606 -4.162881 2.691455
-3.574409 -3.938140 2.470313
-3.836839 -3.044094 3.070481
-3.132880 -3.113680 2.265288
-2.129355 -2.974725 1.967593
-2.844712 -4.297691 1.728447
-2.175120 -4.072267 1.584056
-2.275528 -3.713180 2.104925
-0.510160 -4.766039 1.144092
-0.890359 -2.840866 0.263785
-1.743201 -4.309672 1.276389
-0.371106 -3.627746 1.470634
-1.063492 -4.333829 1.814693
0.539098 -3.009734 2.080021
0.739575 -3.898988 3.596586
-0.346982 -2.732538 2.585087
0.427913 -3.513820 2.941915
0.580884 -4.494251 2.480945
1.965557 -4.214945 2.473600
2.108403 -4.367011 1.197688
2.089359 -3.595004 1.405198
3.303507 -4.985301 2.161052
3.273771 -3.119126 1.933349
3.325643 -3.380912 2.615998
2.674295 -4.961992 1.318706
4.316048 -4.038719 2.898707
4.329510 -4.039367 2.740090
4.326478 -3.130797 1.163046
4.771322 -3.908105 2.805050
-4.636731 -4.020000 2.941851
-4.692776 -3.481256 2.572473
-4.425759 -2.555449 2.368426
-3.553607 -3.456249 2.247515
-2.382646 -3.615636 1.792190
-3.916226 -3.692879 1.453003
-2.312389 -3.821451 2.290351
-1.887871 -3.569836 0.936220
-2.375894 -3.439577 1.576456
-1.559121 -3.989766 0.615947
-2.476954 -4.058157 2.628944
-1.485760 -3.369424 2.636815
-1.316451 -3.605869 2.996859
0.233431 -4.203560 2.420259
-1.177791 -3.504393 1.847297
1.501815 -1.914250 2.298436
-0.063037 -3.471577 3.356487
0.036040 -2.872134 1.573325
1.259454 -2.853090 1.560858
0.767916 -4.148990 2.330919
0.935814 -3.970298 1.830539
2.304826 -3.756253 2.555478
1.728446 -3.297903 3.204074
0.464711 -3.941454 1.005588
2.605494 -3.080638 2.528606
3.971875 -2.555513 3.227376
3.561257 -3.233928 2.737499
3.559251 -2.813812 2.772688
2.949983 -2.885288 1.574655
3.876010 -3.287299 2.471270
4.667274 -3.555804 3.198106
3.929901 -3.471929 3.141174
-4.553586 -2.980470 3.292400
-4.410363 -3.399140 2.286386
-4.053853 -2.741689 3.180984
-4.616591 -3.407895 3.407997
-4.454764 -2.821779 2.693707
-3.885473 -3.304826 2.297822
-2.364341 -3.234701 2.428931
-2.412552 -3.910295 2.117116
-2.959409 -3.914096 0.933975
-2.680443 -3.239426 3.578269
-1.267784 -2.792610 1.414603
-1.999607 -3.236828 2.755026
-1.645904 -2.628109 2.163903
-1.820608 -3.569293 1.722422
-1.515484 -2.780928 2.357954
-0.493714 -3.824011 1.489678
0.363633 -2.559607 2.990948
-0.254094 -4.039384 0.809345
0.793927 -2.391558 1.221024
2.163304 -3.338109 2.861560
0.809834 -3.762278 1.338167
0.580040 -3.246919 1.391458
1.747373 -4.348147 2.212945
1.294219 -3.541782 1.486342
2.150711 -3.835265 2.031309
2.774325 -3.872200 1.214734
3.322095 -1.996568 1.813602
4.539888 -3.264149 2.022572
3.423581 -3.649242 2.015594
3.780951 -3.193088 1.080395
4.265086 -2.762694 3.309783
4.959743 -4.005501 1.942300
-4.894863 -2.054317 1.582657
-4.715111 -2.878653 2.084965
-4.352975 -2.324734 1.424515
-4.226111 -2.336171 3.198745
-2.983715 -2.046237 1.789671
-2.566468 -2.864309 1.401083
-4.101795 -3.335546 2.436509
-2.758325 -3.319525 2.155051
-2.475668 -2.693060 2.419100
-2.267819 -2.076794 1.306630
-1.187048 -2.962079 1.899583
-1.839625 -2.262702 2.230646
-1.961373 -4.418400 1.236145
-0.752396 -2.681508 2.437840
-0.569207 -3.050477 2.586777
-1.078904 -3.585075 2.773414
0.221530 -3.263782 2.360921
-0.507676 -2.427701 1.915451
0.963848 -2.610607 2.400422
-0.100507 -2.483932 3.174582
1.222394 -3.284613 1.352800
0.799690 -2.485851 1.475796
2.640041 -2.642647 1.887103
3.467321 -3.104611 2.964215
2.386716 -3.751943 2.129953
3.016433 -3.020144 1.864163
3.027537 -2.083873 0.975077
2.899172 -2.226486 2.122076
3.573650 -2.436660 2.755551
4.890223 -3.268203 1.869584
4.593957 -1.791416 2.407883
4.066244 -2.582101 2.586420
-4.378021 -2.627416 2.566492
-3.916984 -2.563816 2.088101
-3.394561 -3.293776 0.993105
-3.450728 -2.746368 2.505134
-3.866868 -2.700603 2.219967
-3.377978 -2.994319 1.534087
-2.120128 -3.151339 2.495522
-2.456719 -2.694931 2.126329
-1.892710 -2.192701 2.427675
-1.805017 -3.521518 2.523651
-1.871986 -2.499479 1.763115
-1.994200 -2.869884 2.782024
-1.457671 -3.371062 1.894753
-0.619020 -3.476581 2.863767
0.068637 -3.183234 1.745920
-1.223073 -3.089532 2.170555
0.605641 -2.869510 1.633288
0.577431 -2.788594 1.733367
-0.283094 -2.069822 1.057176
1.065970 -3.108826 2.454964
1.323361 -1.931299 1.795906
2.086512 -2.520077 2.594473
1.054749 -2.648888 1.676175
2.873222 -2.204498 2.289947
3.580112 -2.879380 2.376795
3.919964 -2.059074 2.984821
2.807899 -2.334304 2.571769
3.531842 -2.085081 2.293320
4.437320 -3.864653 1.509690
3.729480 -2.375238 2.570087
4.191924 -3.910361 1.591593
4.743236 -2.644768 1.795960
-4.783462 -2.627026 2.656513
-4.559590 -2.975275 2.599927
-4.817645 -2.358823 2.418648
-3.284138 -2.011286 1.404411
-3.468013 -2.573858 1.467805
-3.294049 -2.065317 2.621449
-2.641024 -1.543878 2.804814
-2.397267 -2.275161 1.591531
-2.353326 -1.319990 1.285020
-1.375555 -2.806917 1.683439
-1.903731 -1.743777 2.426964
-1.811282 -1.859677 2.001909
-0.692759 -2.588941 2.832828
-2.291614 -2.786681 3.846899
-1.395252 -2.319180 2.225914
0.030853 -1.440288 1.136886
0.059267 -2.788658 2.400483
0.679138 -2.769742 3.252609
-0.221476 -1.804256 2.008813
0.794403 -2.268213 1.446771
1.768057 -2.478519 3.036084
2.538826 -1.376347 1.674655
2.080642 -1.750180 1.944634
0.643203 -3.106754 3.227371
2.751328 -2.739098 2.812350
2.912925 -2.060230 3.173812
3.186393 -1.914024 2.127961
3.803340 -1.969447 2.860698
2.380231 -0.387572 2.889771
4.568025 -2.021975 2.503603
4.901867 -1.890413 1.863399
4.378479 -1.781714 1.981879
-4.815923 -0.937303 1.594347
-4.869261 -0.854943 1.821836
-4.569661 -1.990200 1.868881
-4.312531 -2.818469 0.664104
-3.275933 -1.407992 2.954440
-3.783494 -1.838809 1.720218
-3.856136 -1.794556 0.905501
-3.280068 -2.483551 2.199481
-2.661535 -2.039209 2.417415
-2.151235 -2.362909 1.777267
-1.978927 -1.660982 1.815899
-1.628025 -1.555095 1.747123
-2.093870 -2.101713 3.112840
-0.881321 -2.690481 1.913235
-0.694890 -1.206231 2.394408
0.019469 -1.858519 0.882327
0.119523 -2.000423 1.172492
-0.815247 -2.412196 2.757510
2.872871 -1.713517 2.289560
0.536450 -1.207851 2.608323
1.343313 -1.532981 2.553579
2.878006 -2.080833 2.409580
2.309018 -1.453322 1.442455
1.367333 -2.382126 2.408777
2.587496 -2.775412 1.784602
2.292163 -1.722775 1.942853
3.011348 -1.804309 2.075123
4.161482 -4.071985 1.528606
3.798501 -2.798459 2.624666
3.331715 -2.871200 2.004550
3.865255 -1.993019 1.904439
4.265520 -1.517554 3.872892
-4.911892 -1.074583 1.999259
-2.732726 -0.965411 2.002046
-4.416200 -2.101472 2.271725
-2.517818 -1.813948 2.351114
-3.379904 -1.877363 1.897906
-3.406792 -1.221023 1.564798
-2.969850 -3.079628 2.232651
-2.281740 -1.417080 2.317154
-3.253258 -1.420967 2.778947
-1.414578 -1.989512 1.487878
-1.803647 -1.643785 1.882429
-1.492707 -2.118274 2.757906
-2.156785 -1.359534 1.855437
-0.742610 -1.821643 1.149802
0.356193 -2.269460 1.218970
-0.489923 -1.098865 0.816957
0.113901 -1.429515 2.847966
0.221419 -1.946842 1.396519
0.971535 -0.987924 1.929889
1.366479 -2.228698 3.351385
1.930325 -2.621610 1.807992
0.788975 -1.393613 2.057103
2.399259 -2.410344 2.563944
2.083725 -2.228387 1.607249
2.462719 -0.854010 1.479518
2.543701 -1.410480 3.053691
3.154384 -2.195831 2.336624
2.859267 -1.106195 2.748919
4.479242 -1.488144 2.424812
4.575142 -1.127621 2.543774
3.723255 -2.354662 2.011768
4.583477 -1.338129 1.929609
-4.469589 -1.788435 1.319935
-4.956662 -1.660412 2.093714
-3.168379 -1.746854 1.359497
-3.939279 -1.211788 2.387956
-3.393215 -1.540867 1.833468
-2.888643 -1.552053 1.854689
-3.633795 -1.598708 2.185311
-3.251922 -1.015998 2.845951
-2.662632 -0.933619 1.397436
-1.468416 -1.285698 1.747284
-1.658215 -1.150783 1.767899
-2.003864 -1.768697 2.104924
-2.034651 -2.020510 3.575170
-1.490861 -1.205232 1.973922
-1.050490 -1.856538 1.755675
-0.821610 -0.526535 2.352412
0.165002 -2.024154 2.377441
0.655541 -0.937417 3.782751
-0.347112 -0.795050 1.720558
-0.029668 -0.969814 2.361034
1.262018 -0.526439 1.712819
1.931175 -1.056021 2.224478
1.510252 -0.534591 1.027677
2.483828 -1.551638 1.095928
3.092689 -2.086402 3.045819
2.916751 -0.963230 2.532815
3.038353 -1.493282 3.357143
3.494269 -1.172390 2.009530
4.196299 -2.058692 2.154934
4.954015 -1.967415 2.356303
4.693133 -0.951674 1.926640
2.384390 -1.833023 2.158396
-4.374448 -1.355911 1.573564
-4.706641 -0.434497 2.571503
-4.443254 -0.740207 2.852157
-2.382833 -0.064697 1.624598
-3.656517 -1.859259 2.769590
-3.818512 -0.833892 3.347921
-2.963960 -0.592329 2.164191
-2.321961 -1.868280 0.642870
-3.886173 -1.214435 2.913115
-2.023364 -1.247318 1.139185
-1.728802 -1.884748 2.252954
-0.930674 -1.503691 1.280421
-0.614108 -2.030126 0.336667
-0.423948 -1.146129 2.116367
-1.286026 -0.176885 2.031222
-0.785177 -2.469156 1.104583
-0.022162 -1.960870 1.102460
-0.099803 -1.305805 1.428114
-0.044320 -0.982199 1.562656
2.055551 -1.897409 2.422225
1.580085 -1.855441 2.104621
2.300941 -0.749714 2.466768
0.832290 -0.941363 2.978043
1.963126 0.113951 2.773998
2.209678 -0.492151 2.617524
3.490391 -0.432982 3.183260
3.047424 -0.212307 1.781878
3.393311 -1.525192 2.457090
2.851191 -1.822470 2.376063
4.063360 -1.636442 2.215443
4.510979 -1.102938 2.699242
4.701432 -0.555608 1.078237
-3.873915 -0.027222 1.060403
-3.846982 -1.076348 2.097213
-4.985059 -0.896316 2.042845
-2.736091 -0.643046 2.339346
-4.333943 -1.559399 1.491808
-3.144059 -0.511821 1.322101
-3.730696 -0.977058 1.328247
-2.373499 -0.255665 2.562777
-2.140287 -1.023241 1.021051
-2.757702 -0.812367 2.511904
-2.262308 -0.912173 1.604880
-0.994713 0.060263 2.615815
0.056345 0.240573 2.337944
-0.787835 -0.530712 1.190546
-0.265828 -1.097588 2.900760
0.274430 -0.553540 1.748118
0.540088 -1.143883 1.707099
-0.075435 -2.073461 2.251836
0.761702 -0.695830 1.390576
1.264446 -1.326540 1.581398
1.664902 -1.080735 2.529025
4.373657 -0.741889 2.798304
1.662523 -2.295256 2.553049
2.503088 -0.279098 2.748229
1.876140 -1.729780 2.653590
2.575487 -1.515398 2.782912
3.899456 -0.898224 0.836856
4.335426 -1.073716 2.880863
4.448441 -0.714050 2.670156
4.501015 -0.271161 1.782043
4.779008 -0.731035 3.649583
4.290389 -0.499034 1.031176
-4.928714 0.772546 2.262941
-4.340933 -0.744879 1.471386
-2.188840 -1.277370 2.218810
-4.357737 -0.742028 2.313738
-4.462947 -0.450126 2.018225
-2.958035 0.106686 2.257751
-2.995137 -0.432401 2.374336
-1.605991 0.115667 1.884705
-3.085272 -0.918267 1.563494
-2.371031 -1.264948 1.917319
-1.335052 -0.149701 1.460751
-1.284557 -0.351367 2.406384
-1.176954 -0.683990 2.518856
-0.694682 -1.555363 1.675165
-0.719065 -0.996016 0.851564
-0.264046 -1.268546 1.882429
-0.915229 -1.315028 2.120006
-0.305378 -1.784559 1.885502
-0.665557 0.709031 1.788908
-0.573114 0.570954 2.824874
1.164284 -0.571439 1.073341
1.823141 -0.791929 2.337430
1.540315 -1.172019 2.150146
3.418813 -0.752134 1.239955
3.236300 -0.242321 3.043999
3.419210 0.097765 1.416065
3.695163 1.283690 2.982311
4.090017 0.359726 1.803510
3.301547 -0.107923 0.948646
4.032743 -0.499231 2.855428
4.959807 -0.545658 2.145110
4.941987 -0.551123 1.506675
-3.603021 0.598106 3.266469
-2.750302 0.048393 2.804084
-4.130179 -0.478084 2.087862
-3.951921 -0.145370 2.743811
-2.637531 0.428434 2.139040
-3.958172 -0.160794 1.570935
-1.476619 1.050116 1.954913
-2.988326 0.505738 2.042858
-2.277280 0.890231 0.850404
-2.568842 -0.668338 2.193713
-0.527273 -0.868758 2.455653
-0.778263 -0.483549 1.315595
-0.952037 0.934547 2.631835
-0.744806 -0.969854 2.116529
1.303759 0.338575 1.989387
-0.204922 0.018070 1.882693
0.103379 -0.575557 1.939755
1.139178 -0.399112 3.099055
1.335108 -0.918936 1.617008
1.993632 0.336162 2.722742
1.311932 -0.610899 2.325116
1.987202 -0.458185 2.704136
1.157484 -0.199589 0.965671
2.934413 -0.059193 1.544955
2.241515 0.351745 1.892497
2.775255 0.465944 1.734061
2.663013 -0.671206 2.830937
3.647732 -0.381705 1.552208
3.864977 0.270273 2.218982
3.426709 1.175532 3.271361
4.110270 -0.247071 2.006038
4.277391 1.361788 1.139984
-4.764381 0.030788 2.451392
-4.079396 1.528433 1.134696
-3.451717 0.404020 1.304731
-3.739372 -0.009054 2.061011
-3.031011 1.381197 2.270767
-3.422808 0.441230 2.731060
-2.876894 1.506846 1.088990
-2.770822 0.337911 2.306554
-1.570187 -0.124872 1.612543
-1.965015 0.122142 2.029250
-1.465608 -1.547543 2.318331
-1.313656 1.382940 1.984001
-0.230158 1.086840 2.030195
-0.622707 0.140641 3.113505
-0.263035 0.802835 1.626326
0.753368 0.825429 0.964142
0.245986 -0.633744 2.030030
-0.615190 1.208223 1.461358
0.468803 -0.223069 1.057476
0.437103 -0.806235 2.300896
1.223642 -0.201703 2.437879
1.753488 -0.202402 0.734520
0.757431 0.611713 2.715961
2.588279 0.138014 1.975926
2.135593 -0.152729 2.918996
2.872806 -0.419986 1.764301
3.114553 -1.441289 1.160390
3.419440 -0.691038 0.277857
3.657912 1.070624 2.608813
4.437401 0.753695 2.541756
4.827544 0.193244 1.948418
4.168190 0.647444 2.406059
-4.821561 0.339115 1.904631
-4.936586 1.224640 1.958152
-4.392177 0.534036 1.877321
-4.069542 0.800912 2.708419
-3.818890 0.989394 2.188843
-3.855270 -0.429250 1.010203
-3.361936 0.405568 1.448533
-3.147457 -0.820110 2.326941
-2.656412 0.864585 2.012351
-1.850139 -0.254423 2.012478
-1.537531 -0.490877 2.522375
-1.878941 1.318519 1.056809
-1.378589 0.536767 3.040093
-0.330146 1.562616 2.112839
-0.574575 1.822811 2.489898
0.369399 0.719911 2.742589
-0.379185 1.060048 1.797820
0.897937 -0.166899 2.747045
1.626452 -0.002499 2.203539
0.562392 -0.370000 1.076721
1.852916 0.563187 1.897341
-0.027601 1.036827 2.240543
1.320214 2.146929 1.928987
1.962146 1.591354 2.004418
4.007115 0.268264 1.460813
3.770687 1.549512 1.941542
3.887423 1.494562 0.648647
3.386459 0.341886 2.313778
4.152194 0.006645 2.907771
4.274198 1.759976 1.806577
3.383725 -0.307692 1.908493
4.480068 1.122275 2.159353
-4.472627 0.161569 2.968483
-4.800685 1.406481 2.547006
-3.818942 0.745197 1.864512
-3.459669 0.777058 0.956109
-3.633377 1.141891 1.569171
-3.185518 1.429916 1.483190
-3.277486 -0.230094 1.932039
-2.112810 2.102040 2.062085
-1.278114 1.784101 1.172426
-2.456352 1.405564 0.471353
-1.948791 1.972700 2.885463
-1.166173 1.574853 2.478962
-1.392947 0.568739 2.641249
-1.324434 0.312990 1.669442
-1.758296 -0.518845 2.384172
-0.064026 1.925383 1.794851
-0.325260 0.274992 2.084488
0.751998 0.450003 2.355381
0.818816 1.174358 0.769827
0.457950 0.572328 2.116330
1.470743 1.328367 1.877909
1.190337 0.270176 -0.102001
0.909129 0.166513 2.098046
2.297044 0.963640 2.525218
2.223423 2.042512 1.292509
3.083338 1.021539 1.802555
2.434990 0.554654 1.606950
3.100089 0.672282 1.665098
3.354471 0.819008 2.647779
4.051427 0.377743 0.991180
4.735899 0.794131 2.325648
4.839244 1.507898 1.831321
-4.591580 1.727425 1.187332
-4.436586 0.105841 2.027833
-4.566444 2.262461 1.187646
-3.712513 0.460644 1.545696
-3.461537 1.792009 1.847821
-2.878021 1.680779 1.387519
-2.581940 1.074281 1.855414
-2.439068 2.413948 2.335465
-1.457510 1.023665 1.281691
-2.092612 -0.004606 1.716320
-1.850466 0.474171 1.437891
-1.595481 0.590715 2.358692
-1.186663 0.849675 2.444395
-0.919519 0.350544 2.128547
-1.156061 0.934001 1.669834
0.467611 1.343881 1.796653
0.270353 0.322330 1.785299
0.044361 0.066605 1.405294
-0.177302 0.561774 2.170874
0.819404 1.396133 3.815877
0.280660 1.626710 1.824839
2.738359 0.662820 2.407283
2.860646 1.370508 1.181841
2.601389 0.903004 1.433208
1.566792 1.633148 2.597737
1.884936 1.694501 1.202981
3.685158 1.003744 1.815167
3.471545 1.777071 0.714922
4.400828 1.028086 1.783596
3.630272 -0.206638 2.404428
4.797315 1.148199 1.104717
4.725533 0.947487 1.181217
-4.188959 1.527105 2.519629
-4.819007 2.024043 1.850058
-4.502587 1.547850 2.498211
-3.769163 0.712382 3.697007
-2.550183 1.825569 2.151426
-2.849180 2.842884 3.231821
-2.707607 1.601224 1.010332
-3.679164 0.902747 2.217956
-2.556225 2.359444 1.841670
-1.898689 1.798665 1.082174
-2.117963 2.110835 3.278521
-1.531851 -0.163475 0.973895
-0.891922 1.476947 0.885410
-1.042919 1.801667 2.330663
-1.269848 -0.143799 3.420064
-0.858216 0.191340 1.512481
-0.338653 1.857018 3.070139
-0.657776 0.792936 1.634710
0.590993 2.114841 2.171918
1.960446 1.285030 1.948283
1.753372 1.721799 1.086015
1.535225 1.612271 2.807281
1.547647 1.684540 1.956212
2.942666 1.836846 1.351985
2.289183 1.712631 1.847368
3.045000 0.716135 2.825120
3.364212 1.884764 1.390085
4.433884 1.992405 2.769679
4.028593 2.321743 1.839897
4.517147 -0.331705 2.367049
4.765535 1.907784 3.113656
3.901463 1.416524 1.273716
-4.567015 1.171521 0.649620
-3.871019 1.648935 2.126241
-3.880640 0.342299 2.141508
-4.361521 1.696441 1.981617
-3.968835 1.363534 1.763037
-3.204740 1.140198 1.893149
-3.513551 1.383045 1.634943
-3.541674 0.984546 2.646866
-2.323762 2.638657 1.896920
-1.343779 2.003327 1.810706
-1.598367 0.821297 1.384131
-0.583567 1.815952 2.736665
-1.398225 1.517734 1.357678
-1.601546 1.111880 1.583813
-0.621858 0.892018 4.350337
0.285826 2.414424 2.237557
1.401945 1.052312 0.753411
0.659792 0.668076 2.310224
0.996914 2.727092 1.812578
1.298822 1.353264 1.629755
1.419079 2.823962 1.624629
1.640172 1.866085 2.026895
1.349657 1.083721 1.820190
1.776080 1.006321 2.746402
3.437146 1.140484 2.481990
3.088286 2.264653 2.418051
3.640828 2.054336 0.025640
3.142060 2.238479 2.839973
4.640363 1.706959 3.016385
3.463665 2.291218 1.849893
4.138805 1.414765 3.308900
4.084707 1.312306 3.015935
-4.240241 1.935331 2.902548
-4.671002 2.946710 1.978668
-4.415829 1.870482 3.340085
-3.771289 2.127129 2.739374
-2.681670 1.868813 1.613970
-3.228715 2.089749 2.043008
-3.230173 1.947171 1.294883
-2.326119 1.821605 2.349849
-2.431427 1.715977 0.776635
-1.979296 1.657304 3.097726
-2.983330 2.642283 2.659847
-1.501787 1.388480 2.025049
-0.871355 2.876618 1.915864
-1.831158 1.716922 1.405581
-0.682659 3.548346 1.806505
-1.880564 2.098936 2.842948
0.221867 0.649213 1.702298
-0.620222 1.120229 1.755365
0.047563 2.479668 1.139239
0.587517 1.974131 1.936554
2.201579 1.413980 1.131816
1.568267 1.732952 0.890017
3.373212 1.711017 2.302005
2.998163 2.937477 1.735812
3.373334 2.583642 2.295372
3.039727 2.102707 2.770463
4.149942 2.300297 1.805701
3.498016 3.663655 1.899630
3.837049 2.369078 2.562716
4.086973 3.154186 1.444302
4.642612 2.573461 3.372377
4.836765 2.150795 2.615806
-3.879184 1.125706 2.719744
-4.859857 3.161059 1.839373
-3.983803 2.326032 0.895712
-4.007389 1.458871 1.999695
-3.084038 3.153805 0.367974
-3.201278 2.697115 2.197373
-2.286492 3.681108 0.910175
-2.215361 2.981695 3.018073
-2.157278 2.288053 1.873177
-1.970064 2.650731 1.597631
-1.267381 2.890856 2.083287
-1.610999 3.438754 2.561449
-0.789689 2.377639 2.209017
-1.013343 2.528791 2.817293
-0.138107 3.244146 2.700728
-0.414974 2.369898 2.475112
-0.291779 1.676090 0.467222
1.852768 1.609090 3.251081
0.021962 3.162913 1.884641
1.815132 2.353250 1.865698
1.816043 2.441383 2.489148
0.503714 1.786846 1.999400
1.888546 2.388770 2.918767
2.881268 2.702609 2.148624
3.068956 1.977891 2.002641
3.158831 2.437486 2.211876
3.240093 2.098189 2.084504
4.453643 2.348109 2.620588
3.300095 1.919661 2.623477
3.846765 2.953716 2.279819
4.537377 1.963727 2.076006
4.245849 3.330870 3.180310
-4.256147 2.499197 2.095081
-4.070923 2.270348 2.023098
-4.011035 2.995323 1.508624
-3.742316 1.484010 2.520293
-3.864114 3.495639 1.826232
-3.055423 3.689909 2.183362
-2.431095 4.003157 1.797568
-2.624247 2.388782 1.298088
-3.138434 2.762384 1.412515
-2.267395 2.120858 1.815302
-1.916970 4.459579 1.522646
-2.323229 2.988589 2.288489
-1.236581 4.323410 1.346786
-1.384233 2.939288 2.485235
-1.065832 2.958496 2.316428
-0.276291 2.026304 2.362263
-0.530483 2.724184 2.355172
-0.383983 1.780199 1.509492
1.134377 2.766457 2.494014
2.145201 2.464799 3.042243
1.116574 2.942633 1.056759
0.531604 2.085828 2.906109
2.318445 2.235376 1.529683
2.358310 3.811508 2.293014
3.460773 4.003352 2.195427
3.171068 2.964541 1.610880
2.590651 3.219794 2.143046
3.211281 3.061898 1.204509
3.555816 3.369509 1.990624
4.438950 2.962966 2.105200
4.944311 4.772595 2.776125
4.482235 3.297261 1.142051
-4.707830 1.676425 2.593718
-3.855257 2.859916 2.115628
-4.043240 2.349052 2.975983
-4.841563 2.519454 1.831201
-3.780609 2.574697 3.556108
-2.912867 4.054668 2.342234
-2.207090 3.760274 1.392767
-2.000598 2.149296 2.218800
-1.889814 3.045294 1.987761
-1.994514 3.663896 1.218360
-1.705519 4.196921 2.981827
-1.544011 3.086511 2.096374
-2.580047 2.367453 2.312756
0.185957 3.693187 2.928996
-0.915981 2.533181 2.281866
-0.225459 3.080943 2.924206
0.084187 2.142857 2.092537
0.688597 1.343582 1.992203
0.807282 2.854640 3.205713
0.798575 3.444439 1.384509
1.212575 3.762126 3.031470
1.046498 3.495181 2.152883
3.650301 1.442498 1.701017
2.825551 3.661926 3.099560
2.824490 2.281260 1.471072
2.161322 3.896454 1.021841
4.160249 3.132157 2.753574
4.972461 2.191650 2.450295
3.524836 3.041946 3.228039
3.268405 3.741915 1.769811
4.277392 3.623529 2.688237
4.314321 2.350183 1.804150
-3.588882 2.263683 1.433574
-4.607453 2.929470 1.251817
-4.834614 2.892524 0.658433
-3.925328 3.795212 2.674086
-3.378447 3.771496 2.300972
-3.872212 4.504388 1.750805
-3.368512 3.861501 1.638330
-2.465684 3.901906 2.353021
-1.382616 3.275401 1.678742
-1.932365 3.206358 1.505377
-2.437161 2.725150 2.801053
-1.023844 3.591266 1.336409
-1.326396 2.071304 1.193606
-1.064910 3.683782 2.876772
-0.128264 3.218475 1.190153
-0.149865 3.536582 0.912413
1.105742 3.509681 1.732644
1.260195 2.961108 2.322473
0.806812 2.676666 3.518605
1.626371 2.852350 2.387919
1.482183 4.010293 1.729339
2.803432 3.438700 2.241181
0.916978 2.844887 1.832138
1.138073 4.146591 1.750772
3.189215 3.151145 2.167123
3.766711 3.677891 2.298158
3.191712 3.993203 1.708118
3.471041 3.015858 1.561372
2.970979 3.406515 2.112054
4.172807 4.017528 1.640097
4.008894 2.364312 2.434863
4.688349 4.056022 0.216798
-4.946357 3.212181 2.895029
-3.772065 3.032401 2.192700
-4.318921 3.392030 1.145670
-3.686996 3.390655 1.874787
-3.866001 3.696846 1.757839
-3.140378 2.696939 1.960154
-3.168913 3.716642 1.751419
-3.239218 3.133335 3.293462
-2.788418 3.402601 1.269637
-3.057071 2.618033 0.986505
-0.789272 3.358244 1.857046
-1.165143 3.697471 1.477192
-1.281754 3.063421 1.940576
-0.761795 3.296762 2.329578
0.037120 3.271958 2.732127
0.160929 4.076653 2.082183
0.472850 3.394963 1.224678
0.642304 2.949246 1.624473
0.838923 3.389872 2.299321
1.252782 3.270956 1.313892
1.918025 3.402411 3.257841
2.655447 3.480460 2.228983
1.635976 2.361602 1.525378
2.454768 4.079747 1.358365
3.133014 3.905766 1.620130
3.544672 3.733523 2.683263
2.751246 2.529230 1.566666
4.379353 3.461531 2.363358
3.954671 3.216965 2.835392
4.467488 3.006533 1.244925
4.547243 2.822334 2.391123
4.632356 3.109226 2.376424
-4.979869 2.602124 1.556573
-4.557487 3.559546 2.370001
-3.452510 4.217372 2.006615
-4.186030 4.113527 1.139796
-2.074490 3.796822 2.163530
-2.793810 4.416433 2.470738
-2.168189 3.703486 1.644046
-3.399344 3.612205 1.833659
-2.381461 3.928504 1.320199
-0.961103 4.262313 2.930164
-2.865076 4.463972 1.378119
-1.717040 3.690860 0.649068
0.032412 2.998260 1.429711
-0.264078 3.363472 1.668365
-0.223772 3.127211 3.234546
0.074829 4.706118 1.770067
1.075285 4.721714 2.618137
0.048736 3.976546 1.810119
0.484427 2.166022 2.385111
0.010594 3.398279 1.819082
2.164667 4.377697 1.356243
1.035822 3.237633 2.028328
1.382777 4.255876 1.873409
2.270706 3.437658 2.172103
3.074106 4.992645 3.299271
2.133041 3.558778 2.917152
3.861887 2.634213 2.102219
3.338866 3.606970 2.873811
2.850968 4.654691 2.007924
3.194896 3.686221 2.765191
3.994566 4.988156 2.288125
3.671122 3.337390 3.123392
-4.611689 4.422183 2.615598
-4.269650 3.710974 1.512773
-4.342297 4.087893 1.068033
-4.003867 4.453467 2.311379
-3.405836 3.125604 2.312045
-3.627508 3.951699 2.155311
-3.103418 4.823547 1.703920
-2.664829 4.457034 2.565296
-2.430551 4.903951 3.579365
-2.465924 3.998201 3.034895
-0.440654 3.418283 2.707927
-1.294981 4.517807 1.341804
-1.802083 3.742669 1.359240
-0.314155 3.281308 2.201662
-0.470363 4.012742 2.509069
-0.593911 4.507147 3.052047
-0.432731 2.976100 1.771514
0.892224 4.129065 2.360274
1.211998 3.894403 2.161041
1.522663 4.830381 1.779183
1.732537 3.829035 2.291704
2.148409 4.600593 1.568924
1.990450 4.067395 1.723268
2.729501 3.274036 1.217400
2.989393 4.943227 2.313507
3.695253 4.456219 2.377527
4.142148 4.757656 2.332599
4.018877 3.153775 2.594784
2.866822 3.834417 2.566729
4.095063 4.252589 2.276260
4.203690 4.838470 1.998425
4.418642 4.986988 2.452331
-4.410338 4.583234 2.187343
-4.954869 4.189168 2.220296
-4.062470 4.730554 1.910166
-4.882392 3.413264 0.091567
-3.272628 4.850731 2.204405
-3.584951 3.763503 2.003940
-3.361247 4.983926 2.052021
-3.165151 4.845109 2.632984
-2.752714 4.631489 3.562837
-2.012072 3.861149 1.468773
-2.032413 4.213900 2.280215
-0.923523 4.154382 1.468480
-1.374382 4.478306 2.550737
-0.324756 4.014572 1.302349
0.656927 4.771240 2.085314
0.520972 4.770055 0.836838
-0.153747 4.820140 1.238483
0.362027 3.800292 1.683000
1.172257 4.692013 1.567161
1.274756 4.102486 1.396849
0.996129 4.030037 1.903635
1.650954 4.827783 1.364673
3.010615 4.771072 1.390104
2.766592 4.939779 1.419241
3.556185 4.012925 3.069100
2.634915 4.714530 1.351003
2.864995 4.161141 1.948751
3.286675 4.933187 2.791651
3.164163 3.962280 2.503070
4.923298 4.108570 3.349014
3.852480 4.330420 2.363789
4.425523 3.965039 1.426385
-4.440695 4.878941 2.228414
-4.416739 3.845063 2.632837
-4.679056 4.973749 2.347265
-3.888912 4.741243 2.160829
-4.504440 4.872856 2.588938
-3.189402 4.519066 2.355034
-2.765590 4.527930 2.195981
-3.148966 4.655322 2.628337
-2.503550 4.837773 2.892139
-2.056131 4.768750 2.337644
-1.290871 4.529985 1.200900
-0.737522 4.955530 1.945424
-1.378779 4.035569 2.539170
-0.210572 4.190459 4.087190
-0.260419 4.957555 -0.622498
0.639456 4.091234 1.227979
0.692814 4.490603 1.812136
0.729768 4.949218 1.969928
1.621796 4.817237 2.376365
2.285556 4.997102 0.636878
0.504923 4.225797 2.098405
1.412150 4.969050 2.307332
1.144965 4.398632 1.610506
1.924475 4.300919 1.991816
3.297699 4.758682 1.815519
2.715108 3.634241 0.646351
3.899774 3.240242 1.843689
3.755456 4.648840 3.098736
4.389994 4.933778 2.870925
4.712597 4.987495 0.745060
4.660025 4.488565 1.730993
4.689359 3.958810 2.569398
-4.194127 -4.803547 2.135429
-3.884051 -4.368993 2.002993
-3.606392 -4.838245 1.900394
-3.819836 -4.330564 2.837543
-4.311306 -4.607601 2.561300
-3.550174 -4.684665 3.090051
-4.129241 -3.637503 2.333857
-2.865880 -4.779931 2.130054
-2.665475 -4.961731 1.700786
-2.174239 -4.571660 2.339270
-1.382189 -4.540206 2.553961
-1.184489 -3.990029 2.944926
-0.742807 -4.255167 1.925137
-1.767557 -4.558205 2.491794
-0.751396 -4.964602 2.560450
0.221291 -3.548171 1.665954
0.638200 -4.309281 2.782281
0.069939 -4.584573 1.893591
2.732845 -4.110907 1.671382
0.060323 -4.812638 2.087903
1.932460 -4.378547 2.400734
2.013459 -4.903810 2.749551
2.698040 -4.464854 2.829170
3.440565 -4.335379 1.290206
3.339622 -4.732865 2.146942
2.857668 -4.564768 2.751127
2.647217 -4.599724 2.256603
4.284250 -4.487752 3.130879
4.332680 -4.928072 3.333750
3.860120 -4.775700 2.562519
3.753256 -3.801152 2.112419
4.945133 -4.777812 1.619470
-4.569672 -4.549650 1.122998
-4.551401 -3.825348 2.780280
-4.523602 -4.879901 1.913553
-3.057142 -4.369451 2.099830
-3.816949 -4.663322 2.783604
-3.892316 -4.207156 3.443396
-3.264672 -4.148478 2.327208
-3.452918 -4.782264 1.937182
-2.340110 -4.233564 2.558878
-2.137500 -4.691579 1.512979
-2.859192 -4.147203 4.684612
-1.395658 -3.856500 1.162969
-1.246710 -4.530324 0.987983
-2.084674 -4.442735 2.139320
0.382173 -3.209963 2.250362
-0.533560 -4.405552 3.248119
1.293377 -4.541304 2.465526
-0.700411 -3.741276 2.520820
0.307176 -4.074419 2.434809
1.259016 -4.755429 3.111055
1.938723 -4.628522 2.575043
0.781715 -4.287735 2.103417
1.962361 -4.751100 2.018483
2.611895 -4.971881 3.168367
2.819293 -3.923952 3.321833
2.785444 -3.849097 2.263784
3.719893 -4.319046 2.588122
4.281037 -4.039376 1.908999
2.703232 -4.381327 2.434198
3.788051 -4.289306 2.802752
4.818650 -4.605278 2.529595
4.193457 -3.857232 3.015183
-4.947933 -4.160289 3.219023
-4.801693 -4.257984 2.859415
-4.070079 -2.699918 2.855662
-3.586359 -4.253666 1.690544
-3.461771 -3.740606 3.336675
-2.976706 -4.049597 2.556403
-2.895129 -3.672986 1.270769
-2.200586 -3.876493 1.419075
-1.919665 -2.883456 1.793420
-2.641997 -4.700969 1.157551
-0.691135 -4.083962 2.799068
-1.565301 -3.947432 3.278041
-0.600058 -4.233891 2.168304
-1.863228 -4.784141 3.303664
-0.214517 -4.572478 1.965352
0.522186 -4.856688 2.944427
0.542911 -4.982826 3.018949
0.240746 -4.570458 3.303870
0.177770 -4.039192 2.139498
1.957448 -3.849780 1.756229
1.649941 -3.185737 1.521599
0.902195 -3.581487 3.072246
0.949159 -4.403172 2.084862
1.357544 -4.681145 2.588080
2.947491 -3.461118 1.753776
3.047723 -3.958943 2.255557
3.270714 -4.828835 0.345020
2.985724 -4.841427 3.775347
4.451586 -3.380126 2.949709
4.121055 -4.232202 4.083520
4.483098 -4.869627 3.025226
4.882076 -3.471124 2.390465
-4.664015 -4.781731 2.613204
-4.490879 -2.704940 2.549186
-4.973760 -4.143466 3.965313
-3.722915 -4.227687 2.981120
-3.551572 -4.058481 3.007784
-3.120261 -2.989030 2.999055
-3.034719 -4.228997 2.165839
-3.337220 -3.090314 2.941772
-3.038814 -2.878195 1.233636
-1.676097 -3.862469 2.210196
-1.961531 -4.144588 2.097616
-1.283284 -4.844610 1.693532
-0.470931 -2.780939 0.163478
-1.219968 -4.260000 0.981091
-0.604135 -4.089218 2.333280
-0.558472 -4.565187 1.881138
0.223375 -3.229320 2.627394
0.557072 -2.930903 3.026733
0.227487 -2.882361 2.527187
1.146202 -4.049762 2.882064
0.428663 -4.483439 2.588984
1.235394 -4.278765 2.950167
3.091187 -4.864506 1.938388
1.866500 -3.308730 2.047952
3.066424 -4.697672 3.026229
3.237952 -2.898828 1.638065
3.283020 -3.967614 2.986589
3.314662 -4.750092 1.392900
3.376231 -3.616233 3.550428
3.658434 -3.943393 2.397911
4.354738 -3.457737 1.505592
4.693606 -3.634847 2.904974
-4.250859 -4.329274 2.755074
-4.407973 -2.927904 1.765711
-3.815491 -2.545492 2.888458
-4.044207 -3.827957 2.203356
-2.950224 -2.565444 1.282774
-2.703124 -3.849658 1.957370
-2.578639 -4.190896 1.785763
-1.857455 -3.222570 0.968769
-2.841096 -3.879039 2.112873
-2.013315 -3.185617 1.170498
-1.334209 -4.168791 3.186294
-0.197713 -3.375598 2.811565
-1.551975 -2.698051 3.627415
-0.869571 -3.929643 2.865668
-0.976912 -3.298586 1.497285
0.275692 -2.573753 2.390505
0.027583 -3.123650 2.726259
0.203746 -2.819365 2.993166
1.097720 -3.585754 2.101006
0.310726 -3.631967 2.811373
1.120609 -4.357855 2.064278
2.159249 -3.341425 2.264469
1.433043 -3.763991 2.923474
1.067924 -3.758611 2.117895
2.123078 -3.236693 2.379145
4.878885 -2.374111 2.920624
3.663055 -4.214911 2.332253
4.046818 -3.323649 3.061389
4.016362 -2.935048 1.441843
3.882152 -3.311795 2.290180
4.546872 -2.795604 3.391723
4.545659 -3.494245 3.784806
-4.663332 -3.522730 3.084192
-4.454092 -4.706114 2.436596
-4.488268 -2.405235 3.526540
-4.207322 -3.187856 3.786651
-4.380440 -2.970387 2.620132
-3.489654 -3.220019 3.346135
-2.872605 -3.065031 3.520873
-2.230515 -3.720006 2.331584
-2.597075 -3.642703 1.574882
-2.931335 -3.733424 3.540057
-1.023440 -2.575014 1.793774
-3.118305 -3.027099 2.746643
-1.283465 -2.150521 2.683706
-0.939954 -3.755426 2.364280
-0.794123 -2.950923 2.133127
-0.878508 -3.528982 1.833171
0.854700 -2.990194 2.486175
-0.706130 -3.936773 1.524410
1.339821 -2.600609 1.999535
1.706833 -3.058920 3.049973
1.528650 -3.655776 1.838252
1.123210 -3.660023 2.338351
0.612378 -4.182924 2.658984
1.250197 -3.458920 2.349009
3.124718 -3.866819 3.038007
3.539595 -3.641174 1.170718
3.320139 -1.811752 2.625784
3.823547 -2.826322 2.122404
2.269616 -2.655034 2.335266
3.623791 -2.664781 2.027762
4.748208 -3.712409 2.741657
4.963236 -4.267397 2.244403
-4.610322 -3.240233 1.717412
-4.699055 -2.827628 2.450251
-4.824408 -2.255711 1.621666
-4.731670 -2.083797 2.921067
-2.843755 -3.060489 2.783412
-3.786267 -3.116468 1.806736
-3.362761 -3.658370 2.829696
-2.735617 -3.343232 2.510971
-1.577120 -3.185537 2.445622
-2.576599 -2.039581 2.763478
-2.045894 -2.657481 2.899011
-2.887516 -2.963072 2.495901
-1.709852 -4.103012 1.960106
-1.070928 -3.532469 2.975215
-0.460604 -3.569774 2.844976
-1.193618 -3.179928 2.341959
-0.534211 -3.951788 1.476254
-0.140543 -2.773878 2.701231
1.174125 -3.475946 3.396703
0.047885 -2.350843 2.468325
0.278705 -3.441363 2.445004
1.048995 -3.521393 1.903281
2.353618 -3.099038 2.150838
2.067456 -1.978449 2.996231
3.660137 -3.222106 2.110086
2.163166 -2.732209 2.121877
2.460221 -3.370795 2.003223
2.207330 -2.251796 2.549697
3.890431 -2.478960 2.552237
4.261155 -3.136124 1.506204
4.306000 -2.057613 3.036671
4.208049 -2.768984 3.598926
-4.168896 -2.737041 3.299536
-3.674978 -2.405865 2.377044
-2.710660 -4.125214 2.020587
-3.291717 -2.885978 2.865964
-3.633975 -2.264141 2.203729
-2.951192 -2.011090 1.628112
-2.027435 -3.166681 2.263516
-1.970289 -2.336669 2.075825
-2.761874 -2.910961 2.465569
-1.273874 -2.703098 2.860587
-1.647675 -2.846079 2.067466
-1.886087 -2.891705 2.189014
-1.306589 -3.199404 2.570659
-1.434326 -2.732571 2.930314
0.324717 -3.276388 1.777662
-0.463693 -2.634361 2.785151
-0.061421 -3.096857 2.542093
-0.647452 -2.842868 2.028496
-0.123712 -2.066771 1.317844
0.701066 -2.825726 2.789855
1.014783 -1.586163 2.258964
1.838928 -1.807098 3.130264
0.804510 -2.566565 1.307815
2.269788 -2.943509 2.440446
4.267488 -2.920934 2.735243
3.272281 -2.075886 3.418367
2.936779 -2.986250 3.076940
2.656454 -1.646000 2.586163
3.416046 -3.346404 2.222363
3.780632 -1.892476 2.647785
4.732210 -3.240197 2.108123
4.890439 -2.525957 1.430178
-4.791082 -2.114103 2.577895
-4.352443 -3.347023 2.128297
-4.779829 -1.737691 2.975999
-3.733738 -1.634767 1.371905
-3.345298 -2.266107 1.675406
-3.785529 -1.937346 2.563385
-3.197264 -1.410254 3.343749
-2.135884 -1.802046 1.410007
-3.106679 -1.894240 1.025612
-2.156173 -2.834941 2.305478
-1.692612 -1.311819 2.380154
-1.947730 -2.041083 2.121829
-0.613297 -2.257357 2.552664
-1.023386 -3.266786 3.028268
-1.175546 -2.114208 2.631105
-0.655064 -1.351616 1.963991
0.245749 -2.669288 3.262967
0.938447 -2.263710 3.130039
0.514006 -2.052628 2.399956
1.143813 -2.669505 1.569001
0.972724 -2.357972 3.284816
1.974257 -1.848769 1.498005
2.660892 -2.233164 3.245151
0.563413 -1.973806 3.201133
2.100502 -2.810256 3.213946
3.380178 -1.981376 3.650762
2.850555 -2.343342 3.327989
3.507217 -2.347780 2.571739
3.076795 -0.685122 3.347033
3.694369 -2.049473 3.247321
4.923593 -2.260227 1.344968
4.264504 -2.277126 2.863581
-4.916617 -1.271878 1.383482
-4.857289 -1.269857 2.162454
-4.548697 -2.214447 2.302494
-4.157780 -2.396000 0.483221
-3.412135 -1.934749 3.400055
-3.657752 -1.658293 3.152784
-3.723437 -2.119509 1.769007
-3.130089 -2.291104 2.763789
-1.913003 -2.183094 2.637280
-1.878128 -2.929310 2.604447
-1.612214 -1.818795 2.237576
-1.293449 -1.477239 2.588275
-1.485489 -2.223958 3.014701
-0.765048 -2.755725 2.044759
-0.640236 -2.507002 2.044454
0.049839 -1.504395 2.545336
0.128735 -1.677557 1.428477
-0.667887 -2.398260 2.851564
2.387592 -2.397250 1.892673
1.232600 -1.045516 2.348402
0.501500 -0.889096 2.022143
2.533806 -2.201730 3.293098
2.040691 -1.037561 3.158600
1.781721 -1.565967 1.780680
2.951319 -3.008511 1.294397
2.141331 -1.757659 2.083201
3.648466 -1.916886 2.961442
3.548998 -3.155640 1.625847
4.217316 -2.931821 3.253506
4.636403 -3.017954 2.357089
3.649670 -2.200584 1.937392
4.165571 -1.609797 3.827706
-4.861499 -1.369526 3.082752
-3.688825 -1.436803 1.923082
-4.297728 -2.387221 2.271600
-2.666242 -1.790790 2.325897
-3.529778 -1.564023 2.402468
-3.685904 -1.020424 2.239687
-3.211300 -3.069534 2.577612
-2.339279 -1.821756 2.214740
-2.530757 -1.994969 2.210745
-2.518088 -1.106879 1.061233
-1.876186 -2.240537 1.735445
-1.668948 -1.610824 2.672302
-2.644815 -1.785596 3.100718
-0.227651 -2.275788 2.364407
0.017832 -2.824171 1.395940
0.020379 -2.424773 1.155163
0.598570 -1.125998 4.069080
-0.307005 -1.867920 2.179605
1.236694 -0.538217 3.218376
1.158473 -2.125453 4.063135
1.529036 -2.667909 1.710063
1.629550 -1.457820 2.605476
3.046475 -2.551406 3.239439
3.091885 -1.301767 2.181969
2.329021 -1.460147 1.838110
1.908101 -1.983272 2.762132
3.255631 -2.340446 3.582742
2.469250 -1.639928 2.801083
4.848513 -2.250535 1.489194
4.172434 -1.432394 2.897439
3.539615 -1.929327 2.109192
4.527155 -1.607374 2.667793
-4.255996 -1.729967 2.218108
-4.942939 -1.218771 2.520897
-3.177461 -2.630300 1.858906
-4.693969 -1.000409 2.991350
-2.755107 -1.673614 1.902370
-2.339654 -1.524021 1.025466
-2.510684 -1.182516 2.192597
-3.638904 -1.050789 3.032746
-2.489483 -1.055628 1.894571
-0.860363 -2.158235 2.181464
-2.101722 -1.710066 2.414043
-2.140509 -1.437105 2.960911
-1.781237 -2.018405 3.242234
-1.251127 -1.796296 1.260606
-0.795048 -1.906711 2.046113
-0.973146 -1.993013 3.478480
0.452349 -1.609603 0.817363
1.269277 -1.246234 3.922273
0.427056 -1.586973 2.515781
1.146517 -0.665592 2.313052
1.136230 -0.276126 2.121842
2.103775 -1.460503 2.870737
1.690145 -0.946752 1.662876
2.652494 -2.620309 1.718055
3.090374 -1.615987 2.211002
3.063221 -0.815519 2.523014
2.974684 -0.862230 3.054605
3.694931 -1.661709 2.679236
4.836524 -1.224192 2.232482
4.977202 -0.978535 2.411322
4.837489 -1.450229 1.892246
3.979740 -1.972593 3.091009
-4.230007 -0.995673 1.924262
-4.614593 -1.221831 2.963839
-3.526420 -0.780262 3.189953
-2.938513 -1.212245 3.565041
-2.695460 -1.448209 2.974122
-3.469672 -1.553723 3.748626
-3.066246 -1.231753 2.416177
-2.495131 -2.259971 1.447827
-3.400815 -0.683322 3.251523
-2.566981 -0.686294 1.790648
-1.639451 -1.655153 2.443566
-0.899114 -0.363869 1.778629
-0.698197 -2.471355 0.945645
-0.304431 -1.221910 2.120256
-0.709085 -0.020101 1.682946
-1.523119 -1.728498 1.716095
-0.554928 -1.616363 1.848861
-0.117547 -1.075181 2.625176
0.692043 -1.015341 1.398022
1.449942 -2.479740 2.476127
1.933424 -1.963219 2.004934
2.245232 -0.867296 2.930919
0.504194 -1.312529 2.842139
2.667109 0.800519 2.778954
1.859089 -1.514088 3.287662
2.749357 -0.653728 3.688709
2.912313 -0.141425 2.845860
3.837583 -0.668819 2.311664
3.202499 -2.714251 3.452015
4.428964 -1.617761 3.400533
4.293659 -1.918804 2.736002
4.696097 -0.454727 2.051044
-3.766831 0.006991 2.284321
-3.631863 -0.674049 2.383284
-4.958293 -0.886504 2.275154
-2.128624 0.102232 2.257907
-3.551115 -1.338601 1.947336
-2.677655 -0.476511 1.832813
-4.052464 -1.645965 1.740041
-2.347655 -0.587740 2.920526
-1.746563 -0.731612 1.464331
-1.725474 -0.446329 2.544452
-1.380931 -0.499049 2.214806
-1.937984 -0.164075 2.433592
-0.062477 0.249067 2.526456
-0.190703 -0.701249 2.393744
0.600556 -0.729809 2.704056
1.224965 -0.694449 2.727980
0.173150 -0.956988 2.401483
-0.348418 -1.638730 2.477503
1.223081 -1.285325 1.758745
1.673840 -0.978120 1.970392
2.074275 -1.181786 2.842251
2.665343 -0.706204 2.359665
2.561698 -1.057477 2.732246
2.889047 -0.951567 2.838770
1.591949 -1.613511 3.060091
2.473806 -0.738326 2.738973
3.706463 -0.805669 0.884795
4.121516 -0.890498 3.420647
3.614584 -0.619124 2.118882
3.968262 -0.242145 1.918952
4.693528 -1.411032 3.349792
4.757279 -1.639180 1.774559
-4.902462 0.468378 2.674780
-4.071253 -0.209060 1.942781
-2.375035 -0.690338 2.766450
-4.435639 -1.143947 2.058172
-3.451779 -1.266183 2.136731
-2.805348 -0.267816 2.497181
-3.434510 -0.898432 3.152467
-2.076083 -0.235639 2.909696
-2.158967 -0.954738 2.677574
-2.953839 -0.856074 1.775118
-1.328293 -0.095678 1.717849
-1.174888 -0.253373 2.359475
-1.163815 -1.039263 2.525360
-0.540086 -0.438294 3.036888
-0.379614 -1.380329 1.142682
-0.095003 -2.147489 1.801737
-0.251831 -0.863679 1.575472
-0.034370 -1.161353 2.253163
-0.515146 0.457931 1.229491
-0.117649 0.252380 2.281763
0.454746 -0.547670 2.276615
1.617421 -1.043733 2.883700
1.277345 -0.240648 3.062978
2.988637 -0.806405 2.216612
3.199185 0.237539 2.667222
3.089623 -0.219205 1.395808
3.095894 0.567375 3.402253
4.576549 -0.470345 2.504577
3.578403 -0.887174 0.830810
3.703740 -0.820496 3.576871
4.924673 -1.066450 1.984334
4.879334 -0.986566 0.614921
-3.739362 1.192900 3.218202
-2.904937 0.059551 2.556651
-4.037162 -0.541916 2.691476
-4.601493 -0.018680 2.015947
-2.848612 0.793719 2.160189
-3.217815 -0.165590 2.214772
-2.521740 0.444566 1.733567
-3.051555 0.366047 2.213104
-2.440939 1.306764 1.472718
-2.076794 -0.225068 2.560958
-0.498080 0.237284 3.160323
-0.945135 -0.946091 2.117154
-1.505893 0.765021 3.104278
-0.873672 -0.775231 2.306609
0.438424 0.359487 2.176639
0.016009 -0.244826 2.265643
0.253345 -0.217726 2.346279
-0.065022 -1.125344 3.044041
0.969184 -0.722833 2.513435
1.261149 -0.582832 2.157287
1.135297 -1.191070 2.715551
2.515408 -0.610066 2.851903
1.496786 -0.250253 1.186207
2.690796 -0.381412 2.363905
2.892751 0.580532 2.545212
2.284797 -0.585750 2.276382
2.414107 -0.980229 3.328123
4.586325 -0.636018 1.776327
4.527573 0.017933 2.669237
3.438351 0.972938 3.053733
3.076653 0.023684 3.102332
3.933510 1.793775 1.220372
-4.572974 -0.626446 2.756451
-4.212845 1.124148 2.400842
-3.445131 -0.028896 1.242254
-3.769103 -0.741054 2.157192
-3.374553 1.517528 3.088834
-4.174864 0.066289 2.818506
-2.571633 0.982857 2.135786
-3.038975 0.056115 2.057141
-2.021172 -0.269569 1.933670
-2.240006 -0.638443 2.293092
-1.387214 -0.997529 2.730518
-1.681663 1.650013 3.166061
-0.302442 0.646092 2.246000
-0.942750 0.562660 3.789471
-0.998022 0.568271 1.965942
0.784172 0.575890 1.434905
0.048532 -1.105066 1.790735
-0.222890 0.498261 2.543683
0.866362 -0.050312 0.866996
0.531988 -0.682965 2.368577
0.754112 -0.478850 2.879601
1.670352 0.367720 2.593771
2.005654 0.752713 3.303077
1.866483 0.063741 3.479842
2.665169 0.481115 3.518201
2.733375 -0.994066 1.947903
3.164970 -0.542551 2.113290
2.959302 -0.354834 0.776000
3.796735 0.791383 3.905067
4.668967 1.398225 3.736641
4.761898 -0.359950 2.509206
4.716512 0.775924 2.195404
-4.659366 -0.223794 2.460145
-4.375047 1.230700 2.009884
-4.084486 0.710515 2.343516
-3.711014 1.224964 2.942385
-3.272608 0.406807 2.945392
-4.510574 -0.672392 3.054628
-2.840531 0.494588 1.645661
-2.473735 -0.731628 2.619203
-2.746892 2.023902 1.934704
-1.673627 0.098178 2.743687
-1.494563 -1.033327 3.450709
-1.475647 1.621925 2.449836
-1.865902 0.782099 3.338586
-0.281602 0.631408 2.702438
-1.081282 1.258834 2.432102
0.915097 0.873808 2.798382
0.155839 1.141420 1.893349
1.269929 -0.271751 3.814576
1.531358 0.366618 2.957695
1.246234 0.128792 1.461313
1.772346 1.055721 2.030188
0.659407 1.010457 1.811872
1.988105 1.111634 2.865583
3.019912 1.153665 2.308122
3.887245 0.057979 1.898817
3.298534 1.580557 2.291780
3.791367 0.340475 1.580698
3.702406 0.874725 2.137994
4.265261 0.672655 2.880136
4.415771 1.694862 1.551639
4.187881 -0.500882 1.871610
3.187559 1.148833 2.807723
-4.845426 0.607065 3.194216
-4.780345 0.994566 3.226684
-4.029797 0.822023 1.811823
-3.938066 1.512440 0.667540
-3.302419 0.865873 1.972637
-3.522210 0.927289 1.054462
-2.759501 -0.066676 1.873344
-2.409327 1.795343 2.484687
-1.424578 2.198964 0.265165
-1.798622 0.369462 1.862351
-1.891765 1.066348 2.785052
-1.217046 1.160034 2.876887
-1.318633 0.459051 2.846180
-0.580401 0.495970 2.280855
-1.894106 -0.534508 3.044797
0.143387 2.067335 2.310915
0.231972 0.199572 2.441585
0.951731 0.817391 2.206845
0.595013 1.114980 2.543329
0.378840 0.697370 2.172737
1.072018 1.173817 1.844293
1.389430 0.877699 0.849855
1.366057 0.033111 1.624221
2.215962 0.143966 2.775449
2.452351 1.608867 1.734467
2.087631 0.756692 2.607971
3.211651 0.433628 1.556732
2.746219 1.201979 2.351878
3.164755 0.381433 2.973400
4.281728 -0.021879 1.869964
4.506998 -0.585437 2.468447
4.861964 1.135159 2.442907
-4.665457 1.538856 1.864831
-3.483098 -0.190920 2.767233
-4.391644 1.692461 1.142902
-4.078593 1.078339 1.921257
-3.852016 2.052230 2.248106
-2.127894 1.183590 2.008605
-2.302073 0.849837 2.837677
-2.309124 2.473196 2.420250
-1.150659 1.015006 1.953356
-2.694251 0.505630 2.259002
-1.630168 0.250732 1.657226
-0.620513 1.087508 2.235761
-2.173891 1.296904 1.843936
-1.113796 0.947314 3.248552
-0.704150 0.601939 1.065495
0.536115 0.609700 2.406438
-0.234605 0.409843 2.865734
-0.156336 0.399575 1.802816
0.689015 0.169628 1.973708
0.793679 1.583169 3.630083
1.198339 1.791602 2.099459
2.736353 0.907926 2.898841
2.826884 0.281432 1.832955
2.257555 0.653203 1.537700
1.478613 1.856834 2.921313
2.482675 1.459352 0.934731
3.984725 0.666471 1.687959
4.425035 0.488714 1.737337
4.001184 1.334218 2.537409
3.591392 0.157109 2.033258
4.317821 1.254375 2.010188
3.905875 0.751929 1.857156
-4.296170 1.680848 3.016351
-4.529136 1.490194 1.705373
-4.952342 1.693598 2.535147
-3.668027 0.985068 3.990020
-3.064809 2.204440 2.635178
-2.382444 2.961986 4.354460
-3.989793 1.456213 1.618887
-3.215989 0.621112 2.967691
-2.182801 2.085317 2.960198
-2.553651 1.608102 2.294172
-1.739315 2.507210 3.530972
-1.857556 0.746072 0.657282
-0.405976 1.147357 1.602233
-0.901212 1.757037 2.682503
-0.972322 1.083373 2.768250
-0.092730 0.469811 2.028583
-0.704666 2.723007 3.625900
-0.315204 0.734982 1.895011
0.610350 1.532448 2.978370
1.437554 0.872733 2.973543
1.788838 1.842673 2.116302
1.011946 1.816517 2.002047
2.028513 1.734202 2.073389
1.743425 1.171289 2.107309
1.450830 2.460694 2.487578
2.941037 0.957951 2.460329
2.322699 1.052521 1.933949
4.002594 1.922820 1.710720
3.583329 1.595440 1.620571
4.661425 0.370595 2.674899
4.647816 1.466250 3.988137
3.611232 2.148999 0.821574
-4.665356 1.363982 1.426376
-4.042637 1.525013 2.112977
-3.614161 0.642690 2.769541
-4.349808 2.128846 2.154055
-4.014782 1.616825 2.233736
-4.001462 0.465667 2.010254
-4.526051 1.753117 3.256204
-2.112176 1.771181 3.795251
-2.058433 2.449165 1.624380
-1.427615 1.329159 2.252648
-2.016293 0.630663 1.554459
-0.572560 1.500245 2.646257
-1.595510 0.802227 1.681633
-1.301529 1.518068 3.149268
-0.794750 0.616530 3.807052
0.187814 2.197227 1.401728
1.803830 1.186460 1.483470
0.902991 0.594367 2.213322
0.996812 2.710061 2.187533
2.185282 1.168010 1.911348
1.307413 1.819577 1.728821
1.475735 1.824644 2.462059
1.699951 1.736728 1.911237
1.666799 0.884707 2.710864
2.711920 0.724661 3.278122
3.327187 1.593592 2.944195
3.466504 1.892446 -0.174567
2.895673 1.621706 2.353935
4.676692 2.199706 4.020311
3.488852 1.626431 2.309027
4.250449 1.786663 3.361828
3.641798 1.727865 3.366989
-4.847133 2.807205 2.625909
-4.933057 2.283861 3.009276
-4.082788 2.624561 3.550346
-3.931984 2.720123 2.167986
-3.194603 1.800195 2.024909
-3.185246 1.342041 2.108121
-3.601333 1.713528 1.339170
-3.063572 1.479362 2.487344
-1.563055 1.806253 1.233021
-1.468744 1.753476 2.411723
-2.890599 2.224308 2.777035
-1.753713 2.109497 2.088846
-1.064123 2.564978 2.272930
-0.379875 1.656500 1.749337
-0.129659 2.802150 1.387712
-1.382130 2.835170 2.874384
0.125198 0.694818 2.790507
-0.858642 1.535468 1.952233
0.336494 1.889168 0.490864
0.527995 2.432129 1.698711
2.114742 1.336355 2.108800
1.563619 2.268053 1.613661
2.865117 1.798459 2.700090
2.736748 1.863910 2.154587
4.067934 2.485423 2.172872
2.713526 2.301849 2.505601
3.220444 1.945092 1.887267
3.546355 2.952349 1.694719
3.739686 2.259418 2.577154
3.566637 2.556103 1.732866
4.064312 2.831321 3.452493
4.629540 2.219592 2.732904
-4.221114 1.896191 2.366313
-4.914281 3.366458 1.016434
-3.977446 2.924461 1.776988
-3.826508 2.199232 3.066645
-2.883038 2.820646 1.966340
-3.213036 2.242979 2.719789
-2.327801 3.680621 1.977147
-2.625654 2.096189 2.536062
-2.239726 2.366150 2.321625
-1.427437 2.623482 2.052495
-1.212259 3.125823 2.494905
-1.929677 3.425259 2.459040
-0.569562 3.098770 2.020746
-1.657181 2.201552 2.701968
-0.283960 2.459995 2.444437
-0.312678 1.710866 2.583274
-1.003841 1.151950 1.694450
1.386744 1.534255 2.804768
-0.083637 2.900254 2.910081
1.815920 2.592193 2.002468
1.680517 2.087105 2.408912
0.710543 1.546395 2.348890
2.572242 1.989476 3.156819
2.261711 3.376382 2.300204
3.084277 2.620474 2.750511
2.876233 2.140655 2.642800
3.444807 1.946545 2.430843
3.375695 2.536347 2.954342
3.073995 2.116979 3.053063
4.125611 2.210634 3.435326
4.951972 2.292174 3.080012
4.455661 3.822576 2.571493
-4.562973 2.385185 1.529902
-3.803557 2.267557 2.186833
-3.901484 2.456267 1.863557
-3.494336 1.006940 2.777258
-4.051994 3.464692 2.522733
-2.862309 3.595861 2.409746
-2.490326 3.629704 2.619129
-2.083882 2.154814 1.422734
-3.409273 3.235144 1.858840
-2.071074 2.646670 2.913517
-1.427486 4.782690 1.911983
-2.500862 1.968133 2.718677
-1.230995 4.695411 2.223191
-1.060222 3.484827 2.087812
-1.236733 3.401550 2.775847
-0.460778 2.144345 2.367886
-0.483888 2.652393 3.119737
0.332378 1.777062 1.741083
0.526143 2.802544 3.031476
1.643986 2.376744 3.160340
0.384080 3.519826 1.474953
0.678154 1.781199 3.470571
2.174935 1.864979 1.852677
2.670046 3.497713 2.693656
4.263304 4.454483 2.228511
2.986453 3.070843 2.390465
2.821715 2.860307 2.820920
3.626386 2.488480 1.077254
4.368511 2.410595 2.052947
4.342689 2.425318 2.808947
4.955734 3.937600 2.571567
4.215580 3.339037 1.318435
-4.466666 1.997926 2.708341
-3.290646 3.394756 2.896914
-3.091029 2.729884 2.655244
-4.355982 2.945862 2.452250
-2.977084 2.904165 3.641673
-3.794132 2.964715 2.032618
-2.547068 3.387662 1.974115
-2.412509 2.182697 3.414993
-2.074442 3.561491 2.756861
-2.589629 2.802565 1.104022
-1.849991 3.422627 3.253574
-2.100311 2.301809 1.656384
-1.426703 3.290106 2.665189
-0.363152 3.581368 2.654583
-0.816514 2.937957 2.150323
0.121533 2.984324 2.720441
0.681962 3.345943 2.528573
0.333553 1.967132 3.540603
1.576948 2.650175 3.464945
1.042580 3.654626 1.976250
0.503913 4.005627 3.175700
0.582381 3.409192 2.670557
3.212720 1.656931 1.827193
1.753136 2.635266 3.680672
3.484436 1.802881 1.899193
1.577684 3.828802 2.111264
3.109440 2.906581 3.415622
4.975350 2.473612 2.293849
3.899526 1.953484 4.051576
3.877074 4.215121 1.975150
4.326529 3.892289 2.217030
4.213500 3.038834 2.261713
-4.408624 2.716749 2.150193
-4.774216 3.494150 1.911496
-4.480227 2.667234 2.015462
-4.159028 3.761678 3.204486
-3.547591 3.911502 2.602924
-2.258916 4.908205 2.273663
-3.442497 3.150725 2.870256
-2.823727 3.636988 2.276287
-1.444875 4.079358 1.971370
-2.202558 3.144535 1.052221
-2.426495 2.886478 3.513796
-1.202504 3.683620 2.355454
-1.603284 2.629348 1.688097
-0.260849 3.995042 3.225390
0.019692 2.820114 1.425882
-0.145704 4.419489 1.321256
0.096076 4.058698 2.989034
0.740757 2.938547 2.619662
0.325512 3.500976 3.793725
1.426683 2.990032 3.115362
0.845165 4.068737 2.016945
2.752253 3.046617 2.680984
1.197929 3.301236 2.563702
1.385039 4.110299 2.439581
2.742115 3.501838 1.818804
3.253522 4.441650 2.935973
3.082917 4.041605 2.593244
4.306511 3.025532 1.959034
3.560460 3.797565 1.803587
4.333352 4.275670 2.311519
4.002816 2.691749 1.828295
4.619595 4.099623 1.013529
-3.882048 3.335169 3.236215
-4.514212 3.112675 2.230899
-4.020037 2.294899 1.369787
-3.805912 3.477620 2.129877
-4.176445 4.235404 1.768239
-2.995637 2.871489 3.128490
-3.295141 3.647795 1.666916
-2.847856 3.126836 3.696890
-3.404613 3.651250 2.531671
-2.188943 2.400161 0.934598
-1.421120 3.060100 2.411779
-1.260364 3.456012 2.135088
-2.010827 3.269112 2.747892
-1.778008 4.640499 3.161011
0.125001 3.036876 3.514649
0.704394 3.751652 3.181057
0.660308 3.473798 1.584758
1.093697 2.643185 1.815176
0.818832 3.614329 2.514677
1.513339 4.346265 2.702281
1.742921 3.860690 3.891632
2.427432 3.672695 2.711285
1.399159 2.727746 2.032885
1.907693 3.628009 2.279408
3.956607 3.713185 2.691464
3.321914 4.125017 2.866818
2.957231 2.880615 1.841825
4.464635 3.073501 2.624498
3.210158 3.785968 1.944697
4.065132 2.524849 1.702754
4.572902 3.364009 2.215304
4.711311 3.154432 3.007180
-4.999774 2.776961 2.679387
-4.159367 3.748236 2.801642
-2.843448 4.254653 2.088912
-3.703324 4.631835 1.874004
-3.179787 4.240393 2.439469
-3.856155 4.553203 2.099054
-1.948235 3.298810 2.022770
-3.629290 3.816698 2.317486
-1.408008 3.126772 1.696013
-1.582705 4.820958 3.154649
-2.399217 4.049263 1.938390
-1.533821 4.071844 1.834078
-0.185747 2.978161 1.585746
0.287971 3.200595 1.785339
-0.704274 3.359839 3.242572
0.116486 4.328175 1.957354
1.061213 4.797364 3.184926
0.806222 3.930939 1.841244
0.622620 3.281734 2.341904
0.797612 2.945591 1.886554
2.486385 3.753865 1.861884
1.332193 3.650281 1.700607
0.914694 4.482505 1.678972
2.166716 3.707714 2.866840
2.034663 4.783147 3.535783
2.694974 3.234205 3.098484
3.259221 2.797674 2.427873
3.030877 3.303409 1.773363
2.360510 3.988977 2.475559
3.811543 3.170396 2.413144
4.129660 4.638666 3.945072
4.131631 3.893283 3.363230
-4.526250 3.687036 3.933495
-4.668280 4.051182 1.644256
-4.594465 4.447815 1.317864
-4.220041 4.280024 2.272022
-2.469759 3.381729 2.256809
-2.874878 3.632120 2.932720
-3.518694 4.772632 2.260303
-2.371621 4.589456 2.690344
-2.610473 4.496716 3.788866
-2.743848 4.078366 3.006664
-1.655432 2.921717 2.325187
-2.517865 4.538216 1.532172
-1.352871 4.464916 1.496656
-0.109279 3.586411 2.091195
-0.475650 4.747894 2.142055
-0.256121 4.632254 3.752442
-0.175308 2.706926 2.160112
0.440663 3.258871 3.760143
1.955853 4.464600 2.796048
1.323388 4.965628 2.141109
1.263364 3.913598 3.381427
2.525701 4.919797 2.201806
2.125073 4.304683 2.365086
3.679158 3.648512 2.112902
2.492278 4.977095 2.006320
3.578360 4.376079 2.442045
3.932523 4.435891 3.006505
3.350824 2.958550 2.503302
3.253771 3.312276 2.336308
3.510803 3.850615 3.010189
4.260767 4.729129 2.717138
4.668518 4.744696 2.904055
-4.451951 4.563050 2.851232
-4.798026 3.576060 2.432146
-4.084182 4.790701 1.126795
-4.384517 4.191827 0.049420
-3.957352 4.909039 2.102721
-2.851455 3.533140 1.792913
-2.925844 4.950235 2.483309
-3.175583 4.033506 2.332564
-2.446061 4.624660 4.586755
-2.205408 4.388466 2.510984
-1.663254 3.328689 3.121096
-1.116324 4.441791 2.421237
-0.420428 4.124178 2.035904
-0.365379 4.135005 2.320481
-0.029971 4.835492 2.249066
1.257942 4.799735 1.599878
0.091749 4.433096 1.370096
-0.596026 3.861501 2.689941
2.048712 4.054870 2.639916
1.789359 4.615855 2.681089
1.039931 3.947748 1.315085
1.233717 4.552729 1.613649
3.416547 4.849412 2.257509
3.176545 4.815227 2.338917
3.383133 4.302977 3.407799
2.477821 4.935990 1.588201
3.102585 3.675283 3.205257
3.052860 3.873387 2.522958
3.640878 4.237072 2.928124
4.979728 3.961226 2.909039
3.575260 4.493304 2.239352
3.703412 4.201671 1.969196
-4.546229 4.705514 2.338590
-3.576265 3.624966 2.145741
-4.832885 4.811724 1.712542
-3.651747 4.929930 1.401670
-4.653229 4.852961 2.519458
-3.631539 4.581939 2.148549
-3.177536 4.202053 1.714452
-2.954629 4.330181 2.413123
-2.792491 4.833893 2.519475
-2.153458 4.866416 2.788255
-1.101513 4.709623 1.525984
-0.314247 4.947734 2.102478
-1.065707 4.846650 2.350086
-0.453725 3.829410 4.302937
-0.545507 4.977636 0.549803
0.636325 4.296449 1.774990
0.645523 4.229066 1.986911
1.398350 4.928328 2.563259
0.900766 4.601110 2.913366
0.982337 4.852514 1.500891
1.191136 3.722254 1.349694
0.826740 4.284766 2.687747
1.017920 4.394904 1.819490
0.982563 4.054003 2.105006
3.538766 4.370979 2.077488
2.290984 4.680174 1.857106
3.764295 4.230052 2.122195
4.115432 4.950684 3.866024
3.981206 4.887094 2.591824
4.814958 4.886492 1.379897
4.623538 4.471166 2.669044
4.382601 3.205447 3.276457
-4.243156 -3.851440 3.421558
-3.638707 -4.643799 1.821534
-4.901904 -4.751293 2.806521
-3.628854 -4.552332 3.237179
-3.918694 -4.432730 1.855664
-2.955093 -4.945034 3.629772
-3.379808 -3.817116 3.041253
-2.388208 -4.870285 2.073561
-2.831335 -4.790514 2.807970
-2.381187 -4.579754 2.412685
-1.817374 -4.610521 3.013137
-1.043291 -4.041785 3.516121
-0.296351 -4.408300 2.610411
-1.021911 -4.921353 3.419919
-0.899616 -4.971951 3.110767
-0.095442 -2.902049 1.894146
0.781345 -4.540890 2.947156
0.819637 -4.236210 1.512616
2.119501 -4.327051 2.077163
0.709473 -4.304878 1.864474
1.566517 -4.755198 2.859803
2.074742 -4.744534 2.619253
2.986443 -4.289690 2.866355
3.531461 -4.551202 1.520556
2.815001 -4.368728 3.125365
2.165580 -4.699635 2.851293
2.419435 -4.651352 3.075978
4.281085 -4.593943 2.034656
3.852327 -4.937390 3.586994
3.979821 -4.958987 1.910210
3.863820 -4.007014 2.413212
4.792155 -4.929511 2.260047
-4.247313 -4.921396 1.450201
-4.688796 -3.681731 3.490539
-4.389539 -4.889764 2.308646
-3.885299 -4.652871 3.029181
-3.600524 -4.652626 1.428990
-4.012160 -3.779989 3.533478
-2.276489 -3.980871 2.928988
-3.298640 -4.563642 2.557403
-2.083350 -4.153632 1.861140
-1.521213 -4.248629 2.178177
-3.398295 -4.043616 4.730023
-0.717874 -4.336643 2.095200
-1.431938 -4.982465 1.149541
-1.725118 -4.459847 2.781354
-0.184043 -4.516923 3.084260
-1.087893 -4.026172 3.221625
1.534532 -4.459024 2.813370
0.195913 -4.102561 1.729740
0.167642 -3.678514 1.548143
0.497909 -4.741321 3.220484
2.441460 -4.143267 2.537487
1.109440 -4.383049 1.798714
2.652081 -4.851224 2.305021
1.922836 -4.911702 3.765442
2.133202 -4.196687 2.397444
2.569563 -3.842489 2.171824
4.162172 -4.130720 2.675278
4.446720 -4.252868 2.528465
3.381646 -3.759799 2.812101
4.017197 -4.465552 3.074068
4.924044 -4.874959 3.053926
4.322955 -3.961520 3.209082
-4.982924 -4.411689 3.314452
-4.943146 -4.647568 3.545749
-4.092287 -2.999998 3.796396
-3.432579 -3.726382 2.157453
-2.829075 -3.759419 2.820212
-2.953205 -3.795404 3.253044
-2.374960 -3.480065 1.829003
-2.026368 -4.318525 1.813451
-2.784820 -3.251158 1.778276
-2.370815 -4.966323 2.807658
-1.228776 -3.559238 3.330552
-1.651176 -4.579843 3.492244
-0.877001 -4.983266 2.422816
-1.642474 -4.814155 3.516708
-0.465363 -4.236676 2.289183
0.391959 -4.063785 3.564646
0.103145 -4.723670 3.450701
-0.443538 -4.755690 3.196938
0.755645 -3.807070 2.727040
0.733988 -3.824176 2.497528
1.673333 -4.038077 2.129327
0.248754 -3.746742 2.489489
0.701737 -4.151404 3.185720
0.841203 -3.603370 3.489553
2.942293 -3.794024 2.070518
2.290926 -3.939351 2.013508
2.858610 -4.196798 0.598642
3.035469 -4.441799 3.660642
3.908073 -3.484243 2.763010
4.144309 -3.480685 3.921068
4.737240 -4.895330 3.678796
4.920047 -3.970066 2.751804
-4.546624 -4.360316 3.273732
-4.376003 -3.420900 3.036040
-4.717193 -3.800270 3.783076
-4.368405 -3.945246 2.646661
-3.550885 -3.657784 2.968327
-3.401613 -2.665171 3.490704
-2.679953 -4.262782 3.324961
-3.031306 -2.845013 2.997704
-3.425398 -3.494189 1.510893
-1.682853 -4.661531 3.067010
-2.534112 -3.959902 2.305704
-1.161526 -4.754111 1.868132
-0.520184 -2.967902 0.700597
-1.221667 -4.469105 1.244392
-0.785735 -3.950360 2.642673
-0.093245 -3.794837 1.991575
-0.040909 -4.004837 3.717603
0.843301 -3.930774 3.295789
0.017232 -2.690111 2.933903
0.263401 -4.410141 2.539037
0.143620 -4.149351 3.167053
1.607086 -4.613344 3.057647
2.064249 -4.255807 1.724157
2.212581 -3.665867 2.742336
2.920542 -4.990203 4.115686
3.196421 -2.580605 2.487886
3.147421 -3.736685 3.440462
3.055150 -4.590217 2.089795
3.907369 -4.445928 2.890055
4.546538 -3.326119 3.216243
4.046448 -3.393991 1.752638
4.480914 -2.965616 3.273327
-4.642324 -3.807602 2.895868
-4.371223 -3.076998 3.488295
-4.762357 -2.409252 3.335541
-3.660925 -3.936929 3.467283
-2.896655 -3.093304 2.076023
-2.882778 -3.805646 1.417588
-3.025065 -4.495900 2.169556
-1.786932 -3.765501 1.231426
-2.895361 -3.478492 1.665594
-2.095841 -3.162656 1.662129
-1.354730 -3.566020 4.194610
-0.683558 -3.561424 2.325590
-1.536829 -2.752825 4.005456
-0.607900 -3.648759 3.184316
-0.750621 -3.159911 1.737426
0.310059 -1.875504 2.490142
-0.034731 -3.299125 3.211205
-0.273280 -3.118545 2.449760
0.611323 -3.508751 2.572429
0.783722 -3.874394 3.752630
1.400550 -4.295410 2.065139
2.097908 -3.159099 2.529246
1.203276 -3.612368 3.625317
0.769030 -4.511096 1.974917
2.511499 -2.666988 2.688237
3.866655 -2.063370 3.717533
3.858735 -3.635002 3.924088
3.714235 -3.304802 2.752189
4.223500 -3.448379 2.173899
3.381748 -3.303547 2.491234
4.521749 -3.323275 3.424713
3.798351 -3.202060 4.454596
-4.705931 -3.237612 3.787050
-4.964692 -3.880926 3.282646
-4.591774 -3.253106 3.870147
-4.162641 -2.701823 3.578458
-4.830144 -3.529524 3.160368
-3.826293 -2.881309 3.075430
-3.226039 -3.213131 3.652184
-1.445911 -3.607039 2.414071
-4.194088 -4.214833 2.046285
-2.565341 -2.594715 4.248286
-0.858411 -2.726842 2.369775
-2.534282 -3.250100 3.323652
-0.847617 -1.734329 3.012124
-0.626633 -4.222064 2.587566
-0.300369 -2.801938 3.509896
-1.005484 -2.413019 1.713166
0.055893 -3.250613 3.407045
-0.577264 -3.926589 2.061826
1.290968 -3.131438 2.328999
1.148247 -3.599195 2.877477
1.122565 -4.215682 2.144626
1.141928 -3.022841 2.881268
1.321603 -3.954291 2.348729
0.905722 -3.150516 2.484594
2.439948 -3.900520 3.197766
3.045073 -3.908360 2.464042
3.083811 -1.971203 3.259563
4.438711 -3.125329 2.293079
2.530748 -3.379917 2.523764
4.285391 -3.008172 1.864141
4.366389 -3.295025 2.854187
4.824686 -3.427509 3.188324
-4.411742 -2.728548 2.139132
-4.793736 -3.507097 2.405084
-3.702646 -2.567261 2.962126
-4.303903 -2.735738 2.736967
-2.261571 -2.644063 2.578866
-3.153605 -3.388941 2.573906
-4.259127 -3.570057 2.805826
-3.517312 -3.980198 3.154596
-1.529771 -2.496329 2.261218
-1.722819 -2.158367 2.447664
-2.143868 -3.514898 2.928407
-2.143941 -2.351250 2.830596
-2.134464 -4.259960 2.538342
-1.007501 -3.588497 3.281895
0.467692 -3.339437 3.070541
-1.147287 -2.855537 3.388526
-0.066909 -3.375290 2.016904
0.646221 -3.291280 3.658225
0.579540 -2.811497 3.822233
-0.108003 -2.319482 3.481589
1.307385 -3.508898 1.893757
0.572981 -3.346330 2.499240
2.253468 -1.974898 2.800814
2.799193 -2.702737 2.586419
3.317785 -3.067517 2.527167
3.054616 -2.615024 1.940285
3.504827 -3.042885 1.849736
2.722202 -2.234686 3.072085
4.679356 -2.523048 3.577184
4.716900 -3.457911 2.624331
4.842684 -1.891162 3.531244
3.940536 -2.572823 3.626148
-4.143750 -3.418161 2.770368
-4.456886 -2.850342 2.457472
-3.214077 -3.244370 2.181617
-3.944878 -2.879495 3.304858
-2.961284 -2.196510 2.373116
-2.589346 -2.894289 1.722727
-1.655100 -4.120766 2.538886
-1.985062 -2.877145 3.544807
-2.615567 -3.410441 3.316203
-0.919488 -3.049062 3.035301
-1.634711 -2.489829 2.492262
-2.525702 -1.984582 2.969573
-1.365745 -3.601048 3.487193
-0.801520 -3.066407 3.313661
0.333272 -2.800818 1.604263
-0.252049 -3.221783 3.259354
-0.334369 -3.787719 3.210944
0.057310 -2.119812 2.847138
-0.153588 -2.860472 1.546845
0.768137 -3.196261 2.945635
0.919652 -1.780021 2.136861
2.446820 -1.240230 3.031993
1.165156 -2.930367 2.271060
3.097163 -3.659091 2.867944
4.144047 -2.258438 3.216669
2.886978 -2.955967 3.415797
3.442351 -3.484782 2.869671
2.602723 -1.230544 1.811601
3.680231 -3.678035 2.160287
4.153549 -2.113007 3.326294
4.356153 -2.382358 2.470242
4.923365 -2.961043 2.260842
-4.658792 -2.692322 3.227300
-4.640975 -3.137778 3.223216
-4.695413 -2.296041 2.997159
-3.256527 -2.256831 1.176145
-3.386064 -3.272626 2.336276
-3.623344 -1.863299 2.264876
-3.296214 -1.528784 4.078990
-2.634960 -2.583747 2.456352
-2.765947 -1.887050 0.935866
-1.271246 -2.078396 2.853095
-1.120177 -1.575720 2.388933
-1.521353 -1.986327 2.734458
-0.617410 -1.910136 2.677709
-1.834960 -2.816254 3.339609
-1.239539 -2.124284 3.527699
-0.302394 -1.750839 1.373276
0.051646 -2.750766 3.747820
-0.238273 -2.880960 3.332339
0.738101 -2.261778 2.419124
1.174682 -2.482707 1.998410
0.938735 -2.748367 3.876454
2.021683 -2.029649 1.419567
2.602617 -2.657993 3.353679
0.230778 -2.686987 2.751534
2.456601 -2.736908 2.337812
3.878655 -2.902246 2.819953
2.585474 -2.867294 3.037087
3.932411 -2.091593 2.344329
3.038383 -0.668955 3.565245
4.057763 -1.841002 3.288432
4.947661 -2.124376 1.943100
4.520368 -2.593426 2.417922
-4.525482 -1.618082 2.106722
-4.694448 -0.751362 1.778139
-4.941439 -1.991506 2.904984
-3.610963 -2.071934 0.794003
-3.354313 -2.421730 3.527004
-3.174069 -1.410964 1.687209
-3.060665 -1.904683 2.280718
-2.637612 -2.429123 2.567837
-2.571212 -1.822218 2.913659
-2.584491 -2.918580 2.834105
-1.701484 -1.506930 2.044730
-0.967176 -2.154827 2.263099
-2.334432 -2.504940 3.364246
-0.961425 -2.679412 2.161116
-0.514494 -2.082884 2.947518
-0.163050 -2.516362 1.984966
-0.030236 -2.312963 1.993168
-0.561070 -2.669634 3.138810
2.601729 -2.211830 2.929483
0.582213 -1.527187 3.260222
1.153489 -1.611926 2.758752
1.924464 -2.053199 3.127988
3.403722 -2.024608 3.267382
1.613333 -1.565992 2.427048
3.065898 -2.102647 1.990260
2.761858 -1.896718 2.148854
2.455324 -2.383328 3.263728
3.593513 -3.884998 1.074875
3.775911 -2.451355 2.778788
3.719220 -2.506310 3.157901
4.131339 -2.105216 2.734051
4.281623 -1.632379 4.528578
-4.998363 -1.099346 2.618645
-3.717515 -0.706506 3.141162
-4.427855 -2.252686 3.050905
-2.707067 -2.191302 2.861233
-3.920982 -1.023614 2.279766
-3.488506 -1.136036 1.982363
-2.742352 -2.494421 3.755311
-2.386338 -1.130571 3.057904
-2.383183 -1.209280 3.284820
-2.231516 -1.881568 1.703718
-1.274076 -1.867921 1.627401
-1.851085 -2.165257 3.250129
-2.136657 -1.368146 2.579935
0.306322 -1.689082 2.159163
-0.624609 -3.271987 2.889279
-0.277605 -1.321181 1.720272
0.228360 -1.143246 3.595556
-0.089556 -0.841085 1.800735
0.660061 -0.526172 2.661249
1.643151 -2.101975 4.044286
1.249766 -2.824377 2.224144
1.067841 -1.315881 3.013844
2.717578 -2.558956 2.944360
2.478431 -1.780821 2.720293
2.860926 -1.243511 2.814113
2.436461 -1.121690 3.477091
2.760616 -2.201291 3.573848
2.906979 -1.518440 2.927052
4.439736 -1.589619 2.183179
4.201560 -0.848577 3.734145
3.494806 -1.827549 2.827819
4.342732 -1.366442 1.704540
-4.496707 -1.734655 2.558003
-4.806468 -1.310142 2.412043
-3.633777 -2.054372 2.309872
-4.175494 -1.045027 2.131811
-3.000829 -1.431353 2.237043
-2.557173 -1.073962 1.622160
-3.141605 -1.709585 2.231387
-3.003823 -1.269574 3.978210
-3.140187 -1.093414 2.756146
-1.484325 -1.471131 2.192969
-1.148226 -0.393781 2.538378
-1.801698 -0.829645 2.242510
-1.772563 -1.821488 3.319131
-1.448333 -1.349559 2.378096
-1.200511 -1.672332 2.855281
-0.575918 -1.884522 3.727280
0.108341 -1.823923 2.957358
0.933333 -1.743168 4.942986
-0.476614 -1.493684 2.397470
0.779394 -1.368236 2.696182
1.405522 -0.371373 2.159841
1.398229 -1.217133 2.924564
1.519675 -1.022436 1.702382
2.554998 -2.804224 1.069492
3.124960 -2.050446 3.358373
2.489743 -1.132082 2.614367
3.049280 -1.472994 3.679402
3.835274 -1.412246 3.402931
3.799590 -1.701784 3.017229
4.974432 -1.155254 3.432788
4.465769 -1.646468 3.016476
3.716846 -1.534114 2.451487
-4.310972 -1.025580 1.563974
-4.625835 -1.310609 3.311318
-3.848587 -0.925857 3.981029
-3.252661 -1.116031 3.557222
-3.742430 -1.889107 3.418890
-3.311235 -0.836493 4.406862
-3.144353 -0.561425 2.692691
-2.640897 -2.196885 1.138474
-3.672290 -1.490210 3.408995
-2.953301 -0.219960 2.345521
-1.837879 -1.227324 2.491416
0.005057 -1.274561 1.955125
-0.967808 -1.832879 1.143445
-0.421283 -1.445373 3.200866
-0.631325 -0.285551 1.605281
-1.160578 -1.692238 2.594267
-0.606029 -1.998639 2.393420
0.573859 -1.188672 2.355366
0.597580 -1.683084 2.087323
1.083795 -1.424995 2.463214
1.554642 -0.982986 2.699366
2.454283 -0.897125 3.461434
0.502634 -0.441209 3.441629
1.933320 0.130518 3.288558
2.112086 -0.616045 2.568137
2.569925 -0.502957 3.230849
2.063354 -0.523630 2.811852
3.602787 -0.440508 4.004658
3.868234 -2.185036 3.389825
3.810833 -1.370887 3.681979
3.834627 -1.739149 4.111647
4.803130 -0.926570 2.325974
-4.190342 -0.241317 2.078090
-3.593025 -1.370011 2.739633
-4.987182 -1.071415 2.363222
-3.670955 -0.891209 1.979796
-4.254002 -1.557987 2.748020
-2.330569 -1.212452 2.052545
-3.703291 -1.441913 2.502808
-1.839732 -0.039190 2.991624
-2.527018 -0.515623 2.023246
-2.030977 -0.564821 2.241221
-1.818009 -0.628538 2.968894
-1.791523 0.429154 2.211186
-0.320564 -0.012414 2.585321
-0.876146 -0.689741 2.070211
-0.662716 -0.612516 2.106782
0.035700 -0.255725 2.093139
0.410704 -1.133198 2.461471
0.012944 -2.459641 3.316334
1.121477 -1.510728 2.842665
2.193318 -1.970067 2.510432
1.939796 -0.964025 2.983294
3.211334 -1.365539 2.666276
1.802562 -1.686367 3.706630
2.759151 -1.089237 3.292658
2.055447 -0.982216 3.412834
2.662175 -1.176794 2.719825
3.817105 -0.867847 0.969963
3.746114 -1.663005 3.799584
4.371708 -1.284225 3.017900
4.636819 -0.671150 2.043248
4.919703 -0.229286 4.607310
4.927754 -1.726155 1.749113
-4.902653 0.377330 2.934538
-4.634866 0.223915 2.090895
-3.019566 -0.478322 3.524548
-4.557854 -0.429429 2.194016
-3.237669 -0.471590 2.329398
-3.052374 -0.418499 2.911016
-3.074546 -0.978124 3.341609
-2.136839 -0.228700 3.226969
-2.670528 -1.634832 2.314194
-2.466065 -0.860924 2.441476
-0.877318 -0.708862 2.458221
-1.484688 -0.426643 2.707776
-0.613858 -0.655183 2.714909
-0.623902 -0.470027 2.342912
-0.597703 -1.762519 2.774930
-0.501035 -1.500150 2.649180
0.149538 -1.725797 1.597231
0.257460 -1.236679 2.105973
-0.715453 0.332150 1.980878
0.036833 1.006660 2.885264
-0.252162 -0.754512 2.162314
2.401127 -0.464127 3.499217
2.044782 -0.357767 2.938972
2.830087 -0.899531 2.358228
2.670266 0.087848 3.170293
3.371374 0.623000 1.612418
3.727088 0.551678 4.049331
4.026080 0.275640 3.346310
2.878151 0.009115 1.202102
3.183533 -0.644923 3.539407
4.978272 -0.934724 2.540173
4.915961 -1.529643 1.476940
-3.600421 1.599983 3.413497
-2.552579 -0.576834 3.189975
-3.599409 -0.266752 2.999428
-4.445172 -0.105964 2.807477
-2.453755 0.012598 2.631823
-3.780917 -0.103705 2.384416
-2.791017 0.607484 2.622565
-2.675913 0.231156 2.079135
-2.023494 1.053285 1.882139
-2.302049 -0.734522 3.057570
-0.476751 -0.278482 3.283088
-0.582063 -0.561324 2.205135
-1.658734 0.758289 2.991469
-0.909981 -0.430300 2.192190
0.257196 0.202121 2.227108
0.158200 0.327543 2.060994
-0.484639 -0.838783 2.729233
-0.155071 -0.351900 4.125401
1.465432 -0.938863 2.073786
0.417818 -0.060426 2.592349
1.143466 -0.744578 3.615466
2.883343 -0.105241 3.058968
1.725541 0.132326 2.165963
2.968137 0.131917 2.607675
3.001544 0.566243 3.123984
2.287498 0.151203 2.432709
3.329372 0.253707 2.642429
4.449310 -0.954195 2.421614
3.972981 -0.814595 2.293814
3.375614 0.276846 3.525529
3.582688 -0.663575 2.826184
4.518373 1.019895 2.322137
-4.739025 0.011159 2.961578
-4.594953 0.940266 2.774491
-4.245958 -0.441928 2.589566
-3.945694 -0.406012 2.788831
-3.347868 1.246983 2.500428
-3.057580 0.107318 3.604548
-2.360854 1.511089 2.746406
-3.359683 -0.242757 2.582392
-1.445279 0.063169 1.975520
-1.833450 0.051562 2.878885
-1.848037 -0.447050 3.213901
-0.441045 1.054467 3.169310
-0.470179 0.492648 2.164154
-1.266208 0.920747 2.599981
-0.793874 1.182900 2.443192
0.245644 0.339046 2.352798
0.309595 -1.025886 2.607234
-0.758519 0.840056 1.791892
0.926185 0.230122 1.640985
0.745029 -0.314572 2.339237
1.541138 -0.543824 3.133637
1.657985 -0.146131 1.689321
1.905201 1.302512 3.209466
2.356621 0.567095 4.384920
2.815305 0.081546 3.656207
2.767710 -0.383359 2.634537
3.488342 -0.648871 2.487233
2.756661 -0.085670 1.411058
3.796329 1.158314 3.658324
4.449601 0.822207 3.679255
4.351850 0.311225 1.974761
4.858753 0.537623 2.777299
-4.973127 -0.771944 2.714525
-4.670284 1.188726 2.683292
-3.994399 0.465996 2.663335
-3.708104 0.447800 3.241642
-3.237666 0.742120 2.393496
-3.726537 -0.139361 2.946429
-2.673509 0.449737 2.669332
-3.295793 -1.032217 2.482007
-2.680017 1.691530 2.071315
-1.438851 0.101085 2.610770
-1.281130 -0.576592 3.179785
-2.201982 1.256468 2.529067
-1.987961 0.529982 3.933406
-0.496144 0.890497 2.213866
-0.806794 1.179464 2.803414
0.193865 0.996120 3.188843
0.036617 1.407545 2.934929
0.597812 0.220924 2.500024
1.402830 0.022387 2.824907
1.145595 0.130441 1.969801
1.499630 0.473129 3.375692
0.206730 0.872678 2.294243
1.701730 0.897932 2.538240
2.346153 1.404331 2.744206
3.519360 0.482629 1.855033
3.314143 1.150110 2.345212
3.520136 0.667577 1.750020
3.655935 0.478909 2.038327
4.518488 1.293611 3.355320
3.962762 1.466482 2.723982
4.416028 0.744770 1.811201
3.520335 0.651678 2.997950
-4.798950 0.672718 3.421121
-4.305448 1.766959 3.624101
-4.293699 1.171560 1.909527
-3.738546 1.331928 1.849585
-3.539659 0.839229 2.849109
-3.161986 0.674607 2.496101
-2.816146 0.260278 2.658744
-3.064561 1.183632 2.459725
-1.408849 1.383787 1.119773
-2.414820 0.632033 1.674343
-2.022833 1.778925 3.596706
-1.644534 1.680836 3.391201
-0.948328 0.735508 2.937052
-0.800690 0.691257 2.664126
-1.673432 -0.179932 3.252953
-0.117833 1.879823 2.276619
-0.441977 1.149551 2.816110
0.452990 1.005450 3.028430
0.786000 0.877785 2.379119
0.567823 0.398144 3.026843
0.977848 0.749137 2.717438
1.609754 0.198114 1.473231
0.974904 0.321840 2.279704
1.922722 0.884211 3.647423
2.412651 2.337384 2.469540
2.904391 1.097023 3.138742
2.671899 0.572132 1.726373
3.234203 0.997251 2.471416
3.632867 0.895412 3.655553
3.549997 0.442872 1.007235
4.842961 -0.233375 2.752518
4.874893 0.782473 2.893008
-4.566036 1.424903 2.055159
-4.373909 0.378527 2.189415
-4.416772 1.336964 1.378249
-4.102825 1.607894 2.885129
-3.872286 1.988095 2.533535
-1.624207 1.203777 2.582922
-2.959505 1.150361 2.871893
-2.661427 1.599674 2.187044
-1.222075 1.278819 2.698577
-2.251106 -0.054809 3.182823
-1.999699 0.252910 2.161732
-0.651016 0.426934 2.679905
-1.790127 1.069601 3.255105
-0.945471 0.834843 3.759906
-0.742439 0.473181 1.711193
0.757496 1.149147 2.724151
-0.114816 -0.284524 2.916323
-0.746338 0.822906 2.378800
0.261642 0.128553 1.670403
0.614512 2.488662 3.820899
0.716841 1.030638 2.661239
2.396037 0.567935 3.436791
2.752714 0.967354 1.981337
2.210444 0.737194 2.146994
1.629169 1.054736 3.160596
3.209531 1.462334 2.184983
3.734314 1.846897 2.304695
3.234354 1.745591 2.026236
3.988884 0.816801 2.719190
4.298427 0.056148 3.580298
4.847092 1.201137 1.630626
4.313672 0.975082 2.092865
-4.787713 1.898426 3.319869
-4.459651 1.333927 3.639358
-4.009808 0.437616 2.798223
-3.320779 1.013220 3.352301
-3.012724 2.487273 2.125058
-2.684116 2.457699 3.807775
-2.958465 1.821288 1.950412
-3.270564 1.163230 3.053625
-2.470390 2.150140 2.546773
-2.688287 1.674425 2.336440
-1.606435 1.538912 3.949636
-1.719780 -0.242099 1.407253
-0.213645 1.461848 1.148011
-1.278800 1.194288 3.283322
-1.510629 1.108139 3.178496
-0.591578 -0.034446 1.995172
-0.678484 2.164374 3.242025
-0.418481 1.073593 1.927450
0.344372 1.978480 2.077790
1.583505 0.826560 3.224530
1.099065 1.270294 1.448713
1.602753 1.425651 2.971568
1.944493 1.966917 2.906278
2.500596 1.625652 2.580673
2.228798 1.937827 2.359868
2.468459 0.715961 3.619283
2.450061 1.288090 2.610523
4.651368 2.403661 3.066185
4.096771 2.261971 1.380160
4.455297 -0.234685 3.146528
4.585660 1.870745 3.684746
3.900505 1.006278 1.492941
-4.492743 1.512031 1.155013
-3.486177 1.837257 2.671999
-4.465742 0.757103 2.324705
-4.262149 2.368457 2.266286
-4.477461 1.860858 3.096626
-2.954658 0.736433 2.452036
-4.813407 2.404303 3.059709
-2.450001 2.462767 3.010977
-1.501353 2.685549 2.369437
-1.927746 1.073653 2.495246
-2.079948 1.264831 1.706395
-0.930236 2.073345 3.242829
-1.160718 0.892411 2.305448
-0.934666 0.505547 2.845132
-1.010076 1.289705 4.736162
-0.578798 2.567914 2.645422
1.257075 1.385656 2.019411
0.122466 0.541693 2.288489
0.614735 2.088432 2.692435
1.574499 0.707416 2.425228
2.118626 2.078398 2.146842
2.376434 1.696729 2.618515
1.716156 1.720981 1.588737
1.930205 1.256734 3.387140
2.826239 1.165218 3.030005
2.956674 2.278625 2.699175
3.658679 3.069777 0.781107
2.948972 1.291409 2.926008
4.732374 2.956929 4.468567
2.507800 1.130641 2.085755
4.062637 1.509046 4.038846
3.974531 1.465129 3.315566
-4.926622 1.412894 3.201447
-4.917444 2.489647 2.568355
-3.864898 1.780477 3.811712
-4.970470 2.401246 2.284141
-3.545541 1.671130 2.973238
-3.721174 1.785442 1.997048
-3.723803 2.569899 2.317595
-3.509802 1.313411 3.088409
-1.864230 1.530300 1.082469
-1.558649 2.165721 2.823559
-2.746270 1.857250 3.044961
-1.899525 2.215067 3.090353
-1.154184 2.837546 2.382689
-0.331770 1.205332 1.279742
-1.342917 2.643161 2.811183
-1.131294 3.161185 2.931714
0.318442 0.289656 2.981021
-0.640787 1.894552 1.829708
1.041645 2.251554 1.129895
1.028615 1.525721 2.215304
2.213837 1.843026 2.626750
2.164739 1.828272 1.397205
2.774766 1.674192 3.747849
2.145159 2.269246 2.862514
3.443198 2.818355 2.714402
2.480435 1.856706 3.325735
3.691128 2.090154 2.802921
3.186314 3.256102 1.714757
4.321426 2.052332 3.343548
3.691144 2.595190 2.107195
4.585853 2.709974 2.859317
4.084716 2.763099 2.761871
-4.278264 1.973749 3.336982
-4.614718 2.756611 2.166887
-4.004101 2.326642 1.642836
-3.928527 1.839368 2.721805
-3.310513 2.621043 1.643072
-2.613884 2.405276 3.308027
-2.215496 3.110372 2.003851
-2.756013 2.378541 4.294567
-2.023907 2.426399 2.361768
-2.110628 2.164634 2.713446
-1.686317 3.178898 2.912754
-1.344964 3.153578 2.937914
-1.388807 2.406165 2.847088
-1.731258 2.390428 3.390276
-0.634217 2.905919 3.117433
-0.736324 3.128668 3.132523
-0.883258 1.278459 1.556035
0.445103 1.969285 2.819451
-0.457263 3.193989 2.874872
1.169129 2.632720 1.942169
1.940901 1.966444 3.560441
0.938264 1.500567 2.920715
1.553601 1.876940 2.627615
2.667097 2.674053 2.171444
3.968212 2.699426 3.032679
3.108432 2.465099 3.007821
3.073994 1.479519 2.707055
4.147829 1.841391 3.840451
3.180120 2.648364 2.587523
4.969385 2.494431 2.961231
4.641750 1.825292 3.441769
4.966982 2.862218 3.294753
-4.532859 2.602248 1.911588
-4.420033 3.235842 2.917457
-3.884360 2.315204 2.430829
-3.869887 1.388019 2.472277
-3.547302 3.752229 2.431917
-3.240312 3.028630 3.007513
-2.337845 3.376818 2.026492
-2.728134 2.736752 1.642526
-3.088300 3.021699 1.967433
-1.374924 1.861702 2.868910
-1.567794 4.309022 2.672574
-2.202138 1.698966 2.570489
-1.880854 4.563604 1.910777
-0.426257 2.460450 2.049187
-0.784802 3.710775 3.009100
0.811079 1.784256 3.606169
-0.414687 2.817541 3.179534
-0.166420 2.105170 2.139906
1.253814 2.402964 2.762793
1.590994 2.697324 2.959638
0.989105 2.981560 1.665486
0.418822 2.099330 3.524305
2.056237 1.491572 1.826690
2.087602 4.011837 4.127168
3.822384 3.779700 3.001657
3.724560 3.152061 3.096470
3.260153 2.371868 3.196929
3.704115 2.309649 1.025026
4.746849 2.960513 1.969895
4.494483 2.388688 2.771921
4.937335 3.591162 3.277668
4.548286 3.297907 2.057761
-4.697214 2.379926 2.793458
-3.667599 3.049407 3.528340
-3.393875 2.511979 2.949166
-4.025106 2.054584 2.519274
-3.668163 2.667109 3.463476
-3.424487 3.663447 2.053545
-3.190156 3.312577 2.460575
-2.266972 1.558372 2.279112
-1.187684 2.601356 2.987563
-2.519660 2.841303 2.729369
-2.420224 3.657158 4.196607
-2.436292 0.928902 2.938465
-1.819945 2.550921 2.483322
-0.664051 3.862096 2.539733
-1.103283 3.265123 1.391911
-1.019848 3.364127 3.625803
-0.335690 1.938559 2.263803
0.046825 2.182508 3.348871
0.961310 2.350271 4.347300
0.145874 3.675205 2.786149
1.103870 4.080515 3.037482
1.236520 4.512500 2.768274
2.485107 1.088196 2.320458
2.226061 2.507029 3.849490
2.593355 2.196060 1.717417
2.344104 3.399767 1.740289
3.675597 3.420553 3.767377
4.649562 3.211442 2.589081
3.349708 2.745886 4.609078
3.490746 4.256668 1.746448
4.345783 4.146977 2.873271
4.606191 2.960263 2.743569
-4.243212 3.077915 2.099018
-4.975209 3.507378 1.645319
-4.797738 2.475690 2.428118
-3.436802 3.397074 3.088882
-3.320637 3.791250 3.189632
-3.223938 4.094067 2.193399
-3.124904 3.241972 3.278419
-2.183548 4.331410 2.316861
-0.922559 3.764579 3.017722
-1.614349 2.386464 2.013564
-2.451175 2.225349 4.015768
-0.911768 2.452326 2.046272
-1.324685 2.507081 2.320967
-1.036836 3.511995 2.906416
-0.499176 3.114417 2.186118
-0.020040 3.823997 1.692850
0.446169 3.146029 2.919245
1.260791 2.809690 2.501844
0.932300 3.309595 4.099529
0.631036 2.847543 3.429860
1.865260 3.746096 2.229042
1.981120 3.417364 2.728858
1.644622 2.479129 2.735778
1.731899 3.285349 2.091044
3.161775 3.448150 1.842426
3.386065 3.441685 2.917128
3.107150 3.487310 2.591304
3.865207 3.005232 2.575636
2.661484 3.159682 2.715032
3.487831 3.832554 2.791712
3.314462 3.251391 3.210855
4.081128 3.977469 1.237646
-4.119506 2.880217 3.523507
-4.317707 3.006486 2.940253
-4.239572 2.894413 2.158210
-3.238899 3.672571 3.177814
-3.796757 3.973719 2.797239
-2.941740 2.863151 3.457382
-4.541698 3.361668 2.222920
-2.602870 3.784477 4.156865
-3.456240 4.018321 2.971269
-1.869420 3.459988 1.927575
-1.021530 2.850148 2.741783
-1.492041 3.842618 2.654520
-1.877324 3.297737 2.471444
-1.928275 3.843185 2.406049
0.490031 2.692399 3.143099
0.793051 3.731696 3.908767
1.187845 3.929574 1.861430
0.525695 2.358889 3.164102
0.306031 4.038239 2.035682
1.845177 4.140453 2.099700
2.242033 3.572450 4.034461
1.759437 4.250946 2.995100
1.705426 2.068507 1.803056
2.662750 4.739666 2.377952
3.683606 3.833822 2.667357
3.230359 4.366020 2.182260
2.448235 2.652563 2.364146
3.923794 3.530628 3.242411
3.394524 3.272299 3.067253
3.641533 2.313348 1.923107
4.159682 2.909872 3.869418
4.574189 3.222064 3.118167
-4.993444 2.921752 2.459318
-4.231092 4.137846 3.045107
-3.681283 4.361625 2.599919
-3.647418 4.224794 1.801076
-2.524863 3.724738 2.996164
-2.912462 4.625208 2.588550
-2.592156 3.265779 2.219380
-3.435417 3.627102 3.061065
-2.673244 2.974996 1.658558
-1.334177 4.675745 3.752228
-2.464713 4.318058 2.606758
-2.397142 3.828729 2.238713
-0.455703 2.803975 1.662154
-0.000563 3.812652 1.868937
-0.748606 3.063233 3.843555
-0.171527 4.415848 1.977420
0.949835 4.855907 3.106248
0.011888 3.455703 2.169293
0.086849 1.926158 2.907444
0.677832 2.521581 2.790872
1.324407 4.253337 2.663670
1.101350 3.338603 3.169336
1.345955 4.170801 2.852976
2.151068 2.830964 3.740498
2.918120 4.796502 3.872807
1.782294 3.740732 3.662027
2.998968 2.980115 2.627410
3.670666 3.959229 1.706762
2.340233 3.585033 2.928762
4.033388 3.812163 2.218712
4.837255 4.489442 3.661372
3.731227 4.336309 3.768727
-4.473714 3.985771 3.121330
-4.602827 3.247511 2.317772
-4.475055 4.373314 1.695569
-4.035512 4.449285 2.986452
-3.184982 2.675325 1.607597
-3.330548 3.915283 3.129437
-3.705008 4.792244 2.172213
-2.699486 4.892683 2.656045
-2.442209 4.788651 4.006316
-2.876953 3.280345 3.007934
-0.681879 3.003013 3.301284
-2.224329 4.274245 1.477191
-0.615658 4.343626 2.043132
0.426969 3.357685 1.750479
-0.681583 4.278918 2.635019
-1.001916 3.781563 4.355294
-0.798632 3.639181 2.320687
0.610225 4.299716 3.666466
0.476282 4.865528 2.636796
1.821010 4.937459 2.949554
2.585041 3.634121 3.082481
2.207711 4.926933 2.409585
2.072988 4.003445 2.042146
3.220087 3.815289 2.102471
3.506865 4.903567 2.760423
3.434621 4.124849 2.697438
4.253713 4.735849 2.545830
3.717241 3.554336 2.880222
3.311998 3.986019 2.678661
4.175220 4.155927 4.026013
4.168231 3.815643 1.754134
3.976510 4.835922 3.365743
-4.302209 4.245087 2.960030
-4.756321 3.657322 2.112040
-3.803608 4.604869 2.223778
-4.716397 3.763786 1.032357
-3.852426 4.490590 3.369644
-3.479046 3.589701 1.588332
-2.706035 4.956558 2.073031
-3.214849 4.838905 2.785877
-2.193457 4.578360 3.526783
-1.464679 4.298683 2.245857
-2.478970 3.957908 3.417336
-1.326325 4.668332 2.043697
-0.690395 4.425367 2.378758
-0.252619 3.970143 2.432999
0.467873 4.731946 3.185176
0.866548 4.471299 1.822448
-0.171605 4.419968 2.243910
-0.102125 4.032674 3.492082
2.091432 3.960622 2.395985
1.314412 4.986459 3.234560
0.852091 4.130777 1.787426
1.378122 4.408309 2.178034
2.668356 4.912728 2.470653
3.297965 4.260504 1.883055
2.699158 3.855126 3.482167
2.374527 4.553720 1.838420
3.814158 3.611441 2.623124
2.498431 4.542052 2.744830
3.530413 3.477500 3.892775
4.967109 3.977284 3.459040
3.877945 4.750012 2.998995
4.509667 3.844942 2.939945
-4.844654 4.803859 2.977984
-4.217868 3.725743 2.978229
-4.750601 4.902758 3.087376
-4.000308 4.796316 2.406831
-4.063887 4.953391 2.681775
-3.012169 4.328553 2.145329
-3.473428 4.436688 2.994810
-3.198274 4.280800 3.860303
-3.050341 4.804963 3.419425
-1.780746 4.213647 2.859632
-0.754270 4.349564 1.914893
-0.923248 4.477246 3.565874
-1.586988 4.499401 2.922120
-0.677523 4.385898 4.320896
-1.175633 4.971976 0.749819
0.658703 4.027255 2.354578
0.688436 4.394237 1.937166
0.088600 4.470522 2.561396
1.500097 4.651132 2.568000
1.397632 4.858991 2.728068
1.051336 4.493740 2.609066
1.594694 4.525707 3.209509
1.798762 4.521918 1.821780
1.916646 4.087883 2.304464
3.960844 4.425284 2.649123
2.486648 4.279609 1.467533
3.772552 4.314598 2.924139
3.372945 4.816189 3.866878
4.173072 4.943080 3.064283
4.549242 4.991017 1.625820
4.669188 4.681096 3.296112
4.608659 3.672508 3.186934
-4.066032 -4.184802 2.526859
-3.483607 -4.588816 2.835119
-4.747686 -4.459311 3.157541
-3.423546 -4.405374 2.551724
-3.536054 -4.883984 3.481670
-3.456813 -4.792004 3.966832
-3.759511 -3.881250 3.045106
-3.005770 -4.745207 2.325040
-1.858488 -4.957239 3.290253
-2.806483 -4.573428 2.275691
-0.726505 -4.478180 3.785017
-1.379414 -4.358320 3.451245
-1.100067 -4.760472 2.390182
-2.293814 -4.472738 3.117769
-0.950011 -4.892763 3.300862
-0.136317 -3.764280 2.242461
-0.130708 -4.389683 3.991732
0.429975 -3.640482 2.428023
2.003305 -3.535490 2.339724
0.703999 -4.926137 3.018493
1.698644 -4.285869 3.045991
1.236001 -4.910947 3.963505
3.082582 -4.806889 3.502511
3.808484 -4.330774 1.931667
3.102494 -4.483436 2.607452
2.303467 -4.560038 2.577191
3.227434 -4.544211 3.173980
4.199693 -4.535377 3.259116
3.524220 -4.762339 4.027852
3.777641 -4.991172 3.977052
3.715370 -3.688514 2.788912
4.944274 -4.902388 2.344228
-4.561460 -4.780506 2.098319
-4.983202 -4.089508 3.451618
-4.280415 -4.639240 2.420256
-2.964134 -4.261348 2.694510
-3.329988 -4.379471 2.702965
-3.457448 -3.403527 3.738848
-3.129024 -4.030421 3.430579
-3.017497 -4.876761 2.228316
-2.221093 -3.492830 2.616279
-1.877974 -4.643559 2.717774
-2.526021 -4.288346 4.739129
-0.738190 -4.799530 2.848309
-0.872341 -4.994595 2.039423
-1.445939 -4.756833 2.975514
-0.173319 -4.815148 2.160884
-1.229333 -4.414141 3.155926
1.038731 -4.370371 3.642182
-0.398130 -4.023492 2.555965
0.121981 -4.520290 2.335697
0.512542 -4.735422 4.472262
1.702251 -3.717749 2.932400
1.547191 -4.265831 3.085103
1.796546 -4.752867 2.345775
2.044224 -4.921705 4.301317
2.365281 -4.551281 3.335891
3.096740 -3.896492 2.769951
3.518792 -4.430182 2.946270
4.378735 -4.534366 2.755795
3.207580 -4.327701 1.859309
3.861904 -4.033454 3.541979
4.771016 -4.816323 3.461497
4.519996 -3.494333 3.351850
-4.993315 -3.278620 3.932557
-4.895783 -4.182360 3.598492
-4.370302 -3.213829 4.167157
-3.261409 -4.045520 2.157287
-2.899818 -3.365789 3.357908
-3.598465 -4.088219 3.520920
-2.189771 -3.797312 1.547111
-2.224533 -4.394005 2.221303
-1.665637 -2.787378 2.605126
-1.681514 -4.899791 2.448110
-0.949487 -3.521852 4.132704
-2.000654 -3.635641 3.198904
-0.772543 -4.184752 2.845412
-1.818299 -4.535032 3.418441
-1.298445 -4.078822 1.926604
-0.460479 -4.720261 3.814804
-0.205539 -4.478250 4.332276
0.163504 -3.469587 3.211885
0.506652 -4.227896 3.521403
1.288956 -3.370353 1.682794
1.345894 -2.823189 1.894400
0.295705 -3.934427 3.470055
0.782845 -4.388004 3.920990
1.843852 -4.168781 3.072597
3.172690 -3.584432 2.504504
2.540419 -3.837880 2.669902
3.445978 -4.856483 2.313040
3.095691 -4.866966 4.298107
4.961350 -2.921105 3.496406
3.930240 -3.857442 4.803937
4.930825 -4.892832 3.340410
4.217693 -3.276922 3.143665
-4.633964 -4.889309 3.096553
-4.471936 -3.347075 3.528061
-4.946885 -3.844978 3.972426
-3.973979 -4.105752 3.253272
-3.045297 -4.010393 3.529694
-3.278940 -2.506709 2.969275
-3.280330 -4.166662 3.977044
-2.491752 -3.311189 3.673221
-2.332146 -3.267490 2.219085
-0.903168 -4.540875 2.100512
-2.080966 -4.033723 2.313040
-1.215627 -4.553912 3.070459
-0.623305 -3.199190 1.302315
-0.844182 -4.502050 1.962098
-0.603310 -4.583296 1.719287
-0.330986 -4.537374 2.469258
0.452451 -3.571939 3.182587
0.651259 -4.051817 3.414861
-0.624289 -2.680579 3.016596
1.158160 -4.011410 3.151940
0.297349 -4.742664 2.281784
1.389280 -4.191977 3.418672
2.297499 -4.380847 2.551907
1.471495 -3.494323 2.915099
2.613354 -4.954545 3.533392
3.016572 -3.033313 2.877807
3.366584 -3.810325 3.730293
2.761721 -4.870292 1.700075
4.532735 -4.581929 3.945085
4.840913 -3.466706 4.282680
4.662650 -2.367953 2.053835
4.331106 -3.375753 3.886175
-4.261507 -4.600272 3.248111
-4.539166 -3.463222 3.158206
-4.774137 -3.462529 3.371452
-3.478390 -3.583000 3.410434
-3.154391 -3.877446 2.807949
-2.606501 -3.663154 2.325663
-2.305539 -4.029560 3.327097
-1.391414 -3.762080 2.647103
-2.735803 -4.090782 2.543382
-2.104503 -3.543032 2.288964
-1.673557 -3.881713 4.183459
-0.329269 -3.240448 3.400576
-2.220963 -3.020148 4.257976
-1.048940 -3.362908 3.767009
-1.459365 -3.151437 3.081607
0.699361 -1.446305 2.984343
0.532784 -2.756067 4.071847
-0.672413 -3.053988 3.065454
0.630753 -3.053188 2.280962
0.640046 -3.824053 3.719325
0.394477 -4.378458 3.230245
1.791566 -3.465537 3.491619
1.316430 -3.866247 4.284557
1.537051 -3.440232 1.999854
1.917359 -3.337555 2.663018
4.010450 -2.347083 3.363581
4.216112 -3.791392 3.493194
3.916772 -3.753860 3.765264
3.893261 -3.147949 3.498721
4.228082 -2.542138 2.937277
4.724937 -3.717108 3.411252
4.395351 -2.881067 4.287499
-4.481748 -3.262506 4.415536
-4.465380 -3.828785 3.051565
-4.525031 -3.168077 4.592627
-4.463150 -2.377817 4.371780
-4.421142 -3.490556 3.258099
-3.812750 -3.757229 3.744437
-3.298989 -3.685383 3.823219
-1.888435 -3.310641 2.078961
-3.149193 -3.329942 2.044330
-2.618022 -3.680412 4.347271
-1.741668 -2.718411 2.496460
-3.171859 -3.344914 3.191612
-1.708939 -2.088923 3.430810
-1.213256 -4.197330 3.411914
-1.202089 -2.266992 2.464735
-0.341584 -3.305611 2.881892
0.749299 -2.639483 3.382112
-0.378417 -4.164782 2.128183
1.583035 -2.971826 1.868634
1.692723 -3.433246 3.988708
1.274431 -4.413784 3.319552
0.574403 -2.641191 2.985861
1.783424 -4.062352 2.254476
0.916407 -2.908891 2.767393
2.204143 -4.303421 3.387472
2.925109 -3.776263 2.494765
3.446350 -2.877491 3.066641
3.976182 -3.018720 3.556168
2.852779 -2.685848 2.987084
3.471613 -2.795353 2.506198
4.682954 -3.601024 3.573380
4.853478 -4.215254 2.581993
-3.901260 -2.800159 2.404366
-4.840605 -2.814693 3.725923
-3.663638 -2.107095 3.000811
-4.048342 -2.435776 3.042265
-2.315114 -2.985358 3.001148
-2.978113 -2.988388 3.419017
-4.381221 -3.053499 3.744421
-2.559461 -3.469249 2.810373
-2.203048 -2.735422 2.969860
-1.976371 -2.541128 3.200400
-1.958838 -2.649360 3.591845
-2.136756 -2.916757 3.372065
-1.922868 -4.362049 2.297078
-0.809109 -2.940355 3.057247
-0.433435 -3.381986 2.703504
-1.005321 -2.711868 3.322591
-0.003965 -3.272718 2.895880
-0.529207 -2.705780 2.920741
0.599840 -2.971982 3.176307
-0.176348 -2.192562 3.715658
1.433157 -2.989744 1.895616
1.063062 -2.861511 2.817322
2.311155 -3.427053 3.487942
2.517272 -2.712804 3.760750
3.427625 -3.331855 2.886777
2.893400 -2.299296 2.759297
3.694460 -2.792717 2.792202
2.533869 -2.743015 3.481125
4.068461 -2.305984 3.820040
4.687907 -2.596669 2.437336
4.570955 -2.150090 3.614404
4.585248 -3.099022 3.612808
-4.460382 -2.547460 3.632766
-3.698483 -2.722904 2.943380
-3.393380 -3.256538 2.990711
-3.933006 -2.990136 3.401382
-3.655443 -2.449303 2.930652
-2.849878 -2.809299 1.607072
-1.405844 -3.519752 2.927967
-1.636480 -2.137215 3.623661
-2.532565 -2.585791 2.819738
-1.214293 -2.986881 3.172713
-1.716309 -2.448968 2.217144
-1.647803 -3.168933 2.859426
-1.281643 -4.346289 2.494114
-0.838653 -2.884658 3.181107
-0.258100 -2.816915 2.394917
-0.540813 -2.966563 3.105861
0.373576 -3.021235 3.415709
-0.390364 -2.401182 2.503977
0.346668 -2.097678 2.135855
1.037706 -3.051514 3.573509
1.926174 -2.277051 3.665760
2.564637 -1.887795 3.381636
0.369485 -2.746424 2.495162
2.001089 -2.419730 2.245535
3.752255 -2.403988 2.962987
2.452974 -2.154530 4.080519
3.268934 -2.960102 4.050237
2.712055 -1.766427 3.086159
4.432833 -2.203774 3.532744
4.444624 -2.465759 3.552184
4.849390 -3.694221 1.869230
4.943213 -2.954975 3.056123
-4.678711 -1.888830 3.100398
-4.641140 -3.339597 3.212252
-4.592331 -2.299461 3.128142
-3.457071 -1.975910 1.364097
-3.597729 -2.654727 2.661150
-3.748532 -2.191734 2.831742
-3.320981 -1.198784 4.138552
-2.867728 -1.727615 2.208685
-2.843769 -1.308467 1.890725
-1.818979 -2.820962 3.847483
-1.811508 -1.564065 3.021968
-2.376959 -1.943829 3.351754
-1.155666 -1.986833 3.000706
-2.110288 -3.550809 3.899562
-1.390189 -2.464892 3.619965
0.030235 -1.209365 2.076026
0.113755 -3.260583 4.391686
0.813527 -2.108401 3.577939
-0.172632 -1.441328 2.900757
1.249012 -2.078709 3.039111
1.418726 -2.244419 4.374187
1.038968 -2.632650 1.955279
2.065723 -2.083846 3.636575
0.675873 -2.403357 3.033961
2.078884 -3.139514 3.428955
3.649517 -2.775102 3.799291
3.573624 -1.965688 2.578640
3.240315 -3.255850 2.972919
2.793257 -0.585328 3.457094
3.667739 -2.103965 3.562223
4.969959 -2.576399 2.088115
4.015227 -2.040687 3.635170
-4.375702 -1.620798 3.210534
-4.877956 -1.713621 2.417219
-4.721046 -2.467040 3.475467
-3.659245 -2.157903 1.894562
-3.371672 -2.220624 3.835377
-2.829733 -1.748021 2.877241
-3.758252 -1.799959 2.388779
-2.291280 -2.601400 2.831180
-1.932012 -2.063395 4.283514
-2.350629 -2.426425 3.203173
-1.976695 -1.732030 2.694302
-0.946830 -2.110106 3.314197
-1.316023 -2.843371 2.858440
-0.989917 -2.595000 2.801267
-0.829716 -2.595892 2.506995
0.260783 -1.915789 2.700322
-0.239832 -1.884265 2.816418
-0.455448 -1.720292 2.951594
2.606204 -2.496815 3.062150
0.156020 -0.280072 3.095922
0.316645 -1.862462 2.852901
2.157869 -2.622780 2.681365
2.583225 -1.758023 4.418956
1.784754 -2.396018 2.278314
3.171393 -1.855026 1.921154
2.652695 -1.891779 3.115193
2.923892 -1.985335 3.648743
3.284836 -3.917418 1.853050
3.749837 -2.397978 3.982474
4.392527 -3.234282 3.103777
3.908728 -1.890597 3.226710
4.312951 -1.598750 4.322624
-4.951011 -0.574282 2.950318
-3.298501 -1.356396 3.467547
-3.852112 -2.715718 3.350321
-2.376915 -2.216192 3.383767
-3.830251 -1.701055 2.149471
-3.551892 -1.327071 3.287655
-3.957651 -2.299049 2.369465
-2.097635 -0.874452 3.348875
-3.511873 -1.595011 2.625669
-2.136801 -1.955441 2.264870
-1.746654 -2.411359 2.858879
-1.252438 -2.629132 3.597681
-2.682383 -2.048283 3.697127
-0.101583 -1.749719 3.082526
-0.045129 -2.551776 2.626675
-0.257549 -1.592534 2.274523
0.845945 -1.403969 4.140325
0.842850 -1.081915 2.523033
1.335887 -0.075525 3.470249
1.683837 -1.597207 4.163069
1.673869 -3.488646 3.427186
1.410404 -1.526771 3.678346
2.196183 -2.486552 3.865330
1.673903 -1.659067 2.690738
2.832465 -0.552104 2.665334
2.948729 -1.219428 3.570660
3.290407 -2.574378 4.299556
2.803201 -1.267613 3.066050
4.574640 -2.002201 3.292572
3.800882 -1.097838 3.766398
3.435628 -1.895201 3.564916
4.687989 -1.945445 2.591865
-4.730318 -2.549829 2.837054
-4.818668 -2.059099 2.380877
-3.776041 -1.561437 2.651904
-4.011610 -1.126584 2.697226
-2.241472 -1.587275 2.926717
-2.869347 -2.224964 1.647383
-4.276312 -1.380938 2.478678
-3.719170 -1.387532 3.215832
-2.855793 -1.257026 2.560248
-1.156224 -1.467996 2.268877
-1.464846 -0.940597 3.353825
-1.456326 -1.696934 2.850472
-1.653018 -1.970168 3.892767
-0.967265 -1.632039 2.337709
-1.023389 -0.934262 2.282142
-0.351747 -0.796607 3.397596
-0.607387 -1.418691 2.508697
1.772141 -1.639294 4.961285
0.092276 -0.923914 2.104339
1.113988 -0.670247 2.882979
1.383232 -0.661335 3.246839
1.559115 -1.290729 2.495079
2.128418 -0.351690 2.131310
2.491440 -2.170787 1.584986
2.453358 -2.258674 3.584076
3.289026 -1.346824 2.982609
3.106543 -1.145554 4.499458
3.129498 -1.840772 3.350504
4.516013 -1.974524 3.687769
4.973414 -0.727407 3.190633
4.909775 -1.562651 2.900420
4.143553 -1.959451 2.957480
-4.330514 -1.248008 2.388952
-4.831353 -1.147104 3.796665
-3.562129 -1.138569 4.152269
-2.839838 -1.758331 2.527055
-2.731978 -1.505908 4.253053
-3.303437 -0.871361 4.583779
-2.814234 -1.592227 3.643471
-2.127505 -1.812644 2.321542
-3.056544 -1.128963 3.591129
-1.808274 -0.260062 2.478852
-1.442294 -1.131510 2.739118
-0.424446 0.124214 3.137616
-0.825160 -2.469393 1.739674
-0.017847 -0.862844 3.179024
-1.680241 -0.631986 1.948490
-1.337404 -2.538406 2.249725
-0.037961 -1.906299 2.243579
-0.128434 -1.118445 3.320433
0.562639 -1.055562 2.622614
2.101919 -1.381953 2.598444
2.112228 -1.552992 3.965368
2.047906 0.316069 3.347297
0.991396 -0.083155 4.043703
2.795289 0.344902 3.558936
2.360653 -0.837726 3.118292
3.142785 -0.408970 4.859802
2.243376 0.517422 2.773796
4.015441 -1.003384 3.539309
2.984226 -2.314836 3.860596
4.407126 -1.222305 3.870014
4.415001 -1.521063 2.834825
4.588656 -0.169116 2.296088
-3.909609 -0.063297 2.032482
-4.294040 -1.191002 3.139914
-4.846339 -0.741621 2.937059
-2.903452 -0.722311 3.076726
-3.792281 -1.498603 2.935301
-2.607458 -0.916130 2.561524
-2.798252 -1.626593 2.369186
-2.647012 0.414410 3.976430
-1.956888 -0.928473 2.568468
-2.562351 -0.391079 3.617342
-1.796452 -0.261040 3.140429
-1.387004 0.055667 3.297457
0.413031 0.332649 3.220757
-1.044039 -0.902180 2.850382
-0.167049 -1.051733 2.758385
0.282075 -0.834554 2.686599
0.836377 -0.188647 3.344477
0.562209 -1.925982 3.735324
1.074355 -1.028461 2.323209
1.545053 -2.038435 2.144838
1.247917 -1.129248 3.445796
2.335737 -1.366444 3.587044
1.801528 -1.880773 3.563389
2.947085 -2.051979 3.783281
2.140311 -1.789487 3.807917
2.427332 -1.637250 2.577234
3.541577 -1.067569 1.595625
3.617609 -1.471568 4.338624
4.731663 -1.064154 3.365340
3.892164 -0.473622 2.275073
4.597354 -1.247772 3.991314
4.430601 -1.913769 2.047966
-4.907482 -0.039020 3.867228
-4.527943 -0.479319 2.977319
-2.881962 -0.466833 2.602127
-4.876106 -0.391017 3.384980
-3.940058 0.053281 2.706768
-3.292615 0.510847 3.210286
-2.589769 -0.594011 3.440215
-1.842027 -0.138242 2.686357
-2.531598 -1.649230 2.737805
-2.723003 -0.368167 3.543852
-1.418938 -0.925656 2.141610
-2.098212 -0.165209 3.660427
-1.653171 -0.732141 2.542799
-0.417436 -0.604148 2.852623
-0.220102 -0.844619 2.302183
-0.906876 -0.836892 2.490152
0.123137 -1.084624 2.662236
0.410705 -1.784679 3.329391
-0.589541 0.829266 2.357155
0.060372 0.585910 3.061239
1.118890 -0.706279 2.533357
1.784019 -1.102576 2.543263
1.486442 -0.903430 3.459801
3.174140 -1.525204 2.478534
2.334539 0.512353 3.302257
2.713031 -0.596178 2.439125
3.082724 0.492643 4.490282
4.299511 0.071111 2.875668
4.174962 -0.297876 1.539323
3.827102 -0.261978 3.959151
4.983343 -0.155445 2.970553
4.942175 -1.843799 2.326023
-4.005973 1.313085 3.742404
-3.181806 0.052925 3.300927
-3.960148 -0.377540 2.197164
-3.915577 -0.276296 3.047915
-2.429488 0.275128 2.901474
-4.027369 -0.602673 2.436337
-2.753348 0.762515 3.028103
-2.638624 0.341727 3.381258
-2.225733 -0.345809 1.691245
-2.463805 -0.399901 2.491177
-0.805985 -0.610257 3.796719
-0.446286 -0.201716 3.456049
-0.695569 0.291570 3.607593
-1.157246 -1.072997 3.047846
0.585143 0.183549 2.924658
0.077028 -0.570322 2.097946
-1.223343 -0.693729 2.778512
0.489871 -0.666907 4.016813
1.487853 -0.817498 3.093091
0.796819 -0.192770 3.126140
1.377774 -0.682528 4.005088
1.508902 -0.033978 3.416695
1.764563 -0.315979 2.124227
3.018354 -0.186040 2.469691
1.927178 0.640796 3.444295
2.209747 -0.268143 3.270072
3.013469 -1.121142 3.736560
4.223003 -0.845945 2.796959
4.384193 -0.222474 2.767584
3.761768 0.783887 3.245773
3.546681 -0.348023 2.965895
3.830952 0.596200 1.966104
-4.309611 -0.099934 2.962967
-3.840377 0.164126 2.855683
-3.794963 -0.452729 2.594829
-4.349433 0.185651 3.275844
-2.901676 1.396370 2.447390
-4.040429 0.254441 2.830209
-2.729907 2.225108 2.216480
-3.060171 -0.241772 3.029623
-1.350873 0.102473 2.862918
-1.584241 -0.606446 3.178951
-1.111875 -1.415026 2.728495
-0.871312 1.407957 2.937583
-0.852615 0.352547 3.566240
-0.908017 0.192876 3.291229
-1.098598 0.513098 1.844320
0.121024 0.806945 2.008780
0.823401 -0.556452 2.990253
-1.008179 0.159202 3.087473
0.512696 0.288612 2.008944
0.024969 -0.421242 3.118027
1.381267 -0.299110 3.520958
1.562602 -0.213222 1.876444
2.171596 1.540194 4.561792
1.945726 0.087270 4.370038
2.594261 0.428520 4.021226
3.415713 -0.782062 2.656059
3.305748 -1.281644 2.100357
3.604539 0.254238 1.482214
3.127589 0.864500 3.595842
4.500754 0.826635 4.258640
4.854348 0.457447 3.350758
4.498797 0.464461 3.172769
-4.422938 -0.886060 2.969835
-4.574277 1.712583 2.895104
-3.921359 0.575277 3.034471
-4.157381 1.433124 3.319994
-3.241209 1.219524 2.776560
-3.469117 -1.073630 2.867780
-2.737183 0.787443 2.387553
-3.311690 0.165097 2.698738
-2.602624 0.959295 2.484699
-1.314440 0.276724 2.582690
-1.297353 -0.693821 3.934265
-1.698770 1.566794 2.763155
-1.374287 0.803506 3.847011
-1.123575 0.702367 2.660806
-0.893254 1.662927 3.283521
0.600784 0.693745 3.146400
-0.073633 0.587150 2.296709
1.615435 -0.042015 2.907605
1.609807 -0.249792 3.360299
0.894589 -0.308042 2.693379
1.879845 0.559700 2.818197
-0.111867 1.154067 2.510109
1.321911 1.067580 2.307333
2.201431 1.333376 3.067463
3.304128 0.032257 2.635800
3.427174 1.254671 2.311588
3.500557 0.637758 2.615643
3.564701 0.286641 2.891385
4.260531 1.280502 3.330838
4.481085 1.167922 2.428796
3.972826 -0.440284 2.672220
4.214669 0.779517 2.256333
-4.838549 0.469158 3.740606
-4.835022 1.459492 3.648402
-4.438756 1.275113 2.486736
-3.407663 0.804147 2.579360
-3.317649 0.970290 2.672825
-3.058281 0.946893 2.325523
-1.996288 -0.481177 2.950937
-2.600542 0.812322 2.742776
-0.819532 1.443851 1.312782
-2.310934 0.538206 2.005351
-2.452872 1.749433 4.337685
-1.052110 0.881418 3.479525
-1.077254 1.007841 2.879222
-0.946378 0.743986 2.400566
-1.386385 -0.413181 3.051936
0.575087 1.656049 2.719638
0.495867 0.488256 3.477970
0.840723 1.178025 3.588928
0.903912 1.382157 2.986719
0.523316 -0.229730 3.400569
1.118289 0.864361 2.667818
1.873011 0.151660 1.715919
0.953387 0.173885 2.810714
1.796353 0.338366 3.603356
2.613277 1.936796 2.676551
2.044233 0.672508 3.112897
3.029523 1.118842 1.949705
2.929253 1.081571 2.534839
3.964221 0.332677 3.775309
3.818721 0.628837 2.765729
4.653402 0.391905 2.866462
4.857496 1.116081 2.987738
-4.450742 0.809711 2.920186
-4.389557 0.581422 2.855022
-4.845225 2.238604 1.774599
-3.889382 0.317934 3.099514
-3.583741 1.866025 3.179298
-2.548675 1.344566 2.377790
-2.398174 0.929137 3.868751
-2.366780 1.660284 2.427942
-1.369885 1.252660 2.748270
-2.659330 0.579178 3.104587
-1.989353 0.310180 2.784400
-1.507626 0.584114 3.594591
-1.135059 1.904364 2.972537
-0.665932 0.864749 4.146441
-1.043066 0.926141 1.964704
0.430721 0.782352 2.428471
-0.274378 0.201304 3.084421
-0.267750 0.330897 1.155818
0.441298 0.016334 3.223105
-0.004699 2.291831 4.734523
0.901133 0.722097 2.930392
2.871679 0.962543 3.867865
2.280499 0.752288 2.584258
2.187751 0.619665 2.465054
1.607541 1.147483 2.802176
1.981126 1.080787 2.063570
3.519276 1.573434 2.561455
3.885109 1.509422 1.998319
3.933588 0.843308 3.079231
4.317933 -0.403413 4.081190
4.924516 1.653371 1.879389
4.796354 1.454541 2.770463
-4.354333 1.253120 3.455873
-4.551392 2.127313 2.696451
-4.624009 1.096142 3.024316
-3.815055 1.387034 3.682261
-2.254775 1.775721 1.872480
-3.072339 2.331330 4.638365
-3.091185 2.022938 3.001789
-3.236642 1.263575 3.279082
-2.492016 1.853765 2.774282
-2.598381 2.034609 3.329308
-1.774954 2.477999 4.824599
-1.622775 0.775997 2.032158
-0.948671 1.958073 2.881839
-1.493775 0.854942 3.379720
-1.057188 0.678598 3.234167
-0.459719 0.970960 2.658501
-0.265957 2.658181 3.483309
-0.351650 1.049911 2.613741
0.579932 1.851940 3.352612
2.186549 1.027742 3.759256
1.164292 2.275197 2.472920
1.318323 1.121471 3.179473
2.306158 1.494965 3.033950
2.648234 1.247753 1.888195
2.294409 2.374655 2.926213
2.452585 0.743549 3.387537
1.917246 0.798686 1.958598
4.428256 2.200127 3.428569
3.489843 1.277915 2.109405
4.222395 -0.172156 3.250054
4.841524 1.734139 4.164583
4.026203 1.715868 2.277290
-4.599150 2.141510 2.822052
-3.564267 1.770839 3.625383
-3.331807 0.417558 3.387151
-4.835798 1.565093 2.215321
-4.727868 1.970760 2.966670
-3.983546 0.687319 2.674142
-4.663644 2.336313 3.195867
-2.959501 1.702433 3.556020
-1.927897 2.403363 1.913049
-1.535832 2.543562 2.963727
-2.487926 0.617744 2.339888
-1.149199 2.642538 3.353032
-1.517979 1.285047 1.586308
-1.459870 1.412120 2.950856
-0.399507 1.233509 4.980013
-0.642369 2.584735 2.968703
1.094049 1.451900 2.063681
0.581412 0.469298 2.607161
1.756783 2.753641 2.391589
1.330107 0.914913 3.334469
1.221223 2.267161 2.928730
1.726081 1.377650 3.330438
1.790219 1.438640 2.612159
1.512231 1.130598 3.365825
3.339453 1.277418 3.586568
3.449202 1.850358 3.315235
3.890421 1.963536 1.243989
3.154447 1.800167 3.418952
4.794589 2.076394 3.256518
3.377031 1.853373 3.210596
4.072256 1.515965 3.792846
4.180595 1.292707 4.014861
-4.383803 2.150845 3.280989
-4.932218 2.862195 3.242029
-4.440543 1.938883 4.479436
-4.601029 2.055520 3.559459
-3.027919 1.946601 2.478491
-3.137500 2.143290 1.694212
-4.027129 1.817528 2.529856
-3.312490 1.632794 3.837102
-2.152767 2.464055 2.730711
-1.494101 1.708415 3.535707
-2.312867 2.072164 2.514210
-1.925879 2.286028 2.833130
-1.173852 3.219309 3.538442
-1.174605 2.297598 1.878847
-0.828719 2.701449 2.524288
-1.006304 2.526652 3.440367
0.565633 0.027924 3.027706
-0.907039 0.057048 2.831838
0.592610 2.856827 1.834350
0.671463 1.872751 2.834066
1.843627 1.353054 1.950490
1.462363 2.254434 1.921397
2.541454 2.047403 3.737736
1.736339 1.833907 2.860263
4.008115 2.505831 3.272264
3.262432 2.780373 2.900051
3.261182 1.513584 3.377992
3.401809 3.429278 2.364283
4.167481 1.952691 3.320384
2.744961 2.329497 2.141900
4.252258 2.541974 3.513756
4.715152 2.760164 3.455104
-3.901921 1.509899 3.633770
-4.428692 2.827837 2.824278
-4.012694 2.809155 2.285991
-3.947327 1.923606 3.079701
-2.860928 2.271459 2.215025
-2.964821 1.937078 2.935672
-2.161687 3.403339 2.554738
-2.670053 2.057259 3.860547
-2.510560 2.346518 2.772949
-1.896221 3.243084 2.910881
-1.797513 4.040447 3.029694
-2.133619 3.533342 2.478148
-1.613443 2.183671 3.548096
-1.341658 2.381617 3.426220
-0.290557 3.141184 3.082693
-0.845951 2.553701 3.888176
-0.409514 1.777329 2.427132
0.693090 1.786214 3.882597
-0.112412 3.379325 2.588639
2.178052 2.654150 2.873864
1.887014 1.941864 3.922529
0.506944 1.948018 3.008085
2.879926 2.633257 3.050712
2.824038 3.294144 3.156768
2.949037 2.067306 3.758688
3.821609 1.896287 3.591297
3.477771 2.657019 2.908233
3.832907 2.483093 3.233437
3.770566 2.563572 3.685912
4.547365 3.364809 4.452229
4.262795 1.948268 2.740741
4.676331 2.861593 3.907276
-4.451432 2.109678 2.051330
-4.099005 2.992687 3.326512
-4.355639 2.688405 2.362595
-3.998667 1.247877 3.614827
-3.785680 3.709294 3.411472
-2.555226 3.038183 2.752917
-2.239465 3.267639 3.030190
-2.057564 2.893680 1.871108
-2.550774 2.915456 1.882662
-1.802154 2.496997 2.689720
-1.966646 3.973182 3.358509
-2.003224 2.552377 3.956999
-1.321112 3.908285 2.574985
-1.607642 3.862971 2.780844
-1.780887 2.312300 2.973165
-0.099009 2.521321 3.352219
-0.618995 3.046723 3.537098
-0.947840 2.197271 1.967679
0.583500 1.834030 3.643630
1.216988 2.071025 4.002601
1.166396 2.758692 1.574202
0.181213 2.930612 3.846257
2.262241 2.418629 2.124072
1.775632 2.945630 3.177705
3.797372 3.455854 3.102234
3.200607 2.726550 2.248906
2.948137 2.595095 3.165145
3.256639 3.129535 1.362703
4.365451 2.796913 2.428981
4.608520 3.008932 3.266151
4.796557 3.997962 3.895432
4.547914 4.259769 2.141507
-4.907453 2.036977 3.190593
-4.084815 2.600003 3.324455
-3.816529 2.664730 2.765817
-4.346138 2.117999 2.913209
-3.210329 2.885403 4.097859
-3.083953 3.804853 2.840754
-2.683360 3.326035 2.330966
-2.432416 1.684919 3.530579
-2.423725 3.473465 2.517237
-2.160509 3.241039 2.683347
-1.926251 3.194954 3.359921
-1.885878 2.798539 2.728275
-2.098525 3.084361 3.217391
-0.137132 3.893645 3.737612
-0.656332 2.475124 2.470401
-0.630357 3.084817 4.349558
-0.024769 2.727127 3.413769
0.301201 2.134335 3.196144
0.644434 2.322370 3.740686
0.336340 3.894952 2.067017
0.499427 4.008518 3.648013
1.026428 3.603552 2.612100
3.069727 0.905307 3.143594
1.789752 2.370754 3.947285
2.784738 2.235506 2.728558
2.380535 3.512281 3.131688
3.518060 2.533666 4.089865
4.514380 2.528728 2.694560
3.455178 3.384101 4.373872
3.517764 4.530350 2.378293
4.697156 3.512239 3.491647
4.378584 3.043221 2.976764
-4.172573 2.958331 2.937623
-4.440805 3.500856 2.508968
-3.833176 3.030932 2.747549
-3.507046 3.710470 2.738300
-3.105481 3.285803 3.693540
-3.351300 4.466537 2.118469
-3.148219 3.164094 3.395214
-2.738203 3.808245 3.609540
-1.368335 3.668911 3.198266
-1.919092 3.031636 2.363276
-2.291690 2.828561 4.535837
-1.930843 2.603527 3.274502
-1.444289 2.899134 3.239740
-0.235915 4.313601 3.495263
-0.169640 2.739217 2.728297
-0.066466 3.827753 1.988032
0.336245 2.976393 3.400571
0.965534 3.322390 3.062002
0.429422 3.079116 4.513251
1.659261 3.854074 3.204243
2.192400 4.803288 2.307779
2.831059 3.599088 3.412608
1.662708 2.450601 3.434874
1.834719 3.862468 2.586356
3.293731 3.886036 2.566931
3.502523 2.792974 4.183338
2.849232 3.793396 3.281590
3.896795 2.959275 3.454323
3.176949 3.614234 3.450926
4.804533 3.914447 2.029097
3.875366 2.695824 3.377997
4.774395 3.923306 1.369409
-4.387307 2.389112 3.480007
-4.325959 2.586199 3.028212
-4.230366 2.906581 2.436074
-3.082333 3.989190 2.896739
-3.319025 3.708622 2.807947
-2.708610 3.091636 3.022240
-3.205578 4.210045 2.270878
-2.615446 3.290503 4.196363
-3.668352 3.513577 2.662726
-1.425939 2.808154 2.022547
-0.560258 3.277849 2.756584
-1.732749 3.336228 2.617668
-1.919875 3.480128 2.205735
-1.368791 4.366737 2.725314
0.296136 3.403795 3.308676
0.181105 4.117080 3.328907
-0.168112 3.503662 2.802973
0.563841 2.611231 2.628201
0.497693 4.139711 4.011475
1.225291 3.933734 3.088504
1.873447 3.386550 4.582658
2.393455 3.987582 3.706700
2.479112 2.548338 2.309376
2.531757 3.951575 2.350430
3.766780 3.175365 2.917873
4.244182 3.533313 2.884772
2.501684 3.477991 2.174774
4.249850 3.035998 3.231857
3.246717 3.464110 3.659808
4.292255 3.111640 1.394801
4.627063 4.076851 2.754192
4.724748 2.971267 4.189896
-4.911396 3.350656 2.816104
-4.411773 3.922018 3.751784
-2.736912 4.564473 2.995439
-3.399474 4.344470 1.683709
-3.438215 3.929756 2.296836
-3.367743 4.638916 3.016937
-1.902627 3.327276 2.349787
-3.887916 3.317069 3.049047
-2.106807 3.549170 2.190964
-1.278779 4.503360 3.712551
-2.089794 4.683286 3.008811
-1.834889 3.969771 2.868480
-0.094276 3.284383 2.213126
0.308023 3.876412 2.397381
-0.294382 2.787774 4.044847
-0.353488 4.027275 2.192761
1.294114 4.572610 3.625165
0.269645 3.380386 2.554568
0.617276 3.032545 2.680310
1.159521 2.064952 2.455374
2.048324 3.726574 3.307868
0.945006 3.577446 2.722942
1.418816 4.579169 2.877400
2.032146 3.080266 2.849412
2.723332 4.963904 4.199426
2.470593 3.644741 3.915352
3.096809 3.112547 2.944152
3.584658 3.235560 1.749231
2.601988 3.050021 3.195121
3.867513 3.186461 3.263519
3.938244 4.825887 4.413646
4.179951 3.907096 4.821496
-4.722048 3.591446 3.832623
-4.535632 3.798365 2.118934
-4.734401 4.272803 2.202742
-4.410370 4.733352 2.765480
-3.479791 3.317648 2.865931
-3.232033 3.355707 3.137924
-2.963102 4.773929 2.276418
-3.111031 4.543906 3.074410
-2.292300 4.711199 4.892594
-2.659939 4.204857 2.962969
-1.197516 3.262085 3.336473
-2.250834 4.435785 2.238763
-1.801662 4.392832 2.755625
0.382449 3.732927 3.577712
-0.564101 4.086926 2.871719
-0.054755 3.838667 4.859720
-0.912461 3.253297 2.483914
0.225198 3.735783 4.045222
2.217474 4.216380 2.457391
1.806002 3.893659 3.017268
1.588767 3.248145 3.560655
2.067302 4.941990 3.421563
2.240411 4.711110 2.162783
3.919169 2.979909 2.874275
2.846956 4.743172 2.940247
3.538357 4.164887 2.960529
3.859481 4.987525 3.126046
3.660195 3.559385 3.037093
2.797989 3.557101 2.649993
4.190498 3.878351 3.509351
4.880048 4.485806 2.751190
4.238996 4.754639 3.427973
-4.458398 4.379833 3.566499
-4.816903 4.143362 3.248139
-3.849462 4.390235 2.189851
-4.758319 3.883999 0.920612
-3.596456 4.554638 3.616273
-3.854661 3.816003 2.491661
-2.923218 4.976779 3.556983
-3.775829 4.829665 3.825736
-1.954032 4.536176 4.324876
-2.314961 4.513160 2.465648
-1.959393 3.842857 4.143045
-1.432260 4.439863 3.050959
-0.343578 3.840909 3.361380
-0.011791 4.411617 1.693860
0.390049 4.795600 2.801552
0.237797 4.308848 2.192515
0.038412 4.571172 2.007419
0.075409 3.973214 3.727932
2.196879 4.203805 2.921477
1.317544 4.543396 3.083073
1.182240 3.974720 1.623205
2.069947 4.718215 2.561293
2.074301 4.686028 2.191696
3.510115 4.655925 2.712177
3.181001 4.064115 3.601359
2.397275 4.750233 1.878855
3.457269 4.233518 2.436288
2.886485 4.337920 3.094146
3.513898 3.210364 3.561391
4.972702 4.128076 4.078965
3.575151 4.275156 3.608602
4.101328 3.744096 2.973256
-4.509006 4.842955 3.325886
-3.785808 3.867862 2.984096
-4.275002 4.966825 2.953043
-3.722355 4.860703 2.579435
-4.098478 4.950511 2.360144
-2.940784 4.448096 3.503314
-3.601714 3.880733 3.041529
-3.281669 4.533988 2.944229
-2.492369 4.834842 3.364176
-2.265666 4.668138 3.825525
-1.596133 4.372281 2.031734
-1.049480 4.824239 2.871908
-1.133801 4.306606 3.816290
-0.418815 3.501889 4.735425
-0.980776 4.990644 1.829521
0.176574 3.700306 2.399175
0.649653 4.021067 2.717858
1.234143 4.825117 1.948045
1.510132 4.834532 3.111876
1.706501 4.535112 2.099458
1.579414 4.624823 2.933328
0.957670 3.819459 3.305531
1.192336 4.651494 2.659639
1.685759 4.888402 2.993275
3.064464 4.950381 2.733210
2.986121 3.730405 1.890968
3.266793 4.348580 2.627269
3.198954 4.661397 3.809068
4.537387 4.748282 3.508711
4.630990 4.962364 1.524918
4.507764 4.610962 3.102045
4.780749 4.276142 3.862751
-4.424424 -4.433888 3.612957
-3.809994 -4.593272 3.231806
-4.504115 -4.740411 3.333423
-3.796882 -4.354965 3.882388
-4.212668 -4.325607 3.641088
-3.194153 -4.975782 4.382723
-3.526998 -4.278905 3.429305
-2.507069 -4.823202 2.783780
-2.599170 -4.651519 3.147409
-2.886107 -4.555291 2.724911
-0.982598 -3.968208 3.428319
-1.614504 -4.060441 4.013684
-0.242903 -4.576104 3.684762
-1.315512 -4.569189 3.580584
-0.559989 -4.430923 4.207649
0.161927 -3.591595 2.988452
1.093005 -3.969402 3.871442
0.661569 -4.703228 2.460113
1.886668 -4.004709 2.655360
-0.435543 -4.409566 2.902084
1.682428 -4.406267 3.131634
1.251113 -4.914817 4.155486
3.162748 -4.677824 4.013021
3.554107 -4.749490 3.103599
2.805126 -4.657817 3.105942
2.833846 -4.295469 3.671772
2.966765 -4.735230 3.245285
4.347118 -4.751870 3.426205
4.278360 -4.659945 4.218486
3.175881 -4.912469 3.058881
3.613071 -3.385839 3.390424
4.901811 -4.701308 3.044413
-4.387616 -4.886155 2.753153
-4.743225 -4.247548 3.455106
-4.161492 -4.862606 2.742522
-3.681957 -4.652686 2.965380
-3.087713 -4.596682 3.366224
-3.578581 -3.818886 4.093894
-2.980192 -3.526247 3.643645
-3.488122 -4.690615 2.735108
-2.701578 -3.989418 2.287379
-1.910846 -4.232833 2.954038
-3.037175 -4.249029 4.694955
-0.672121 -4.643417 2.615807
-1.259920 -4.977681 2.373140
-1.483609 -4.560646 3.502688
0.478072 -4.181352 2.992683
-1.073090 -4.107194 3.773281
1.190619 -4.092469 3.427972
-0.195592 -3.738007 3.197910
0.274652 -4.428865 2.875957
0.630405 -4.746401 3.409567
1.777495 -3.691162 3.568634
1.664113 -4.208358 2.820460
2.474406 -4.896881 3.126533
1.946446 -4.725749 4.256241
2.485129 -4.145043 3.650114
2.981108 -3.937989 2.834653
4.199955 -4.023049 3.341479
4.371026 -4.306970 3.685209
3.065478 -4.003740 3.723150
3.750830 -4.485177 4.320757
4.993075 -4.671788 3.956614
4.262149 -3.659273 3.309157
-4.932601 -3.952666 3.632491
-4.969497 -4.193763 4.095211
-4.152420 -2.805356 4.276017
-3.181840 -3.752691 2.586714
-2.737203 -3.580193 3.583895
-3.186903 -3.867050 4.171713
-2.245434 -4.543643 2.984025
-2.760470 -4.145476 2.329360
-2.284033 -3.121941 2.229379
-1.855140 -4.618908 2.301503
-0.867503 -3.513401 3.893761
-1.267285 -4.618321 4.165911
-0.871382 -4.458276 3.560698
-1.713804 -4.998327 3.590451
0.107105 -4.403382 2.847775
1.266967 -4.752703 3.854268
-0.091202 -4.873841 4.603674
-0.089373 -4.509103 4.527354
0.276986 -3.694837 3.429777
1.077480 -4.576375 3.125076
1.286996 -3.206262 3.011227
1.289767 -4.165000 3.814476
1.162814 -4.503841 3.674531
1.625173 -4.081287 4.672334
2.574280 -3.833076 2.443758
2.792315 -4.048761 2.754534
3.243447 -4.853509 1.423302
2.906785 -4.935398 4.753968
4.991344 -3.478896 4.082953
4.313374 -3.836685 4.125079
4.395873 -4.824970 3.936418
4.563297 -3.452670 3.475691
-4.636977 -4.835223 4.332315
-4.845243 -3.452995 3.753812
-4.487703 -3.557300 4.549911
-4.341190 -4.064240 3.635363
-3.335126 -4.080761 3.763984
-3.403780 -1.900159 3.770082
-3.195886 -3.366343 3.595016
-2.769685 -2.887281 3.545930
-2.663396 -3.477658 2.490883
-1.188082 -3.511071 3.044651
-2.193108 -3.293996 3.786403
-0.892385 -4.708482 3.006360
-0.717590 -3.671633 1.946270
-0.369737 -4.087759 2.278089
-0.935201 -4.164077 3.706589
-0.692776 -4.503683 2.971836
0.406174 -3.143534 3.649730
-0.192328 -3.550808 3.574919
0.395727 -2.463912 3.301906
0.611141 -3.727496 4.002622
0.678265 -4.601813 3.431432
1.638269 -4.216366 3.863403
2.126374 -4.853394 2.514231
2.329695 -3.136111 2.765260
3.318065 -4.974772 3.662540
3.451656 -2.432943 2.965511
2.880483 -3.828006 3.696178
2.737127 -4.778641 2.400913
3.866389 -4.251738 3.670445
4.439816 -4.689262 3.996490
4.435593 -3.372081 2.456541
4.743091 -3.636823 4.899287
-4.195661 -4.030018 3.780061
-4.456866 -3.166831 3.654340
-4.430711 -2.684520 3.750772
-3.766516 -4.032505 3.554614
-2.748775 -3.033518 2.107657
-2.790823 -4.280032 2.230248
-2.827992 -4.055344 3.170983
-2.116434 -3.845085 1.975668
-2.797026 -3.710699 2.129749
-1.597114 -3.912141 1.930450
-1.509931 -4.091689 4.129299
-1.201181 -3.369684 2.993152
-2.127028 -2.660830 3.902165
-0.849143 -3.534653 3.761152
-1.091882 -3.422845 2.703936
0.450543 -2.224013 2.654951
0.498984 -3.699528 2.802632
-0.169202 -3.105046 2.715416
1.243250 -3.294525 3.278008
-0.319834 -3.695560 3.594077
0.595731 -4.505352 3.212555
2.039357 -3.269544 3.004214
1.572504 -3.594995 4.617780
1.520010 -3.943619 2.533155
2.585659 -3.112735 2.869618
4.247017 -2.480416 4.697767
3.494929 -3.572233 3.781517
4.319620 -2.850819 4.073458
3.553345 -3.056003 2.844445
4.398551 -3.620200 3.064261
4.400205 -2.784021 3.973772
4.379791 -3.166275 4.748681
-4.612933 -3.370083 4.656929
-4.184961 -4.489616 2.972597
-4.553640 -3.364307 4.247368
-4.258478 -2.393698 4.681203
-4.558122 -3.085546 3.404782
-4.076005 -3.791687 4.422352
-2.976741 -3.401007 3.695615
-2.197153 -4.970936 2.531948
-2.985734 -3.114456 1.804084
-2.351180 -3.448241 4.842430
-1.788502 -2.978723 2.503040
-2.664342 -3.139300 2.881412
-0.944945 -2.307037 4.020791
-0.220914 -4.033113 2.427397
-1.332304 -2.888843 3.370583
-1.227947 -3.345129 2.719577
0.531769 -2.503203 3.084143
-0.918374 -4.479659 2.289238
0.547410 -3.358195 2.759683
2.031580 -3.081734 3.607585
0.653152 -4.213354 3.746569
0.131845 -3.396791 3.389318
1.445366 -3.865702 3.537109
0.790828 -3.517774 2.704916
2.510295 -4.034464 3.522094
3.118664 -3.389604 2.595871
3.105203 -2.871475 3.121882
4.727838 -2.836199 3.134463
3.082548 -2.595246 3.394366
3.544336 -2.612438 2.800369
4.476533 -3.802239 3.615151
4.619994 -3.843529 3.193433
-4.872829 -2.549502 3.389540
-4.657527 -2.934273 3.503319
-4.842074 -2.154069 3.157758
-3.800477 -2.803919 3.561816
-2.582436 -2.761115 4.247609
-3.018710 -3.131692 3.276347
-3.983894 -3.196402 3.825079
-2.879865 -3.722716 2.637088
-2.047735 -2.728427 3.048256
-1.605687 -2.011192 3.246485
-1.805664 -3.923045 4.172141
-2.303465 -3.003739 3.159935
-1.383787 -3.860243 2.936144
-1.427951 -3.546883 4.465385
-0.536494 -3.615841 2.367615
-1.107216 -3.417332 3.547843
0.086180 -3.657680 2.874982
-0.096484 -3.464863 3.964617
0.032289 -3.375164 4.060143
-0.220550 -2.646293 4.077221
0.765594 -3.281466 2.682274
0.772032 -2.718224 3.896196
2.331297 -3.038090 2.955070
2.979098 -2.689390 3.783135
2.744796 -3.564000 3.115489
3.510020 -2.077479 2.804248
3.073547 -2.612128 2.611884
3.130713 -2.477033 4.172618
4.648468 -2.256126 3.747454
4.885277 -2.640959 2.458822
4.712748 -1.974755 2.886114
3.830124 -2.602107 4.170221
-4.445292 -2.717876 4.349422
-3.980822 -2.436907 2.805921
-3.449744 -3.100837 2.714129
-3.694646 -1.976051 3.874457
-3.112545 -2.197302 3.058829
-2.691105 -2.786440 2.740467
-2.055703 -3.496006 3.453124
-2.235960 -2.510878 4.110521
-2.422537 -3.061677 3.807276
-0.668451 -3.496937 3.295456
-2.295213 -2.851663 2.938851
-2.483732 -2.887304 3.612167
-1.414931 -4.053643 3.914983
-1.575406 -2.501519 4.560477
1.011757 -3.503407 3.175035
0.137095 -3.198850 3.267430
-0.604898 -3.131565 3.482470
0.258325 -1.865753 2.100845
0.196548 -1.762413 2.316462
0.756551 -3.429682 3.684914
0.929579 -1.682495 3.075755
1.917618 -1.877107 3.706228
1.208569 -3.080699 2.603695
2.099155 -2.660117 3.374735
4.240700 -2.306416 4.357275
2.783087 -2.289369 4.723872
2.495920 -2.767093 4.022532
3.306440 -1.815342 2.810342
3.715789 -3.481168 2.813637
3.392911 -2.571732 3.589023
4.628157 -2.917326 3.315347
4.950208 -2.795510 3.127394
-4.808912 -2.475151 4.419319
-4.601733 -4.350496 3.916023
-4.773468 -1.733808 4.431868
-3.098536 -2.498758 1.908343
-3.508796 -2.212369 2.567443
-2.786887 -2.384078 3.482888
-3.144200 -1.660365 4.263770
-1.954675 -1.895927 3.514534
-2.851582 -0.718646 2.582479
-2.181969 -2.666532 3.224234
-1.393442 -1.146036 3.013555
-2.329835 -1.465894 3.516394
-0.973962 -2.560079 2.288968
-1.797704 -3.381879 3.934564
-1.046218 -1.992644 3.947128
0.441937 -1.848882 1.907947
0.085924 -2.894793 4.605352
0.540258 -3.048854 3.669244
0.182805 -2.459749 3.623227
1.953257 -2.159076 2.630887
1.246672 -1.954688 4.679031
1.308845 -2.112222 3.607436
1.306999 -1.361938 3.532213
0.770877 -2.582031 3.701750
1.848127 -2.283283 3.929892
2.739899 -2.249484 4.310526
3.579404 -1.865170 3.486883
3.560087 -2.598919 3.438097
3.225820 -1.000131 3.204625
4.106464 -1.351808 3.659786
4.928668 -2.420815 3.217743
4.216840 -2.261969 3.050667
-4.356067 -1.487219 3.572954
-4.613458 -1.608523 3.104102
-4.684519 -2.365113 3.697071
-4.128962 -2.235397 2.413176
-3.110981 -2.164103 4.465574
-3.379589 -1.487904 3.507272
-2.994129 -2.304817 2.641846
-2.547912 -2.569926 3.007704
-2.666669 -1.769249 3.760423
-1.444068 -1.819285 3.901081
-2.440785 -1.418419 3.104528
-1.056338 -1.117024 3.501049
-1.234575 -2.666585 4.513740
-0.603045 -1.925475 3.365756
-0.350701 -1.793447 3.543783
-0.085989 -1.461951 2.580457
0.363272 -2.284926 2.923717
-0.710142 -2.849474 3.352885
3.040632 -2.344889 2.617955
0.754050 -0.388824 3.551923
1.352916 -1.096606 3.899487
2.206442 -1.911321 3.389290
2.930034 -2.415642 4.097063
1.092084 -1.782762 3.166573
2.969318 -2.094651 2.515031
2.311453 -2.275127 3.284109
3.152628 -1.989907 4.597255
3.807265 -3.857603 2.440665
4.333591 -2.926925 3.535319
3.729882 -2.556534 3.340129
3.906457 -0.990551 2.757312
4.495903 -1.925860 4.631498
-4.445508 -1.114001 3.366805
-4.156119 -1.908120 3.865865
-4.415459 -2.216357 2.506567
-2.939642 -2.453576 3.393845
-3.408979 -2.363574 2.760526
-4.311016 -0.772367 2.500540
-3.423869 -2.171632 3.415740
-2.744076 -1.583592 3.772477
-2.696769 -1.167825 3.304332
-1.409277 -0.840649 2.571677
-1.925982 -2.548162 2.866621
-0.998388 -2.065066 3.714643
-2.548444 -1.613644 3.353992
-0.385073 -1.548830 2.893224
-0.457636 -2.930779 2.868941
-0.680643 -1.058878 2.904033
0.973046 -1.163695 4.161646
-0.755117 -1.654187 2.324598
1.761976 -0.573515 2.982567
1.295568 -2.786989 3.948556
2.425693 -3.261286 3.069630
1.063137 -1.389733 4.404396
2.603646 -2.283473 3.981467
2.293295 -0.973926 1.848038
2.512675 -1.004672 3.015417
2.546961 -1.211132 4.407343
2.627342 -2.332763 4.682199
1.846960 -0.843224 3.935878
4.882505 -1.894889 2.571587
4.013956 -0.888153 3.962645
3.906461 -2.552321 2.958761
4.701751 -1.524482 2.987423
-4.580995 -2.681663 2.957035
-4.876303 -1.050388 2.709506
-3.716712 -1.376248 3.023953
-4.212187 -1.142729 2.893095
-2.844656 -1.605804 3.282516
-3.188410 -1.210303 2.546851
-3.565676 -0.925676 3.213844
-3.191664 -1.404422 3.805636
-2.893915 -1.375855 3.076368
-0.912944 -1.068748 2.997320
-1.208289 -1.668881 3.356559
-2.124864 -1.234113 3.374686
-1.809708 -1.851879 4.081810
-0.926815 -1.824390 3.199921
-0.921133 -1.813098 3.483737
-0.657939 -1.490593 3.648226
-0.551001 -2.323694 3.486899
1.048295 -0.918971 4.852987
-0.118959 -1.426976 3.608986
0.792301 -0.452380 4.197674
1.584987 -0.717493 2.426847
2.209647 -1.503622 3.317396
1.835522 -1.187032 1.935337
2.643752 -2.237745 1.745299
2.957607 -2.106056 3.603735
2.566142 -1.278708 3.854520
2.926629 -1.616912 3.997092
3.348127 -1.958688 3.807704
4.689442 -1.776284 2.776034
4.969052 -1.181820 3.268600
4.972122 -2.080581 2.147819
3.994538 -2.130065 3.949131
-4.567830 -1.253099 2.412832
-4.693017 -1.438076 3.922856
-3.530426 -0.821058 3.359349
-3.135393 -1.297671 3.593725
-2.923153 -1.608084 4.281505
-3.695209 -0.862615 4.750883
-2.493787 -1.728656 3.248924
-1.742516 -1.811911 1.757983
-3.879171 -1.130168 3.917169
-2.557455 -0.333793 2.133681
-1.702622 -1.054001 3.715721
-0.490730 -1.152759 2.833728
-1.391154 -1.955837 2.054893
0.068131 -1.393198 3.812289
-1.024444 -0.374042 2.858646
-0.976431 -2.067219 2.671331
-0.248952 -1.493813 3.018880
-0.001832 -0.982155 3.714061
0.273618 -0.532674 2.431695
1.646409 -1.417443 3.310946
1.547161 -2.000713 3.619267
1.920713 -0.547687 4.049870
0.621135 -1.033612 3.624360
2.437797 0.070113 4.968027
1.927475 -1.444254 3.034372
3.712939 -0.660772 4.201303
2.651531 -0.079401 4.076874
3.776085 -0.315174 3.549743
3.391622 -2.355864 3.874666
3.549858 -1.367773 3.889580
4.524148 -1.990715 4.326685
4.619058 -0.387756 2.969030
-3.600752 -0.038092 2.531043
-4.069800 -0.988291 3.658479
-4.832896 -0.121812 3.310707
-3.487777 -0.664422 3.094037
-4.278551 -1.277730 3.467991
-2.815672 -1.024058 2.807893
-4.277121 -0.940080 2.836515
-2.741824 -0.603984 3.391164
-2.072788 -1.158958 2.348626
-2.352483 -0.140469 3.538184
-1.271281 -0.671475 2.949782
-1.556142 -0.460013 3.350686
-0.469872 -0.075231 3.067022
-0.903342 -0.554252 2.938050
0.200500 -0.356898 3.248400
0.078316 -0.561429 3.027685
0.254905 -1.751198 3.042200
0.304985 -2.113932 3.947251
0.327163 -0.698341 2.841506
1.447158 -1.431774 2.585583
1.046971 -1.258821 3.810365
2.832196 -0.389739 3.913967
1.465058 -1.985231 4.266585
2.450044 -1.772581 3.289057
2.118631 -0.730577 3.977144
2.649825 -0.553962 4.100243
4.043189 -1.119306 1.809489
4.098517 -1.545921 4.425444
4.609337 -1.572408 3.180479
4.925899 -0.901073 3.831342
4.813183 -1.033308 4.141197
4.775949 -2.127804 2.220172
-4.893079 0.300464 4.076580
-4.422394 -0.233231 3.506406
-2.382628 -0.443071 3.447986
-4.601049 -0.183208 3.873979
-3.894037 -0.699325 3.053100
-3.984404 0.005139 3.211186
-2.672644 -1.362584 3.637103
-1.624856 0.260654 4.045639
-3.198654 -0.927673 2.700702
-2.627100 -1.219951 2.641541
-1.096671 -0.245169 2.512619
-1.047565 -0.673083 3.536681
-1.524611 -0.841533 3.148735
-0.970789 -1.038229 4.120265
-0.282563 -1.247311 3.087222
-0.365497 -1.282102 3.585121
-0.455232 -0.535116 2.136328
-0.010714 -1.429107 3.049365
-0.535446 0.039389 2.508975
0.267235 0.599886 4.108850
0.680768 -0.292833 2.921271
1.760569 -0.611595 3.574675
2.150656 -0.699337 3.058938
3.085419 -0.153701 2.846293
2.553595 0.007824 3.829222
3.678549 0.351865 2.717422
3.047825 0.111334 3.992023
4.267677 -0.037518 4.126183
3.728594 -0.313242 2.183847
4.090088 0.078458 4.160742
4.962006 -0.694743 2.576299
4.892191 -1.396062 2.360502
-3.877081 0.870494 4.606334
-2.950462 -0.270133 4.658775
-4.320498 -0.983712 3.056169
-4.377016 -0.042493 3.707784
-2.334312 0.594663 2.772661
-3.022191 0.268845 3.580698
-2.480267 0.720228 3.083194
-3.253611 0.757159 3.664136
-2.305483 0.932145 2.079209
-3.051731 -0.134289 3.321089
-0.527879 -0.871818 3.824368
-0.147510 -0.823670 3.785062
-0.911587 0.780993 4.211191
-0.841632 0.023069 4.062847
0.553960 0.223836 3.396787
-0.006014 -0.275038 3.070744
-0.714642 -0.490237 2.741432
0.301360 -1.058353 4.684856
0.723127 -0.919969 2.233132
1.472652 -0.564846 3.828792
0.990854 -0.996309 4.223140
2.343664 -0.380695 4.048843
1.319226 -0.194319 2.298857
2.186568 0.112669 3.177205
2.429360 0.590841 3.886148
2.512023 -0.077150 3.545858
3.049618 -0.711091 3.821409
4.717224 -0.435815 3.187074
4.300727 -0.116480 3.766154
3.766376 0.826574 4.334333
3.594912 -0.601608 3.375854
4.509383 1.525486 2.617585
-4.284269 -0.666843 3.708049
-4.319088 1.094288 3.220395
-3.808472 -0.210656 2.667373
-2.893699 0.012301 3.485882
-3.731413 0.792003 2.835705
-3.405672 0.408188 4.353347
-2.868740 1.005186 2.815439
-3.469175 0.018845 3.606115
-1.329187 -0.426428 2.531862
-1.282138 -0.646404 3.784283
-1.053128 -0.934046 3.424332
-0.977669 1.727842 2.901433
-0.123455 1.678357 3.321557
-1.344776 0.680283 3.736740
-1.047693 0.264159 2.557102
-0.081464 0.879506 2.603184
0.786508 -0.514828 2.583304
-0.232157 1.040556 3.131425
0.328217 0.110337 1.893670
0.096185 -0.999575 3.423705
1.529719 0.049895 3.860728
1.622217 -0.230114 2.619042
2.522236 1.434837 4.698966
2.368599 0.714677 4.507147
2.782382 0.258941 3.996117
3.080732 -0.370003 2.743455
3.345324 -1.181685 2.240597
3.408790 -0.224574 1.730958
3.103486 0.407596 3.994020
4.477368 1.401168 3.803682
4.699042 -0.258895 3.609350
4.429649 0.163211 4.146072
-4.876039 -0.561836 3.491320
-4.765187 1.204709 3.349437
-4.059444 0.528830 3.197215
-3.375075 1.038815 3.768861
-3.147157 1.011553 3.087017
-3.956235 -1.026564 3.474018
-2.510510 0.510975 2.879950
-3.522862 -0.395080 3.152848
-2.422924 0.530088 2.656721
-2.017722 0.225299 3.551922
-1.155483 -0.420190 3.659023
-1.770212 1.192295 3.557388
-1.830146 0.642633 3.511070
-0.901440 1.146405 3.120466
-0.705162 1.938474 2.932122
0.554380 0.091483 3.597454
0.441570 1.667382 2.579365
0.777472 -0.811288 3.206070
1.347569 -0.567230 3.802257
1.388983 0.027419 2.398248
1.582502 0.792009 3.045483
-0.247018 -0.319100 2.516840
1.939191 1.517723 3.482336
2.242233 1.006970 4.066551
3.855145 0.030137 2.415258
3.270023 1.351158 3.680256
3.464985 0.500008 2.038407
2.803162 0.995744 2.518371
4.721948 0.299445 3.516933
4.107192 1.723724 3.142937
3.719358 0.276438 2.569200
4.196012 1.151096 3.088323
-4.731675 0.232916 3.835637
-4.588201 2.165098 4.560077
-4.281407 1.032585 2.711195
-4.207211 1.291360 3.474535
-4.149810 0.682769 2.599087
-3.101316 1.970545 2.129896
-2.105237 -0.918008 3.583284
-1.793419 1.331442 2.975041
-1.458257 1.525000 2.101224
-1.598752 0.975235 2.267921
-2.262128 1.419028 4.511697
-0.713638 1.440420 3.201380
-0.693846 0.707481 4.255831
-1.038901 0.338513 3.177706
-1.344402 -0.447118 3.714501
0.117054 1.718756 3.033684
0.331236 0.120436 3.762850
0.917288 0.269520 3.130063
1.077986 1.167349 2.896933
0.469240 0.157777 4.222020
1.032143 1.004439 3.160187
2.191843 -0.059085 1.929164
1.364142 0.152548 3.075004
1.575178 0.817650 4.353879
1.935096 2.294446 2.641075
2.920111 0.685901 3.439693
3.704002 0.469997 2.596292
2.815010 1.400374 2.968962
3.395021 0.933899 4.426160
3.936241 0.231678 2.340686
4.990614 -0.664479 3.612602
4.905740 1.825045 3.138074
-4.724232 1.380418 2.978431
-4.636998 -0.039398 3.720930
-4.416666 1.844950 2.416106
-4.037871 0.962776 3.216393
-3.502556 1.792968 2.803252
-2.030438 1.487562 2.231584
-2.291108 1.279431 3.729253
-2.151857 1.750633 2.975403
-0.716511 0.819104 2.996668
-2.533921 -0.263993 3.419060
-1.528138 0.228698 2.366107
-1.995219 0.662962 3.695718
-1.452304 0.668103 4.064629
-0.745292 1.314148 3.752322
-0.684280 0.908035 2.536671
0.482171 0.317058 4.006159
0.380344 -0.539910 3.516502
-0.333564 0.922938 2.188405
1.101534 0.494433 2.221088
0.159593 2.263686 4.715606
0.655696 0.872367 3.132868
2.522933 0.320392 3.528532
2.501308 1.284895 2.895352
1.884038 0.957461 2.603915
1.804159 1.710345 4.048929
2.254385 1.198334 2.742718
3.982438 1.843861 2.054429
3.906245 1.003498 2.979116
4.293446 0.844120 3.527206
4.096804 -0.139002 3.765310
4.582538 1.110008 2.002602
4.321071 0.852323 2.869179
-4.568902 1.331582 4.115752
-4.666627 1.574745 3.875702
-4.628058 1.377273 3.875172
-3.979357 0.977896 4.309026
-2.847062 1.681465 3.096824
-2.753611 2.608130 4.925314
-2.905539 2.111587 2.889600
-3.466293 0.877941 3.714627
-2.615910 2.061953 3.500723
-2.924295 1.037812 2.939604
-1.927405 2.310918 4.976675
-1.268345 0.324639 1.835161
-0.373632 1.229261 3.050870
-1.302383 1.470075 3.528060
-0.412563 0.711082 3.382045
-0.161405 0.836792 3.161099
-0.355338 2.399261 4.053216
-0.322591 0.956716 3.442858
0.997795 1.382427 3.649752
1.971773 1.086775 3.228307
2.069587 1.645460 2.550218
1.060505 1.405883 3.236148
2.374596 2.112655 3.145667
2.291698 1.938339 2.854717
1.897350 2.015609 3.088122
2.545894 0.556229 3.706020
2.605061 1.228664 3.544524
4.478570 2.529995 3.745327
4.008420 1.741958 2.859631
4.795913 -0.202182 3.750624
4.670942 1.577715 4.456099
3.612833 1.698018 2.600331
-3.936726 1.780340 2.238576
-3.396997 1.463983 3.974644
-3.979317 1.384033 3.490437
-4.579107 2.195974 3.414710
-4.300839 1.910055 3.819587
-3.647677 0.232066 3.419576
-4.735542 1.815169 3.650788
-3.030805 1.621385 4.004614
-2.081293 2.621460 3.068948
-1.471849 2.012966 2.922708
-2.785220 1.645475 1.893418
-0.895819 2.042575 3.544733
-1.309902 1.103279 2.365566
-0.928835 1.445602 3.113887
-0.940592 1.008000 4.978362
-0.255381 2.300155 3.255451
0.920564 1.222468 3.003288
0.889890 1.201152 3.132110
1.501289 1.488672 3.467230
1.607364 1.103344 3.593377
1.775065 2.044851 2.951806
1.858667 1.918682 3.399688
0.871128 0.950834 3.278465
1.866055 1.772893 3.311640
3.280628 0.770481 4.316339
2.793278 2.267071 3.358556
3.415240 2.052962 1.771068
3.405458 1.670244 3.361794
4.580091 2.201727 4.402381
3.862941 1.636669 3.507142
4.056804 1.630021 3.897405
3.880820 1.712197 4.576288
-4.806032 2.321725 4.255901
-4.931345 2.929450 3.094884
-3.944976 2.320291 4.887163
-4.169591 2.069257 3.610683
-3.365350 2.294122 3.632928
-3.363569 1.797540 2.496631
-3.428051 1.578490 2.926601
-3.454364 1.833052 3.002795
-1.277444 2.118652 2.136343
-0.929622 1.328448 3.488602
-3.096646 2.010989 4.031482
-0.468724 1.618784 3.157480
-0.782385 3.187384 3.577655
-1.131463 1.686341 2.714383
-0.866619 3.484437 2.412917
-1.334365 2.155654 3.943428
-0.049537 1.531214 2.977348
0.051500 1.205978 2.219946
0.008236 2.675443 1.822516
0.762206 2.458239 2.196589
2.519750 1.574312 3.259919
1.099977 1.268704 2.477833
3.060020 1.864242 3.677079
3.440163 2.706328 3.131476
3.461820 2.276721 2.646420
3.205848 2.241477 3.529659
3.816771 1.957290 2.801087
3.926579 3.656572 2.826432
3.599822 2.503291 3.688780
3.941568 3.220189 3.061773
4.379306 2.847432 4.439335
4.335815 2.687059 3.952602
-4.288653 1.326043 4.453376
-4.678926 2.625240 2.235691
-4.623379 1.792576 2.509773
-3.641537 2.027892 3.167518
-3.206246 2.876676 2.537417
-2.823056 2.548501 3.856432
-2.569040 3.519289 3.064991
-2.760174 1.687826 3.735818
-2.708089 2.041245 3.683417
-2.166157 2.386638 3.180023
-1.659556 3.442713 3.548568
-1.423705 3.252985 3.003327
-0.199261 2.198943 3.562360
-1.229586 2.178636 2.983360
-0.821579 3.336086 3.176671
-0.743075 2.495845 3.581477
-0.809922 1.295936 2.532678
1.570025 1.652559 3.892169
0.184692 3.244619 3.447396
2.476911 2.142300 3.336711
1.595774 2.621868 4.150833
1.102984 1.586155 3.191421
1.439698 1.716872 3.620510
2.471480 2.858115 3.762517
3.039559 2.424391 3.934187
3.075705 2.101112 3.306993
3.056114 2.378459 2.837882
3.719172 2.445609 4.671014
3.478536 2.131625 3.123751
4.182982 2.966648 3.713320
4.752366 2.109018 4.141128
4.577728 2.985166 4.560815
-4.375352 2.700564 2.903143
-3.808319 2.524852 3.264163
-4.245748 2.655511 3.126451
-3.828438 1.172592 2.968928
-3.724626 3.850972 3.462147
-2.935833 2.857232 4.057712
-2.199044 4.224473 3.259358
-2.751874 2.459564 3.153369
-2.670026 2.422682 2.091373
-2.015260 2.161229 3.159803
-2.146699 4.112298 3.031251
-2.081438 2.301348 2.494890
-1.410935 3.900488 2.777341
-1.122367 2.852454 2.996713
-1.008039 2.326253 4.166643
0.166958 1.726171 4.286567
-0.772886 3.484068 3.763230
-0.503806 1.918066 2.404476
1.075786 1.648555 3.954720
1.322703 2.436112 4.752930
0.627818 2.510255 1.399730
0.383967 2.142373 4.107260
1.740473 2.902237 2.452256
1.977961 4.410380 3.792863
4.339197 4.090199 3.650148
3.318478 3.344918 2.810582
2.608260 2.737728 3.642130
3.201269 2.940784 2.336253
3.726424 2.863227 2.369227
3.676583 2.690698 3.410318
4.801217 4.166400 3.801652
4.529212 3.233908 2.371086
-4.666248 2.533665 3.742843
-3.647521 2.833843 3.759088
-2.960023 1.889471 4.376545
-4.535787 2.931914 3.930148
-3.218388 2.677178 4.743459
-2.891412 3.623207 3.145598
-2.270993 3.766073 2.870611
-2.183193 2.556879 3.545978
-1.938369 2.808050 3.583289
-2.477106 3.095533 2.465535
-2.426971 4.556187 4.465538
-1.838293 1.693563 2.946570
-0.996143 2.079076 2.439761
-0.165816 3.707087 4.165994
-0.185071 2.767635 3.271877
-0.506715 3.123781 3.821456
-0.299446 2.835379 3.507302
0.086439 2.019972 4.003216
0.756388 2.899474 4.205565
1.187425 4.195575 2.648049
1.318834 3.831634 3.602919
1.096416 3.798569 3.322978
2.392509 1.627417 3.926905
1.982650 3.466457 4.673635
2.797756 2.895320 2.435834
1.568710 4.434543 2.911192
3.675109 3.417067 3.555339
4.460731 2.365402 3.808488
3.125936 2.945111 4.665996
3.507085 3.285075 2.767490
4.405322 4.133120 3.461393
4.650044 2.346004 2.361769
-3.660775 3.087917 3.371247
-4.583346 3.043193 2.602779
-3.868500 2.707185 2.928612
-3.799581 4.183665 3.716643
-3.383785 3.822261 3.398203
-2.891356 4.339877 2.640244
-3.133604 2.872188 2.928933
-2.089318 3.779496 3.832274
-0.591655 3.709303 2.954004
-2.036383 2.814028 2.848459
-1.861834 2.512861 4.028963
-1.647304 2.551073 2.661924
-1.394232 2.800902 3.360417
-0.405362 4.170246 4.437207
-0.595994 3.203185 2.488291
-0.449458 4.167619 3.169656
0.293504 3.288281 4.141351
0.864196 3.264553 3.188009
0.878614 3.120781 4.646567
0.859957 2.355781 2.862502
1.428197 4.367194 3.111027
2.579645 3.015670 3.416742
1.334850 3.468214 3.745668
1.318688 3.754438 3.160286
3.318813 3.857592 2.940752
3.428802 3.492754 3.122715
3.016113 3.943964 3.263499
3.787522 3.309128 2.856500
2.629438 3.160494 3.604561
4.827096 3.645591 2.423841
3.952735 2.538378 3.008012
4.465608 4.092611 1.830138
-4.584310 2.926014 3.777292
-4.620112 2.364788 3.458956
-4.293869 2.822761 3.442518
-3.715573 3.742931 3.604072
-4.022236 3.826184 2.508206
-3.634250 3.237654 3.747778
-3.378194 3.833929 1.952689
-2.715021 2.285839 4.950190
-3.256302 3.902522 2.620140
-1.863229 2.874729 2.619305
-1.484315 2.851487 4.086509
-1.021309 3.801534 2.696136
-2.284328 2.925956 3.134506
-1.844123 3.356426 2.762547
0.823963 3.193057 3.612857
0.727856 3.550246 4.219577
0.195831 2.841264 2.848505
0.950421 2.271152 2.991683
0.625932 3.906011 3.871428
1.951513 4.220911 3.186842
2.175555 3.490402 4.608330
2.155858 4.149632 4.406464
1.373985 2.697701 3.525360
2.474433 3.958375 3.239870
3.088307 3.527630 3.169604
4.034168 4.151248 3.793113
2.326436 3.846265 2.965841
3.511248 3.904426 3.548259
3.293122 3.606149 3.716046
3.873236 3.372706 2.725322
4.574723 3.861968 3.650242
4.715591 3.384764 3.890814
-4.991136 2.868622 2.800604
-4.612299 3.577309 3.615252
-4.134021 4.108476 2.583262
-4.099908 4.248015 2.621585
-2.584300 3.718283 3.297826
-3.203390 4.884544 3.393460
-1.998089 2.400888 3.129459
-3.920628 2.614712 3.208236
-1.605786 3.349241 2.764689
-1.323720 4.619251 4.289940
-1.630991 4.112930 3.277773
-2.336131 2.860310 2.504031
-0.172611 2.045597 2.452815
-0.282182 3.540560 2.932549
-0.344518 2.840869 4.416366
0.392916 4.407861 2.641935
0.824652 4.863234 3.675910
0.738664 4.492410 2.656631
1.134074 3.465061 3.837514
0.858882 2.812591 2.726180
2.137645 4.256327 3.508874
1.660673 3.809232 2.588787
1.181122 4.723276 3.175124
2.229175 3.325234 2.931570
2.288442 4.931168 4.239006
2.069853 3.561382 3.649035
3.741905 3.283236 3.860936
3.461938 3.412959 2.689843
2.459965 4.373541 3.130132
3.698403 3.202588 3.233345
4.037886 4.746352 3.867400
4.575614 4.116504 4.677632
-4.637453 4.196342 4.265464
-4.590434 3.421490 2.494678
-4.391968 4.390041 2.222604
-4.391986 4.781862 3.570115
-2.942308 3.350722 2.663993
-3.225183 3.549937 3.701568
-3.302306 4.880789 3.022109
-2.788708 4.439697 3.595365
-2.448192 4.927016 4.857323
-2.834125 3.876130 2.887937
-0.710885 3.485776 3.986504
-1.294723 4.844933 3.064896
-2.121813 3.571105 3.250008
-0.024968 3.798774 3.352053
-0.075682 3.947520 3.340096
-0.145436 4.564378 4.935431
-0.265630 3.147946 2.372470
0.601079 3.641960 3.794823
1.072883 4.506245 3.353417
2.227589 4.730941 3.752163
1.847605 3.981592 3.803952
1.761598 4.832361 3.980776
2.445290 4.318018 3.477944
3.332211 3.017140 3.165552
3.245609 4.858483 3.518232
3.556760 4.547559 3.704575
3.975547 4.735800 3.559892
4.048048 3.155787 3.708814
3.332206 3.640319 3.486339
4.056426 3.159761 3.874474
4.077981 4.139155 2.355275
4.439228 4.909089 4.075696
-4.570550 4.424908 3.773249
-4.806828 4.044042 3.941586
-3.439137 4.067256 2.165871
-4.628030 3.600838 1.221565
-4.026547 4.881863 3.858816
-3.148621 4.096066 3.078403
-3.410925 4.987982 3.707134
-3.368822 4.843799 4.062513
-2.493606 4.463558 4.734371
-2.448998 3.340635 3.092141
-1.626641 3.857778 3.757864
-1.304510 4.679231 3.303650
-0.593805 4.659259 3.777560
-0.307927 4.016486 2.648106
-0.028323 4.736776 2.974554
1.164655 4.267528 1.729681
0.069872 4.565740 2.449256
0.256648 4.234337 3.593882
2.298593 4.482203 2.717369
1.430021 4.584364 3.570834
1.369346 4.482807 2.410142
1.648167 4.799399 2.637189
3.237105 4.615595 2.340889
3.448522 4.718916 3.337450
2.960930 4.741659 3.353696
2.407893 4.757856 2.427599
3.364212 4.002853 3.103903
2.714469 4.536506 3.632394
3.613359 3.984127 3.987704
4.970066 4.029820 4.343003
3.829007 4.430094 3.881296
4.576947 4.181303 3.647576
-4.371828 4.884176 3.482189
-3.836602 3.936833 3.815265
-4.397786 4.941171 3.163012
-3.610368 4.846167 2.339724
-4.521022 4.822466 3.719149
-3.532483 3.934968 3.297104
-2.809988 4.306506 3.214831
-2.595976 4.380031 4.146503
-2.331357 4.858335 4.220505
-1.894069 4.163999 4.163484
-1.081737 4.405935 2.740938
-1.447795 4.882350 3.644176
-1.712563 4.884914 4.018570
-0.313535 4.511375 4.881849
-0.885969 4.986105 2.086387
0.167930 4.566919 2.076361
0.888677 4.147988 2.589467
1.610996 4.918557 2.516888
1.310761 4.813514 3.446081
1.559303 4.429259 2.337578
0.514247 3.951807 2.629569
1.022803 4.535177 3.706945
0.711936 4.059451 2.834494
1.775898 4.394758 3.082424
3.057643 4.623415 2.796400
1.983120 4.691052 1.999092
3.734574 4.089532 2.727197
3.833023 4.749313 4.755695
4.335851 4.865639 4.251132
4.357405 4.978317 1.583315
4.521277 4.616900 3.781207
4.630913 3.836217 4.013711
-4.175560 -4.375087 3.858731
-3.683297 -4.978933 3.742640
-4.750150 -4.772894 3.997971
-3.550508 -4.398482 3.817935
-4.152438 -4.693223 3.624918
-3.326071 -4.908807 4.284370
-4.098324 -4.048629 3.611084
-2.668443 -4.770336 3.011543
-2.184092 -4.982131 3.680902
-2.400934 -4.875752 3.005540
-0.847863 -4.671781 3.188166
-0.310339 -4.272344 3.678684
-0.298679 -4.144728 3.960325
-1.941125 -4.862334 3.836428
-0.657870 -4.772912 4.447863
-0.440377 -3.176658 3.182858
0.642313 -4.876115 4.428081
1.014508 -4.419558 2.247041
2.899014 -3.918881 3.854985
0.297701 -4.569823 3.162446
1.812473 -3.834319 3.964230
1.771815 -4.592365 4.128326
2.858364 -4.866464 4.521831
3.602856 -4.535868 3.437964
3.119027 -4.542733 3.977300
2.567014 -4.387775 4.460319
3.190271 -4.499802 4.659586
4.098772 -4.717382 3.831286
3.736504 -4.827698 4.750656
3.672821 -4.920634 4.129158
3.676459 -4.385948 2.440969
4.943988 -4.789895 3.539363
-4.066885 -4.654718 2.801451
-4.848863 -3.267340 4.282906
-4.156571 -4.927608 3.691644
-2.884288 -4.535959 3.468841
-3.530463 -4.499119 3.928815
-3.578764 -3.783754 4.407748
-3.263532 -4.222756 3.831566
-3.122197 -4.624918 3.603036
-1.846714 -4.052130 3.463976
-2.467952 -4.439847 3.390283
-2.997011 -4.404342 4.694798
-1.240935 -3.961983 4.064027
-1.390991 -4.989372 1.530733
-1.315368 -4.610695 3.330022
-0.077796 -4.233688 3.463308
-1.141099 -4.296429 4.102113
1.698729 -3.957078 3.994433
-0.201636 -4.266587 3.779636
-0.176403 -4.327628 3.031205
1.148011 -4.754300 4.410424
2.112735 -3.735996 4.280661
1.174887 -4.472754 3.234352
2.716573 -4.808147 3.675493
1.892635 -4.905952 4.614877
2.413909 -4.932408 3.312334
2.750181 -3.988761 3.612191
3.788002 -4.115510 3.397196
3.794999 -4.598008 3.091214
2.395227 -4.567419 2.835934
4.170397 -4.179510 4.302041
4.930902 -4.705767 4.589705
4.046693 -4.106405 3.903857
-4.957142 -3.382035 3.810324
-4.900584 -4.236469 4.236336
-4.329105 -3.606771 4.165113
-3.270433 -3.885156 3.431944
-3.021443 -3.762518 4.400429
-3.609986 -3.989150 4.164607
-2.841307 -3.413152 2.695247
-2.264126 -4.014157 3.203578
-2.175076 -3.246603 3.123601
-2.287635 -4.581708 2.756739
-1.052442 -3.675004 4.798588
-2.173201 -4.066999 4.676513
-0.742358 -4.257353 3.328812
-1.052479 -4.156179 3.952813
-1.044859 -3.635520 3.616500
0.667311 -4.682464 4.716674
0.219801 -4.659565 4.479584
0.574288 -4.568874 4.213082
0.994949 -3.512571 3.479509
1.610812 -3.903258 2.862928
1.970611 -3.361481 3.144403
0.659043 -4.110303 4.286258
0.596634 -3.584514 4.220662
1.758641 -4.120953 4.496458
3.045236 -3.498435 2.043302
2.493547 -4.146214 3.193833
3.269070 -4.411626 2.317323
2.925894 -4.847867 4.280978
4.824642 -3.224769 4.241827
4.290382 -4.005266 4.985313
4.533799 -4.751138 4.306674
4.903025 -4.058364 3.371141
-4.322752 -4.826016 4.481558
-4.040152 -3.045518 3.588932
-4.952963 -3.501244 4.640811
-3.887928 -3.898449 4.427169
-3.094524 -3.852152 4.339167
-2.972407 -2.962269 3.750765
-3.425531 -4.132606 3.876877
-2.535657 -3.613300 4.049029
-3.356648 -4.077094 2.709809
-1.323736 -4.187019 3.588329
-2.029271 -4.030032 3.352280
-1.012627 -4.696641 3.124970
-0.240381 -3.022498 1.746291
-0.545882 -4.114374 3.030596
-0.374035 -4.126134 3.483389
-0.645593 -4.471310 3.189519
-0.402161 -3.046039 4.514291
0.266548 -3.078312 3.874375
-0.165426 -3.568349 2.724910
0.134381 -3.640591 4.497742
0.154023 -4.869173 3.588443
1.081386 -3.996139 3.414776
2.483063 -4.401742 2.973622
1.991397 -3.988521 3.745865
3.449429 -4.966430 3.763686
3.589871 -3.004899 3.562249
3.194429 -3.693335 4.219366
3.493164 -4.693589 1.902807
3.945069 -4.017264 4.047414
4.072494 -3.973033 3.840166
4.448808 -2.998277 2.617596
4.606471 -3.667712 4.800923
-4.130980 -4.953474 3.183922
-4.672145 -3.028839 3.987516
-4.532897 -2.124556 3.782647
-3.771204 -3.543700 4.115461
-3.353966 -2.999423 2.521882
-3.256849 -3.953080 2.758076
-2.747261 -4.157736 3.509321
-1.117718 -4.031317 2.658328
-2.062683 -3.911605 3.216659
-2.266361 -3.316140 1.651525
-1.552543 -3.321081 3.905256
0.041253 -3.138514 4.624050
-2.212932 -3.259753 4.911800
-0.623240 -3.123982 4.006499
-0.247210 -2.706751 3.322828
0.823844 -2.101697 4.186594
0.504818 -3.132789 4.196087
-0.299079 -2.984630 3.479955
1.537468 -3.674603 2.746420
-0.496626 -4.144402 4.007061
1.247942 -3.647104 3.402055
2.321666 -2.899874 3.882800
1.783650 -3.947565 4.731611
1.132733 -3.641475 3.128525
1.693008 -3.121446 3.288423
4.534272 -2.891006 4.044144
3.862030 -3.669148 4.796586
4.636832 -3.693878 3.829396
3.895933 -3.210169 2.807088
3.325280 -2.495697 3.414590
4.625251 -3.307512 4.055074
4.280786 -3.165827 4.880429
-4.222505 -3.361492 4.688283
-3.686318 -4.412995 3.517739
-4.423254 -2.737842 4.706498
-3.690523 -2.579297 4.512566
-4.850492 -3.499440 3.506615
-4.094359 -3.314785 4.773774
-3.539127 -3.461783 4.584370
-1.965725 -3.843322 2.879885
-2.485168 -3.494845 3.048124
-2.947991 -3.553586 4.958355
-1.031702 -2.496138 3.548536
-3.199181 -3.001202 3.977492
-0.978882 -1.457719 4.079201
-0.198626 -3.526129 2.865519
-0.687442 -3.237629 3.685786
-0.413911 -3.391867 3.123488
-0.078192 -3.610559 3.925529
0.268526 -3.984207 2.724283
0.890313 -2.949821 3.188231
1.777781 -3.163172 4.751217
0.435781 -3.891857 3.068342
0.404019 -3.164247 3.893088
1.390415 -4.321574 3.118239
1.530437 -3.134564 3.059801
2.027539 -4.771581 4.382169
3.257135 -3.637349 2.804035
3.548414 -2.617821 3.773979
4.844774 -2.993718 3.613273
2.540411 -3.210435 3.281845
3.227769 -2.738853 2.191357
4.472677 -3.425637 4.585851
4.929358 -4.132873 3.957455
-4.525396 -2.652620 3.121548
-4.726388 -3.072114 3.590790
-4.538644 -2.677840 3.506064
-3.799502 -2.650748 3.722824
-2.737565 -2.263639 4.143847
-2.918412 -2.577884 3.585413
-4.255849 -3.717355 4.340301
-2.816983 -3.497882 4.174480
-1.899420 -2.719391 2.950960
-2.185029 -2.210749 3.352891
-1.328594 -3.511372 3.758195
-1.323308 -2.994805 4.183271
-1.786947 -3.970563 3.356334
-1.158070 -3.391584 4.360800
-0.802080 -3.429681 3.260441
-1.683519 -3.271716 3.543450
-0.015550 -3.792116 3.898269
-0.527191 -3.276257 4.168687
1.245266 -3.044896 4.600000
-0.169710 -2.746034 4.172804
1.776918 -3.334114 3.030960
0.916115 -2.581569 3.070602
2.109924 -3.536993 3.407069
2.511822 -2.804332 4.486085
3.298728 -3.762419 3.416817
3.559778 -2.767244 3.206628
3.644120 -2.301775 2.815776
3.100030 -2.710784 4.235633
4.817441 -2.343983 3.812706
4.746623 -3.377892 2.298436
4.280349 -2.038517 4.673276
4.258204 -2.273726 3.337948
-4.250342 -2.883410 3.510520
-3.509104 -3.139392 3.107907
-2.946864 -3.539981 3.187011
-3.362346 -2.592584 4.084126
-3.225532 -2.310617 3.895360
-2.795761 -2.708169 2.649013
-1.743319 -3.205578 3.092377
-2.115578 -2.392264 3.965278
-1.978318 -2.804239 3.882067
-0.975701 -2.869244 4.074453
-1.003605 -2.255142 2.798172
-2.611213 -2.966333 4.000488
-0.659787 -4.129282 4.115585
-0.594467 -2.238501 4.085732
0.575476 -3.194782 3.414916
-0.992566 -3.321388 3.985588
-0.213667 -3.362237 4.398836
-0.219131 -2.391587 2.870597
0.112010 -1.275013 2.607034
1.178630 -2.836119 4.358685
1.322217 -1.564322 3.547623
2.020186 -1.761347 4.086934
1.769514 -2.937030 3.253320
2.078052 -2.962252 3.229415
3.637454 -2.678052 4.402686
3.125937 -2.987958 3.753639
2.850263 -2.892196 4.536335
2.899711 -1.370792 2.960358
3.748828 -2.642261 3.515247
3.860244 -2.799302 3.776528
4.632202 -3.425522 3.001472
4.902620 -2.831220 3.999189
-4.823515 -2.269086 4.364431
-4.345688 -2.878890 4.471989
-4.800818 -1.879850 3.905550
-3.319227 -2.119097 2.405697
-2.935963 -2.800710 4.069478
-3.974114 -2.287167 3.221691
-2.674757 -1.342163 4.913853
-2.467267 -1.761329 3.052155
-2.624645 -1.239719 2.325261
-1.686822 -2.726487 3.534874
-1.981083 -1.476737 3.594780
-2.253820 -1.816276 3.641984
-0.748795 -2.303440 3.096644
-1.206638 -3.283344 4.463404
-1.093075 -1.596844 4.431229
-0.115264 -1.741889 3.412092
-0.183294 -2.728835 4.669781
0.292961 -2.123211 4.552660
0.171280 -1.550923 3.497485
1.179530 -2.434573 4.297659
1.395968 -2.458256 4.921251
2.209904 -2.630481 3.019183
2.324560 -1.887192 3.747717
0.977582 -2.579161 3.653974
2.824937 -2.342797 4.478105
3.493633 -2.193847 4.845029
4.205561 -1.926548 4.350337
4.314401 -2.606564 3.399478
3.253787 -0.653472 4.354206
4.562515 -1.772543 4.013682
4.988367 -2.092355 3.586100
3.765440 -1.788261 3.727541
-4.921792 -0.901755 3.638711
-4.899183 -1.548629 3.265188
-4.921490 -2.053315 4.066227
-3.959400 -2.294323 2.502949
-3.663853 -1.975895 4.734629
-2.873376 -1.910651 3.296794
-3.128727 -2.104455 3.218463
-2.668029 -2.876957 3.690449
-2.157625 -1.582248 4.320830
-1.802187 -2.542429 4.064969
-1.423661 -2.107505 3.094366
-1.654295 -1.867270 3.353435
-0.927668 -2.075886 4.765854
-1.840896 -2.668443 3.360607
-0.820928 -1.831520 3.989601
-0.564991 -1.866565 2.477769
-0.232264 -2.093581 2.928801
-1.147771 -2.479778 2.934386
2.939459 -2.437733 3.466095
1.250190 -1.390146 4.067484
1.549443 -1.744075 3.965231
2.423594 -2.988954 3.587215
3.058572 -1.701360 4.326259
0.923486 -1.807481 3.617604
3.018540 -2.145319 3.250052
2.740499 -1.985146 3.729980
3.108211 -2.453587 3.560956
3.352624 -3.802922 3.112492
4.385118 -2.905583 3.926614
3.985114 -2.951273 4.105028
3.664499 -1.324149 3.396723
3.995715 -1.152787 4.990104
-4.929950 -0.716860 4.095248
-3.410154 -1.243798 3.320805
-3.896745 -3.051840 4.053912
-2.314713 -2.553295 3.629988
-3.372143 -1.385639 3.744066
-4.390087 -0.858111 3.892331
-3.769788 -2.349005 4.004622
-2.618413 -1.513040 4.341263
-2.411918 -0.944800 3.974071
-2.072527 -0.828963 2.412904
-1.531448 -2.068023 2.976080
-1.387046 -1.938509 3.756801
-2.062187 -1.192105 3.818901
-0.571383 -1.934692 2.871308
0.033735 -2.562599 3.488261
0.171542 -1.572250 3.061810
0.628981 -1.425066 4.757771
-0.672658 -1.796485 3.447869
0.848565 0.107863 3.444974
1.184065 -2.802752 4.759359
1.566999 -2.622872 3.130207
0.973824 -1.550661 3.694952
2.735213 -2.969399 4.452521
2.230538 -2.134386 2.711660
1.787670 -0.600042 3.295561
3.116689 -1.240909 4.355415
3.075590 -2.575727 4.263387
2.093265 -1.137649 4.061108
4.013118 -1.213215 3.191380
4.037412 -1.123395 4.678015
2.664794 -2.721479 3.949524
4.593542 -1.251483 3.651858
-4.955257 -2.217934 3.525950
-4.696159 -1.185168 3.736859
-3.227376 -1.862649 3.074534
-3.752446 -0.362513 3.777983
-2.975471 -1.588984 3.134923
-3.505752 -1.729798 2.842940
-3.915796 -1.413113 3.805701
-3.469111 -0.991923 4.847077
-2.802439 -1.243621 3.634373
-1.953294 -1.958203 3.273342
-1.278801 -1.419072 2.955379
-2.332065 -1.652965 3.970189
-0.971897 -2.258240 4.571782
-1.132678 -0.988871 3.194124
-0.863520 -2.228842 3.753489
-0.669184 -1.297336 4.695680
-0.005975 -0.970103 3.306379
1.108915 -1.644583 4.937917
-0.463279 -1.181517 3.594200
0.128138 -0.337673 3.497409
2.226420 -1.251727 3.200107
1.591420 -1.559318 3.558628
1.385739 -0.747053 2.935152
1.834876 -1.697761 2.264696
3.311776 -2.234156 3.920279
2.406143 -0.974813 2.586066
2.689071 -1.176085 4.706388
3.518260 -1.606557 4.196261
3.889633 -1.607265 3.861164
4.962235 0.077690 3.690431
4.863708 -1.441245 3.129956
3.110374 -1.680211 4.186018
-3.825920 -0.589402 3.563675
-4.636415 -1.118776 4.268448
-3.208251 -1.173393 4.713361
-2.646149 -0.721926 3.391411
-3.047045 -1.366582 4.412398
-3.176199 -0.787463 4.882339
-3.436670 -1.275301 4.534189
-2.187714 -1.308645 2.988778
-4.163840 -1.721609 3.919767
-2.135417 -0.687508 2.955736
-1.684848 -1.070939 4.059865
-0.527475 -0.505274 3.331004
-0.567985 -1.857664 2.175059
0.318266 -1.564451 4.301956
-1.317273 -0.703736 3.081696
-1.074438 -1.811579 2.854143
0.351016 -1.413956 3.397625
-0.142542 -0.791351 4.146617
0.159000 -0.972427 3.556005
1.328107 -1.908744 3.297912
1.358514 -2.136918 4.226276
2.206953 -0.584324 4.175111
0.437335 -0.961919 4.411297
2.498617 0.114087 4.425539
1.500036 -0.699179 4.440297
3.233792 -0.676381 4.928852
2.425436 -0.061248 4.212365
4.024681 -1.492343 4.635402
3.444746 -2.342337 4.989740
4.641727 -1.495228 4.075123
4.375344 -1.749799 4.343606
4.714802 0.363001 3.271316
-3.332538 -0.295106 3.301258
-3.421858 -0.496126 3.227421
-4.976461 -0.694381 3.048311
-2.882109 -0.635905 3.565336
-4.256948 -1.123647 3.520169
-2.807091 -1.272872 3.160105
-3.697381 -1.764280 3.350094
-2.531420 0.695037 4.351395
-1.970962 -1.390054 2.786902
-1.845948 -0.262483 3.856293
-2.026007 -0.185702 3.537086
-1.879434 0.277144 3.692350
0.355724 0.417427 3.865731
-0.309205 -1.034717 3.176146
0.259614 -0.824957 3.751118
0.305737 -0.566911 3.358009
0.381846 -1.315556 2.712858
-0.111479 -2.858657 4.285680
0.678383 -1.395612 3.130122
1.448908 -1.635530 2.821694
1.060454 -1.393075 4.051529
3.142006 -0.568003 3.846185
1.379811 -2.040552 4.138859
2.409998 -1.406951 4.108062
1.713265 -1.512425 4.585262
2.490597 -0.984225 3.571933
4.484833 -0.503362 2.367931
4.388137 -1.348618 4.759284
4.498039 -0.754325 4.109438
4.676611 -0.403872 3.523088
4.557818 -0.813633 4.594007
4.510155 -1.228532 2.622483
-4.907937 0.188299 3.858323
-4.431991 -0.506561 2.279244
-2.184310 -0.370180 3.223819
-4.840323 -0.962196 3.759718
-3.349502 -0.162746 3.634239
-2.723542 -0.547449 2.711775
-3.060352 -0.336677 4.292997
-1.931552 -0.366160 4.071043
-2.563269 -1.018882 3.181798
-2.347760 -0.779861 3.402349
-0.903554 -0.760280 3.781932
-1.310982 -0.145008 3.814229
-1.623096 -1.132969 3.255173
-1.065226 -1.158291 2.791957
-0.320967 -0.402005 3.296935
0.358629 -0.353325 3.116024
-0.076534 -1.671738 3.248150
0.081385 -0.773506 2.749981
-0.838412 0.518399 3.068658
-0.561614 0.510875 3.770831
1.042362 -0.635337 3.186827
2.395531 -1.012180 4.220243
1.341031 -0.611615 4.127872
2.824034 -0.828463 3.883037
2.986250 0.057467 3.677876
3.492882 -0.050582 3.072225
2.834286 0.587946 3.812152
4.753421 0.224374 4.421286
3.481419 -0.833358 2.812100
3.624366 -0.571202 4.839687
4.958490 -0.624653 3.328776
4.955724 -0.641545 2.738805
-3.969895 1.204232 4.431655
-2.426781 -0.031893 3.941965
-3.755963 -0.260137 3.524266
-4.102892 -0.275296 4.381079
-1.987590 0.172060 4.061745
-3.265464 -0.014309 3.780728
-2.343898 0.698461 3.157043
-3.486399 0.259554 3.889825
-1.754806 0.586878 2.405165
-2.905701 0.114662 3.689759
-0.872624 -0.740236 3.627573
-0.665214 -0.158625 3.315753
-1.539011 0.645131 4.664963
-1.383357 -0.202217 3.681904
0.645040 0.641711 3.647232
-0.353429 -0.229203 3.333392
-0.760667 -0.493232 3.291619
0.058053 -0.952872 4.778140
1.225277 -1.174928 3.655405
1.478861 -0.556934 3.646960
1.065320 -0.745350 4.921622
2.533396 -0.455248 4.129666
1.110376 -0.408032 2.880843
2.560108 0.063315 3.062069
2.610548 0.334572 3.420684
2.557469 -0.186162 3.237718
2.532049 -0.400985 4.746409
4.349372 -0.429805 3.872399
4.270595 0.145161 4.454590
3.470182 0.065211 4.124341
3.630195 -0.653296 4.011915
4.223373 1.826052 2.204554
-4.551435 -0.647819 3.996385
-4.775005 1.058644 3.404568
-3.090258 0.083341 3.117390
-4.249417 -0.461322 3.383474
-3.070426 1.234934 2.918139
-3.701246 0.197791 4.895746
-2.462332 1.430452 3.445929
-2.844249 -0.473932 3.343885
-1.921715 -0.112468 3.199237
-2.213751 0.136838 3.600262
-1.555704 -1.800723 3.451389
-1.122008 1.142296 3.759146
-0.278419 1.613518 4.225489
-1.207183 0.450580 3.959902
-0.625906 1.145429 3.226173
0.553429 0.131010 2.103619
1.019559 -0.235065 2.931962
-0.513237 0.327442 2.922135
0.447460 0.253633 2.762092
0.070779 -0.705932 3.387467
1.383015 -0.187949 4.883904
1.169624 0.150791 3.090485
2.366003 1.229498 4.946375
2.203447 0.170142 4.938296
2.801216 0.542009 4.842983
3.171035 -1.143089 3.090713
3.748847 -0.884070 2.915489
2.737043 -0.456279 1.512971
3.817456 1.439953 4.209110
4.736733 0.900838 3.858640
4.871912 -0.178040 3.313140
4.690015 1.032605 3.846831
-4.910424 -0.076272 3.530289
-4.233029 0.691334 3.941777
-4.307779 0.156824 3.512406
-4.255399 0.967735 4.073965
-3.575005 1.175071 4.209442
-4.245521 -0.127709 3.464738
-2.756798 0.377865 3.104462
-2.904544 -0.456345 3.741210
-2.928099 1.552227 3.026348
-2.162981 -0.371798 4.064145
-1.897697 -0.153263 4.067812
-1.474424 1.685770 3.366712
-1.957858 0.926507 4.482480
-0.354667 0.956776 3.804327
-0.696347 2.394336 3.827568
0.153432 1.028684 3.648072
-0.580689 1.769744 2.934572
0.921055 -0.629361 3.977564
1.612383 0.402046 3.571138
1.208339 -0.370263 2.390355
1.485779 0.884349 3.323390
0.255591 0.941875 2.915832
1.607436 1.289889 3.575705
2.518883 1.468456 3.836532
3.923973 0.205221 2.517247
3.231280 1.369870 3.457927
3.692417 1.438352 3.028098
3.328262 1.073268 3.408418
4.543135 0.966489 4.257916
3.247003 1.840727 2.979239
3.765953 -0.102984 3.404072
4.227952 0.306631 3.185162
-4.701973 -0.296010 4.254291
-4.565748 2.234311 4.778339
-3.584749 0.728451 3.082064
-2.992720 1.070891 3.106601
-3.656167 0.597699 4.122553
-3.625717 1.330423 2.732273
-2.562823 -0.911575 4.258046
-2.555996 2.291604 3.555336
-1.494821 1.893564 2.006170
-2.317911 1.003515 2.530227
-2.216675 1.379479 4.243963
-1.374430 2.070714 3.404884
-1.486914 1.100100 4.363782
-0.601215 0.186698 3.487978
-1.825758 -0.426920 4.223985
0.254046 1.507185 3.766092
0.706507 0.273011 4.052063
0.660005 0.595971 4.249787
0.980911 1.414609 2.696701
0.894918 1.153759 4.130168
1.442976 1.132125 3.059887
1.691678 0.557306 2.059542
0.705275 0.344787 3.682554
2.026923 0.496442 4.572476
2.040138 2.147058 2.518829
2.916301 1.109218 3.457232
3.660159 0.122116 3.357456
3.356847 0.665213 3.715328
3.636117 1.404435 4.756225
3.269655 0.268164 3.096852
4.387566 0.291542 3.545143
4.885206 1.201835 3.929644
-4.596113 1.978108 3.182822
-4.107731 0.526529 4.683392
-4.857159 1.794759 3.034185
-4.244142 0.991090 3.105502
-3.581570 1.696638 4.030885
-1.904057 1.119333 3.113418
-2.361118 0.960301 4.115747
-2.245986 2.009664 3.750525
-0.670969 0.928626 3.099431
-2.430313 0.602544 3.604344
-1.516420 0.205891 3.363340
-1.938226 0.883501 4.156790
-1.808750 0.944451 3.702957
-1.051777 0.500169 4.690382
-0.754545 0.600878 2.922484
0.403632 0.776858 3.902716
-0.068346 -0.390015 3.682261
-0.255783 0.338804 2.458528
0.034449 -0.105840 3.444652
0.241108 2.048220 4.685232
0.393347 0.906208 3.337217
2.563763 0.604103 4.543246
2.737098 0.953287 3.778265
2.083900 -0.045627 3.407537
2.419991 1.405443 4.520455
2.209453 1.039206 3.302805
3.745247 1.656176 3.926263
3.171741 1.033798 2.953022
3.572872 1.636570 3.488909
3.801499 -0.406626 3.872279
4.521432 0.959098 2.619824
4.493817 0.980786 2.876347
-4.528031 1.295258 3.766507
-4.619985 1.908843 3.547339
-4.776756 0.952950 3.897415
-3.464593 1.186777 4.543037
-3.230244 2.555560 3.494064
-2.572964 2.899518 4.930793
-3.397512 1.937379 3.288348
-3.466580 1.212853 3.860050
-1.937526 2.228614 3.625174
-2.418593 1.556046 3.762688
-1.563306 2.134848 4.957879
-1.849104 0.675483 2.636170
-0.824887 1.730487 2.586164
-1.064189 1.209375 3.898338
-0.603766 0.426904 4.342218
-0.746678 0.274198 3.750795
-0.641819 3.346031 3.954018
-0.630862 1.021308 2.647986
0.557870 1.397568 3.813076
1.885203 0.719113 4.042665
1.915160 1.330959 2.382125
1.097281 1.181111 3.533842
2.380443 2.016811 3.745963
2.744927 1.382329 2.738280
1.799504 1.927703 3.534940
2.794491 0.813003 4.168548
2.547939 1.165447 2.832727
3.930244 1.608958 4.057666
4.295451 2.145058 2.506006
4.512676 0.092293 4.288230
4.724743 1.517076 4.601451
3.824429 1.668179 2.965299
-4.288774 0.776785 3.408679
-3.381730 1.907632 4.085405
-4.365785 0.906660 3.579953
-4.146613 1.473035 2.882915
-4.110226 1.597442 4.101300
-3.956596 1.105623 3.066089
-4.819090 2.236453 3.181907
-2.588546 1.594673 4.568452
-1.595264 2.479943 3.206887
-1.078057 2.275584 3.020158
-2.076836 0.464586 2.642632
-0.731583 2.141581 4.837747
-0.860381 1.429329 2.386266
-0.389096 1.245907 3.763574
-0.776524 0.953266 4.995335
-0.062280 2.126771 2.837520
1.839524 0.947750 2.416102
0.015305 0.758310 4.331871
0.872031 2.756140 3.731009
1.841273 1.637069 3.646541
1.679065 2.247443 3.780968
1.652267 1.426783 3.760103
2.296608 1.771133 2.747582
1.783487 1.289434 4.713148
3.447440 0.749908 4.521154
3.446511 2.156599 3.387292
2.751912 2.775182 1.224166
3.614578 1.849859 3.977141
4.741125 2.905546 4.623221
3.499079 2.014160 4.243289
4.142269 1.271789 4.362448
3.895545 1.624749 4.973232
-4.728103 2.293542 4.049643
-4.913332 3.242795 3.477081
-4.730576 1.746757 4.817298
-4.165606 2.289654 4.313056
-2.948203 1.908024 3.312936
-3.051659 1.411018 3.244655
-3.376635 2.163299 3.233605
-3.024872 2.453762 3.876979
-1.843208 2.198148 2.420471
-0.956047 1.877591 4.375394
-2.187146 2.563960 3.863294
-1.805228 1.768195 3.684098
-1.099373 2.719623 4.463687
-0.878132 1.591173 2.456132
-1.123460 4.086812 3.069255
-1.288018 2.402114 4.398356
-0.892758 0.972984 3.118474
-0.799605 1.072591 2.913293
0.047932 1.965436 2.525820
0.884342 2.292464 3.284648
1.853726 1.000504 3.135251
1.105731 1.450616 2.600623
3.017956 1.495613 4.358603
3.227997 3.135221 3.355076
3.105109 2.239995 3.181166
3.317416 1.998365 4.624229
3.589455 2.375895 3.785448
3.971632 3.725204 3.526534
3.937606 2.051017 4.449607
3.336252 2.970724 2.274209
3.844349 2.416591 4.627907
4.855905 2.519583 3.852376
-4.103816 1.356291 4.038456
-4.455912 2.361990 3.173156
-4.020756 2.976788 2.820654
-3.650139 1.946975 3.761218
-3.288176 2.397600 3.170332
-2.792885 2.607570 4.351867
-2.964376 3.794256 3.690275
-2.828376 2.443671 4.940609
-2.219225 2.558298 3.405089
-2.918223 2.519317 3.198319
-1.828963 3.589246 3.717764
-1.282128 3.587929 3.978919
-1.310294 1.969133 3.924689
-1.292994 1.902391 3.802304
-1.002450 2.820376 3.513325
0.063231 2.211980 4.498384
0.419485 1.515792 2.790712
1.293002 2.105075 4.700423
0.073593 3.334072 3.697490
1.546243 2.758466 3.311502
1.934507 1.751087 3.890866
0.418866 1.992875 3.865518
2.074774 2.227671 4.101889
2.557462 2.982547 4.539454
3.139747 2.059969 3.687505
3.154389 2.788805 3.951437
3.256878 2.770751 3.716110
3.904856 2.259318 4.467477
3.314025 2.840742 3.906273
4.355724 3.882633 4.299526
4.796058 1.993109 3.474784
4.593604 3.146771 4.554807
-4.371117 2.557981 2.840749
-4.285087 2.188899 3.489012
-4.304776 2.146042 3.070045
-3.962767 0.942559 4.505658
-3.610010 4.084129 4.035638
-2.533118 3.167426 3.556646
-1.578226 4.097396 4.112767
-3.206613 2.177177 3.089019
-3.228741 2.479968 2.968965
-2.066132 2.860760 3.600522
-1.935861 4.681208 3.739024
-1.880410 2.805098 3.326582
-1.605005 3.601850 3.196409
-1.073759 3.436382 3.748951
-1.317259 2.734034 3.270710
0.500575 1.727844 4.816560
-0.050003 2.438988 4.057846
0.495041 2.863104 2.426407
0.607685 2.089512 4.273796
1.507394 2.650156 4.514026
1.360050 2.769506 3.070530
0.418380 1.959466 4.506933
2.778384 1.655422 3.085161
2.267763 4.227768 4.473915
3.675892 3.648797 3.540049
4.010650 2.572769 3.679475
2.857323 2.875051 4.464867
3.184940 2.892670 1.866369
4.091221 2.803001 3.065053
4.953948 2.785879 3.409180
4.956841 4.016601 3.948902
4.028687 4.268187 2.626598
-4.337170 2.011876 3.023381
-3.330171 2.530181 3.914150
-4.038265 2.118157 4.087284
-3.985153 2.473237 3.438784
-3.283871 2.695431 4.900045
-3.498942 2.893031 2.989318
-3.490448 4.003741 3.563216
-2.561005 2.247978 4.190391
-2.034514 2.792589 3.783832
-2.608701 3.181554 3.321450
-1.907084 3.564534 4.295756
-2.098958 1.985587 4.058225
-1.568030 3.234373 2.910542
-0.383735 3.465464 3.859818
-0.335389 2.174111 3.418539
-0.668539 2.577973 4.989873
0.493908 3.017708 3.412107
0.385372 2.368280 4.125548
1.270188 1.899447 4.600753
-0.489963 4.011422 3.092057
1.274037 3.886504 3.928841
0.682490 3.916976 3.268328
2.190223 1.950272 4.176229
2.535845 2.329256 4.716766
2.438548 2.857201 2.844827
2.053460 3.745414 3.152926
4.079692 3.316240 4.815360
4.556592 2.282810 3.352926
3.645835 3.203936 4.776794
3.287056 3.517534 3.505563
4.747790 4.257336 4.241331
4.390481 2.641655 3.671607
-3.705699 2.340961 3.951467
-4.392396 3.441815 2.858220
-4.335200 2.668544 3.290042
-2.743800 3.946130 4.202655
-3.229306 3.294256 3.847626
-2.969278 4.819058 3.058296
-3.132229 3.006284 3.975976
-1.767598 3.608046 3.572963
-1.195057 3.535927 3.796046
-1.761184 3.493350 2.702123
-2.013299 2.620961 4.982008
-1.207389 2.878683 3.153640
-1.217979 2.741433 3.474697
-0.137415 4.183586 4.521286
-0.728772 2.914783 2.731920
-0.022149 3.967403 2.837678
0.223238 2.982227 3.736079
1.507135 3.009449 3.862779
0.748297 3.560375 4.627256
1.483831 3.320380 3.899091
1.836990 4.402024 2.906832
3.129565 3.494142 4.571098
0.846762 2.882085 4.042876
1.953095 4.084628 3.443793
3.197769 3.337039 3.620545
3.439402 3.753392 3.525709
2.872413 3.690707 3.654773
4.148198 2.752554 3.597037
3.281033 3.533485 3.361715
4.511657 3.794452 3.374999
3.684639 2.168188 3.848640
4.646812 3.686956 2.014386
-4.710708 3.092704 4.310851
-4.336665 3.080045 3.571740
-4.495143 2.563878 2.217368
-3.743356 4.117611 3.272965
-3.608677 3.071560 3.689226
-3.231897 2.329983 3.509710
-3.813908 3.462256 3.320364
-2.853767 3.027358 4.747005
-3.920299 3.658920 3.728807
-2.129208 3.038981 2.212789
-0.645690 3.283563 3.075038
-1.402297 3.743653 3.002921
-1.587295 3.560323 3.409230
-1.658609 4.446097 4.289399
0.096382 3.424999 4.444055
0.425189 4.108458 4.131832
0.133773 3.097434 3.224470
0.963783 3.060324 3.108115
0.568102 4.091229 3.888887
0.848643 4.416400 3.294052
2.466541 3.363173 4.734901
2.496218 4.588130 3.682626
1.882838 2.834731 2.903013
2.546443 3.713476 3.255294
3.271164 4.035129 3.751098
3.680006 4.186015 4.214010
3.295197 2.553817 3.424533
3.276495 3.365207 4.331962
3.509741 3.239264 3.883765
4.192078 2.743970 2.582936
4.126440 3.551258 4.015321
4.727072 2.881284 4.798163
-4.983126 2.862673 3.990082
-4.580018 3.338421 3.287067
-3.718730 4.960697 3.060652
-3.740379 4.501945 2.617221
-2.991050 4.162706 3.581673
-3.088012 4.175458 4.272856
-2.113755 3.786557 2.801907
-3.901265 3.661952 3.254870
-2.042940 3.447350 2.659982
-1.030841 4.633097 4.266378
-2.441777 4.310130 3.351893
-0.673653 4.298346 3.474519
-0.147737 3.253834 3.431879
-0.658885 2.856877 3.406102
-0.803452 2.849057 4.591928
-0.498275 4.362628 2.975253
1.479808 4.095966 4.211695
-0.031915 3.120325 3.169086
0.164098 2.642569 3.561816
0.339780 2.449221 4.021074
1.893496 4.251076 2.883215
1.359504 3.065525 3.732014
1.770253 4.674138 3.305093
1.944393 3.051366 4.160054
2.371051 4.995702 4.883724
1.973908 3.822833 4.183850
3.218409 2.633839 4.053720
3.294455 3.179607 2.276840
3.033136 3.767226 3.062063
4.399086 3.748242 3.262671
4.818505 4.834059 4.864858
3.995931 3.619704 4.915379
-4.086996 3.509231 4.159747
-4.544513 3.429910 2.857656
-4.917913 4.299193 2.402244
-4.271599 4.415436 3.988288
-2.681284 4.006646 3.656885
-3.288127 3.415491 4.710849
-2.413489 4.473989 3.424892
-2.450508 4.785440 3.860441
-2.883396 4.919312 4.863452
-3.230328 4.159585 3.429819
-0.702808 2.724530 4.254793
-2.003147 4.925816 3.610300
-1.636924 4.007505 2.594953
0.467933 2.975633 2.906533
-0.543974 4.355727 3.299214
-0.298808 4.174031 4.791847
-1.023419 3.256506 3.197905
-0.170256 4.313259 4.021007
1.880595 4.629402 2.844657
1.878058 4.903505 3.927811
2.470043 3.602575 4.763127
2.316795 4.844786 3.284999
2.721918 4.847997 3.225030
3.068210 3.241486 3.277854
2.907774 4.916530 3.558718
3.629111 4.329492 4.318028
3.991958 4.924360 4.195731
3.482493 3.309875 3.435433
3.382437 4.153407 4.204812
3.379718 3.889343 4.623815
4.233679 4.138063 3.201501
4.191334 4.949392 4.769720
-4.591691 4.671789 3.587887
-4.451622 3.974411 3.317922
-3.439264 4.803369 2.620654
-4.273000 4.277626 1.513744
-3.461220 4.885119 4.162734
-2.704124 3.467140 3.556527
-2.544303 4.967202 3.817938
-3.476501 4.653855 4.350474
-2.693731 4.689109 4.927816
-1.730340 4.067688 3.627376
-1.528934 3.840863 4.352536
-0.842868 4.312413 4.125289
-0.972043 4.287089 4.024091
-0.475537 4.145844 2.991151
0.224783 4.741169 4.309615
0.466234 4.833834 2.262158
-0.022822 4.104484 3.147440
0.020056 3.910320 4.052463
1.879996 3.732927 3.306197
1.402063 4.662269 3.792227
1.306804 3.190315 2.527482
1.597700 4.707003 2.754554
2.404004 4.547649 3.240885
3.140600 4.518181 3.349365
3.690730 4.185172 4.666843
2.068703 4.907941 3.128510
3.685692 4.262216 3.894684
2.230247 3.927686 3.348949
3.178627 3.770421 4.841844
4.932543 3.847241 4.680533
4.209352 4.714274 4.053411
3.964307 3.888034 3.549090
-4.459064 4.742207 3.431162
-4.240374 3.476890 4.056595
-4.598835 4.957936 3.572421
-3.717247 4.824214 3.294055
-4.215441 4.862192 3.779097
-3.102511 4.288542 2.911244
-3.652321 4.182612 3.862562
-3.006048 4.315588 4.317488
-2.780232 4.867453 4.001295
-2.008665 4.252445 4.407109
-1.555637 4.548384 3.246266
-1.333292 4.955384 4.308300
-1.478615 4.342263 4.243295
-0.644336 4.112093 4.781384
-0.594708 4.914590 1.532780
0.403537 4.274506 2.896769
0.483901 4.835037 3.510941
-0.275501 4.659570 2.956905
1.002472 4.614563 3.883546
2.425511 4.883824 3.171275
0.914508 3.959711 2.929194
1.207819 4.276875 3.919748
0.595811 4.508286 3.136967
1.735468 4.856807 3.143833
3.022971 4.140414 4.020310
2.216706 3.734263 3.016973
3.715838 4.476753 3.187895
3.234610 4.530441 4.739377
4.486757 4.820001 4.212215
4.360627 4.795341 2.943366
4.328032 4.391612 3.908676
4.594539 3.638476 4.164493
-3.715386 -4.170774 4.696945
-4.051784 -4.803254 3.731737
-4.718070 -4.172707 3.101526
-3.814461 -4.463013 4.549991
-3.915371 -4.814956 4.020180
-4.064599 -4.732921 4.422643
-3.975883 -4.310015 4.241440
-2.440418 -4.756268 3.120457
-2.526164 -4.799788 4.233183
-2.540589 -4.788975 3.518808
-1.053915 -4.723344 3.304568
-1.518961 -3.725478 4.342492
-0.247883 -4.325686 4.224846
-2.025917 -4.690817 4.548078
-0.423577 -4.954766 3.774195
0.274562 -3.543604 4.086356
0.765894 -4.803916 4.883359
-0.557170 -4.221006 3.169603
2.627696 -4.214546 3.536546
-0.141382 -4.619927 2.982496
1.877805 -3.650210 4.151272
1.037406 -4.791577 4.606201
2.998802 -4.454031 4.651611
3.524618 -4.319163 3.541069
2.895096 -4.347278 3.809576
3.280549 -4.444841 4.339445
2.749741 -4.391817 3.340427
3.712399 -4.824328 3.970360
3.684672 -4.602612 4.739876
3.433291 -4.903548 4.058517
4.145355 -3.996188 3.966095
4.953448 -4.951135 3.700024
-4.760270 -4.883870 2.949376
-4.727790 -3.776910 4.381038
-4.167277 -4.890290 3.023655
-3.268644 -4.358206 3.590371
-3.109959 -4.922547 3.594416
-3.582082 -3.768201 4.693812
-3.076401 -3.980943 4.069766
-3.085424 -4.629369 3.098606
-2.302778 -4.431752 3.338480
-1.925775 -4.559218 3.517601
-3.161210 -4.023454 4.757614
-0.452292 -4.174703 2.839586
-1.250727 -4.710741 2.294972
-1.925321 -4.253737 3.323889
-0.408168 -4.012473 3.886716
-0.213440 -3.428729 3.257738
1.369586 -4.607867 4.527742
-0.601505 -3.731964 3.416375
-0.580468 -4.747513 3.057317
0.710666 -4.801492 4.529071
1.144875 -4.509272 3.455051
0.952174 -4.130727 3.204990
2.506418 -4.883835 3.723146
2.105071 -4.911121 4.632364
2.720279 -4.081450 4.090869
2.438316 -3.944508 4.041555
3.378406 -4.619076 3.536721
4.350707 -3.723233 3.464389
3.368360 -4.196700 4.081213
3.836820 -4.480959 4.720298
4.808190 -4.855192 3.859959
4.334171 -3.750601 4.715084
-4.993905 -4.498033 4.177973
-4.959390 -4.716104 4.595895
-4.564700 -2.620286 4.577544
-2.861488 -4.335661 3.702079
-3.361904 -3.813802 4.620714
-3.104191 -4.448390 4.051027
-2.673630 -3.647243 2.750279
-1.811588 -4.215554 3.847005
-2.492786 -2.838103 3.444654
-1.996456 -4.801188 3.270395
-1.205216 -3.117886 4.812866
-1.284194 -3.546556 4.908264
-1.570161 -4.658088 2.928881
-2.176542 -4.998357 4.758153
-0.392801 -3.667325 2.921468
0.550926 -4.687191 4.618808
0.219304 -4.973753 4.722673
0.109294 -4.752122 4.860332
0.489241 -3.680238 4.565014
1.140184 -4.317237 3.977268
1.701813 -3.266619 2.755046
0.302515 -4.084050 4.654103
0.498858 -3.727508 4.276250
0.962354 -4.078104 4.740103
3.573453 -3.534443 3.469913
3.173784 -3.882446 4.018388
3.669420 -4.810742 2.313607
2.653781 -4.901704 4.937509
4.240119 -2.963408 4.385662
4.711291 -4.018857 4.998532
4.952558 -4.869153 4.434201
4.354202 -3.401867 4.034363
-4.639247 -4.735575 4.610295
-4.266792 -4.175656 4.303582
-4.694735 -3.617484 4.869736
-3.803848 -4.115186 4.193243
-3.230639 -3.682162 4.567805
-3.669521 -3.173331 4.308760
-3.549763 -4.184790 4.696353
-2.255367 -2.868812 3.626231
-2.982768 -3.287411 2.700166
-1.578862 -4.226451 4.085410
-2.141886 -3.232803 4.470042
-1.197892 -4.785873 3.003950
-0.312514 -2.685040 1.964615
-0.234068 -3.938156 3.237182
-0.948589 -3.491857 3.590086
-0.305469 -4.285403 3.387865
0.056594 -2.796144 4.256051
0.783842 -4.118176 4.966774
-0.076335 -2.936306 4.599155
0.848216 -3.889818 4.843026
0.806685 -4.276117 3.387398
1.060863 -4.472136 4.220395
2.249400 -4.178480 3.202943
2.203130 -4.051539 2.997026
2.577955 -4.981759 3.858746
3.638192 -2.900113 3.972820
4.447919 -4.061355 4.114033
3.346486 -4.979454 3.234296
3.435991 -3.950905 4.494837
4.705472 -3.999581 4.705120
4.383437 -2.965673 2.896249
4.835695 -3.785303 4.693320
-4.316698 -4.624424 4.417120
-4.659041 -3.551533 4.572080
-4.140420 -1.889385 3.656107
-3.632985 -3.897664 3.678230
-2.542285 -3.240540 3.898868
-3.080904 -4.289538 2.912285
-2.266026 -4.865928 3.394262
-1.141793 -3.832165 2.436712
-2.742454 -3.032786 2.575449
-1.822613 -4.031175 3.012330
-1.407328 -4.171572 4.886084
-0.860669 -3.893775 3.932643
-2.455374 -3.111457 4.679670
-0.530275 -2.893413 4.228057
-1.313135 -3.376532 3.427037
0.092168 -2.078988 3.552582
0.316385 -3.616956 4.445436
0.399577 -2.573121 3.917948
1.145354 -3.077171 3.734481
0.293076 -3.783044 4.612644
1.700814 -4.476466 3.674623
2.644466 -2.988223 3.893176
1.186843 -4.052553 4.771912
1.415412 -4.133141 3.681208
2.348141 -3.204370 3.812818
3.635201 -2.433833 4.925526
3.734829 -3.790564 4.693584
4.818969 -3.046395 4.377154
4.377801 -3.175878 3.764527
3.990382 -3.377693 3.495129
4.530533 -3.385460 4.451615
3.680806 -3.484343 4.893923
-4.570703 -3.092042 4.992739
-4.441735 -4.540151 4.288887
-4.770376 -2.986326 4.769382
-4.192823 -3.084182 4.592339
-4.701979 -3.514065 4.332829
-3.760621 -4.140911 3.950209
-3.327076 -3.463106 4.887926
-2.528222 -3.665030 3.865570
-3.540336 -3.910036 2.987997
-2.557693 -3.065429 4.772367
-0.706189 -1.689873 3.971884
-2.955289 -3.006970 4.924666
-1.234842 -1.980476 4.531727
-1.132394 -3.623693 3.250295
-0.652942 -3.115404 3.798001
-0.820434 -3.511749 2.929479
0.315539 -3.073342 4.273548
-0.633594 -3.578526 3.483935
1.108323 -2.934357 3.171098
1.697552 -2.888681 4.298568
1.047330 -3.819324 3.276080
0.745537 -3.450962 4.350518
1.714956 -4.287306 3.446364
0.574341 -3.335047 3.542349
3.540602 -3.980137 4.728560
2.784267 -3.219481 2.486024
3.334528 -2.114082 4.057213
3.974048 -3.399823 3.964850
2.243733 -3.331830 3.962062
3.751169 -3.258974 3.446400
4.383011 -3.956308 4.383719
4.643378 -3.835907 3.962303
-4.819113 -2.829590 3.381123
-4.668635 -2.496593 3.768584
-3.973405 -2.029308 3.290148
-4.390364 -2.439909 4.049180
-2.779316 -2.632897 4.254320
-2.897748 -2.359553 3.984371
-3.853096 -3.140363 4.632311
-2.708698 -3.485003 4.319032
-2.315408 -3.038854 3.888547
-1.951148 -2.228967 3.782749
-2.084378 -3.293953 3.970119
-1.633395 -2.875657 3.902029
-1.549154 -4.630537 3.412019
-1.478606 -3.275765 4.541134
-0.252238 -3.224608 4.071830
-1.365965 -3.723892 4.355459
0.165347 -4.158003 3.396311
-0.268035 -3.094022 4.618293
0.991198 -2.922949 4.690002
-0.139175 -1.954371 4.734291
1.065397 -2.861080 3.729882
0.846624 -3.217915 3.740470
1.938945 -3.622410 4.395772
2.864979 -2.926721 4.900769
2.796301 -3.468236 3.208843
2.676121 -3.185836 3.396084
3.152107 -2.880273 2.755018
3.747575 -2.263653 4.992300
4.459224 -2.188636 4.865157
4.704690 -2.640706 3.170987
4.178819 -2.274919 4.166012
3.753904 -2.718859 4.740177
-4.474548 -3.349307 4.693471
-4.286327 -2.459319 3.739506
-2.742486 -3.382075 3.615572
-3.534826 -2.774504 4.312099
-3.943062 -2.875251 4.500396
-2.654756 -3.229697 3.096018
-1.199391 -3.353159 3.747989
-1.820099 -2.194713 3.943697
-2.593625 -2.332670 3.618303
-0.940302 -2.449624 4.217795
-1.664419 -2.363283 3.396182
-3.017992 -2.822099 4.236100
-1.021952 -4.149621 4.345639
-1.339182 -2.177837 4.254148
0.032394 -3.102118 3.017444
-0.815901 -3.215964 4.132015
0.353288 -3.300668 3.838555
-0.778619 -2.101690 3.712258
-0.386234 -1.673550 3.183733
0.778181 -3.156204 4.497590
1.132676 -1.839116 3.479486
2.444348 -1.663313 4.490249
1.432501 -2.758456 3.774280
2.245908 -2.546255 3.569233
3.846030 -2.288619 4.623364
2.801991 -2.807349 4.802334
3.269399 -2.706853 4.398302
2.730878 -2.243422 3.990728
4.032159 -3.176651 3.964319
3.017602 -2.309726 4.412068
4.617679 -3.017505 3.792161
4.748033 -2.711106 3.824456
-4.844738 -2.373699 4.658993
-3.969209 -3.427073 4.489620
-4.700975 -2.068944 4.251279
-3.447502 -1.735519 3.030674
-3.578938 -2.751573 3.921082
-3.687070 -2.891483 4.009841
-3.038514 -1.387901 4.565561
-2.012044 -2.108598 3.317294
-3.148583 -1.996151 1.927678
-1.767360 -2.407100 3.529220
-1.937012 -1.637829 4.182984
-1.656387 -1.248718 4.412192
-1.002396 -2.176370 3.125095
-2.312380 -3.180204 4.820076
-1.484925 -2.256159 4.170224
0.102297 -0.908534 2.837285
0.246262 -3.228093 4.821411
0.385943 -2.585942 4.565744
-0.187833 -1.461781 3.838124
1.699865 -2.657333 3.136698
1.439802 -2.650650 4.849803
3.038205 -2.347683 3.025279
2.066096 -2.370422 4.222274
0.823994 -2.542924 3.874179
2.368096 -2.345509 4.768646
3.408881 -2.016704 4.716725
3.912861 -2.175379 3.533334
4.207511 -2.803972 3.876458
3.198267 -0.685311 3.989690
4.210615 -1.961083 3.811112
4.964460 -2.713070 3.299457
3.992816 -1.974189 4.675730
-4.653560 -1.488617 3.760122
-4.881840 -1.669098 3.517391
-4.925185 -1.931415 3.355383
-3.794155 -2.001871 1.854763
-3.582954 -1.933670 4.862191
-4.209185 -1.716739 3.701065
-2.936680 -2.039430 2.855422
-3.352158 -2.531603 3.883311
-2.048031 -1.758669 3.593527
-2.264812 -2.523642 4.415666
-2.349177 -1.853720 4.444664
-1.332067 -2.004171 3.898378
-1.404512 -2.098806 3.731029
-0.553508 -2.509273 3.687718
-0.911548 -1.589374 4.746117
-0.572068 -1.827839 3.259827
0.207455 -2.265291 3.135761
-0.497318 -2.154365 4.322349
2.415700 -2.141682 3.192304
0.821974 -0.537923 4.318377
1.200954 -1.663098 3.864510
2.591860 -2.120577 4.269898
2.708121 -2.506950 4.468379
1.037679 -2.570779 4.186683
2.389369 -2.216018 3.869215
2.494034 -1.551787 3.962653
3.088171 -2.174050 4.590346
3.333517 -3.226381 3.090832
3.765738 -2.948688 4.939713
3.641160 -3.948235 3.741474
3.905811 -1.983187 4.353521
4.416371 -2.040242 4.977073
-4.697279 -0.740418 3.617896
-2.803320 -0.607727 3.874025
-4.204149 -2.439508 4.350700
-2.255291 -2.358090 3.984267
-3.728107 -1.409454 3.764963
-3.657006 -1.117286 4.011067
-3.441996 -1.843629 4.265663
-2.675093 -1.169094 4.546367
-3.204893 -1.179230 4.390247
-2.089866 -1.463787 3.212321
-2.139817 -2.186735 2.818277
-1.144815 -1.944894 4.657678
-2.179898 -1.591776 3.545562
-0.459679 -1.811169 3.815941
-0.299333 -2.879988 3.755166
-0.675354 -1.484927 3.040628
0.333839 -1.591815 4.849888
-0.320700 -1.492425 3.924361
1.364908 -0.589266 3.546854
1.463359 -2.421748 4.765884
1.694801 -3.347328 3.631123
1.288064 -1.269015 4.567005
2.477006 -2.000244 4.244289
1.515763 -1.419726 3.177394
2.092450 -1.651398 3.884969
2.566962 -0.951737 4.684774
3.143848 -2.298079 4.912461
2.723397 -1.036071 4.492980
4.840627 -1.738730 3.843435
4.341003 -1.193570 4.564302
3.563422 -1.993024 3.396880
4.527396 -0.915662 4.387990
-4.911614 -2.859726 3.279670
-4.994293 -1.576337 3.972697
-3.649724 -2.207321 3.844673
-4.636896 -1.162414 4.394469
-3.305110 -1.640079 3.418945
-2.685780 -1.179421 3.567289
-3.966690 -1.457732 3.659037
-3.411498 -1.187151 4.735954
-3.049675 -1.086124 3.747491
-1.347151 -1.268527 4.008377
-1.132960 -0.723854 3.854628
-2.209139 -1.381186 4.094566
-2.460359 -1.039136 4.708264
-1.283811 -1.602834 3.901801
-1.170060 -1.650939 3.134995
-0.505894 -1.154238 4.631647
-0.217081 -2.259369 4.151135
1.272956 -1.662716 4.960727
0.029442 -0.802840 3.847384
1.135210 -0.503393 4.197877
0.983358 -0.929759 3.548931
1.851723 -0.955581 4.203896
2.221287 -0.388421 3.000988
2.342120 -2.527124 2.316961
3.171108 -2.063144 4.374609
2.727707 -1.564399 3.924967
2.851946 -1.160005 4.789580
3.116078 -2.141580 3.731592
4.202128 -2.091987 4.312573
4.972781 -0.470485 4.595758
4.729553 -1.277827 4.097235
3.208286 -1.310277 4.609587
-4.231551 -0.832509 3.295847
-4.641466 -0.818998 4.621864
-3.669819 -1.215733 4.342844
-2.579027 -1.064057 4.387887
-2.926023 -1.639274 4.805256
-3.614308 -1.110643 4.668622
-3.383566 -0.748270 3.673639
-1.847431 -1.194300 2.981556
-3.687977 -1.467428 4.782986
-2.628521 -0.567959 3.310769
-1.482106 -1.227713 3.976427
-0.483277 -1.139803 3.901915
0.034734 -1.806147 2.165990
-0.054365 -1.414069 4.400486
-1.106308 0.037379 3.482275
-0.686030 -2.018662 3.228974
-1.031004 -1.174156 3.834936
-0.415628 -1.048973 4.477793
0.010639 -1.418619 3.996553
1.466949 -2.230392 3.874650
1.852125 -1.749198 4.379447
2.222257 -0.324062 4.269266
0.364285 -0.920430 4.554504
2.129191 0.968136 4.966201
1.870753 -1.054446 3.956569
3.029932 -1.163418 4.856963
2.254839 -0.072020 4.457733
3.864681 -1.022927 4.285769
3.456291 -2.461040 4.797160
3.750046 -1.741225 4.701962
4.473848 -1.476219 4.757822
4.366612 -0.327465 3.228261
-3.864003 0.147121 3.766564
-3.807043 -0.955709 4.141750
-4.890774 -0.466143 4.044419
-3.390305 -0.127003 4.020190
-3.850253 -1.800527 4.088363
-2.926566 -1.393597 3.354787
-3.202515 -0.924489 3.094659
-2.126679 0.015046 4.452742
-2.373346 -1.133269 2.880020
-2.713535 -0.130602 4.285179
-1.689958 -0.331896 3.965913
-2.207879 0.440904 4.481188
0.175495 0.499811 3.697678
-0.671394 -1.170416 3.187924
0.279760 -0.549391 4.689723
1.061242 -1.262093 3.663149
0.665967 -1.117219 3.519185
0.319210 -2.178066 4.688976
0.840342 -0.676717 3.549351
1.503880 -1.921100 2.945357
1.709145 -1.156495 4.265124
2.427404 -0.877033 3.700120
1.817739 -2.282499 4.514158
2.273253 -1.617243 4.002610
2.337848 -1.163220 4.521681
2.547497 -0.855982 4.450567
4.086466 -0.812792 2.524282
4.288710 -1.570295 4.752393
4.380246 -1.324204 4.246701
4.006358 -1.033908 4.207841
4.557810 -0.832932 4.985542
4.833048 -0.920050 2.812616
-4.911136 -0.037543 4.610772
-4.683877 -0.496422 2.799353
-3.180041 -0.367799 3.904544
-4.972376 -0.678741 3.864902
-4.032469 -0.447934 4.205129
-3.110663 -0.454992 4.504707
-2.410240 -1.037372 4.251203
-1.684867 0.266035 4.216092
-3.082270 -0.378765 3.227069
-3.069105 -0.822935 3.932944
-0.942763 -0.316095 3.857788
-1.148955 -0.331685 3.964328
-1.078890 -1.057019 4.027035
-0.949384 -0.705177 3.002686
-0.537785 -1.202656 3.164116
0.137759 -1.251071 3.945376
-0.409322 -1.521921 3.575181
-0.068727 -1.938738 4.598782
-0.877630 1.098332 3.417717
-0.472450 1.002576 4.891031
0.570711 -0.659391 3.798435
2.082788 -0.866434 4.411454
2.307683 -0.908335 4.279956
2.897966 -1.254210 3.961219
3.359676 0.076088 3.842309
3.163777 -0.593971 3.033346
3.308366 0.467853 4.945682
3.639759 0.696317 4.826945
3.472579 -0.658215 2.716544
3.358300 -0.610101 4.850924
4.930675 -1.162954 3.572546
4.953423 -1.043668 3.509588
-3.665170 1.193714 4.703979
-2.290637 -0.057735 4.887902
-3.980523 -0.678874 3.930749
-4.029961 -0.247769 4.548381
-2.706580 0.624245 3.696220
-3.026906 0.672432 3.213705
-2.366737 -0.081236 4.106204
-3.216559 0.335744 3.775364
-2.647791 1.061518 3.188865
-2.479877 -0.486441 4.041436
-0.409570 -0.387263 3.820568
-1.013380 -0.535761 3.371003
-0.894925 0.871824 4.762175
-1.407360 -0.223611 4.175067
0.797505 0.595664 3.626338
0.330888 -0.283512 3.821123
-0.124563 -0.658226 4.102487
0.560006 -0.628449 4.896701
1.509019 -1.015825 3.871308
1.586421 0.319744 3.749075
0.903261 -0.735542 4.758528
2.720658 -0.900772 4.330791
1.312185 -0.364480 2.941215
2.976353 -0.104912 3.521714
3.130737 0.006248 3.828467
2.550540 0.183818 3.672611
2.639277 -1.442540 3.983392
4.632229 -0.565920 4.131664
4.158474 -0.015968 4.539841
3.428350 0.344802 4.862634
3.639034 -0.406724 4.363422
3.760215 1.875586 3.743030
-4.428414 -0.074861 4.725586
-4.247209 1.170588 3.517110
-3.173616 -0.284789 3.621352
-4.308031 -0.272665 4.136041
-3.482944 1.247615 3.336246
-4.031816 0.209087 4.926904
-2.316945 1.163705 3.174196
-2.943101 -0.502390 3.903076
-1.234063 -0.754792 4.047766
-1.953374 -0.663311 4.092697
-1.500023 -0.812501 3.952306
-1.129475 1.710756 4.113489
-0.294253 0.981409 4.520394
-1.139708 0.593687 4.750097
-0.658860 1.203569 3.427858
0.767904 0.874681 2.659494
1.102620 -0.912699 3.264397
-0.545606 0.487598 4.053362
0.515569 0.605854 3.275400
0.756104 -0.263276 4.190730
1.784739 -0.122370 4.150882
1.813942 -0.005707 3.079754
1.650915 1.243665 4.629768
1.938388 0.417791 4.926863
2.694856 0.431871 4.927445
3.049621 -0.399638 3.326836
3.863744 -0.771822 3.043413
2.968434 0.361395 2.895570
3.539901 1.114116 4.553989
4.412364 1.189838 4.515135
4.742669 -0.690570 4.113617
4.777470 0.741496 4.649235
-4.952816 -0.355739 3.936462
-3.785134 0.996751 4.208231
-3.823593 0.911694 3.377918
-4.243646 1.063478 4.287404
-3.100505 0.998198 4.256838
-4.281321 -0.814391 4.148545
-2.414956 -0.321710 3.583476
-2.960819 -0.622330 3.766212
-2.954442 1.260302 3.431556
-1.274267 0.282076 4.162209
-1.439216 0.396956 3.889218
-1.464213 1.831168 3.942360
-1.741542 0.826193 4.759079
-0.654911 0.913980 3.843946
-1.553968 1.801419 3.317486
0.348112 1.105610 4.024906
0.246879 1.359368 3.585557
0.899772 -0.135017 3.962203
1.498471 0.531965 4.566235
1.416977 -0.379499 2.415706
2.157800 0.750947 4.319547
0.390447 0.905204 3.618678
1.476854 1.821053 4.140591
1.868651 0.948255 4.503100
3.892954 0.479990 2.774959
3.003918 1.535848 3.789766
3.459699 1.340476 3.219898
3.758160 0.967962 4.030815
4.847628 0.751358 4.359440
4.018748 1.501046 3.469606
4.076731 0.088691 3.082951
4.421635 0.463424 4.175434
-4.762177 0.211173 4.283921
-4.866225 1.925728 4.893583
-4.163340 0.572649 3.803334
-3.566278 1.252155 3.613804
-3.411948 1.057168 3.982551
-3.224091 1.736135 3.638919
-3.108647 -0.808262 4.253337
-2.403960 1.890753 4.042183
-2.267225 2.099775 3.115812
-1.643580 0.900846 3.074076
-1.868812 1.795486 4.752357
-1.122016 1.611667 4.248943
-1.440082 0.743345 4.979233
-0.817856 -0.421301 3.726998
-2.131846 -1.113445 4.377463
0.771539 2.128352 4.014053
0.316158 0.345216 4.364149
0.884560 0.770569 4.555671
0.935684 0.939827 3.674272
0.336197 0.367833 4.861157
0.684103 1.419677 4.178224
1.429829 0.563534 2.002318
0.943627 0.268544 3.683839
1.672935 0.832575 4.233220
2.621146 1.884425 3.680459
2.278030 0.629080 4.519882
3.387569 0.503748 3.060799
2.531427 1.060855 3.903435
2.877081 0.716581 4.549512
3.150320 0.057904 3.285929
4.390673 -0.156222 4.275609
4.805770 1.512865 3.979584
-4.811027 1.961525 3.781150
-4.588389 0.568102 4.507236
-4.551801 1.817134 3.383148
-4.176787 1.059905 4.577385
-3.138884 1.658583 4.183344
-1.779969 0.893257 3.559331
-2.089722 1.027205 4.522918
-2.176284 1.676120 4.184502
-0.560556 1.648495 3.355255
-2.504574 0.518905 4.259394
-1.224499 0.086191 3.926980
-1.722500 1.299681 4.256713
-1.661710 0.885071 4.041636
-1.478415 0.768975 4.726122
-0.877391 0.449521 3.223070
0.712971 0.945829 4.226615
0.315860 -0.225072 4.145873
-0.375972 0.399558 3.493765
0.997335 0.615776 3.969476
0.162140 1.853774 4.813067
0.499679 0.876998 3.497286
3.056388 0.796441 4.673479
2.591008 0.696596 3.876132
1.969023 0.745492 3.666898
1.567436 1.441645 4.364167
2.416445 1.811090 3.186097
3.746520 1.534481 3.557657
3.653866 0.984025 2.698759
4.517708 0.437158 4.321764
3.555087 0.460213 4.269055
4.758608 1.298849 2.653422
4.313832 0.869599 3.348370
-4.271555 1.673924 4.636329
-4.786393 2.288862 4.846824
-4.466311 1.206283 3.856650
-4.037586 0.874772 4.923805
-2.917914 1.922824 3.490415
-2.810662 3.215931 4.909122
-3.384459 2.028717 3.404754
-3.725914 1.362056 4.542533
-2.541653 2.339151 4.700009
-3.006129 1.052094 3.903316
-2.509089 2.365492 4.889677
-1.495423 0.710311 2.616393
-0.653913 1.365871 3.487464
-1.058543 1.060330 4.140332
-0.696013 0.775569 4.399055
-0.607773 0.190783 2.973468
-0.188036 2.945661 4.912398
-0.399329 0.371583 3.211810
0.094309 1.517316 3.951568
1.884709 1.082469 4.346344
2.074194 1.366858 2.473890
1.751331 1.344541 3.500900
1.758495 1.615809 4.309543
2.910188 1.184646 3.274690
1.466503 2.185100 3.690962
2.507092 0.888638 4.889493
2.634891 1.305826 3.052245
4.427041 2.429415 4.286502
4.305122 1.719096 3.211544
4.319183 -0.140548 3.560520
4.702931 1.615764 4.892832
3.317015 1.370482 2.714121
-4.168203 1.691807 3.215486
-3.500010 1.475693 4.206462
-3.601942 0.735404 4.233732
-4.800005 1.533634 3.478393
-4.165974 1.873855 4.598197
-4.006620 0.801155 4.179262
-4.833650 1.933229 4.216696
-2.370360 1.809734 4.595206
-2.265309 2.151962 3.940428
-1.394623 1.975090 3.242045
-2.243966 0.754981 3.285211
-1.401598 2.387165 4.925293
-1.257276 0.949248 3.177073
-0.837446 0.769787 4.361175
-1.027986 0.792750 4.978386
-0.455823 2.611701 3.687973
0.950434 1.651035 2.573255
0.457244 0.612899 4.200072
1.240795 2.404029 3.888548
1.627574 0.966273 4.046441
1.251875 2.609473 3.376577
1.435265 0.962543 4.302701
1.338709 0.926149 2.936463
2.183322 0.969326 4.351478
3.348768 1.000778 4.916379
2.618551 1.827314 3.541779
3.595964 2.480483 2.281718
2.891903 1.959329 4.189443
4.772404 2.406716 4.976102
3.787558 1.844445 4.114041
4.054241 1.422307 4.531335
3.794264 1.398185 4.966579
-4.672598 1.948563 4.761428
-4.954620 2.942992 3.791492
-4.216661 1.497506 4.818229
-4.309261 2.244572 4.386383
-2.847276 1.554888 4.392470
-3.342996 1.730200 2.910134
-2.703205 1.716153 3.483148
-3.417654 2.150603 4.602828
-1.346083 1.827459 2.626794
-1.610313 1.325900 4.363940
-2.775026 2.046448 4.026168
-1.126413 2.015421 3.794913
-1.484880 2.468805 4.315601
-0.649872 1.895710 2.306085
-1.059406 3.816551 3.951462
-1.403310 2.325018 4.316211
-0.331776 0.419070 4.220480
-1.029409 1.131645 3.544589
0.798836 2.528307 2.528223
0.423500 2.226097 3.306145
2.453404 1.333905 3.398753
1.260655 1.088388 2.948339
3.426572 1.528519 4.169009
2.567103 2.506100 4.485657
3.350468 2.908462 3.463654
2.942816 2.682731 4.349089
3.323343 2.241966 3.675784
3.469333 4.127220 3.540968
3.828418 2.544388 4.321139
3.673303 2.794495 3.218118
4.441186 2.642536 4.771157
4.831756 2.488566 4.279890
-4.141896 2.051308 4.676704
-4.875777 2.401049 3.762389
-4.688990 2.675358 3.018893
-3.975525 1.668354 3.931582
-3.382593 3.043999 3.095361
-1.902671 2.339977 3.900683
-2.693529 3.593090 2.945954
-2.226804 2.579336 4.768072
-2.188138 2.290130 4.119915
-2.671382 2.165325 4.083261
-1.474724 3.637312 3.718677
-1.333360 3.906811 3.916610
-1.221701 2.520934 4.379910
-1.334950 2.039152 4.147287
-0.255796 2.990283 4.209044
-0.732892 2.674041 4.838021
-1.012229 1.108793 3.307559
1.675257 1.578198 4.472078
-0.033487 3.116907 4.349210
2.155337 2.174016 3.789092
1.657436 2.055523 4.827439
0.370188 1.402776 3.964073
2.419698 1.742464 4.253525
2.572819 2.967977 4.374227
3.637352 1.940034 4.200811
3.254946 2.869803 4.079061
3.402301 2.476583 4.097765
3.614193 2.265055 4.798806
3.144839 2.761921 4.430575
4.549357 3.570512 4.676929
4.975341 1.661604 4.428369
4.692717 3.018167 4.764935
-4.080621 2.563570 3.789679
-4.208701 2.921759 4.864554
-4.455732 2.553139 4.023812
-3.298454 1.597571 4.231983
-3.347143 4.188600 4.654148
-2.803213 3.207807 4.130542
-2.391478 3.679461 3.800716
-2.645733 2.719247 3.288399
-3.492182 2.879598 3.473596
-1.662126 3.092684 4.137574
-2.068051 4.289088 3.498603
-2.563716 1.665725 3.669169
-1.634769 4.098182 3.913499
-1.349538 3.134514 3.539196
-1.359943 2.708621 4.432162
0.502549 2.633179 4.382174
-0.783342 2.233622 4.509933
-0.416262 1.818044 3.187712
1.047380 2.330826 4.709541
2.031564 2.081121 4.719296
1.386586 2.955763 3.341289
0.098427 2.547493 4.657959
2.036836 1.954291 3.395146
2.650784 4.087334 4.691689
4.210471 4.006352 4.102074
3.182491 3.050966 3.524772
3.260551 2.223035 3.854936
2.834501 3.139618 2.423263
4.317521 2.370456 3.497318
4.726161 2.704035 4.181712
4.870737 3.792055 4.939125
4.502951 3.910775 3.124030
-4.690785 1.863402 3.861882
-3.352782 3.204053 4.114484
-3.290822 2.424032 4.330560
-4.092147 2.861369 4.560142
-3.651041 2.879304 4.810608
-3.063891 3.710161 4.345388
-2.422785 3.852583 3.214006
-2.370218 1.793556 3.920609
-1.969491 3.617557 3.273211
-2.447372 3.693075 3.490361
-2.104122 3.961287 4.984266
-1.888229 2.619661 3.643163
-1.724895 3.166334 3.564197
-0.332607 4.327861 4.789939
-0.861669 2.935766 3.328898
-0.608436 2.640724 4.755456
0.050445 3.453827 4.202666
0.838421 2.555377 4.267967
0.875329 2.149454 4.442970
0.813769 4.096023 3.693293
1.075074 3.836526 4.576832
0.132355 4.054913 4.360834
2.679289 1.571021 3.268707
1.945512 2.563989 4.621511
2.977999 2.271628 3.493169
2.315971 3.809028 3.985155
3.328298 3.022494 4.919075
4.261641 2.458061 3.696481
4.079120 2.972746 4.843158
3.195181 4.297549 3.841613
4.527358 3.714718 4.275727
4.436998 2.274769 3.986949
-4.183508 3.621561 3.411958
-4.541481 3.151030 3.336814
-4.785830 2.995906 3.450199
-3.241312 3.597256 4.419718
-3.609808 3.541400 4.453919
-2.999004 4.640254 3.541504
-3.115555 2.349863 4.347836
-2.426621 3.418448 4.618474
-1.234186 3.384844 4.013700
-1.681696 2.597008 3.317358
-2.471819 3.018132 4.973469
-1.158703 2.201745 3.517967
-1.304493 2.551963 3.958425
-1.003515 3.513908 4.824882
-0.144306 3.169419 3.041074
0.319555 3.404608 2.982435
0.561516 3.342491 4.129891
1.291547 2.689948 4.357403
1.064744 3.227520 4.791973
1.434255 3.058968 3.602826
1.440250 3.743975 3.959525
2.339625 3.409879 4.552650
0.525271 2.787770 3.972998
1.319328 4.095543 3.971550
3.329099 3.605140 3.200905
3.449333 3.635706 4.396621
2.893785 4.068152 3.710310
3.767121 2.839904 4.362435
2.778885 3.950280 3.916112
4.840692 3.871768 3.513684
4.151831 2.504709 3.735812
4.519767 3.703197 2.721644
-4.969268 2.597647 4.664254
-4.077713 2.879660 3.743673
-4.427953 3.104651 3.764395
-3.500439 3.856368 3.738142
-4.035337 3.711116 3.840659
-3.322376 2.816267 3.771360
-3.675287 3.659656 3.205298
-3.447494 3.001192 4.966129
-3.080623 3.567608 3.662908
-2.612865 2.549828 3.299450
-1.200894 3.012298 3.718243
-1.162926 3.840951 4.099702
-1.914620 3.232637 3.563270
-1.362796 4.189332 4.305951
0.554243 2.998240 4.541039
0.445026 3.727886 4.763432
0.459779 3.329743 3.016917
0.828940 2.566603 3.884671
0.757735 3.297579 3.930681
2.194106 4.151649 3.734915
2.300138 3.573097 4.635555
2.246849 4.013794 4.459675
1.665120 2.637566 3.046241
2.781169 3.476496 3.214537
3.174594 4.066365 4.057940
3.478845 4.019705 4.208554
2.903135 2.323535 4.230338
3.672869 3.691153 4.399154
3.331896 2.772351 4.299959
4.171404 3.839627 2.772111
4.481957 3.110342 4.299871
4.521329 3.079272 4.931334
-4.984169 3.271814 3.802253
-4.519953 3.396123 4.300840
-3.883161 4.062687 3.506788
-3.893031 4.679600 3.401667
-2.361804 4.138037 3.944609
-3.371407 4.351410 4.102787
-1.870198 3.518194 3.130492
-3.076892 3.154762 2.788253
-1.885336 2.680343 2.916374
-1.076078 4.650387 4.442203
-2.096322 3.859517 3.183551
-1.732683 3.897887 3.589169
-0.383024 2.852359 3.358037
0.133922 3.549707 3.882010
-0.927568 2.941888 4.636669
-0.383790 4.504559 3.223974
1.107197 4.805798 4.584649
-0.481164 3.719603 3.357196
0.602050 2.790782 4.620196
0.434178 2.545864 3.942395
2.128570 3.221231 3.218145
1.495746 3.375989 3.656178
0.978825 4.471998 4.014271
2.866597 3.204757 4.142359
2.648934 4.991642 4.925121
2.367568 3.853348 4.720377
3.377860 3.293704 3.946153
3.259758 3.935523 3.496000
1.786191 3.835709 4.309304
3.313767 3.170269 4.247192
4.696843 4.967161 4.854919
4.384547 4.074837 4.813851
-4.323965 3.801542 4.848986
-4.679684 3.559529 3.136595
-4.684520 4.010899 3.242454
-3.941617 4.699640 3.583930
-2.593221 3.203631 3.994216
-2.757022 3.597513 4.899252
-2.683568 4.738299 3.854033
-2.523961 4.588218 4.024627
-2.314098 4.976120 4.917735
-3.013736 3.127123 4.109703
-0.582840 3.096575 4.560204
-1.638359 4.838249 3.334990
-1.539922 4.070069 3.509944
0.246990 3.814070 3.504922
-0.405495 4.191859 3.723379
-0.138862 4.192120 4.900724
-1.267470 2.629053 3.875456
-0.530718 4.306536 4.870731
1.525454 3.945765 3.667187
2.406331 4.972767 4.597125
1.965021 3.851905 4.959376
1.873358 4.850043 4.464260
2.859576 4.211646 3.684508
3.760604 2.919373 3.367504
2.696789 4.954528 3.805047
4.266165 4.016563 4.275517
3.329508 4.671039 4.109316
3.731796 2.620790 3.891251
2.892235 3.453427 3.902967
3.521927 3.753345 4.687190
4.631958 4.498395 3.595674
3.748126 4.758194 4.411771
-4.455959 4.364321 4.621631
-4.747827 3.916480 4.387600
-3.817017 4.664792 2.401963
-4.314554 4.408589 2.565609
-3.671505 4.793282 4.538013
-2.845561 3.391808 3.505969
-2.327665 4.992814 3.021125
-3.715319 4.696512 4.351439
-2.020838 4.683440 4.892282
-1.479302 4.376842 3.289828
-2.202745 4.404713 4.820333
-1.178948 3.988483 3.710443
-1.121754 4.301906 4.087327
-0.399411 4.277803 3.073836
0.757192 4.776829 3.198795
0.931275 4.388598 2.661066
0.072473 4.330582 3.069457
0.048527 4.028479 4.164294
1.729033 4.033873 3.949364
1.658216 4.771593 4.306543
1.669586 3.561633 2.849825
1.736928 4.707555 2.854301
2.362109 4.980560 2.852387
2.965857 4.202406 4.126626
3.707995 3.990552 4.673263
2.382768 4.831937 2.944183
2.992071 3.924504 4.180109
3.107380 4.455882 3.554455
3.311942 3.328490 4.737568
4.926033 3.689691 4.688698
3.342429 3.683034 4.000648
4.128022 4.012494 3.913985
-4.337686 4.825350 4.491293
-3.990311 3.547419 4.407674
-4.680111 4.981494 4.006547
-3.370724 4.726848 3.654774
-4.638319 4.841777 4.161184
-3.348395 4.377453 3.683959
-3.499697 4.161973 4.134143
-2.687991 4.413596 4.745122
-1.888226 4.855049 4.386103
-1.941324 4.189747 4.904909
-0.242019 4.678505 2.653303
-0.809326 4.579217 4.115346
-1.087002 4.240438 4.609153
-0.458307 3.960766 4.807920
-1.146080 4.871574 1.694552
0.057765 4.087178 2.183249
0.358010 4.035403 2.871950
0.694784 4.843450 4.089147
1.283915 4.889515 3.935925
1.924926 4.405050 3.362844
0.479977 4.229910 3.871662
1.096078 4.782952 4.137757
0.042113 4.186226 2.731234
2.354070 4.731191 3.378255
3.464890 4.625722 4.475808
2.102548 4.208640 3.125137
3.733321 4.315854 3.611976
3.834617 4.655323 4.896800
4.354465 4.839598 4.872671
4.173525 4.987859 1.935200
4.472669 4.649980 4.597150
4.522343 3.590985 4.525293
-4.226194 -4.679024 4.923165
-3.411068 -4.475482 3.836254
-4.389616 -4.781824 4.239677
-3.438078 -4.431984 4.491207
-4.419383 -4.799990 4.046554
-3.171437 -4.940950 4.577681
-3.764513 -3.769959 4.415484
-3.563513 -4.677419 3.411590
-2.524313 -4.849885 3.797928
-2.539791 -4.573620 3.799307
-0.467522 -4.347241 4.027258
-1.170871 -3.806198 4.602226
-0.426886 -4.160679 4.188011
-2.280666 -4.761674 4.750883
-1.073983 -4.839494 4.711175
0.038420 -3.450166 4.185935
1.251349 -4.362534 4.825793
0.619746 -4.381236 3.240224
2.263176 -4.611532 3.259037
0.339128 -4.613167 4.262300
1.747370 -4.604904 4.327636
1.406404 -4.732873 4.227508
2.761033 -4.808970 4.680700
3.877443 -4.747905 3.955980
3.461553 -4.827069 4.536683
2.447976 -4.412052 4.651653
2.728011 -4.458319 4.793429
4.377312 -4.751325 4.947253
4.246273 -4.853849 4.771672
3.662811 -4.942678 4.366997
3.577748 -4.514606 4.040797
4.890197 -4.877543 4.055937
-4.455110 -4.777667 3.653674
-4.779586 -4.188233 4.534829
-4.530149 -4.899687 3.533045
-3.253801 -4.395521 3.800014
-3.372056 -4.525608 3.996035
-2.747906 -4.128287 4.564367
-2.720534 -3.781620 4.218131
-3.908187 -4.792637 3.642374
-2.287405 -3.781728 3.332687
-1.928361 -4.466575 3.811788
-3.155273 -4.408639 4.851379
-0.884407 -4.301242 3.917037
-0.853204 -4.979233 2.806615
-2.159138 -4.585762 4.392808
0.081753 -3.894183 3.808110
-0.537162 -4.030930 4.418119
1.522738 -4.494917 4.260485
-0.686889 -3.822942 3.984131
0.658404 -4.698262 4.301888
0.558413 -4.815042 4.687296
1.763229 -4.170851 4.162774
0.945015 -4.690056 3.201015
2.403137 -4.812574 4.134149
2.371139 -4.709233 4.725299
2.471939 -4.449201 4.161648
2.109047 -4.062756 4.308282
3.249042 -4.195721 4.225462
3.881962 -4.182701 4.226589
2.942875 -4.398629 4.107912
3.342952 -4.546231 4.793308
4.832705 -4.891951 4.528694
4.130788 -3.677974 4.312516
-4.984779 -3.972689 4.930373
-4.980455 -4.323057 4.972914
-4.317596 -3.177793 4.888850
-3.266768 -3.333946 3.840230
-3.068444 -3.453359 4.713930
-2.917035 -3.588613 4.710921
-3.192351 -3.519738 3.344463
-1.523258 -4.088386 3.765718
-2.510820 -3.163958 3.458611
-2.185488 -4.932033 2.985673
-1.382147 -3.900788 4.851987
-1.922941 -4.084413 4.915773
-0.736868 -4.924915 4.179418
-1.253191 -4.406243 4.769272
-0.682635 -3.584239 3.891576
0.662151 -4.843339 4.958461
0.903579 -4.360710 4.833899
-0.208466 -4.130930 4.848002
0.501881 -3.560454 4.438960
1.525540 -3.869337 3.688725
1.252239 -3.565328 3.843703
0.848436 -4.198217 4.455654
0.627302 -3.301999 4.719790
1.593096 -3.387396 4.895977
3.207422 -3.411670 3.767852
2.275141 -4.000145 4.186648
3.359373 -4.532089 2.860903
3.747596 -4.939643 4.954024
4.524151 -3.677700 4.298487
4.317265 -3.609076 4.995035
4.971719 -4.831997 4.655218
4.938440 -3.413758 4.646082
-4.418906 -4.219728 4.383883
-4.471148 -3.609159 4.710681
-4.916975 -3.965747 4.665945
-3.776680 -4.454141 4.996385
-2.709313 -3.316660 4.962298
-4.039026 -2.582010 4.921088
-3.232504 -4.516044 4.279150
-2.685620 -3.122772 4.522373
-2.743166 -3.203425 3.263626
-1.835242 -4.667722 3.761596
-2.408607 -3.625527 4.665123
-1.403949 -4.729317 3.628002
-0.253629 -2.999546 2.649785
-1.383811 -4.000598 2.963334
-0.835157 -4.078131 3.876001
-0.167991 -4.394413 3.415071
-0.141132 -3.524477 4.448330
0.774853 -4.231933 4.711274
0.092142 -2.665120 4.359436
1.085779 -4.054562 4.547858
0.379027 -4.412486 4.309006
1.357560 -4.409212 4.332495
2.276505 -4.694374 3.767706
1.791290 -3.548321 3.950117
3.292621 -4.976681 4.326330
2.639737 -3.146053 4.122694
3.276216 -3.620477 4.704302
3.215743 -4.977627 3.481076
3.758816 -3.933550 4.928409
4.629903 -4.067914 4.821703
4.044095 -3.227126 3.225744
4.818778 -3.980956 4.915504
-4.361767 -4.356766 4.700632
-4.735113 -3.423505 4.814519
-4.393301 -2.552573 4.728923
-3.663758 -3.962246 4.831600
-3.259508 -2.474048 3.425977
-3.089118 -3.564919 2.729171
-1.961620 -4.391849 4.052963
-1.647543 -4.100750 2.775836
-2.383048 -3.912961 3.176325
-1.588409 -3.314852 3.212368
-1.844046 -4.176770 4.794038
-0.214030 -3.277470 3.906981
-1.981704 -2.685241 4.927824
-1.396661 -3.642584 4.892877
-0.715891 -3.660938 3.592835
0.606498 -2.356083 4.337987
0.681428 -3.207813 4.619330
-0.010804 -2.605136 4.235680
1.353199 -3.377451 4.279107
-0.428701 -3.516890 4.452736
1.165269 -4.187641 4.229577
2.161886 -3.032298 4.509292
1.308320 -3.275176 4.883533
1.150008 -3.409630 3.743509
2.154241 -3.010555 4.120249
4.281128 -2.313329 4.835454
3.901072 -4.022102 4.851615
4.240050 -3.563503 4.841825
3.630109 -3.249252 4.046565
4.139998 -2.497844 4.248789
4.737482 -3.823277 4.964734
4.057058 -3.506177 4.972581
-4.396360 -2.921440 4.971730
-4.793957 -4.394405 4.431577
-4.169062 -2.919161 4.790149
-4.841702 -2.840935 4.779016
-4.765111 -3.612034 4.450728
-3.625483 -4.021850 4.359381
-3.313476 -3.498260 4.690837
-2.321388 -3.704992 4.096658
-2.693565 -3.726163 3.284197
-2.643118 -3.826207 4.908911
-1.288559 -2.524431 4.074768
-3.087866 -3.049067 4.438370
-1.756058 -1.614911 4.625946
-1.020120 -3.998203 4.144646
-0.661109 -3.520069 4.579291
-0.983791 -3.061007 4.194097
0.424990 -3.016073 4.740395
-0.529108 -3.655488 3.576006
1.685716 -2.734672 4.068429
2.275451 -3.168877 4.536662
1.012312 -3.861521 3.715995
0.744197 -3.094074 4.094277
1.338331 -4.435689 3.690999
1.219835 -3.620225 4.034558
3.181327 -4.218035 4.791931
3.397045 -3.523262 3.420458
3.758655 -2.058432 4.744623
4.107325 -3.088022 4.499410
2.359241 -3.614373 3.903588
3.347335 -2.478705 4.024172
4.621289 -3.465538 4.366580
4.980033 -3.883393 4.430771
-4.704892 -2.813031 3.748794
-4.694653 -3.161405 4.674015
-4.232048 -2.767991 3.884313
-3.939842 -2.417470 4.568488
-2.403169 -2.187407 4.361753
-3.016775 -2.517451 3.944588
-3.984124 -3.144443 4.490639
-2.557710 -4.082873 4.258887
-2.015397 -2.895003 4.389833
-1.885082 -2.526825 4.788197
-1.533715 -3.305605 4.062201
-2.582406 -2.566113 4.541898
-1.887403 -4.519497 4.069442
-1.037405 -2.753868 4.905313
-0.401792 -3.119155 3.761349
-1.439827 -3.282422 4.848074
-0.287885 -4.287470 3.973867
0.163171 -2.302094 4.677230
1.575110 -3.213389 4.605397
-0.234009 -2.328071 4.719170
0.808885 -2.871454 3.649320
0.684183 -2.439217 4.520701
1.724937 -2.746518 4.586718
2.853981 -2.446145 4.994706
2.808131 -3.037790 3.665379
2.789222 -2.697047 3.411602
3.572387 -2.456579 3.236232
3.127108 -2.934681 4.018986
4.806371 -1.988243 4.720996
4.403124 -3.606011 3.385481
4.577238 -2.149343 4.676886
4.197111 -2.576583 4.862780
-4.262536 -2.961741 4.590759
-3.937967 -2.161970 4.048213
-2.388349 -3.714710 3.847730
-4.241117 -2.433401 4.512146
-3.400607 -2.437398 4.416507
-3.224243 -3.233309 4.296418
-1.733032 -4.148276 4.456222
-2.095514 -2.514019 4.736475
-2.055467 -2.822098 4.673288
-1.767688 -3.137678 3.961640
-2.115004 -2.310397 4.238146
-1.734448 -2.537419 4.887375
-0.844361 -3.813541 4.420591
-1.228400 -2.521823 4.966155
0.947156 -2.893261 3.569670
-0.398975 -2.751687 4.813987
0.402504 -3.263099 4.696180
-0.501517 -2.657526 4.180321
0.449817 -2.048157 3.296348
1.173620 -3.202962 4.727561
1.049015 -1.796733 3.689658
2.236518 -2.156954 4.361919
1.399301 -2.660457 3.957785
2.398775 -3.046844 4.082697
3.794562 -2.543862 4.528526
2.846798 -2.265252 4.894521
3.486456 -2.729913 4.298736
3.525882 -1.245391 3.622017
3.906622 -3.172244 4.122575
3.615524 -2.312022 4.134013
4.919790 -3.357501 3.642419
4.980581 -2.826412 4.410083
-4.807971 -2.347131 4.888969
-4.579493 -3.003375 4.656284
-4.773325 -1.649125 4.726633
-3.256778 -2.306034 2.863062
-3.216382 -2.707593 3.961889
-4.146152 -2.228178 3.622436
-3.229726 -1.723374 4.953103
-2.017200 -2.300183 3.425985
-2.694313 -1.311922 2.736265
-1.953171 -2.616975 4.144543
-1.730616 -1.434614 4.730827
-1.842212 -1.350409 4.499781
-0.478918 -2.172517 3.889043
-2.136349 -3.871136 4.877899
-0.780051 -1.758356 4.679563
0.340173 -1.250097 3.338572
-0.054535 -2.581524 4.713642
-0.042422 -2.520088 4.466830
0.539601 -1.701290 4.116915
1.551493 -2.708388 3.693188
1.167827 -2.589880 4.834997
1.800919 -2.502147 3.235846
2.135916 -1.992421 4.518334
0.536909 -3.283566 4.922824
2.205282 -2.658231 4.692130
3.023642 -2.057766 4.827373
3.410457 -2.311397 4.109756
3.414286 -3.210309 4.367932
2.703770 -0.788205 3.983325
4.006756 -2.118966 4.386855
4.839041 -2.320503 4.195973
4.362796 -1.541453 4.473936
-4.548046 -1.367016 3.725110
-4.879627 -1.382191 4.339834
-4.895311 -2.001302 4.534978
-4.144854 -2.305052 2.583318
-3.128748 -2.166049 4.797692
-3.038343 -2.125528 3.941855
-3.573460 -2.317132 3.142004
-2.798849 -2.465640 4.356191
-1.664483 -1.813709 4.704043
-1.871449 -2.641186 4.352678
-2.125783 -2.065928 4.556977
-1.033418 -1.238341 4.175750
-1.776174 -1.798925 4.790110
-0.861407 -2.579601 3.891212
-0.733842 -2.014524 4.736816
0.559065 -1.601214 3.486425
